scopus_author_id	indexed_name	given_name	surname	nome_dataset_progetti	Panel	n_panel	Domain	projectAcronym	projectID	n_progetti
24774986400	Cerullo G.	Giulio N.	Cerullo	Giulio Cerullo	LS9 - Biotechnology & Biosystems Engineering | PE11 - Materials Engineering | PE4 - Physical & Analytical Chemical Sciences | PE8 - Products & Processes Engineering	4	Life Sciences (LS) | Physical sciences & engineering (PE)	GrInSun | DEOM | TROPHY | PIRO | NICHILD | BEACONSANDEGG	101053983 | 101055097 | 101047137 | 101076859 | 101068512 | 101053122	6
7401830482	Thomas N.	Nicholas	Thomas	Nick Thomas 	PE9 - Universe Sciences | PE10 - Earth System Science	2	Physical sciences & engineering (PE)	FIERCE | OCEANID	101052347 | 101045260	2
6603479164	Massimini M.	Marcello	Massimini	Marcello Massimini	SYG-LS Life Sciences | LS5 - Neuroscience & Disorders of the Nervous Systems	2	Life Sciences (LS)	NEMESIS | Cortical Coupling	101071900 | 101055340	2
35991441700	Negro F.	Francesco	Negro	Francesco Negro	PE8 - Products & Processes Engineering | PE7 - Systems & Communication Engineering	2	Physical sciences & engineering (PE)	qMOTION | INcEPTION	101055186 | 101045605	2
6701528077	Pugnø N.	Nicola Maria	Pugnø	Nicola Maria Pugno 	PE8 - Products & Processes Engineering | PE11 - Materials Engineering	2	Physical sciences & engineering (PE)	S-FOAM | Beyond | POSEIDON	101086644 | 101052956 | 101039576	3
35584851300	Osellame R.	Roberto	Osellame	Roberto Osellame	PE8 - Products & Processes Engineering | PE2 - Fundamental Constituents of Matter	2	Physical sciences & engineering (PE)	NICHILD | BEACONSANDEGG | Field-SEER	101068512 | 101053122 | 101097313	3
7005419515	Matteoli M.	Michela	Matteoli	Michela Matteoli	LS4 - Physiology in Health, Disease & Ageing | LS5 - Neuroscience & Disorders of the Nervous Systems	2	Life Sciences (LS)	MATILDA | IMPACT	101055323 | 101043003	2
57113473900	Briganti M.	Matteo	Briganti	Matteo Briganti	PE5 - Synthetic Chemistry & Materials | SYG-PE Physical sciences & engineering	2	Physical sciences & engineering (PE)	ELECTRA | CASTLE	101039890 | 101071533	2
6508000013	Dumbser M.	Michael	Dumbser	Michael Dumbser 	PE1 - Mathematics | PE8 - Products & Processes Engineering	2	Physical sciences & engineering (PE)	ALcHyMiA | Beyond	101114995 | 101052956	2
6602810120	Ercolini D.	Danilo	Ercolini	Danilo Ercolini	LS8 - Environmental Biology, Ecology & Evolution | PE5 - Synthetic Chemistry & Materials	2	Life Sciences (LS) | Physical sciences & engineering (PE)	microTOUCH | DOMINO | DEBUGGING-LPS	101045015 | 101060218 | 101039841	3
6603752989	Elvassore N.	Nicola	Elvassore	Nicola Elvassore	LS3 - Cellular, Developmental & Regenerative Biology | LS7 - Prevention, Diagnosis & Treatment of Human Diseases	2	Life Sciences (LS)	REGCORD | ReprOids	101044579 | 101055300	2
7005221987	Manna L.	Liberato	Manna	Liberato Manna	PE5 - Synthetic Chemistry & Materials | PE11 - Materials Engineering	2	Physical sciences & engineering (PE)	NEHA | GIULIa	101095974 | 101044020	2
11339537300	Lamastra A.	Alessandra	Lamastra	A. Lamastra 	PE2 - Fundamental Constituents of Matter | PE9 - Universe Sciences	2	Physical sciences & engineering (PE)	NEUTRINOSHOT | BOOTES	101053168 | 101076343	2
22233497300	Ajello M.	Marco	Ajello	Marco Ajello	PE2 - Fundamental Constituents of Matter | PE9 - Universe Sciences	2	Physical sciences & engineering (PE)	NEUTRINOSHOT | BOOTES	101053168 | 101076343	2
24399763800	Peshkov I.	Ilya M.	Peshkov	Ilya Peshkov	PE1 - Mathematics | PE8 - Products & Processes Engineering	2	Physical sciences & engineering (PE)	ALcHyMiA | Beyond	101114995 | 101052956	2
24470561500	Scotognella F.	Francesco	Scotognella	Francesco Scotognella	PE11 - Materials Engineering | PE8 - Products & Processes Engineering	2	Physical sciences & engineering (PE) | Physical sciences & engineering (PE); (unspecified)	JANUS BI | TCOtronics	101041229 | 101061820	2
26538997600	Pigorini A.	Andrea	Pigorini	Andrea Pigorini	SYG-LS Life Sciences | LS5 - Neuroscience & Disorders of the Nervous Systems	2	Life Sciences (LS)	NEMESIS | Cortical Coupling	101071900 | 101055340	2
35226177600	D’Elia V.	Valerio	D’Elia	Valerio D’Elia 	SYG-PE Physical sciences & engineering | PE9 - Universe Sciences	2	Physical sciences & engineering (PE)	HEAVYMETAL | BOOTES	101071865 | 101076343	2
36337548800	Filipello F.	Fabia	Filipello	Fabia Filipello	LS5 - Neuroscience & Disorders of the Nervous Systems | LS4 - Physiology in Health, Disease & Ageing	2	Life Sciences (LS)	IMPACT | MATILDA	101043003 | 101055323	2
55457699500	De Filippis F.	Francesca	De Filippis	Francesca De Filippis 	LS8 - Environmental Biology, Ecology & Evolution | PE5 - Synthetic Chemistry & Materials	2	Life Sciences (LS) | Physical sciences & engineering (PE)	microTOUCH | DEBUGGING-LPS	101045015 | 101039841	2
55556274600	Tagliatti E.	Erica	Tagliatti	Erica Tagliatti	LS5 - Neuroscience & Disorders of the Nervous Systems | LS4 - Physiology in Health, Disease & Ageing	2	Life Sciences (LS)	IMPACT | MATILDA	101043003 | 101055323	2
55699072200	Morini R.	Raffaella	Morini	Raffaella Morini	LS5 - Neuroscience & Disorders of the Nervous Systems | LS4 - Physiology in Health, Disease & Ageing	2	Life Sciences (LS)	IMPACT | MATILDA	101043003 | 101055323	2
55700965300	Rossi A.	Andrea	Rossi	Andrea Rossi	SYG-PE Physical sciences & engineering | PE9 - Universe Sciences	2	Physical sciences & engineering (PE)	HEAVYMETAL | TransPIre	101071865 | 101042299	2
55762183500	Stuart H.	Hannah T.	Stuart	Hannah T. Stuart	LS3 - Cellular, Developmental & Regenerative Biology | LS7 - Prevention, Diagnosis & Treatment of Human Diseases	2	Life Sciences (LS)	REGCORD | ReprOids	101044579 | 101055300	2
56468928100	Harms J.	Jan	Harms	Jan Harms	PE9 - Universe Sciences | PE2 - Fundamental Constituents of Matter	2	Physical sciences & engineering (PE)	MultiJets | CeleBH	101055307 | 101076737	2
56654972500	Bulla M.	Mattia	Bulla	Mattia Bulla	PE9 - Universe Sciences | SYG-PE Physical sciences & engineering	2	Physical sciences & engineering (PE)	SMArt | HEAVYMETAL	101076369 | 101071865	2
57214765722	Fresch E.	Elisa	Fresch	Elisa Fresch	PE4 - Physical & Analytical Chemical Sciences | PE5 - Synthetic Chemistry & Materials	2	Physical sciences & engineering (PE)	FastTrack | SYNPHOCAT	101054846 | 101040025	2
57218594536	Bizzotto M.	Matteo	Bizzotto	Matteo Bizzotto	LS5 - Neuroscience & Disorders of the Nervous Systems | LS4 - Physiology in Health, Disease & Ageing	2	Life Sciences (LS)	IMPACT | MATILDA	101043003 | 101055323	2
57224820744	Raza A.	Arsen	Raza	Arsen Raza	PE5 - Synthetic Chemistry & Materials | SYG-PE Physical sciences & engineering	2	Physical sciences & engineering (PE)	ELECTRA | CASTLE	101039890 | 101071533	2
6602972223	Daraio C.	Chiara	Daraio	Chiara Daraio	PE11 - Materials Engineering | PE8 - Products & Processes Engineering	2	Physical sciences & engineering (PE)	POSEIDON | S-FOAM	101039576 | 101086644	2
6603015951	Zanotti O.	Olindo	Zanotti	Olindo Zanotti	PE1 - Mathematics | PE8 - Products & Processes Engineering	2	Physical sciences & engineering (PE)	ALcHyMiA | Beyond	101114995 | 101052956	2
7003582573	Frigeri A.	Alessandro	Frigeri	Alessandro Frigeri	PE9 - Universe Sciences | PE10 - Earth System Science	2	Physical sciences & engineering (PE)	MultiJets | OCEANID	101055307 | 101045260	2
7003769827	Sorace L.	Lorenzo	Sorace	Lorenzo Sorace	PE5 - Synthetic Chemistry & Materials | SYG-PE Physical sciences & engineering	2	Physical sciences & engineering (PE)	ELECTRA | CASTLE	101039890 | 101071533	2
7003889105	Fynbo J.	Johan Peter Uldall	Fynbo	Johan P. U. Fynbo	SYG-PE Physical sciences & engineering | PE9 - Universe Sciences	2	Physical sciences & engineering (PE)	HEAVYMETAL | TransPIre	101071865 | 101042299	2
7202503936	Bianchi S.	Stefano	Bianchi	Stefano Bianchi	PE2 - Fundamental Constituents of Matter | PE9 - Universe Sciences	2	Physical sciences & engineering (PE)	NEUTRINOSHOT | BOOTES	101053168 | 101076343	2
8556840100	Caironi M.	Mario	Caironi	Mario Caironi	PE7 - Systems & Communication Engineering | PE8 - Products & Processes Engineering	2	Physical sciences & engineering (PE)	ORTHOGONAL | NoOne	101097876 | 101040383	2
8648300900	Collini E.	Elisabetta	Collini	Elisabetta Collini	PE4 - Physical & Analytical Chemical Sciences | PE5 - Synthetic Chemistry & Materials	2	Physical sciences & engineering (PE)	FastTrack | SYNPHOCAT	101054846 | 101040025	2
8950503200	Leucci E.	Eleonora	Leucci	Eleonora Leucci	LS4 - Physiology in Health, Disease & Ageing | PE3 - Condensed Matter Physics	2	Life Sciences (LS) | Physical sciences & engineering (PE)	MetaIron | EXPAND IT | StatCell	101112780 | 101055422 | 101054653	3
26325059700	Papeo L.	Liuba	Papeo	Liuba Papeo	SH5 - Cultures & Cultural Production | SH4 - The Human Mind and its Complexity	2	Social sciences & humanities (SH)	ABSTRACTION | FLEXBRAIN	101039777 | 101043747	2
55919485500	Vigliocco G.	Gabriella	Vigliocco	Gabriella Vigliocco	SH5 - Cultures & Cultural Production | SH4 - The Human Mind and its Complexity	2	Social sciences & humanities (SH)	ABSTRACTION | FLEXBRAIN	101039777 | 101043747	2
57194899071	Gil-Hernández C.	Carlos J.	Gil-Hernández	Carlos J. Gil-Hernández 	SH3 - The Social World and its Diversity | SH4 - The Human Mind and its Complexity	2	Social sciences & humanities (SH)	GeoGen | MapIneq | InterGen	101045526 | 101061645 | 101076726	3
57200426822	Borghesani V.	Valentina	Borghesani	Valentina Borghesani	SH5 - Cultures & Cultural Production | SH4 - The Human Mind and its Complexity	2	Social sciences & humanities (SH)	ABSTRACTION | FLEXBRAIN	101039777 | 101043747	2
58687165600	Ghirardi G.	Gaia	Ghirardi	Gaia Ghirardi	SH3 - The Social World and its Diversity | SH4 - The Human Mind and its Complexity	2	Social sciences & humanities (SH)	GeoGen | MapIneq | InterGen	101045526 | 101061645 | 101076726	3
7005643228	Mahon B.	Bradford Z.	Mahon	Bradford Z. Mahon	SH5 - Cultures & Cultural Production | SH4 - The Human Mind and its Complexity	2	Social sciences & humanities (SH)	ABSTRACTION | FLEXBRAIN	101039777 | 101043747	2
7101872511	Borghi A.	Anna Maria	Borghi	Anna M. Borghi	SH5 - Cultures & Cultural Production | SH4 - The Human Mind and its Complexity	2	Social sciences & humanities (SH)	ABSTRACTION | FLEXBRAIN	101039777 | 101043747	2
7101962898	Bernardi F.	Fabrizio	Bernardi	Fabrizio Bernardi	SH3 - The Social World and its Diversity | SH4 - The Human Mind and its Complexity	2	Social sciences & humanities (SH)	GeoGen | MapIneq | InterGen	101045526 | 101061645 | 101076726	3
7003897842	Udry S.	Stèphane Dominique	Udry	Stéphane Udry	PE9 - Universe Sciences	1	Physical sciences & engineering (PE)	FIERCE	101052347	1
25723154100	Gandolfi D.	Davide	Gandolfi	Davide Gandolfi 	PE9 - Universe Sciences	1	Physical sciences & engineering (PE)	FIERCE	101052347	1
23392434700	Fossati L.	Luca	Fossati	Luca Fossati 	PE9 - Universe Sciences	1	Physical sciences & engineering (PE)	FIERCE	101052347	1
55951218500	Davies M.	Melvyn B.	Davies	Melvyn B. Davies 	PE9 - Universe Sciences	1	Physical sciences & engineering (PE)	FIERCE	101052347	1
6603952337	Cameron A.	Andrew C.	Cameron	Andrew Collier Cameron 	PE9 - Universe Sciences	1	Physical sciences & engineering (PE)	FIERCE	101052347	1
56843491200	Magrin D.	Demetrio D.	Magrin	Demetrio Magrin 	PE9 - Universe Sciences	1	Physical sciences & engineering (PE)	FIERCE	101052347	1
43061547100	Nascimbeni V.	Valerio	Nascimbeni	Valerio Nascimbeni 	PE9 - Universe Sciences	1	Physical sciences & engineering (PE)	FIERCE	101052347	1
57191980484	Wilson T.	Thomas G.	Wilson	Thomas G. Wilson 	PE9 - Universe Sciences	1	Physical sciences & engineering (PE)	FIERCE	101052347	1
36850843000	Peter G.	Gisbert	Peter	G. Peter 	PE9 - Universe Sciences	1	Physical sciences & engineering (PE)	FIERCE	101052347	1
6701641557	Pagano I.	Isabella	Pagano	I. Pagano	PE9 - Universe Sciences	1	Physical sciences & engineering (PE)	FIERCE	101052347	1
7004079139	Piotto G.	Giampaolo P.	Piotto	G. Piotto 	PE9 - Universe Sciences	1	Physical sciences & engineering (PE)	FIERCE	101052347	1
56182195300	Ottensamer R.	Roland	Ottensamer	R. Ottensamer 	PE9 - Universe Sciences	1	Physical sciences & engineering (PE)	FIERCE	101052347	1
7003372967	Ribas I.	Ignasi	Ribas	I. Ribas 	PE9 - Universe Sciences	1	Physical sciences & engineering (PE)	FIERCE	101052347	1
7005783479	Olofsson G.	Göran	Olofsson	G. Olofsson 	PE9 - Universe Sciences	1	Physical sciences & engineering (PE)	FIERCE	101052347	1
24921885300	Rauer H.	Heike	Rauer	H. Rauer 	PE9 - Universe Sciences	1	Physical sciences & engineering (PE)	FIERCE	101052347	1
35503889000	Scandariato G.	Gaetano	Scandariato	G. Scandariato 	PE9 - Universe Sciences	1	Physical sciences & engineering (PE)	FIERCE	101052347	1
17345124500	Bonfils X.	Xavier	Bonfils	 Xavier Bonfils 	PE9 - Universe Sciences	1	Physical sciences & engineering (PE)	FIERCE	101052347	1
6507581405	Borsato L.	Luca	Borsato	Luca Borsato	PE9 - Universe Sciences	1	Physical sciences & engineering (PE)	FIERCE	101052347	1
56521280600	Bonfanti A.	Andrea	Bonfanti	Andrea Bonfanti	PE9 - Universe Sciences	1	Physical sciences & engineering (PE)	FIERCE	101052347	1
14059048600	Ragazzoni R.	Roberto	Ragazzoni	R. Ragazzoni 	PE9 - Universe Sciences	1	Physical sciences & engineering (PE)	FIERCE	101052347	1
37080560800	Cubillos P.	Patricio E.	Cubillos	Patricio Cubillos	PE9 - Universe Sciences	1	Physical sciences & engineering (PE)	FIERCE	101052347	1
55348067400	Rosotti G.	Giovanni P.	Rosotti	Giovanni P. Rosotti	PE9 - Universe Sciences	1	Physical sciences & engineering (PE)	DiscEvol | UNVEIL | PEBBLES | OSIRIS | EXODOSS	101039651 | 101076613 | 101098309 | 101104656 | 101041466	5
7202881897	Cabrera J.	Juan	Cabrera	Juan Cabrera	PE9 - Universe Sciences	1	Physical sciences & engineering (PE)	FIERCE	101052347	1
57202863096	Facchini S.	Stefano	Facchini	Stefano Facchini 	PE9 - Universe Sciences	1	Physical sciences & engineering (PE)	UNVEIL | DiscEvol | OSIRIS	101076613 | 101039651 | 101104656	3
7003747302	Güdel M.	Manuel	Güdel	Manuel Güdel 	PE9 - Universe Sciences	1	Physical sciences & engineering (PE)	FIERCE	101052347	1
7003362024	Bigoni D.	Davide	Bigoni	Davide Bigoni	PE8 - Products & Processes Engineering	1	Physical sciences & engineering (PE)	Beyond	101052956	1
14016713700	Segata N.	Nicola	Segata	Nicola Segata	LS8 - Environmental Biology, Ecology & Evolution	1	Life Sciences (LS)	microTOUCH | DOMINO	101045015 | 101060218	2
35461328600	Testi L.	Leonardo	Testi	Leonardo Testi	PE9 - Universe Sciences	1	Physical sciences & engineering (PE)	UNVEIL | DiscEvol | PEBBLES | OSIRIS	101076613 | 101039651 | 101098309 | 101104656	4
9532342600	Pepe F.	Franscesco Alfonso	Pepe	F. Pepe	PE9 - Universe Sciences	1	Physical sciences & engineering (PE)	FIERCE	101052347	1
22936767400	Benisty M.	Myriam	Benisty	Myriam Benisty 	PE9 - Universe Sciences	1	Physical sciences & engineering (PE)	DiscEvol | UNVEIL | OSIRIS	101039651 | 101076613 | 101104656	3
23989037500	Heng K.	Kevin	Heng	Kevin Heng	PE9 - Universe Sciences	1	Physical sciences & engineering (PE)	FIERCE	101052347	1
37096914100	De Gasperin F.	Francesco	De Gasperin	Francesco de Gasperin	PE9 - Universe Sciences	1	Physical sciences & engineering (PE)	ULU	101086378	1
52663445700	Di Lorenzo F.	Flaviana	Di Lorenzo	Flaviana Di Lorenzo	PE5 - Synthetic Chemistry & Materials	1	Physical sciences & engineering (PE)	DEBUGGING-LPS	101039841	1
57213546755	Szabó M.	M. Gy	Szabó	G. M. Szabó	PE9 - Universe Sciences	1	Physical sciences & engineering (PE)	FIERCE	101052347	1
6603438755	Di Marcantonio P.	Paolo	Di Marcantonio	P. Di Marcantonio	PE9 - Universe Sciences	1	Physical sciences & engineering (PE)	FIERCE	101052347	1
7005836602	Molinaro A.	Antonio	Molinaro	Antonio Molinaro	PE5 - Synthetic Chemistry & Materials	1	Physical sciences & engineering (PE)	DEBUGGING-LPS	101039841	1
35514528300	Winn J.	Joshua N.	Winn	Joshua N. Winn	PE9 - Universe Sciences	1	Physical sciences & engineering (PE)	FIERCE	101052347	1
56121403800	Asnicar F.	Francesco	Asnicar	Francesco Asnicar	LS8 - Environmental Biology, Ecology & Evolution	1	Life Sciences (LS)	microTOUCH | DOMINO	101045015 | 101060218	2
57191530927	Zingales T.	Tiziano	Zingales	Tiziano Zingales	PE9 - Universe Sciences	1	Physical sciences & engineering (PE)	FIERCE	101052347	1
6602360512	Silipo A.	Alba	Silipo	Alba Silipo	PE5 - Synthetic Chemistry & Materials	1	Physical sciences & engineering (PE)	DEBUGGING-LPS	101039841	1
6701835937	Sozzetti A.	Alessandro	Sozzetti	A. Sozzetti	PE9 - Universe Sciences	1	Physical sciences & engineering (PE)	FIERCE	101052347	1
7005294241	Torsi L.	Luisa	Torsi	Luisa Torsi	PE8 - Products & Processes Engineering	1	Physical sciences & engineering (PE)	NoOne	101040383	1
23029403700	Ulmer B.	Bernd	Ulmer	B. Ulmer	PE9 - Universe Sciences	1	Physical sciences & engineering (PE)	FIERCE	101052347	1
54896291600	Pisello A.	Anna Laura	Pisello	Anna Laura Pisello	PE8 - Products & Processes Engineering	1	Physical sciences & engineering (PE)	HELIOS	101041255	1
55329004700	Manara C.	Carlo Felice	Manara	Carlo F. Manara 	PE9 - Universe Sciences	1	Physical sciences & engineering (PE)	UNVEIL | DiscEvol | PEBBLES | OSIRIS	101076613 | 101039651 | 101098309 | 101104656	4
55857395400	Macchia E.	Eleonora	Macchia	Eleonora Macchia	PE8 - Products & Processes Engineering	1	Physical sciences & engineering (PE)	NoOne	101040383	1
55945624800	Arnaboldi S.	Serena	Arnaboldi	Serena Arnaboldi	PE4 - Physical & Analytical Chemical Sciences	1	Physical sciences & engineering (PE)	CHEIR	101040798	1
57191365015	Serrano L.	Luisa Maria	Serrano	L. M. Serrano 	PE9 - Universe Sciences	1	Physical sciences & engineering (PE)	FIERCE	101052347	1
41661769100	Misseroni D.	Diego	Misseroni	Diego Misseroni 	PE8 - Products & Processes Engineering	1	Physical sciences & engineering (PE)	Beyond | S-FOAM	101052956 | 101086644	2
54960144300	Bacco D.	Davide	Bacco	Davide Bacco	PE7 - Systems & Communication Engineering	1	Physical sciences & engineering (PE)	QOMUNE | PROMETHEUS	101077917 | 101070195	2
56512306300	Bollella P.	Paolo	Bollella	Paolo Bollella	PE8 - Products & Processes Engineering	1	Physical sciences & engineering (PE)	NoOne	101040383	1
7004659840	Zapatero Osorio M.	Maria Rosa	Zapatero Osorio	M. R. Zapatero Osorio 	PE9 - Universe Sciences	1	Physical sciences & engineering (PE)	FIERCE	101052347	1
7005799592	Cristiani S.	Stefano V.	Cristiani	S. Cristiani	PE9 - Universe Sciences	1	Physical sciences & engineering (PE)	FIERCE	101052347	1
23135706200	Tondelli M.	Manuela	Tondelli	Manuela Tondelli	SH4 - The Human Mind and its Complexity	1	Social sciences & humanities (SH)	UnaWireD	101042625	1
25423301000	Zamboni G.	Giovanna	Zamboni	Giovanna Zamboni	SH4 - The Human Mind and its Complexity	1	Social sciences & humanities (SH)	UnaWireD	101042625	1
25723157000	Damasso M.	Mario	Damasso	M. Damasso	PE9 - Universe Sciences	1	Physical sciences & engineering (PE)	FIERCE	101052347	1
36490343100	Rebolo R.	R. L.	Rebolo	R. Rebolo	PE9 - Universe Sciences	1	Physical sciences & engineering (PE)	FIERCE	101052347	1
55667439800	Allende-Prieto C.	Carlos	Allende-Prieto	C. Allende Prieto	PE9 - Universe Sciences	1	Physical sciences & engineering (PE)	FIERCE	101052347	1
55816178200	Ravignani A.	Andrea	Ravignani	Andrea Ravignani	SH4 - The Human Mind and its Complexity	1	Social sciences & humanities (SH)	TOHR	101041885	1
57197812443	Armanini F.	Federica	Armanini	Federica Armanini	LS8 - Environmental Biology, Ecology & Evolution	1	Life Sciences (LS)	microTOUCH	101045015	1
57216593054	Giordano G.	Giulia	Giordano	Giulia Giordano	PE7 - Systems & Communication Engineering	1	Physical sciences & engineering (PE)	INSPIRE	101076926	1
6504769008	Piccolroaz A.	Andrea	Piccolroaz	Andrea Piccolroaz	PE8 - Products & Processes Engineering	1	Physical sciences & engineering (PE)	Beyond	101052956	1
6602770581	Zavatta A.	Alessandro	Zavatta	Alessandro Zavatta	PE7 - Systems & Communication Engineering	1	Physical sciences & engineering (PE)	QOMUNE	101077917	1
6603918974	Brüggen M.	Marcus	Brüggen	Marcus Brüggen	PE9 - Universe Sciences	1	Physical sciences & engineering (PE)	ULU	101086378	1
7004019407	Lodato G.	Giuseppe	Lodato	Giuseppe Lodato	PE9 - Universe Sciences	1	Physical sciences & engineering (PE)	DiscEvol | UNVEIL | OSIRIS	101039651 | 101076613 | 101104656	3
8948001200	Micela G.	Giuseppina	Micela	G. Micela	PE9 - Universe Sciences	1	Physical sciences & engineering (PE)	FIERCE	101052347	1
14024511600	Hassanali A.	Ali A.	Hassanali	Ali Hassanali	PE4 - Physical & Analytical Chemical Sciences	1	Physical sciences & engineering (PE)	HyBOP	101043272	1
14825865500	Occhipinti T.	Tommaso	Occhipinti	Tommaso Occhipinti	PE7 - Systems & Communication Engineering	1	Physical sciences & engineering (PE)	QOMUNE	101077917	1
23097031400	Dal Corso F.	Francesco	Dal Corso	Francesco Dal Corso	PE8 - Products & Processes Engineering	1	Physical sciences & engineering (PE)	Beyond	101052956	1
23984220400	Bernuzzi S.	Sebastiano	Bernuzzi	Sebastiano Bernuzzi	PE9 - Universe Sciences	1	Physical sciences & engineering (PE)	InspiReM	101043372	1
56426970600	Papangelo A.	A.	Papangelo	Antonio Papangelo 	PE8 - Products & Processes Engineering	1	Physical sciences & engineering (PE)	SURFACE	101039198	1
57188733896	Blanco-Míguez A.	Aitor	Blanco-Míguez	Aitor Blanco-Míguez	LS8 - Environmental Biology, Ecology & Evolution	1	Life Sciences (LS)	microTOUCH | DOMINO	101045015 | 101060218	2
57205474149	Manghi P.	Paolo	Manghi	Paolo Manghi	LS8 - Environmental Biology, Ecology & Evolution	1	Life Sciences (LS)	microTOUCH | DOMINO	101045015 | 101060218	2
6508180633	Fraldi M.	Massimiliano	Fraldi	Massimiliano Fraldi 	PE8 - Products & Processes Engineering	1	Physical sciences & engineering (PE)	Beyond | S-FOAM	101052956 | 101086644	2
7003824365	Corbetta M.	Maurizio	Corbetta	Maurizio Corbetta	SYG-LS Life Sciences	1	Life Sciences (LS)	NEMESIS	101071900	1
7004029843	Ielmini D.	Daniele	Ielmini	Daniele Ielmini 	PE7 - Systems & Communication Engineering	1	Physical sciences & engineering (PE)	MEMRINESS | ANIMATE	101042585 | 101054098	2
7004300086	Molaro P.	Paolo	Molaro	P. Molaro	PE9 - Universe Sciences	1	Physical sciences & engineering (PE)	FIERCE	101052347	1
12792407200	Chiari A.	Annalisa	Chiari	Annalisa Chiari	SH4 - The Human Mind and its Complexity	1	Social sciences & humanities (SH)	UnaWireD	101042625	1
28067914900	Gobbo P.	Pierangelo	Gobbo	Pierangelo Gobbo	PE5 - Synthetic Chemistry & Materials	1	Physical sciences & engineering (PE)	PROTOMAT | PROTO-BACT	101039578 | 101107715	2
54397281800	Luntzer A.	Armin	Luntzer	A. Luntzer	PE9 - Universe Sciences	1	Physical sciences & engineering (PE)	FIERCE	101052347	1
55259737900	Di Genova D.	Danilo	Di Genova	Danilo Di Genova	PE10 - Earth System Science	1	Physical sciences & engineering (PE)	NANOVOLC	101044772	1
55779318600	Avallone F.	Francesco	Avallone	Francesco Avallone	PE8 - Products & Processes Engineering	1	Physical sciences & engineering (PE)	LINING	101075903	1
55936516300	Lo Curto G.	Gaspare	Lo Curto	G. Lo Curto	PE9 - Universe Sciences	1	Physical sciences & engineering (PE)	FIERCE	101052347	1
57191528884	Bruno G.	Giovanni	Bruno	G. Bruno	PE9 - Universe Sciences	1	Physical sciences & engineering (PE)	FIERCE	101052347	1
57191530361	Biondi F.	Federico	Biondi	F. Biondi 	PE9 - Universe Sciences	1	Physical sciences & engineering (PE)	FIERCE	101052347	1
57193064837	Botteon A.	Andrea	Botteon	Andrea Botteon 	PE9 - Universe Sciences	1	Physical sciences & engineering (PE)	ULU	101086378	1
57197815917	Pinto F.	Federica	Pinto	Federica Pinto	LS8 - Environmental Biology, Ecology & Evolution	1	Life Sciences (LS)	microTOUCH	101045015	1
57209496797	Singh V.	Vikash	Singh	V. Singh	PE9 - Universe Sciences	1	Physical sciences & engineering (PE)	FIERCE	101052347	1
57211485828	Tricase A.	Angelo	Tricase	Angelo Tricase	PE8 - Products & Processes Engineering	1	Physical sciences & engineering (PE)	NoOne	101040383	1
57219826942	Dell’Amico L.	Luca	Dell’Amico	Luca Dell’Amico	PE5 - Synthetic Chemistry & Materials	1	Physical sciences & engineering (PE)	SYNPHOCAT | PHOTO-STEREO | ChirAzaL	101040025 | 101106125 | 101105828	3
57224195115	Carbone C.	Chiara	Carbone	Chiara Carbone	SH4 - The Human Mind and its Complexity	1	Social sciences & humanities (SH)	UnaWireD	101042625	1
58293032000	Miotello A.	Anna	Miotello	Anna Miotello	PE9 - Universe Sciences	1	Physical sciences & engineering (PE)	UNVEIL | PEBBLES | DiscEvol | OSIRIS	101076613 | 101098309 | 101039651 | 101104656	4
7005938930	R̈ottgering H.	Huub J.A.R.	R̈ottgering	Huub J. A. Röttgering 	PE9 - Universe Sciences	1	Physical sciences & engineering (PE)	ULU	101086378	1
7007145482	Hellier C.	Coel	Hellier	Coel Hellier 	PE9 - Universe Sciences	1	Physical sciences & engineering (PE)	FIERCE	101052347	1
8898983400	Molinari S.	Sergio	Molinari	Sergio Molinari	PE9 - Universe Sciences	1	Physical sciences & engineering (PE)	DiscEvol | PEBBLES	101039651 | 101098309	2
13004642900	Antonietti P.	Paola Francesca	Antonietti	Paola F. Antonietti	SYG-PE Physical sciences & engineering	1	Physical sciences & engineering (PE)	NEMESIS	101115663	1
13806177200	Ragazzoni R.	Roberto	Ragazzoni	R. Ragazzoni	PE9 - Universe Sciences	1	Physical sciences & engineering (PE)	FIERCE	101052347	1
24721546500	Munari M.	Matteo	Munari	M. Munari	PE9 - Universe Sciences	1	Physical sciences & engineering (PE)	FIERCE	101052347	1
24729596100	Sarasso S.	Simone	Sarasso	Simone Sarasso	SYG-LS Life Sciences	1	Life Sciences (LS)	NEMESIS	101071900	1
35117996900	Perego A.	Albino	Perego	Albino Perego	PE9 - Universe Sciences	1	Physical sciences & engineering (PE)	InspiReM	101043372	1
35170901900	Nava A.	Alessia	Nava	Alessia Nava	SH6 - The Study of the Human Past	1	Social sciences & humanities (SH)	TULAR | MOTHERS	101065320 | 101077348	2
36460968600	Gatti T.	T.	Gatti	Teresa Gatti	PE11 - Materials Engineering	1	Physical sciences & engineering (PE)	JANUS BI	101041229	1
36603936500	Bergomi M.	Maria	Bergomi	M. Bergomi	PE9 - Universe Sciences	1	Physical sciences & engineering (PE)	FIERCE	101052347	1
54991922900	Natali M.	Mirco	Natali	Mirco Natali	PE5 - Synthetic Chemistry & Materials	1	Physical sciences & engineering (PE)	PhotoDark | SYNPHOCAT | PHOTO-STEREO | ChirAzaL	101077698 | 101040025 | 101106125 | 101105828	4
55260210000	Vinceti G.	Giulia	Vinceti	Giulia Vinceti	SH4 - The Human Mind and its Complexity	1	Social sciences & humanities (SH)	UnaWireD	101042625	1
55490817800	Prezza N.	Nicola	Prezza	Nicola Prezza	PE6 - Computer Science & Informatics	1	Physical sciences & engineering (PE)	REGINDEX	101039208	1
55750052000	Di Gesu L.	Laura	Di Gesu	Laura Di Gesu	PE9 - Universe Sciences	1	Physical sciences & engineering (PE)	BOOTES	101076343	1
56856637200	Fabiani C.	Claudia	Fabiani	Claudia Fabiani	PE8 - Products & Processes Engineering	1	Physical sciences & engineering (PE)	HELIOS	101041255	1
57189311013	Valles-Colomer M.	Mireia	Valles-Colomer	Mireia Valles-Colomer	LS8 - Environmental Biology, Ecology & Evolution	1	Life Sciences (LS)	microTOUCH | DOMINO	101045015 | 101060218	2
57191229382	Toci C.	Claudia	Toci	Claudia Toci 	PE9 - Universe Sciences	1	Physical sciences & engineering (PE)	UNVEIL | DiscEvol | OSIRIS	101076613 | 101039651 | 101104656	3
57191290275	Grecchi S.	Sara	Grecchi	Sara Grecchi	PE4 - Physical & Analytical Chemical Sciences	1	Physical sciences & engineering (PE)	CHEIR	101040798	1
57194557819	Parolin Z.	Zachary J.	Parolin	Zachary Parolin	SH3 - The Social World and its Diversity	1	Social sciences & humanities (SH)	ExpPov	101039655	1
57211821507	Marchianò V.	Verdiana	Marchianò	Verdiana Marchianò	PE8 - Products & Processes Engineering	1	Physical sciences & engineering (PE)	NoOne	101040383	1
57214531455	Esposito M.	Massimilliano	Esposito	M. Esposito	PE9 - Universe Sciences	1	Physical sciences & engineering (PE)	FIERCE	101052347	1
57219756559	Ribezzo D.	Domenico	Ribezzo	Domenico Ribezzo	PE7 - Systems & Communication Engineering	1	Physical sciences & engineering (PE)	QOMUNE	101077917	1
57220337903	Verzicco R.	R.	Verzicco	Roberto Verzicco	PE8 - Products & Processes Engineering	1	Physical sciences & engineering (PE)	MultiMelt | CARDIOTRIALS | MELTDYN	101094492 | 101039657 | 101040254	3
57226066300	Golzato D.	Davide	Golzato	Davide Golzato	LS8 - Environmental Biology, Ecology & Evolution	1	Life Sciences (LS)	microTOUCH	101045015	1
6602736454	Deseri L.	Luca	Deseri	Luca Deseri 	PE8 - Products & Processes Engineering	1	Physical sciences & engineering (PE)	Beyond | S-FOAM	101052956 | 101086644	2
6603445261	Cirilli R.	Roberto	Cirilli	Roberto Cirilli	PE4 - Physical & Analytical Chemical Sciences	1	Physical sciences & engineering (PE)	CHEIR	101040798	1
6603668463	Flandoli F.	Franco	Flandoli	Franco Flandoli	PE1 - Mathematics	1	Physical sciences & engineering (PE)	NoisyFluid	101053472	1
7006266454	Castiello U.	Umberto	Castiello	Umberto Castiello	SH4 - The Human Mind and its Complexity	1	Social sciences & humanities (SH)	ROOMors	101096728	1
7006543131	Ciavarella M.	Michele	Ciavarella	Michele Ciavarella 	PE8 - Products & Processes Engineering	1	Physical sciences & engineering (PE)	SURFACE	101039198	1
12753457700	Bailhache R.	Raphaelle Marie	Bailhache	R. Bailhache	PE2 - Fundamental Constituents of Matter	1	Physical sciences & engineering (PE)	InitialConditions	101077147	1
12756410400	Alfaro Molina R.	R.	Alfaro Molina	R. Alfaro Molina	PE2 - Fundamental Constituents of Matter	1	Physical sciences & engineering (PE)	InitialConditions	101077147	1
14017839600	Alme J.	Johan	Alme	J. Alme	PE2 - Fundamental Constituents of Matter	1	Physical sciences & engineering (PE)	InitialConditions	101077147	1
14633111900	Batyunya B.	Boris V.	Batyunya	B. Batyunya	PE2 - Fundamental Constituents of Matter	1	Physical sciences & engineering (PE)	InitialConditions	101077147	1
15828946200	Arsene I.	Ionut Cristian	Arsene	I. C. Arsene 	PE2 - Fundamental Constituents of Matter	1	Physical sciences & engineering (PE)	InitialConditions	101077147	1
15843292300	Batigne G.	Guillaume	Batigne	G. Batigne	PE2 - Fundamental Constituents of Matter	1	Physical sciences & engineering (PE)	InitialConditions	101077147	1
16642159400	Bonnoli G.	Giacomo	Bonnoli	Giacomo Bonnoli 	PE9 - Universe Sciences	1	Physical sciences & engineering (PE)	BOOTES	101076343	1
23966153400	Averbeck R.	Ralf Peter	Averbeck	R. Averbeck	PE2 - Fundamental Constituents of Matter	1	Physical sciences & engineering (PE)	InitialConditions	101077147	1
24608797400	Basu S.	Sumit	Basu	S. Basu	PE2 - Fundamental Constituents of Matter	1	Physical sciences & engineering (PE)	InitialConditions	101077147	1
24758134200	Al-Turany M.	Mohammad	Al-Turany	M. Al-Turany	PE2 - Fundamental Constituents of Matter	1	Physical sciences & engineering (PE)	InitialConditions	101077147	1
26425463500	Barnby L.	L. S.	Barnby	L. S. Barnby 	PE2 - Fundamental Constituents of Matter	1	Physical sciences & engineering (PE)	InitialConditions	101077147	1
26644474400	Viotto V.	Valentina	Viotto	V. Viotto	PE9 - Universe Sciences	1	Physical sciences & engineering (PE)	FIERCE	101052347	1
29667534500	Altsybeev I.	Igor G.	Altsybeev	I. Altsybeev	PE2 - Fundamental Constituents of Matter	1	Physical sciences & engineering (PE)	InitialConditions	101077147	1
34567610000	Bellwied R.	René	Bellwied	R. Bellwied	PE2 - Fundamental Constituents of Matter	1	Physical sciences & engineering (PE)	InitialConditions	101077147	1
35194434900	Oliva G.	Gabriele	Oliva	Gabriele Oliva	PE7 - Systems & Communication Engineering	1	Physical sciences & engineering (PE)	MINERVA	101044629	1
35219585200	Andrei C.	Cristian	Andrei	C. Andrei	PE2 - Fundamental Constituents of Matter	1	Physical sciences & engineering (PE)	InitialConditions	101077147	1
35226928600	Ahammed Z.	Zubayer	Ahammed	Z. Ahammed	PE2 - Fundamental Constituents of Matter	1	Physical sciences & engineering (PE)	InitialConditions	101077147	1
35502849300	Baek Y.	Yongwook	Baek	Y. W. Baek 	PE2 - Fundamental Constituents of Matter	1	Physical sciences & engineering (PE)	InitialConditions	101077147	1
35725213700	Belikov I.	Iouri	Belikov	I. Belikov	PE2 - Fundamental Constituents of Matter	1	Physical sciences & engineering (PE)	InitialConditions	101077147	1
35725269000	Ahn S.	Sang-un	Ahn	S. U. Ahn 	PE2 - Fundamental Constituents of Matter	1	Physical sciences & engineering (PE)	InitialConditions	101077147	1
35725276600	Barile F.	Francesco	Barile	F. Barile	PE2 - Fundamental Constituents of Matter	1	Physical sciences & engineering (PE)	InitialConditions	101077147	1
36674608700	Anguelov V.	Venelin	Anguelov	V. Anguelov	PE2 - Fundamental Constituents of Matter	1	Physical sciences & engineering (PE)	InitialConditions	101077147	1
37102822600	Vona A.	Alessandro	Vona	Alessandro Vona	PE10 - Earth System Science	1	Physical sciences & engineering (PE)	NANOVOLC	101044772	1
44761456100	Szabó B.	Botond T.	Szabó	Botond Szabó 	PE1 - Mathematics	1	Physical sciences & engineering (PE)	BigBayesUQ	101041064	1
48060900000	Arslandok M.	Mesut	Arslandok	M. Arslandok	PE2 - Fundamental Constituents of Matter	1	Physical sciences & engineering (PE)	InitialConditions	101077147	1
48360965200	Dell'Amico L.	Luca	Dell'Amico	Luca Dell’Amico	PE5 - Synthetic Chemistry & Materials	1	Physical sciences & engineering (PE)	SYNPHOCAT	101040025	1
54943212500	Frigerio J.	J. B.J.	Frigerio	Jacopo Frigerio	PE7 - Systems & Communication Engineering	1	Physical sciences & engineering (PE)	Electrophot	101097569	1
54974068600	Elias-Miró J.	Joan	Elias-Miró	Joan Elias Miró	PE2 - Fundamental Constituents of Matter	1	Physical sciences & engineering (PE)	X-HEP	101039756	1
55157878900	Antonioli P.	Pietro	Antonioli	P. Antonioli	PE2 - Fundamental Constituents of Matter	1	Physical sciences & engineering (PE)	InitialConditions	101077147	1
55232548700	Poretti E.	Ennio	Poretti	E. Poretti	PE9 - Universe Sciences	1	Physical sciences & engineering (PE)	FIERCE	101052347	1
55322907700	Peraro T.	Tiziano	Peraro	Tiziano Peraro	PE2 - Fundamental Constituents of Matter	1	Physical sciences & engineering (PE)	FFHiggsTop	101040760	1
55541897000	Marafatto L.	Luca	Marafatto	 Luca Marafatto	PE9 - Universe Sciences	1	Physical sciences & engineering (PE)	FIERCE	101052347	1
55558095800	Borsa F.	Franscesco	Borsa	F. Borsa	PE9 - Universe Sciences	1	Physical sciences & engineering (PE)	FIERCE	101052347	1
55569018500	Aresti M.	Mauro	Aresti	M. Aresti	PE2 - Fundamental Constituents of Matter	1	Physical sciences & engineering (PE)	InitialConditions	101077147	1
55647068600	Bazo Alba J.	J. L.	Bazo Alba	J. L. Bazo Alba 	PE2 - Fundamental Constituents of Matter	1	Physical sciences & engineering (PE)	InitialConditions	101077147	1
55666254100	Bagherifard S.	Sara	Bagherifard	Sara Bagherifard	PE8 - Products & Processes Engineering	1	Physical sciences & engineering (PE)	ArcHIDep	101044228	1
55666574500	Marris-Morini D.	Delphine	Marris-Morini	Delphine Marris‐Morini 	PE7 - Systems & Communication Engineering	1	Physical sciences & engineering (PE)	Electrophot	101097569	1
55916507100	Goti G.	Giulio	Goti	Giulio Goti	PE5 - Synthetic Chemistry & Materials	1	Physical sciences & engineering (PE)	SYNPHOCAT	101040025	1
56013040100	Bondioli L.	Luca	Bondioli	Luca Bondioli	SH6 - The Study of the Human Past	1	Social sciences & humanities (SH)	TULAR | MOTHERS	101065320 | 101077348	2
56038545500	Rodríguez A.	Alex	Rodríguez	Alex Rodriguez 	PE4 - Physical & Analytical Chemical Sciences	1	Physical sciences & engineering (PE)	HyBOP	101043272	1
56089514300	Cutolo A.	A.	Cutolo	Arsenio Cutolo	PE8 - Products & Processes Engineering	1	Physical sciences & engineering (PE)	Beyond	101052956	1
56232522400	Antinori F.	Federico	Antinori	F. Antinori	PE2 - Fundamental Constituents of Matter	1	Physical sciences & engineering (PE)	InitialConditions	101077147	1
56246417400	Akindinov A.	Alexander V.	Akindinov	A. Akindinov	PE2 - Fundamental Constituents of Matter	1	Physical sciences & engineering (PE)	InitialConditions	101077147	1
56310979300	Malavolta G.	Giulio	Malavolta	Giulio Malavolta	PE6 - Computer Science & Informatics	1	Physical sciences & engineering (PE)	LACONIC | ObfusQation | REWORC	101041207 | 101077455 | 101054911	3
56458032200	Belfiore F.	Francesco M.C.	Belfiore	Francesco Belfiore	PE9 - Universe Sciences	1	Physical sciences & engineering (PE)	MW-WINDS | ISM-METALS	101040751 | 101077573	2
56577969900	Bartsch E.	Esther	Bartsch	E. Bartsch	PE2 - Fundamental Constituents of Matter	1	Physical sciences & engineering (PE)	InitialConditions	101077147	1
56769152200	Barth K.	K.	Barth	K. Barth	PE2 - Fundamental Constituents of Matter	1	Physical sciences & engineering (PE)	InitialConditions	101077147	1
56843404400	Agrawal N.	Neelima	Agrawal	N. Agrawal	PE2 - Fundamental Constituents of Matter	1	Physical sciences & engineering (PE)	InitialConditions	101077147	1
56910648200	Agnello M.	Michelangelo	Agnello	M. Agnello	PE2 - Fundamental Constituents of Matter	1	Physical sciences & engineering (PE)	InitialConditions	101077147	1
56976106500	Carotenuto A.	Angelo Rosario	Carotenuto	Angelo Rosario Carotenuto 	PE8 - Products & Processes Engineering	1	Physical sciences & engineering (PE)	Beyond | S-FOAM	101052956 | 101086644	2
57072320100	Bai X.	Xinzhan	Bai	X. Bai	PE2 - Fundamental Constituents of Matter	1	Physical sciences & engineering (PE)	InitialConditions	101077147	1
57189223132	Middei R.	Riccardo	Middei	Riccardo Middei	PE9 - Universe Sciences	1	Physical sciences & engineering (PE)	BOOTES	101076343	1
57189519041	Cavuoto R.	Riccardo	Cavuoto	Riccardo Cavuoto	PE8 - Products & Processes Engineering	1	Physical sciences & engineering (PE)	Beyond | S-FOAM	101052956 | 101086644	2
57190154519	Bellini F.	Francesca	Bellini	F. Bellini	PE2 - Fundamental Constituents of Matter	1	Physical sciences & engineering (PE)	InitialConditions	101077147	1
57190660228	Blanchini F.	Franco	Blanchini	Franco Blanchini	PE7 - Systems & Communication Engineering	1	Physical sciences & engineering (PE)	INSPIRE	101076926	1
57193222687	Lugli F.	Federico	Lugli	Federico Lugli	SH6 - The Study of the Human Past	1	Social sciences & humanities (SH)	TULAR | MOTHERS	101065320 | 101077348	2
57194059882	Barioglio L.	L.	Barioglio	L. Barioglio	PE2 - Fundamental Constituents of Matter	1	Physical sciences & engineering (PE)	InitialConditions	101077147	1
57194407755	Acharya S.	Shreyasi	Acharya	S. Acharya	PE2 - Fundamental Constituents of Matter	1	Physical sciences & engineering (PE)	InitialConditions	101077147	1
57194782748	Biagi N.	Nicola	Biagi	Nicola Biagi	PE7 - Systems & Communication Engineering	1	Physical sciences & engineering (PE)	QOMUNE	101077917	1
57199326106	Antonelli L.	Lucio Angelo	Antonelli	Lucio Angelo Antonelli	PE9 - Universe Sciences	1	Physical sciences & engineering (PE)	BOOTES	101076343	1
57200755004	Wang M.	Mengjiao	Wang	Mengjiao Wang	PE11 - Materials Engineering	1	Physical sciences & engineering (PE)	JANUS BI	101041229	1
57202567842	Barnaföldi G.	Gergely Gábor	Barnaföldi	G.G. Barnaföldi	PE2 - Fundamental Constituents of Matter	1	Physical sciences & engineering (PE)	InitialConditions	101077147	1
57203028914	Chergui M.	Majed	Chergui	Majed Chergui	PE4 - Physical & Analytical Chemical Sciences	1	Physical sciences & engineering (PE)	CHIRAX	101095012	1
57208128912	Di Fiore F.	Fabrizio	Di Fiore	Fabrizio Di Fiore	PE10 - Earth System Science	1	Physical sciences & engineering (PE)	NANOVOLC	101044772	1
57211499804	Vagniluca I.	Ilaria	Vagniluca	Ilaria Vagniluca	PE7 - Systems & Communication Engineering	1	Physical sciences & engineering (PE)	QOMUNE	101077917	1
57211821338	Kousis I.	Ioannis	Kousis	Ioannis Kousis	PE8 - Products & Processes Engineering	1	Physical sciences & engineering (PE)	HELIOS	101041255	1
57214470766	Gamba R.	Rossella	Gamba	Rossella Gamba	PE9 - Universe Sciences	1	Physical sciences & engineering (PE)	InspiReM	101043372	1
57215829120	Caferri R.	Roberto	Caferri	Roberto Caferri	LS9 - Biotechnology & Biosystems Engineering	1	Life Sciences (LS)	GrInSun	101053983	1
57216737480	Mannocci P.	Piergiulio	Mannocci	Piergiulio Mannocci 	PE7 - Systems & Communication Engineering	1	Physical sciences & engineering (PE)	ANIMATE	101054098	1
57216867732	Balbino A.	Alessandro	Balbino	A. Balbino	PE2 - Fundamental Constituents of Matter	1	Physical sciences & engineering (PE)	InitialConditions	101077147	1
57221150086	Goffo E.	Elisa	Goffo	E. Goffo 	PE9 - Universe Sciences	1	Physical sciences & engineering (PE)	FIERCE	101052347	1
57222020432	Becht P.	Pascal	Becht	P. Becht	PE2 - Fundamental Constituents of Matter	1	Physical sciences & engineering (PE)	InitialConditions	101077147	1
57222056581	de Lazzari C.	Claudia	de Lazzari	Claudia De Lazzari	PE7 - Systems & Communication Engineering	1	Physical sciences & engineering (PE)	QOMUNE	101077917	1
57222592284	Salemme S.	Simone	Salemme	Simone Salemme	SH4 - The Human Mind and its Complexity	1	Social sciences & humanities (SH)	UnaWireD	101042625	1
57223946801	Crisci M.	Matteo	Crisci	Matteo Crisci	PE11 - Materials Engineering	1	Physical sciences & engineering (PE)	JANUS BI	101041229	1
57311190000	Behera D.	Debadatta	Behera	D. Behera	PE2 - Fundamental Constituents of Matter	1	Physical sciences & engineering (PE)	InitialConditions	101077147	1
57351937300	Alocco G.	Giacomo	Alocco	G. Alocco	PE2 - Fundamental Constituents of Matter	1	Physical sciences & engineering (PE)	InitialConditions	101077147	1
57427422000	Ricci L.	Liviana	Ricci	Liviana Ricci 	LS8 - Environmental Biology, Ecology & Evolution	1	Life Sciences (LS)	microTOUCH	101045015	1
57865936700	Catacchio M.	Michele	Catacchio	Michele Catacchio	PE8 - Products & Processes Engineering	1	Physical sciences & engineering (PE)	NoOne	101040383	1
57990133100	Tavecchio F.	Fabrizio	Tavecchio	Fabrizio Tavecchio	PE9 - Universe Sciences	1	Physical sciences & engineering (PE)	BOOTES	101076343	1
58003585600	Calcaterra S.	Stefano	Calcaterra	Stefano Calcaterra	PE7 - Systems & Communication Engineering	1	Physical sciences & engineering (PE)	Electrophot	101097569	1
58199477900	Gallingani C.	Chiara	Gallingani	Chiara Gallingani	SH4 - The Human Mind and its Complexity	1	Social sciences & humanities (SH)	UnaWireD	101042625	1
6508006614	Dall’Osto L.	Luca	Dall’Osto	Luca Dall’Osto 	LS9 - Biotechnology & Biosystems Engineering	1	Life Sciences (LS)	GrInSun	101053983	1
6508294771	Sartorel A.	Andrea	Sartorel	Andrea Sartorel	PE5 - Synthetic Chemistry & Materials	1	Physical sciences & engineering (PE)	PhotoDark | SYNPHOCAT	101077698 | 101040025	2
6602480898	Adamovã D.	Dagmar	Adamovã	D. Adamová	PE2 - Fundamental Constituents of Matter	1	Physical sciences & engineering (PE)	InitialConditions	101077147	1
6602872748	Barret V.	Valerie	Barret	V. Barret	PE2 - Fundamental Constituents of Matter	1	Physical sciences & engineering (PE)	InitialConditions	101077147	1
6602945524	Di Franco C.	C.	Di Franco	Cinzia Di Franco	PE8 - Products & Processes Engineering	1	Physical sciences & engineering (PE)	NoOne	101040383	1
6603646092	Alici A.	Andrea	Alici	A. Alici	PE2 - Fundamental Constituents of Matter	1	Physical sciences & engineering (PE)	InitialConditions	101077147	1
6603679093	Isella G.	Giovanni	Isella	Giovanni Isella	PE7 - Systems & Communication Engineering	1	Physical sciences & engineering (PE)	Electrophot	101097569	1
6603765082	Benincori T.	Tiziana	Benincori	Tiziana Benincori	PE4 - Physical & Analytical Chemical Sciences	1	Physical sciences & engineering (PE)	CHEIR	101040798	1
6604046864	Appelshäuser H.	Harald	Appelshäuser	H. Appelshäuser	PE2 - Fundamental Constituents of Matter	1	Physical sciences & engineering (PE)	InitialConditions	101077147	1
7003281351	Berdnikov Y.	Yaroslav A.	Berdnikov	Y. Berdnikov	PE2 - Fundamental Constituents of Matter	1	Physical sciences & engineering (PE)	InitialConditions	101077147	1
7003423279	Bastid N.	Nicole	Bastid	N. Bastid	PE2 - Fundamental Constituents of Matter	1	Physical sciences & engineering (PE)	InitialConditions	101077147	1
7003513359	Alessandro B.	Bruno	Alessandro	B. Alessandro	PE2 - Fundamental Constituents of Matter	1	Physical sciences & engineering (PE)	InitialConditions	101077147	1
7003795095	Aphecetche L.	Laurent Bernard	Aphecetche	L. Aphecetche	PE2 - Fundamental Constituents of Matter	1	Physical sciences & engineering (PE)	InitialConditions	101077147	1
7003821946	Alt T.	Torsten	Alt	T. Alt	PE2 - Fundamental Constituents of Matter	1	Physical sciences & engineering (PE)	InitialConditions	101077147	1
7003991692	Andronic A.	Anton A.	Andronic	A. Andronic	PE2 - Fundamental Constituents of Matter	1	Physical sciences & engineering (PE)	InitialConditions	101077147	1
7004013741	Bearden I.	Ian Gardner	Bearden	I. G. Bearden 	PE2 - Fundamental Constituents of Matter	1	Physical sciences & engineering (PE)	InitialConditions	101077147	1
7004180601	Farinato J.	Jacopo	Farinato	J. Farinato 	PE9 - Universe Sciences	1	Physical sciences & engineering (PE)	FIERCE	101052347	1
7004343253	Baldisseri A.	Alberto	Baldisseri	A. Baldisseri	PE2 - Fundamental Constituents of Matter	1	Physical sciences & engineering (PE)	InitialConditions	101077147	1
7004612265	Aleksandrov D.	Dmitry V.	Aleksandrov	D. Aleksandrov	PE2 - Fundamental Constituents of Matter	1	Physical sciences & engineering (PE)	InitialConditions	101077147	1
7005073045	Scamarcio G.	G.	Scamarcio	Gaetano Scamarcio	PE8 - Products & Processes Engineering	1	Physical sciences & engineering (PE)	NoOne	101040383	1
7005686519	van Dishoeck E.	Ewine F.	van Dishoeck	Ewine F. van Dishoeck	PE9 - Universe Sciences	1	Physical sciences & engineering (PE)	DiscEvol | UNVEIL	101039651 | 101076613	2
7006063472	Raimondi M.	Manuela Teresa	Raimondi	Manuela Teresa Raimondi	PE8 - Products & Processes Engineering	1	Physical sciences & engineering (PE)	NICHILD | BEACONSANDEGG	101068512 | 101053122	2
8433069200	Augustinus A.	André	Augustinus	A. Augustinus	PE2 - Fundamental Constituents of Matter	1	Physical sciences & engineering (PE)	InitialConditions	101077147	1
8664296800	Aglieri Rinella G.	Gianluca	Aglieri Rinella	G. Aglieri Rinella	PE2 - Fundamental Constituents of Matter	1	Physical sciences & engineering (PE)	InitialConditions	101077147	1
8686864000	Arnaldi R.	Roberta	Arnaldi	R. Arnaldi	PE2 - Fundamental Constituents of Matter	1	Physical sciences & engineering (PE)	InitialConditions	101077147	1
8864161400	Badalà A.	Angela	Badalà	A. Badalà	PE2 - Fundamental Constituents of Matter	1	Physical sciences & engineering (PE)	InitialConditions	101077147	1
8870015300	González-Hernández J.	Jonay I.	González-Hernández	J. I. González Hernández	PE9 - Universe Sciences	1	Physical sciences & engineering (PE)	FIERCE	101052347	1
11240212800	Abe L.	Lyu	Abe	Lyu Abe 	PE9 - Universe Sciences	1	Physical sciences & engineering (PE)	FIERCE	101052347	1
11241439500	Cavazzuti E.	Elisabetta	Cavazzuti	Elisabetta Cavazzuti	PE9 - Universe Sciences	1	Physical sciences & engineering (PE)	BOOTES	101076343	1
12041336700	Keir D.	Derek	Keir	Derek Keir	PE10 - Earth System Science	1	Physical sciences & engineering (PE)	EMERGE | TALENTS	101087245 | 101119486	2
14020239100	Mollo S.	Silvio	Mollo	Silvio Mollo	PE10 - Earth System Science	1	Physical sciences & engineering (PE)	NANOVOLC	101044772	1
16029615600	Schiattarella G.	Gabriele Giacomo	Schiattarella	Gabriele G. Schiattarella 	LS4 - Physiology in Health, Disease & Ageing	1	Life Sciences (LS)	KetoCardio	101078307	1
16052232100	Colombo C.	Camilla	Colombo	Camilla Colombo	PE8 - Products & Processes Engineering	1	Physical sciences & engineering (PE)	GREEN SPECIES	101089265	1
16305108300	Massaro F.	Francesco	Massaro	Francesco Massaro	PE9 - Universe Sciences	1	Physical sciences & engineering (PE)	BOOTES	101076343	1
16401345800	Faranda C.	Costanza F.	Faranda	Costanza Faranda	PE10 - Earth System Science	1	Physical sciences & engineering (PE)	MindTheGap	101041077	1
16403654700	Zenaro E.	Elena	Zenaro	Elena Zenaro	LS6 - Immunity, Infection & Immunotherapy	1	Life Sciences (LS)	NeutrAD	101069397	1
22836019000	Salvato M.	Mara	Salvato	Mara Salvato	PE9 - Universe Sciences	1	Physical sciences & engineering (PE)	ULU | CLEVeR	101086378 | 101045437	2
22952870800	Barbera R.	Roberto	Barbera	R. Barbera	PE2 - Fundamental Constituents of Matter	1	Physical sciences & engineering (PE)	InitialConditions	101077147	1
23004563600	Latterini L.	Loredana	Latterini	Loredana Latterini	PE8 - Products & Processes Engineering	1	Physical sciences & engineering (PE)	HELIOS	101041255	1
23983427500	Torricelli F.	Fabrizio	Torricelli	Fabrizio Torricelli	PE8 - Products & Processes Engineering	1	Physical sciences & engineering (PE)	NoOne	101040383	1
24073172400	Fabiani S.	Sergio	Fabiani	Sergio Fabiani	PE9 - Universe Sciences	1	Physical sciences & engineering (PE)	BOOTES	101076343	1
24166191600	Benatti S.	Serena	Benatti	S. Benatti	PE9 - Universe Sciences	1	Physical sciences & engineering (PE)	FIERCE	101052347	1
24491720700	Bhattacharjee B.	Buddhadeb	Bhattacharjee	B. Bhattacharjee	PE2 - Fundamental Constituents of Matter	1	Physical sciences & engineering (PE)	InitialConditions	101077147	1
24779291400	Bongiorno S.	Stephen D.	Bongiorno	Stephen D. Bongiorno	PE9 - Universe Sciences	1	Physical sciences & engineering (PE)	BOOTES	101076343	1
25930444600	Jacchetti E.	Emanuela	Jacchetti	Emanuela Jacchetti	PE8 - Products & Processes Engineering	1	Physical sciences & engineering (PE)	NICHILD | BEACONSANDEGG	101068512 | 101053122	2
26026766200	Bonafede A.	Annalisa	Bonafede	A. Bonafede	PE9 - Universe Sciences	1	Physical sciences & engineering (PE)	ULU	101086378	1
35226999800	Bielčík J.	Jaroslav	Bielčík	J. Bielčík	PE2 - Fundamental Constituents of Matter	1	Physical sciences & engineering (PE)	InitialConditions	101077147	1
35227009800	Bielčíková J.	Jana	Bielčíková	J. Bielčíková	PE2 - Fundamental Constituents of Matter	1	Physical sciences & engineering (PE)	InitialConditions	101077147	1
35230186900	Marelli M.	Marco	Marelli	Marco Marelli	SH4 - The Human Mind and its Complexity	1	Social sciences & humanities (SH)	BraveNewWord	101087053	1
35241982400	Del Monte E.	E. D.	Del Monte	Ettore Del Monte	PE9 - Universe Sciences	1	Physical sciences & engineering (PE)	BOOTES	101076343	1
35291384300	Bhaduri P.	Partha Pratim	Bhaduri	P. P. Bhaduri 	PE2 - Fundamental Constituents of Matter	1	Physical sciences & engineering (PE)	InitialConditions	101077147	1
35380287000	Kroemer G.	Guido	Kroemer	Guido Kroemer	LS4 - Physiology in Health, Disease & Ageing	1	Life Sciences (LS)	ICD-Cancer	101052444	1
35553979700	Bassi R.	R.	Bassi	Roberto Bassi	LS9 - Biotechnology & Biosystems Engineering	1	Life Sciences (LS)	GrInSun	101053983	1
35748339500	Baldini L.	Luca	Baldini	Luca Baldini	PE9 - Universe Sciences	1	Physical sciences & engineering (PE)	BOOTES	101076343	1
36010534500	Bieryla A.	Allyson	Bieryla	 Allyson Bieryla	PE9 - Universe Sciences	1	Physical sciences & engineering (PE)	FIERCE	101052347	1
36052830400	Emami R.	Razieh	Emami	Razieh Emami	SYG-PE Physical sciences & engineering	1	Physical sciences & engineering (PE)	BlackHolistic	101071643	1
36093973800	Bachetti M.	Matteo	Bachetti	Matteo Bachetti	PE9 - Universe Sciences	1	Physical sciences & engineering (PE)	BOOTES	101076343	1
36443308000	Bartoletti S.	Stefania	Bartoletti	Stefania Bartoletti	PE7 - Systems & Communication Engineering	1	Physical sciences & engineering (PE)	FIND-OUT	101078411	1
36491251900	Allegra M.	Michele	Allegra	Michele Allegra	SYG-LS Life Sciences	1	Life Sciences (LS)	NEMESIS	101071900	1
36682816300	Marinucci A.	Andrea	Marinucci	Andrea Marinucci	PE9 - Universe Sciences	1	Physical sciences & engineering (PE)	BOOTES	101076343	1
36930014500	Di Marco A.	Alessandro	Di Marco	Alessandro Di Marco	PE9 - Universe Sciences	1	Physical sciences & engineering (PE)	BOOTES	101076343	1
37071095300	Perfetti M.	Mauro	Perfetti	Mauro Perfetti	PE5 - Synthetic Chemistry & Materials	1	Physical sciences & engineering (PE)	ELECTRA	101039890	1
39561175700	Fromm C.	Christian M.	Fromm	Christian M. Fromm	SYG-PE Physical sciences & engineering	1	Physical sciences & engineering (PE)	BlackHolistic	101071643	1
41460891300	Borghi E.	Enrico	Borghi	Enrico Borghi	PE10 - Earth System Science	1	Physical sciences & engineering (PE)	MindTheGap	101041077	1
43361360500	Liu T.	Teng	Liu	Teng Liu	PE9 - Universe Sciences	1	Physical sciences & engineering (PE)	ULU | CLEVeR | COSMIC-KEY	101086378 | 101045437 | 101087822	3
45361061000	Hada K.	Kazuhiro	Hada	Kazuhiro Hada	SYG-PE Physical sciences & engineering	1	Physical sciences & engineering (PE)	BlackHolistic	101071643	1
55119244200	Ciprini S.	Stefano	Ciprini	Stefano Ciprini	PE9 - Universe Sciences	1	Physical sciences & engineering (PE)	BOOTES	101076343	1
55213043500	Gómez-Ruiz A.	Arturo I.	Gómez-Ruiz	Arturo I. Gómez-Ruiz	SYG-PE Physical sciences & engineering	1	Physical sciences & engineering (PE)	BlackHolistic	101071643	1
55331184500	Ragazzon G.	Giulio	Ragazzon	Giulio Ragazzon	PE4 - Physical & Analytical Chemical Sciences	1	Physical sciences & engineering (PE)	KI-NET	101041933	1
55348833900	Tamburini S.	Sabrina	Tamburini	Sabrina Tamburini	LS8 - Environmental Biology, Ecology & Evolution	1	Life Sciences (LS)	microTOUCH	101045015	1
55392045500	Zurlo A.	Alice	Zurlo	Alice Zurlo	PE9 - Universe Sciences	1	Physical sciences & engineering (PE)	DiscEvol | UNVEIL	101039651 | 101076613	2
55455753300	Scalet G.	Giulia	Scalet	Giulia Scalet	PE8 - Products & Processes Engineering	1	Physical sciences & engineering (PE)	CoDe4Bio	101039467	1
55636682400	Bossini D.	Diego	Bossini	Diego Bossini	PE9 - Universe Sciences	1	Physical sciences & engineering (PE)	FIERCE	101052347	1
55809224100	Barragan O.	Oscar	Barragan	O. Barragán	PE9 - Universe Sciences	1	Physical sciences & engineering (PE)	FIERCE	101052347	1
55868904600	Ayuso D.	David	Ayuso	David Ayuso	PE4 - Physical & Analytical Chemical Sciences	1	Physical sciences & engineering (PE)	ULISSES	101054696	1
55901353600	Goddi C.	Ciriaco	Goddi	Ciriaco Goddi	SYG-PE Physical sciences & engineering	1	Physical sciences & engineering (PE)	BlackHolistic	101071643	1
55933131600	Bolzonello L.	Luca	Bolzonello	Luca Bolzonello	PE4 - Physical & Analytical Chemical Sciences	1	Physical sciences & engineering (PE)	FastTrack	101054846	1
55942518400	Hardcastle M.	Martin J.	Hardcastle	Martin J. Hardcastle 	PE9 - Universe Sciences	1	Physical sciences & engineering (PE)	ULU	101086378	1
56212778300	Bellazzini R.	Ronaldo	Bellazzini	Ronaldo Bellazzini	PE9 - Universe Sciences	1	Physical sciences & engineering (PE)	BOOTES	101076343	1
56223677300	Lupini M.	Martino	Lupini	Martino Lupini	PE1 - Mathematics	1	Physical sciences & engineering (PE)	DAT | CatT	101077154 | 101110452	2
56236368200	Bianchi L.	Lorenzo	Bianchi	L. Bianchi	PE2 - Fundamental Constituents of Matter	1	Physical sciences & engineering (PE)	InitialConditions	101077147	1
56284355200	Romano C.	C.	Romano	Claudia Romano	PE10 - Earth System Science	1	Physical sciences & engineering (PE)	NANOVOLC	101044772	1
56328652400	Donnay L.	Laura	Donnay	Laura Donnay	PE2 - Fundamental Constituents of Matter	1	Physical sciences & engineering (PE)	CeleBH	101076737	1
56373576900	Cumbo F.	Fabio Autor	Cumbo	Fabio Cumbo	LS8 - Environmental Biology, Ecology & Evolution	1	Life Sciences (LS)	microTOUCH	101045015	1
56400895100	Gliozzi E.	Elsa	Gliozzi	Elsa Gliozzi	PE10 - Earth System Science	1	Physical sciences & engineering (PE)	MindTheGap	101041077	1
56462220700	Bianchi N.	Nicola	Bianchi	N. Bianchi	PE2 - Fundamental Constituents of Matter	1	Physical sciences & engineering (PE)	InitialConditions	101077147	1
56512417500	Terrone E.	Enrico	Terrone	Enrico Terrone	SH5 - Cultures & Cultural Production	1	Social sciences & humanities (SH)	PEA	101040535	1
56678558700	Tazzari M.	Marco	Tazzari	Marco Tazzari	PE9 - Universe Sciences	1	Physical sciences & engineering (PE)	DiscEvol | UNVEIL	101039651 | 101076613	2
56711725900	Pellegrino T.	Teresa	Pellegrino	Teresa Pellegrino	PE11 - Materials Engineering	1	Physical sciences & engineering (PE)	GIULIa	101044020	1
56816506500	Gonzalo J.	Juan Luis	Gonzalo	Juan Luis Gonzalo	PE8 - Products & Processes Engineering	1	Physical sciences & engineering (PE)	GREEN SPECIES	101089265	1
56889302600	Bonino R.	Raffaella	Bonino	Raffaella Bonino	PE9 - Universe Sciences	1	Physical sciences & engineering (PE)	BOOTES	101076343	1
56924180500	Liu A.	Ang	Liu	Ang Liu	PE9 - Universe Sciences	1	Physical sciences & engineering (PE)	ULU | CLEVeR | COSMIC-KEY	101086378 | 101045437 | 101087822	3
57189842335	Collareta A.	Alberto	Collareta	Alberto Collareta	PE10 - Earth System Science	1	Physical sciences & engineering (PE)	MindTheGap	101041077	1
57190345986	Di Lalla N.	Niccoló D.	Di Lalla	Niccoló Di Lalla 	PE9 - Universe Sciences	1	Physical sciences & engineering (PE)	BOOTES	101076343	1
57190521694	Osella S.	Silvio	Osella	Silvio Osella	PE11 - Materials Engineering	1	Physical sciences & engineering (PE)	JANUS BI	101041229	1
57193119619	Brunetti G.	Gianfranco F.	Brunetti	G. Brunetti	PE9 - Universe Sciences	1	Physical sciences & engineering (PE)	ULU	101086378	1
57194286495	Mecozzi B.	Beniamino	Mecozzi	Beniamino Mecozzi	SH6 - The Study of the Human Past	1	Social sciences & humanities (SH)	LATEUROPE	101052653	1
57194798021	Maity S.	Sourav	Maity	Sourav Maity	LS1 - Molecules of Life: Biological Mechanisms, Structures & Functions	1	Life Sciences (LS)	champANTIBIOTICS	101045485	1
57195743477	Thum T.	Thomas	Thum	Thomas Thum	LS7 - Prevention, Diagnosis & Treatment of Human Diseases	1	Life Sciences (LS)	REVERSE	101054460	1
57200571011	Arcelli S.	S.	Arcelli	S. Arcelli	PE2 - Fundamental Constituents of Matter	1	Physical sciences & engineering (PE)	InitialConditions	101077147	1
57201322656	Selma-Royo M.	Marta	Selma-Royo	Marta Selma-Royo	LS8 - Environmental Biology, Ecology & Evolution	1	Life Sciences (LS)	microTOUCH	101045015	1
57202600871	Cuadros S.	Sara	Cuadros	Sara Cuadros	PE5 - Synthetic Chemistry & Materials	1	Physical sciences & engineering (PE)	SYNPHOCAT	101040025	1
57203054137	Marshall H.	Herman L.	Marshall	Herman L. Marshall	PE9 - Universe Sciences	1	Physical sciences & engineering (PE)	BOOTES	101076343	1
57203483218	Ferrazzoli R.	Riccardo	Ferrazzoli	Riccardo Ferrazzoli	PE9 - Universe Sciences	1	Physical sciences & engineering (PE)	BOOTES	101076343	1
57203745221	Stangret M.	Monika	Stangret	M. Stangret	PE9 - Universe Sciences	1	Physical sciences & engineering (PE)	FIERCE	101052347	1
57209396748	Bulian F.	Francesca	Bulian	Francesca Bulian	PE10 - Earth System Science	1	Physical sciences & engineering (PE)	MindTheGap	101041077	1
57210891884	Sarcina L.	Lucia	Sarcina	Lucia Sarcina	PE8 - Products & Processes Engineering	1	Physical sciences & engineering (PE)	NoOne	101040383	1
57211044672	Cacciapuoti L.	Luca	Cacciapuoti	Luca Cacciapuoti	PE9 - Universe Sciences	1	Physical sciences & engineering (PE)	PEBBLES | DiscEvol	101098309 | 101039651	2
57211248472	Di Pierro F.	F.	Di Pierro	Federico Di Pierro	PE9 - Universe Sciences	1	Physical sciences & engineering (PE)	BOOTES	101076343	1
57212462324	Iannucci A.	Alessio	Iannucci	Alessio Iannucci	SH6 - The Study of the Human Past	1	Social sciences & humanities (SH)	LATEUROPE	101052653	1
57214898734	Somigliana A.	Alice	Somigliana	Alice Somigliana	PE9 - Universe Sciences	1	Physical sciences & engineering (PE)	DiscEvol | PEBBLES	101039651 | 101098309	2
57217298918	de Laurentis M.	Mariafelicia	de Laurentis	Mariafelicia De Laurentis	SYG-PE Physical sciences & engineering	1	Physical sciences & engineering (PE)	BlackHolistic	101071643	1
57218232790	Pither M.	Molly Dorothy	Pither	Molly Dorothy Pither	PE5 - Synthetic Chemistry & Materials	1	Physical sciences & engineering (PE)	DEBUGGING-LPS	101039841	1
57221906163	Cauda V.	Valentina	Cauda	Valentina Cauda	LS7 - Prevention, Diagnosis & Treatment of Human Diseases	1	Life Sciences (LS)	AI CUrES	101081529	1
57225915071	Altamura A.	Anna Rita	Altamura	A. R. Altamura 	PE2 - Fundamental Constituents of Matter	1	Physical sciences & engineering (PE)	InitialConditions	101077147	1
57226059739	Punčochář M.	Michal	Punčochář	Michal Punčochář	LS8 - Environmental Biology, Ecology & Evolution	1	Life Sciences (LS)	microTOUCH	101045015	1
57424997400	Pasini T.	Thomas	Pasini	T. Pasini	PE9 - Universe Sciences	1	Physical sciences & engineering (PE)	ULU	101086378	1
57477394000	Corti M.	Mattia	Corti	Mattia Corti	SYG-PE Physical sciences & engineering	1	Physical sciences & engineering (PE)	NEMESIS	101115663	1
57515802200	Francesconi S.	Saverio	Francesconi	Saverio Francesconi	PE7 - Systems & Communication Engineering	1	Physical sciences & engineering (PE)	QOMUNE	101077917	1
57539419700	Gaibotti M.	Matteo	Gaibotti	M. Gaibotti	PE8 - Products & Processes Engineering	1	Physical sciences & engineering (PE)	Beyond	101052956	1
57668086600	Kim D.	Dawoon E.	Kim	Dawoon E. Kim	PE9 - Universe Sciences	1	Physical sciences & engineering (PE)	BOOTES	101076343	1
57814720200	Donkor E.	Edward Danquah	Donkor	Edward Danquah Donkor	PE4 - Physical & Analytical Chemical Sciences	1	Physical sciences & engineering (PE)	HyBOP	101043272	1
58019215700	Malacarne F.	Filippo	Malacarne	Filippo Malacarne	PE4 - Physical & Analytical Chemical Sciences	1	Physical sciences & engineering (PE)	CHEIR	101040798	1
58190892400	Cirella R.	Roberta	Cirella	Roberta Cirella	PE5 - Synthetic Chemistry & Materials	1	Physical sciences & engineering (PE)	DEBUGGING-LPS	101039841	1
58303408100	Carpentieri M.	Marco	Carpentieri	Marco Carpentieri	SH6 - The Study of the Human Past	1	Social sciences & humanities (SH)	LATEUROPE	101052653	1
58535508100	Servais C.	Charlotte	Servais	Charlotte Servais	LS8 - Environmental Biology, Ecology & Evolution	1	Life Sciences (LS)	microTOUCH	101045015	1
59061074800	Mancini A.	Alan Maria	Mancini	Alan Maria Mancini	PE10 - Earth System Science	1	Physical sciences & engineering (PE)	MindTheGap	101041077	1
59101981600	Cochran W.	William D.	Cochran	W. D. Cochran 	PE9 - Universe Sciences	1	Physical sciences & engineering (PE)	FIERCE	101052347	1
6506171536	Donnarumma I.	Immacolata	Donnarumma	Immacolata Donnarumma	PE9 - Universe Sciences	1	Physical sciences & engineering (PE)	BOOTES	101076343	1
6506511203	Ceotto M.	Michele	Ceotto	Michele Ceotto	PE4 - Physical & Analytical Chemical Sciences	1	Physical sciences & engineering (PE)	SEMISOFT	101081361	1
6506730920	Lozar F.	Francesca	Lozar	Francesca Lozar	PE10 - Earth System Science	1	Physical sciences & engineering (PE)	MindTheGap	101041077	1
6602073398	Boffa-Ballaran T.	Tiziana	Boffa-Ballaran	Tiziana Boffa Ballaran	PE10 - Earth System Science	1	Physical sciences & engineering (PE)	NANOVOLC	101044772	1
6602164560	Capitanio F.	Fiamma	Capitanio	Fiamma Capitanio	PE9 - Universe Sciences	1	Physical sciences & engineering (PE)	BOOTES	101076343	1
6602696358	Sardella R.	Raffaele	Sardella	Raffaele Sardella	SH6 - The Study of the Human Past	1	Social sciences & humanities (SH)	LATEUROPE	101052653	1
6603155683	Bosellini F.	Francesca R.	Bosellini	Francesca R. Bosellini	PE10 - Earth System Science	1	Physical sciences & engineering (PE)	MindTheGap	101041077	1
6603160599	Bucciantini N.	Niccoló	Bucciantini	Niccoló Bucciantini 	PE9 - Universe Sciences	1	Physical sciences & engineering (PE)	BOOTES	101076343	1
6603946518	Dominici S.	Stefano	Dominici	Stefano Dominici	PE10 - Earth System Science	1	Physical sciences & engineering (PE)	MindTheGap	101041077	1
6701342483	Camerlenghi A.	Angelo A.	Camerlenghi	Angelo Camerlenghi	PE10 - Earth System Science	1	Physical sciences & engineering (PE)	MindTheGap	101041077	1
6701417957	Betev L.	Latchezar L.	Betev	L. Betev	PE2 - Fundamental Constituents of Matter	1	Physical sciences & engineering (PE)	InitialConditions	101077147	1
6701706224	Guagliano M.	Mario	Guagliano	Mario Guagliano	PE8 - Products & Processes Engineering	1	Physical sciences & engineering (PE)	ArcHIDep	101044228	1
7003588359	Carusotto I.	Iacopo	Carusotto	Iacopo Carusotto	PE2 - Fundamental Constituents of Matter	1	Physical sciences & engineering (PE)	MISTiQ-Light | LATIS	101087533 | 101044957	2
7003661214	McCaskill J.	John Simpson	McCaskill	John S. McCaskill	PE8 - Products & Processes Engineering	1	Physical sciences & engineering (PE)	SMADBINS	101039802	1
7003857120	Guillot T.	Tristan	Guillot	Tristan Guillot 	PE9 - Universe Sciences	1	Physical sciences & engineering (PE)	FIERCE	101052347	1
7004034339	Brez A.	Alessandro	Brez	Alessandro Brez	PE9 - Universe Sciences	1	Physical sciences & engineering (PE)	BOOTES	101076343	1
7004185614	Constantin G.	G.	Constantin	Gabriela Constantin	LS6 - Immunity, Infection & Immunotherapy	1	Life Sciences (LS)	NeutrAD	101069397	1
7004247728	Alberdi A.	A.	Alberdi	Antxon Alberdi	SYG-PE Physical sciences & engineering	1	Physical sciences & engineering (PE)	BlackHolistic	101071643	1
7004313795	Bianucci G.	Giovanni	Bianucci	Giovanni Bianucci	PE10 - Earth System Science	1	Physical sciences & engineering (PE)	MindTheGap	101041077	1
7005277021	Karas V.	Vladimír	Karas	Vladimir Karas	PE9 - Universe Sciences	1	Physical sciences & engineering (PE)	BOOTES	101076343	1
7005311713	Taviani M.	Marco	Taviani	Marco Taviani	PE10 - Earth System Science	1	Physical sciences & engineering (PE)	MindTheGap	101041077	1
7005589198	Lohse D.	Detlef	Lohse	Detlef Lohse	PE8 - Products & Processes Engineering	1	Physical sciences & engineering (PE)	MultiMelt | MELTDYN	101094492 | 101040254	2
7006236054	Kurnosov A.	Alexander V.	Kurnosov	Alexander Kurnosov	PE10 - Earth System Science	1	Physical sciences & engineering (PE)	NANOVOLC	101044772	1
7006807059	Falcke H.	Heino D.	Falcke	Heino Falcke	SYG-PE Physical sciences & engineering	1	Physical sciences & engineering (PE)	BlackHolistic	101071643	1
7201468610	Schmidt O.	Oliver G.	Schmidt	Oliver G. Schmidt	PE8 - Products & Processes Engineering	1	Physical sciences & engineering (PE)	SMADBINS	101039802	1
7402527192	Costa E.	Enrico	Costa	Enrico Costa	PE9 - Universe Sciences	1	Physical sciences & engineering (PE)	BOOTES	101076343	1
7403193628	Meyer M.	Michael R.	Meyer	Michael R. Meyer	PE9 - Universe Sciences	1	Physical sciences & engineering (PE)	UNVEIL | DiscEvol | EXODOSS	101076613 | 101039651 | 101041466	3
8356678200	Bach U.	Uwe	Bach	Uwe Bach	SYG-PE Physical sciences & engineering	1	Physical sciences & engineering (PE)	BlackHolistic	101071643	1
8534792000	Ponti G.	Gabriele	Ponti	Gabriele Ponti 	PE9 - Universe Sciences	1	Physical sciences & engineering (PE)	CLEVeR | COSMIC-KEY	101045437 | 101087822	2
8858236600	Badger S.	Simon D.	Badger	Simon Badger	PE2 - Fundamental Constituents of Matter	1	Physical sciences & engineering (PE)	BOSON | FFHiggsTop	101041109 | 101040760	2
9437231600	Castellano S.	Simone	Castellano	Simone Castellano	PE9 - Universe Sciences	1	Physical sciences & engineering (PE)	BOOTES	101076343	1
10039078500	Vazza F.	Franco	Vazza	F. Vazza	PE9 - Universe Sciences	1	Physical sciences & engineering (PE)	ULU	101086378	1
10040033000	Monaco G.	Giulio	Monaco	Giulio Monaco	PE3 - Condensed Matter Physics	1	Physical sciences & engineering (PE)	GLAXES	101053167	1
11739651000	Rivalta I.	Ivan	Rivalta	Ivan Rivalta	PE4 - Physical & Analytical Chemical Sciences	1	Physical sciences & engineering (PE)	HyBOP | MaMa	101043272 | 101097351	2
14012267400	Morbiato L.	Laura	Morbiato	Laura Morbiato	PE5 - Synthetic Chemistry & Materials	1	Physical sciences & engineering (PE)	PROTOMAT	101039578	1
14021887700	Suárez O.	Olga	Suárez	Olga Suárez	PE9 - Universe Sciences	1	Physical sciences & engineering (PE)	FIERCE	101052347	1
14025408800	Brosco V.	Valentina	Brosco	Valentina Brosco	PE3 - Condensed Matter Physics	1	Physical sciences & engineering (PE)	cQEDscope	101075962	1
14027967700	Carelli S.	Stephana	Carelli	Stephana Carelli	PE8 - Products & Processes Engineering	1	Physical sciences & engineering (PE)	NICHILD | BEACONSANDEGG	101068512 | 101053122	2
14033765300	Bencivenga F.	Filippo	Bencivenga	Filippo Bencivenga	PE4 - Physical & Analytical Chemical Sciences	1	Physical sciences & engineering (PE)	CHIRAX	101095012	1
14630525200	Muleri F.	Fabio	Muleri	Fabio Muleri	PE9 - Universe Sciences	1	Physical sciences & engineering (PE)	BOOTES	101076343	1
15047667100	Galbusera F.	F.	Galbusera	Fabio Galbusera	PE8 - Products & Processes Engineering	1	Physical sciences & engineering (PE)	O-Health	101044828	1
15055234000	Babić A.	Ana	Babić	A. Babić 	PE9 - Universe Sciences	1	Physical sciences & engineering (PE)	BOOTES	101076343	1
15123116600	Molle A.	Alessandro	Molle	Alessandro Molle	PE8 - Products & Processes Engineering	1	Physical sciences & engineering (PE)	XMem	101069262	1
15724319300	Casalino D.	Damiano	Casalino	Damiano Casalino	PE8 - Products & Processes Engineering	1	Physical sciences & engineering (PE)	LINING	101075903	1
15729758700	Trenti M.	Michele	Trenti	Michele Trenti	PE9 - Universe Sciences	1	Physical sciences & engineering (PE)	FIRSTLIGHT	101053208	1
15755688600	Latronico L.	Luca	Latronico	Luca Latronico	PE9 - Universe Sciences	1	Physical sciences & engineering (PE)	BOOTES	101076343	1
15845372500	Evangelista Y.	Yuri	Evangelista	Yuri Evangelista	PE9 - Universe Sciences	1	Physical sciences & engineering (PE)	BOOTES	101076343	1
16191662200	Salvatore P.	Paola	Salvatore	Paola Salvatore	PE5 - Synthetic Chemistry & Materials	1	Physical sciences & engineering (PE)	DEBUGGING-LPS	101039841	1
16641817500	Bassi R.	Roberto	Bassi	Roberto Bassi	LS9 - Biotechnology & Biosystems Engineering	1	Life Sciences (LS)	GrInSun	101053983	1
21743962500	Ottochian A.	A.	Ottochian	Alistar Ottochian	PE4 - Physical & Analytical Chemical Sciences	1	Physical sciences & engineering (PE)	MaMa	101097351	1
21744127000	Tavoni M.	Massimo	Tavoni	Massimo Tavoni	SH7 - Human Mobility, Environment & Space	1	Social sciences & humanities (SH)	EUNICE | PRISMA | ELEVATE	101044703 | 101081604 | 101056873	3
22834131600	Dorner D.	Daniela	Dorner	D. Dorner	PE9 - Universe Sciences	1	Physical sciences & engineering (PE)	BOOTES	101076343	1
22834185200	Doro M.	Michele	Doro	M. Doro 	PE9 - Universe Sciences	1	Physical sciences & engineering (PE)	BOOTES	101076343	1
23101177300	Nicolardi S.	Simone	Nicolardi	Simone Nicolardi	PE5 - Synthetic Chemistry & Materials	1	Physical sciences & engineering (PE)	DEBUGGING-LPS	101039841	1
23392458000	Gamba M.	Marco	Gamba	Marco Gamba	SH4 - The Human Mind and its Complexity	1	Social sciences & humanities (SH)	TOHR	101041885	1
23495596100	Cereda C.	Cristina	Cereda	Cristina Cereda	PE8 - Products & Processes Engineering	1	Physical sciences & engineering (PE)	NICHILD | BEACONSANDEGG	101068512 | 101053122	2
24068504800	Benazzi S.	Stefano	Benazzi	Stefano Benazzi	SH6 - The Study of the Human Past	1	Social sciences & humanities (SH)	TULAR | MOTHERS	101065320 | 101077348	2
24172289000	Zen A.	Andrea	Zen	Andrea Zen	SYG-PE Physical sciences & engineering	1	Physical sciences & engineering (PE)	n-AQUA	101071937	1
24437046800	Giglietto N.	Nicola	Giglietto	N. Giglietto	PE9 - Universe Sciences	1	Physical sciences & engineering (PE)	BOOTES	101076343	1
24504363800	Rosanova M.	Mario	Rosanova	Mario Rosanova	SYG-LS Life Sciences	1	Life Sciences (LS)	NEMESIS	101071900	1
25637540600	Poccia N.	N.	Poccia	Nicola Poccia	PE3 - Condensed Matter Physics	1	Physical sciences & engineering (PE)	cQEDscope	101075962	1
25922238300	Hadasch D.	Daniela	Hadasch	D. Hadasch 	PE9 - Universe Sciences	1	Physical sciences & engineering (PE)	BOOTES	101076343	1
26039381400	Rigliaco E.	Elisabetta	Rigliaco	E. Rigliaco	PE9 - Universe Sciences	1	Physical sciences & engineering (PE)	UNVEIL	101076613	1
26423907800	Pasolli E.	Edoardo	Pasolli	Edoardo Pasolli	LS8 - Environmental Biology, Ecology & Evolution	1	Life Sciences (LS)	microTOUCH | DOMINO	101045015 | 101060218	2
26639072500	Becerra González J.	Josefa	Becerra González	J. Becerra González 	PE9 - Universe Sciences	1	Physical sciences & engineering (PE)	BOOTES	101076343	1
27267771200	Pamato M.	Martha G.	Pamato	Martha G. Pamato	PE10 - Earth System Science	1	Physical sciences & engineering (PE)	INHERIT	101041620	1
27568039400	Santini P.	Paola	Santini	Paola Santini	PE9 - Universe Sciences	1	Physical sciences & engineering (PE)	FIRSTLIGHT	101053208	1
27968153600	Giovanni M. V.	Vanacore Maria	Giovanni M.	Giovanni Maria Vanacore	PE2 - Fundamental Constituents of Matter	1	Physical sciences & engineering (PE)	Loss-less Monochroma	101101048	1
35104527900	Cicone A.	Antonio	Cicone	Antonio Cicone	PE6 - Computer Science & Informatics	1	Physical sciences & engineering (PE)	eLinoR	101085607	1
35148174600	Paggi M.	Marco	Paggi	M. Paggi	PE8 - Products & Processes Engineering	1	Physical sciences & engineering (PE)	Beyond	101052956	1
35177161100	Carosi A.	Alessandro	Carosi	A. Carosi 	PE9 - Universe Sciences	1	Physical sciences & engineering (PE)	BOOTES	101076343	1
35196286800	Lamberti F.	Francesco	Lamberti	Francesco Lamberti	PE11 - Materials Engineering	1	Physical sciences & engineering (PE)	JANUS BI	101041229	1
35236072000	Beccari G.	Giacomo	Beccari	G. Beccari 	PE9 - Universe Sciences	1	Physical sciences & engineering (PE)	UNVEIL | DiscEvol	101076613 | 101039651	2
35277614800	Maldera S.	Simone	Maldera	Simone Maldera	PE9 - Universe Sciences	1	Physical sciences & engineering (PE)	BOOTES	101076343	1
35314600700	Carr J.	John S.	Carr	John S. Carr	PE9 - Universe Sciences	1	Physical sciences & engineering (PE)	BOOTES | DiscEvol | EXODOSS	101076343 | 101039651 | 101041466	3
35351391300	Spector T.	Tim David	Spector	Tim D. Spector	LS8 - Environmental Biology, Ecology & Evolution	1	Life Sciences (LS)	microTOUCH	101045015	1
35351513200	Biland A.	Adrian	Biland	A. Biland 	PE9 - Universe Sciences	1	Physical sciences & engineering (PE)	BOOTES	101076343	1
35581644400	Miniaci M.	Marco	Miniaci	M. Miniaci	PE11 - Materials Engineering	1	Physical sciences & engineering (PE)	POSEIDON	101039576	1
35615203900	Beirao da Veiga L.	L.	Beirao da Veiga	Lourenço Beirão da Veiga	SYG-PE Physical sciences & engineering	1	Physical sciences & engineering (PE)	NEMESIS	101115663	1
36158827800	Vega-Peñaloza A.	Alberto	Vega-Peñaloza	Alberto Vega-Peñaloza	PE5 - Synthetic Chemistry & Materials	1	Physical sciences & engineering (PE)	SYNPHOCAT	101040025	1
36503685100	Amenta S.	Simona	Amenta	Simona Amenta	SH4 - The Human Mind and its Complexity	1	Social sciences & humanities (SH)	BraveNewWord	101087053	1
36716535700	Pietronigro E.	Enrica Caterina	Pietronigro	Enrica Caterina Pietronigro	LS6 - Immunity, Infection & Immunotherapy	1	Life Sciences (LS)	NeutrAD	101069397	1
36781557200	Toselli M.	Maurizio	Toselli	Maurizio Toselli	PE8 - Products & Processes Engineering	1	Physical sciences & engineering (PE)	CoDe4Bio	101039467	1
36893312700	Martinelli C.	Chiara	Martinelli	Chiara Martinelli	PE8 - Products & Processes Engineering	1	Physical sciences & engineering (PE)	NICHILD | BEACONSANDEGG	101068512 | 101053122	2
37003280500	Vacca G.	Giuseppe	Vacca	Giuseppe Vacca	SYG-PE Physical sciences & engineering	1	Physical sciences & engineering (PE)	NEMESIS	101115663	1
37018396300	Marchetti R.	Roberta	Marchetti	Roberta Marchetti	PE5 - Synthetic Chemistry & Materials	1	Physical sciences & engineering (PE)	DEBUGGING-LPS	101039841	1
37040936100	Tanzi L.	Luca	Tanzi	 Luca Tanzi	PE2 - Fundamental Constituents of Matter	1	Physical sciences & engineering (PE)	Supersolids	101055319	1
37053428100	Arosio L.	Leandro	Arosio	Leandro Arosio	PE1 - Mathematics	1	Physical sciences & engineering (PE)	HPDR	101053085	1
37112002100	Corsaro E.	Enrico	Corsaro	Enrico Corsaro	PE9 - Universe Sciences	1	Physical sciences & engineering (PE)	FIERCE	101052347	1
38961165100	Giudici L.	Lorenzo	Giudici	Lorenzo Giudici	PE8 - Products & Processes Engineering	1	Physical sciences & engineering (PE)	GREEN SPECIES	101089265	1
45561464700	Martella C.	Christian	Martella	Christian Martella	PE8 - Products & Processes Engineering	1	Physical sciences & engineering (PE)	XMem	101069262	1
45861297800	Montis C.	Costanza	Montis	Costanza Montis	PE5 - Synthetic Chemistry & Materials	1	Physical sciences & engineering (PE)	DEBUGGING-LPS	101039841	1
46761027700	Grazianetti C.	Carlo	Grazianetti	Carlo Grazianetti	PE8 - Products & Processes Engineering	1	Physical sciences & engineering (PE)	XMem	101069262	1
50660994600	Ceccobello C.	Chiara	Ceccobello	Chiara Ceccobello	SYG-PE Physical sciences & engineering	1	Physical sciences & engineering (PE)	BlackHolistic	101071643	1
51260932900	Chiodo F.	Fabrizio	Chiodo	Fabrizio Chiodo	PE5 - Synthetic Chemistry & Materials	1	Physical sciences & engineering (PE)	DEBUGGING-LPS	101039841	1
54893908100	Viti L.	Leonardo	Viti	Leonardo Viti	PE7 - Systems & Communication Engineering	1	Physical sciences & engineering (PE)	STAR	101081567	1
54977749000	Casadio C.	Carolina	Casadio	Carolina Casadio	PE9 - Universe Sciences	1	Physical sciences & engineering (PE)	BOOTES	101076343	1
55014265300	da Vela P.	Paolo	da Vela	P. Da Vela 	PE9 - Universe Sciences	1	Physical sciences & engineering (PE)	BOOTES	101076343	1
55065086200	Vilé G.	Gianvito	Vilé	Gianvito Vilé	PE8 - Products & Processes Engineering	1	Physical sciences & engineering (PE)	SAC_2.0	101075832	1
55200341700	Mescola A.	Andrea	Mescola	Andrea Mescola	PE7 - Systems & Communication Engineering	1	Physical sciences & engineering (PE)	F2GO	101055379	1
55246218600	Huang R.	Ruojun	Huang	Ruojun Huang	PE1 - Mathematics	1	Physical sciences & engineering (PE)	NoisyFluid	101053472	1
55259057800	De Rosa A.	Alessandra D.	De Rosa	Alessandra De Rosa	PE9 - Universe Sciences	1	Physical sciences & engineering (PE)	BOOTES	101076343	1
55314766500	Sicilia D.	Daniela	Sicilia	D. Sicilia	PE9 - Universe Sciences	1	Physical sciences & engineering (PE)	FIERCE	101052347	1
55338424700	Pinoli P.	Pietro	Pinoli	Pietro Pinoli	PE8 - Products & Processes Engineering	1	Physical sciences & engineering (PE)	BEACONSANDEGG	101053122	1
55375394900	Rinaldi L.	Luca	Rinaldi	Luca Rinaldi	SH4 - The Human Mind and its Complexity	1	Social sciences & humanities (SH)	BraveNewWord	101087053	1
55493509500	Milano G.	Giuseppe	Milano	Giuseppe Milano	PE5 - Synthetic Chemistry & Materials	1	Physical sciences & engineering (PE)	DEBUGGING-LPS	101039841	1
55506308700	De Nicola A.	Antonio	De Nicola	Antonio De Nicola	PE5 - Synthetic Chemistry & Materials	1	Physical sciences & engineering (PE)	DEBUGGING-LPS	101039841	1
55508019500	Fernández Cabada T.	Tamara	Fernández Cabada	Tamara Fernandez‐Cabada 	PE11 - Materials Engineering	1	Physical sciences & engineering (PE)	GIULIa	101044020	1
55603452500	Nardiello D.	Domenico	Nardiello	D. Nardiello	PE9 - Universe Sciences	1	Physical sciences & engineering (PE)	FIERCE	101052347	1
55614536800	Covi E.	Erika	Covi	Erika Covi	PE7 - Systems & Communication Engineering	1	Physical sciences & engineering (PE)	MEMRINESS	101042585	1
55697020400	Conte R.	Riccardo	Conte	Riccardo Conte	PE4 - Physical & Analytical Chemical Sciences	1	Physical sciences & engineering (PE)	SEMISOFT	101081361	1
55743642200	Tsantaki M.	Maria	Tsantaki	M. Tsantaki	PE9 - Universe Sciences	1	Physical sciences & engineering (PE)	FIERCE	101052347	1
55773107400	Di Venere L.	Leonardo	Di Venere	L. Di Venere 	PE9 - Universe Sciences	1	Physical sciences & engineering (PE)	BOOTES	101076343	1
55883956700	Ansoldi S.	Stefano	Ansoldi	S. Ansoldi 	PE9 - Universe Sciences	1	Physical sciences & engineering (PE)	BOOTES	101076343	1
55884084600	Sardar S.	Samim	Sardar	Samim Sardar	LS9 - Biotechnology & Biosystems Engineering	1	Life Sciences (LS)	GrInSun	101053983	1
55887202700	Feyer V.	Vitaliy M.	Feyer	Vitaliy Feyer	SYG-PE Physical sciences & engineering	1	Physical sciences & engineering (PE)	Orbital Cinema	101071259	1
55907456600	Puccetti S.	Simonetta	Puccetti	Simonetta Puccetti	PE9 - Universe Sciences	1	Physical sciences & engineering (PE)	BOOTES	101076343	1
55916025800	A. D.	Del Popolo	A.	A. Del Popolo 	PE9 - Universe Sciences	1	Physical sciences & engineering (PE)	BOOTES	101076343	1
55963301400	Garufi A.	Antonio	Garufi	Antonio Garufi 	PE9 - Universe Sciences	1	Physical sciences & engineering (PE)	DiscEvol | UNVEIL	101039651 | 101076613	2
56006264700	Acconcia G.	Giulia	Acconcia	Giulia Acconcia	PE7 - Systems & Communication Engineering	1	Physical sciences & engineering (PE)	HERMES	101116943	1
56074367000	Maghami A.	Ali	Maghami	Ali Maghami	PE8 - Products & Processes Engineering	1	Physical sciences & engineering (PE)	SURFACE	101039198	1
56090642900	Panico C.	Camilla	Panico	Camilla Panico	LS7 - Prevention, Diagnosis & Treatment of Human Diseases	1	Life Sciences (LS)	MR O MICS	101077710	1
56121361100	Morello G.	Giuseppe	Morello	G. Morello 	PE9 - Universe Sciences	1	Physical sciences & engineering (PE)	FIERCE	101052347	1
56195219500	Camargo F.	Franco V.A.	Camargo	Franco V. A. Camargo	LS9 - Biotechnology & Biosystems Engineering	1	Life Sciences (LS)	GrInSun	101053983	1
56197249000	Rajpurohit K.	Kamlesh	Rajpurohit	K. Rajpurohit	PE9 - Universe Sciences	1	Physical sciences & engineering (PE)	ULU	101086378	1
56216745700	Bramati A.	A.	Bramati	A. Bramati	PE2 - Fundamental Constituents of Matter	1	Physical sciences & engineering (PE)	MISTiQ-Light	101087533	1
56266661000	Di Teodoro E.	E. M.	Di Teodoro	Enrico M Di Teodoro	PE9 - Universe Sciences	1	Physical sciences & engineering (PE)	MW-WINDS	101040751	1
56269624500	Carosi R.	Roberto	Carosi	R. Carosi 	PE9 - Universe Sciences	1	Physical sciences & engineering (PE)	BOOTES	101076343	1
56269781300	Borbolis F.	Fivos	Borbolis	Fivos Borbolis	LS4 - Physiology in Health, Disease & Ageing	1	Life Sciences (LS)	SynaptoMitophagy	101077374	1
56273507700	Kerschbaum F.	Franz	Kerschbaum	F. Kerschbaum	PE9 - Universe Sciences	1	Physical sciences & engineering (PE)	FIERCE	101052347	1
56316623300	Guerrieri A.	Andrea L.	Guerrieri	Andrea L. Guerrieri	PE2 - Fundamental Constituents of Matter	1	Physical sciences & engineering (PE)	X-HEP	101039756	1
56364076200	Soni N.	Nisarg	Soni	Nisarg Soni	PE11 - Materials Engineering	1	Physical sciences & engineering (PE)	GIULIa	101044020	1
56384767900	Thomas A.	Andrew Maltez	Thomas	Andrew Maltez Thomas	LS8 - Environmental Biology, Ecology & Evolution	1	Life Sciences (LS)	microTOUCH	101045015	1
56394720500	Venturi D.	Daniele	Venturi	Daniele Venturi	PE6 - Computer Science & Informatics	1	Physical sciences & engineering (PE)	BRIDGE | REWORC	101096871 | 101054911	2
56427877300	Dallari F.	Francesco	Dallari	Francesco Dallari	PE3 - Condensed Matter Physics	1	Physical sciences & engineering (PE)	GLAXES	101053167	1
56453258500	Niamlaem M.	Malinee	Niamlaem	Malinee Niamlaem	PE4 - Physical & Analytical Chemical Sciences	1	Physical sciences & engineering (PE)	CHEIR	101040798	1
56495541400	Gaburro E.	Elena	Gaburro	Elena Gaburro	PE1 - Mathematics	1	Physical sciences & engineering (PE)	ALcHyMiA	101114995	1
56515479500	Carleo I.	Ilaria	Carleo	I. Carleo 	PE9 - Universe Sciences	1	Physical sciences & engineering (PE)	FIERCE	101052347	1
56520103800	Drabent A.	Alexander	Drabent	A. Drabent	PE9 - Universe Sciences	1	Physical sciences & engineering (PE)	ULU	101086378	1
56561948600	Dazzi F.	Francesco	Dazzi	F. Dazzi 	PE9 - Universe Sciences	1	Physical sciences & engineering (PE)	BOOTES	101076343	1
56578332400	Schio L.	Luca	Schio	Luca Schio	SYG-PE Physical sciences & engineering	1	Physical sciences & engineering (PE)	Orbital Cinema	101071259	1
56638659600	Filippini T.	Tommaso	Filippini	Tommaso Filippini	SH4 - The Human Mind and its Complexity	1	Social sciences & humanities (SH)	UnaWireD	101042625	1
56670374700	Suárez Mascareño A.	Alejandro	Suárez Mascareño	A. Suárez Mascareño	PE9 - Universe Sciences	1	Physical sciences & engineering (PE)	FIERCE	101052347	1
56717590800	Gagliano O.	Onelia	Gagliano	Onelia Gagliano	LS7 - Prevention, Diagnosis & Treatment of Human Diseases	1	Life Sciences (LS)	ReprOids	101055300	1
56720205100	Negro M.	Michela	Negro	Michela Negro	PE9 - Universe Sciences	1	Physical sciences & engineering (PE)	BOOTES	101076343	1
56768213800	Longetti L.	Luca	Longetti	Luca Longetti	PE4 - Physical & Analytical Chemical Sciences	1	Physical sciences & engineering (PE)	CHIRAX	101095012	1
56790027000	Raggetti L.	Lucia	Raggetti	Lucia Raggetti	SH6 - The Study of the Human Past	1	Social sciences & humanities (SH)	UseFool	101043939	1
56806349200	Giordano F.	Francesco	Giordano	F. Giordano 	PE9 - Universe Sciences	1	Physical sciences & engineering (PE)	BOOTES	101076343	1
56836692100	Manfreda A.	Alberto	Manfreda	Alberto Manfreda	PE9 - Universe Sciences	1	Physical sciences & engineering (PE)	BOOTES	101076343	1
57000979400	Granata V.	Valentina	Granata	V. Granata	PE9 - Universe Sciences	1	Physical sciences & engineering (PE)	FIERCE	101052347	1
57020874600	Hahn A.	A.	Hahn	A. Hahn	PE9 - Universe Sciences	1	Physical sciences & engineering (PE)	BOOTES	101076343	1
57063160000	Scaglione E.	Elena	Scaglione	Elena Scaglione	PE5 - Synthetic Chemistry & Materials	1	Physical sciences & engineering (PE)	DEBUGGING-LPS	101039841	1
57102696600	Costa P.	Paolo	Costa	Paolo Costa	PE5 - Synthetic Chemistry & Materials	1	Physical sciences & engineering (PE)	SYNPHOCAT | PHOTO-STEREO | ChirAzaL	101040025 | 101106125 | 101105828	3
57188624879	Capone F.	Federico	Capone	Federico Capone	LS4 - Physiology in Health, Disease & Ageing	1	Life Sciences (LS)	KetoCardio	101078307	1
57189309138	Tomičić N.	Neven	Tomičić	N. Tomičić	PE9 - Universe Sciences	1	Physical sciences & engineering (PE)	MW-WINDS | ULU	101040751 | 101086378	2
57189370852	Lenarda P.	Pietro	Lenarda	P. Lenarda	PE8 - Products & Processes Engineering	1	Physical sciences & engineering (PE)	Beyond	101052956	1
57189597685	Arcaro C.	Cornelia H.E.	Arcaro	C. Arcaro 	PE9 - Universe Sciences	1	Physical sciences & engineering (PE)	BOOTES	101076343	1
57189600708	Galanti A.	Agostino	Galanti	Agostino Galanti	PE5 - Synthetic Chemistry & Materials	1	Physical sciences & engineering (PE)	PROTOMAT	101039578	1
57189762224	Di Mari R.	Roberto	Di Mari	Roberto Di Mari	SH2 - Institutions, Governance & Legal Systems	1	Social sciences & humanities (SH)	PRD	101077659	1
57190862946	Schiattarella C.	Chiara	Schiattarella	Chiara Schiattarella	PE7 - Systems & Communication Engineering	1	Physical sciences & engineering (PE)	STAR	101081567	1
57191280838	Pini L.	Lorenzo	Pini	Lorenzo Pini	SYG-LS Life Sciences	1	Life Sciences (LS)	NEMESIS	101071900	1
57191904320	Avesani G.	Giacomo	Avesani	Giacomo Avesani	LS7 - Prevention, Diagnosis & Treatment of Human Diseases	1	Life Sciences (LS)	MR O MICS	101077710	1
57192693994	Jadoul Y.	Yannick	Jadoul	Yannick Jadoul	SH4 - The Human Mind and its Complexity	1	Social sciences & humanities (SH)	TOHR	101041885	1
57192829357	Ingoldby J.	James	Ingoldby	James Ingoldby	PE2 - Fundamental Constituents of Matter	1	Physical sciences & engineering (PE)	X-HEP	101039756	1
57193125777	Gasparyan S.	Sargis	Gasparyan	S. Gasparyan	PE9 - Universe Sciences	1	Physical sciences & engineering (PE)	BOOTES	101076343	1
57193710992	Guerra S.	Silvia	Guerra	Silvia Guerra	SH4 - The Human Mind and its Complexity	1	Social sciences & humanities (SH)	ROOMors	101096728	1
57193874792	Calabro A.	Antonello	Calabro	Antonello Calabró	PE9 - Universe Sciences	1	Physical sciences & engineering (PE)	FIRSTLIGHT	101053208	1
57194209188	Barbarino G.	Giovanni	Barbarino	Giovanni Barbarino	PE6 - Computer Science & Informatics	1	Physical sciences & engineering (PE)	eLinoR	101085607	1
57194467237	Truong N.	Nhut	Truong	Nhut Truong	PE9 - Universe Sciences	1	Physical sciences & engineering (PE)	CLEVeR | COSMIC-KEY	101045437 | 101087822	2
57194761572	Pistore V.	Valentino	Pistore	Valentino Pistore	PE7 - Systems & Communication Engineering	1	Physical sciences & engineering (PE)	STAR	101081567	1
57195250249	Ignesti A.	Alessandro	Ignesti	A. Ignesti	PE9 - Universe Sciences	1	Physical sciences & engineering (PE)	ULU	101086378	1
57195334523	Mazzarella D.	Daniele	Mazzarella	Daniele Mazzarella	PE5 - Synthetic Chemistry & Materials	1	Physical sciences & engineering (PE)	FlowHAT | SYNPHOCAT	101044355 | 101040025	2
57195808631	Russo S.	Simone	Russo	Simone Russo	SYG-LS Life Sciences	1	Life Sciences (LS)	NEMESIS	101071900	1
57196124908	Carullo G.	Gregorio	Carullo	Gregorio Carullo	PE9 - Universe Sciences	1	Physical sciences & engineering (PE)	InspiReM	101043372	1
57199183949	Emery G.	Gabriel	Emery	G. Emery	PE9 - Universe Sciences	1	Physical sciences & engineering (PE)	BOOTES	101076343	1
57199450927	Gabbanini C.	C.	Gabbanini	Carlo Gabbanini	PE2 - Fundamental Constituents of Matter	1	Physical sciences & engineering (PE)	Supersolids	101055319	1
57200044569	Villenave M.	Marion	Villenave	Marion Villenave	PE9 - Universe Sciences	1	Physical sciences & engineering (PE)	DiscEvol | SPICES	101039651 | 101103114	2
57200079278	Zoia S.	Simone	Zoia	Simone Zoia	PE2 - Fundamental Constituents of Matter	1	Physical sciences & engineering (PE)	FFHiggsTop	101040760	1
57200563408	Manara S.	Serena	Manara	Serena Manara	LS8 - Environmental Biology, Ecology & Evolution	1	Life Sciences (LS)	microTOUCH | DOMINO	101045015 | 101060218	2
57200600759	Day M.	Maxwell Christopher	Day	Maxwell C. Day	PE10 - Earth System Science	1	Physical sciences & engineering (PE)	INHERIT	101041620	1
57200871157	Bianchi S.	Stefano	Bianchi	Stefano Bianchi	PE9 - Universe Sciences	1	Physical sciences & engineering (PE)	BOOTES	101076343	1
57201332942	Becchetti M.	Matteo	Becchetti	Matteo Becchetti	PE2 - Fundamental Constituents of Matter	1	Physical sciences & engineering (PE)	BOSON | FFHiggsTop	101041109 | 101040760	2
57201405764	Fiacchi M.	Matteo	Fiacchi	Matteo Fiacchi	PE1 - Mathematics	1	Physical sciences & engineering (PE)	HPDR	101053085	1
57201496275	Bonetti L.	Lorenzo	Bonetti	Lorenzo Bonetti	PE8 - Products & Processes Engineering	1	Physical sciences & engineering (PE)	CoDe4Bio	101039467	1
57202332199	Masetti G.	Giulia	Masetti	Giulia Masetti	LS8 - Environmental Biology, Ecology & Evolution	1	Life Sciences (LS)	microTOUCH	101045015	1
57202558736	Froguel P.	Philippe	Froguel	Philippe Froguel	LS4 - Physiology in Health, Disease & Ageing	1	Life Sciences (LS)	OpiO	101043671	1
57203157351	Di Noja S.	Simone	Di Noja	Simone Di Noja	PE4 - Physical & Analytical Chemical Sciences	1	Physical sciences & engineering (PE)	KI-NET	101041933	1
57203235188	Ménard F.	Françcois C.	Ménard	 F. Ménard	PE9 - Universe Sciences	1	Physical sciences & engineering (PE)	UNVEIL	101076613	1
57203388763	Besenrieder J.	Jüergen	Besenrieder	J. Besenrieder	PE9 - Universe Sciences	1	Physical sciences & engineering (PE)	BOOTES	101076343	1
57203396209	Foffano L.	Luca	Foffano	L. Foffano 	PE9 - Universe Sciences	1	Physical sciences & engineering (PE)	BOOTES	101076343	1
57203400093	Fattorini A.	Alicia	Fattorini	A. Fattorini	PE9 - Universe Sciences	1	Physical sciences & engineering (PE)	BOOTES	101076343	1
57203405362	Buzasi D.	Derek L.	Buzasi	 Derek L. Buzasi	PE9 - Universe Sciences	1	Physical sciences & engineering (PE)	FIERCE	101052347	1
57203441380	Inada T.	Tomohiro	Inada	T. Inada	PE9 - Universe Sciences	1	Physical sciences & engineering (PE)	BOOTES	101076343	1
57203506843	Bruschi M.	Matteo	Bruschi	Matteo Bruschi	PE4 - Physical & Analytical Chemical Sciences	1	Physical sciences & engineering (PE)	FastTrack	101054846	1
57204015064	Locatelli N.	Nicola T.	Locatelli	Nicola Locatelli	PE9 - Universe Sciences	1	Physical sciences & engineering (PE)	CLEVeR | COSMIC-KEY	101045437 | 101087822	2
57204840850	Gargiulo S.	Simone	Gargiulo	Simone Gargiulo	PE2 - Fundamental Constituents of Matter	1	Physical sciences & engineering (PE)	Loss-less Monochroma	101101048	1
57204880750	Palla M.	Marco	Palla	M. Palla 	PE9 - Universe Sciences	1	Physical sciences & engineering (PE)	ISM-METALS | VOYAJ	101077573 | 101088676	2
57204970253	Pignatti C.	Clemente	Pignatti	Clemente Pignatti	SH3 - The Social World and its Diversity	1	Social sciences & humanities (SH)	ExpPov	101039655	1
57205026117	Rey F.	Federica	Rey	Federica Rey	PE8 - Products & Processes Engineering	1	Physical sciences & engineering (PE)	NICHILD | BEACONSANDEGG	101068512 | 101053122	2
57206075234	Fukami S.	Satoshi	Fukami	S. Fukami	PE9 - Universe Sciences	1	Physical sciences & engineering (PE)	BOOTES	101076343	1
57206548942	Rech I.	I.	Rech	Ivan Rech	PE7 - Systems & Communication Engineering	1	Physical sciences & engineering (PE)	HERMES	101116943	1
57208149448	Martinelli A.	Alessandro	Martinelli	Alessandro Martinelli	PE3 - Condensed Matter Physics	1	Physical sciences & engineering (PE)	GLAXES	101053167	1
57208221827	Tricarico M.	Michele	Tricarico	Michele Tricarico	PE8 - Products & Processes Engineering	1	Physical sciences & engineering (PE)	SURFACE	101039198	1
57209349555	Delgado J.	J.	Delgado	J. Delgado	PE9 - Universe Sciences	1	Physical sciences & engineering (PE)	BOOTES	101076343	1
57209717562	Cojocariu I.	Iulia	Cojocariu	Iulia Cojocariu	SYG-PE Physical sciences & engineering	1	Physical sciences & engineering (PE)	Orbital Cinema	101071259	1
57210214412	Donnaloja F.	Francesca	Donnaloja	Francesca Donnaloja	PE8 - Products & Processes Engineering	1	Physical sciences & engineering (PE)	NICHILD | BEACONSANDEGG	101068512 | 101053122	2
57210262683	Biava N.	Nadia	Biava	N. Biava	PE9 - Universe Sciences	1	Physical sciences & engineering (PE)	ULU	101086378	1
57210467250	Terrabuio E.	Eleonora	Terrabuio	Eleonora Terrabuio	LS6 - Immunity, Infection & Immunotherapy	1	Life Sciences (LS)	NeutrAD	101069397	1
57210814593	Fioravanti C.	Camilla	Fioravanti	Camilla Fioravanti	PE7 - Systems & Communication Engineering	1	Physical sciences & engineering (PE)	MINERVA	101044629	1
57211005005	Cutolo E.	Edoardo Andrea	Cutolo	Edoardo Andrea Cutolo	LS9 - Biotechnology & Biosystems Engineering	1	Life Sciences (LS)	GrInSun	101053983	1
57211018618	Chai Y.	Yating	Chai	Y. Chai 	PE9 - Universe Sciences	1	Physical sciences & engineering (PE)	BOOTES	101076343	1
57211089531	Lombardo M.	Michael V.	Lombardo	Michael V. Lombardo	SH4 - The Human Mind and its Complexity	1	Social sciences & humanities (SH)	AUTISMS-3D	101087263	1
57211550522	Guardini Z.	Zeno	Guardini	Zeno Guardini	LS9 - Biotechnology & Biosystems Engineering	1	Life Sciences (LS)	GrInSun	101053983	1
57211634315	Huang K.	Kun D.	Huang	Kun D. Huang	LS8 - Environmental Biology, Ecology & Evolution	1	Life Sciences (LS)	microTOUCH	101045015	1
57211817738	Zahidy M.	Mujtaba	Zahidy	Mujtaba Zahidy	PE7 - Systems & Communication Engineering	1	Physical sciences & engineering (PE)	QOMUNE | PROMETHEUS	101077917 | 101070195	2
57211927373	Bortolato T.	Tommaso	Bortolato	Tommaso Bortolato	PE5 - Synthetic Chemistry & Materials	1	Physical sciences & engineering (PE)	SYNPHOCAT	101040025	1
57211961679	Ballarotto M.	Marco	Ballarotto	Marco Ballarotto	PE5 - Synthetic Chemistry & Materials	1	Physical sciences & engineering (PE)	NeuRoPROBE	101040355	1
57212227943	Chiatti C.	Chiara	Chiatti	Chiara Chiatti	PE8 - Products & Processes Engineering	1	Physical sciences & engineering (PE)	HELIOS	101041255	1
57212481724	Álvarez-Pérez G.	Gonzalo	Álvarez-Pérez	Gonzalo Álvarez-Pérez 	PE3 - Condensed Matter Physics	1	Physical sciences & engineering (PE)	TWISTOPTICS	101044461	1
57212976303	Donini A.	Alice	Donini	A. Donini	PE9 - Universe Sciences	1	Physical sciences & engineering (PE)	BOOTES	101076343	1
57214792202	Koutsogiannakis P.	Panagiotis E.	Koutsogiannakis	P. Koutsogiannakis	PE8 - Products & Processes Engineering	1	Physical sciences & engineering (PE)	Beyond	101052956	1
57215873566	Green J.	Jarred Gershon	Green	J. G. Green	PE9 - Universe Sciences	1	Physical sciences & engineering (PE)	BOOTES	101076343	1
57216259091	Calà Campana F.	Francesca	Calà Campana	Francesca Calà Campana	PE7 - Systems & Communication Engineering	1	Physical sciences & engineering (PE)	INSPIRE	101076926	1
57216502237	Andretta E.	Emanuela	Andretta	Emanuela Andretta	PE5 - Synthetic Chemistry & Materials	1	Physical sciences & engineering (PE)	DEBUGGING-LPS	101039841	1
57216658150	Chestnov V.	Vsevolod	Chestnov	Vsevolod Chestnov	PE2 - Fundamental Constituents of Matter	1	Physical sciences & engineering (PE)	FFHiggsTop	101040760	1
57216757910	Higgins O.	Owen Alexander	Higgins	Owen Alexander Higgins	SH6 - The Study of the Human Past	1	Social sciences & humanities (SH)	TULAR | MOTHERS	101065320 | 101077348	2
57216765531	Bisogno A.	Antonio Luigi	Bisogno	Antonio Luigi Bisogno	SYG-LS Life Sciences	1	Life Sciences (LS)	NEMESIS	101071900	1
57216803267	Bonetti G.	Giorgia	Bonetti	Giorgia Bonetti	PE4 - Physical & Analytical Chemical Sciences	1	Physical sciences & engineering (PE)	CHEIR	101040798	1
57216891177	Scuderi S.	Sarah Adriana	Scuderi	Sarah Adriana Scuderi	LS4 - Physiology in Health, Disease & Ageing	1	Life Sciences (LS)	ICD-Cancer	101052444	1
57217108083	D'Amico G.	Giacomo	D'Amico	G. D’Amico 	PE9 - Universe Sciences	1	Physical sciences & engineering (PE)	BOOTES	101076343	1
57217304498	Tombesi F.	Francesco	Tombesi	Francesco Tombesi	PE9 - Universe Sciences	1	Physical sciences & engineering (PE)	BOOTES	101076343	1
57217871266	Franceschi P.	Pietro	Franceschi	Pietro Franceschi	PE5 - Synthetic Chemistry & Materials	1	Physical sciences & engineering (PE)	SYNPHOCAT	101040025	1
57218240055	Nieto-Fabregat F.	Ferran	Nieto-Fabregat	Ferran Nieto-Fabregat	PE5 - Synthetic Chemistry & Materials	1	Physical sciences & engineering (PE)	DEBUGGING-LPS	101039841	1
57218343746	Bonato B.	Bianca	Bonato	Bianca Bonato	SH4 - The Human Mind and its Complexity	1	Social sciences & humanities (SH)	ROOMors	101096728	1
57218484374	Dede' L.	Luca	Dede'	Luca Dede'	SYG-PE Physical sciences & engineering	1	Physical sciences & engineering (PE)	NEMESIS	101115663	1
57218589809	Ricci S.	Saverio	Ricci	Saverio Ricci	PE7 - Systems & Communication Engineering	1	Physical sciences & engineering (PE)	MEMRINESS	101042585	1
57219014930	Messa L.	Letizia	Messa	Letizia Messa	PE8 - Products & Processes Engineering	1	Physical sciences & engineering (PE)	NICHILD | BEACONSANDEGG	101068512 | 101053122	2
57219491769	Biagioni G.	Giulio	Biagioni	Giulio Biagioni	PE2 - Fundamental Constituents of Matter	1	Physical sciences & engineering (PE)	Supersolids	101055319	1
57219503070	Palamá I.	Ivan	Palamá	Ivan Palamà	PE7 - Systems & Communication Engineering	1	Physical sciences & engineering (PE)	FIND-OUT	101078411	1
57219758024	Cotumaccio N.	Nicola	Cotumaccio	Nicola Cotumaccio	PE6 - Computer Science & Informatics	1	Physical sciences & engineering (PE)	REGINDEX	101039208	1
57220063229	Gandolfi M.	Michele	Gandolfi	Michele Gandolfi	PE4 - Physical & Analytical Chemical Sciences	1	Physical sciences & engineering (PE)	SEMISOFT	101081361	1
57220338002	Pucci A.	Andrea	Pucci	Andrea Pucci	PE4 - Physical & Analytical Chemical Sciences	1	Physical sciences & engineering (PE)	MaMa	101097351	1
57221150686	Mandelli V.	Veronica	Mandelli	Veronica Mandelli	SH4 - The Human Mind and its Complexity	1	Social sciences & humanities (SH)	AUTISMS-3D	101087263	1
57221366206	Zhang Y.	Yi	Zhang	Yi Zhang	PE9 - Universe Sciences	1	Physical sciences & engineering (PE)	CLEVeR | COSMIC-KEY	101045437 | 101087822	2
57221469528	Dubois L.	Leonard	Dubois	Leonard Dubois	LS8 - Environmental Biology, Ecology & Evolution	1	Life Sciences (LS)	microTOUCH	101045015	1
57222216869	Zagaria F.	Francesco	Zagaria	Francesco Zagaria 	PE9 - Universe Sciences	1	Physical sciences & engineering (PE)	UNVEIL | DiscEvol	101076613 | 101039651	2
57222387295	Kerszberg D.	Daniel	Kerszberg	D. Kerszberg 	PE9 - Universe Sciences	1	Physical sciences & engineering (PE)	BOOTES	101076343	1
57222719667	Longarini C.	Cristiano	Longarini	C. Longarini	PE9 - Universe Sciences	1	Physical sciences & engineering (PE)	UNVEIL | DiscEvol | OSIRIS	101076613 | 101039651 | 101104656	3
57222995898	Conteh J.	John S.	Conteh	John S. Conteh	PE11 - Materials Engineering	1	Physical sciences & engineering (PE)	GIULIa	101044020	1
57224403172	Lavore F.	Francesca	Lavore	Francesca Lavore	LS1 - Molecules of Life: Biological Mechanisms, Structures & Functions	1	Life Sciences (LS)	champANTIBIOTICS	101045485	1
57224907807	Batković I.	Ivana	Batković	I. Batković 	PE9 - Universe Sciences	1	Physical sciences & engineering (PE)	BOOTES	101076343	1
57225212982	Cenzato D.	Davide	Cenzato	Davide Cenzato	PE6 - Computer Science & Informatics	1	Physical sciences & engineering (PE)	REGINDEX	101039208	1
57231593300	Burelli I.	I.	Burelli	I. Burelli 	PE9 - Universe Sciences	1	Physical sciences & engineering (PE)	BOOTES	101076343	1
57231973700	Kluge G.	Gert W.	Kluge	G. W. Kluge	PE9 - Universe Sciences	1	Physical sciences & engineering (PE)	BOOTES	101076343	1
57244588200	Nucci G.	Giulia E.P.	Nucci	Giulia E.P. Nucci 	PE11 - Materials Engineering	1	Physical sciences & engineering (PE)	GIULIa	101044020	1
57287850000	Gigante M.	Melania	Gigante	Melania Gigante	SH6 - The Study of the Human Past	1	Social sciences & humanities (SH)	TULAR | MOTHERS	101065320 | 101077348	2
57326863100	Giannone E.	Elisabetta	Giannone	Elisabetta Giannone	PE7 - Systems & Communication Engineering	1	Physical sciences & engineering (PE)	ANIMATE	101054098	1
57337350300	Caldana M.	Matteo	Caldana	Matteo Caldana	SYG-PE Physical sciences & engineering	1	Physical sciences & engineering (PE)	NEMESIS	101115663	1
57351794700	Cibrario N.	Nicolò	Cibrario	Nicoló Cibrario 	PE9 - Universe Sciences	1	Physical sciences & engineering (PE)	BOOTES	101076343	1
57378148100	Beole S.	S.	Beole	S. Beole	PE2 - Fundamental Constituents of Matter	1	Physical sciences & engineering (PE)	InitialConditions	101077147	1
57456647600	Aniello T.	T.	Aniello	T. Aniello	PE9 - Universe Sciences	1	Physical sciences & engineering (PE)	BOOTES	101076343	1
57456662200	Fariña L.	Luis	Fariña	L. Fariña	PE9 - Universe Sciences	1	Physical sciences & engineering (PE)	BOOTES	101076343	1
57476476800	Nazari R.	Roohollah	Nazari	R. Nazari	PE8 - Products & Processes Engineering	1	Physical sciences & engineering (PE)	SURFACE	101039198	1
57565210500	Scandurra C.	Cecilia	Scandurra	Cecilia Scandurra	PE8 - Products & Processes Engineering	1	Physical sciences & engineering (PE)	NoOne	101040383	1
57741648800	Andreoni P.	Pietro	Andreoni	Pietro Andreoni	SH7 - Human Mobility, Environment & Space	1	Social sciences & humanities (SH)	EUNICE | PRISMA | ELEVATE	101044703 | 101081604 | 101056873	3
57882336100	Allasia N.	Nicolò	Allasia	Nicolò Allasia	PE8 - Products & Processes Engineering	1	Physical sciences & engineering (PE)	SAC_2.0	101075832	1
57909778600	Grau R.	Roger	Grau	R. Grau 	PE9 - Universe Sciences	1	Physical sciences & engineering (PE)	BOOTES	101076343	1
57935945200	Piperni E.	Elisa	Piperni	Elisa Piperni	LS8 - Environmental Biology, Ecology & Evolution	1	Life Sciences (LS)	microTOUCH | DOMINO	101045015 | 101060218	2
57936083900	NabiNejad A.	Amir	NabiNejad	Amir Nabinejad	LS8 - Environmental Biology, Ecology & Evolution	1	Life Sciences (LS)	microTOUCH	101045015	1
57979561100	Rampinelli L.	Luna	Rampinelli	Luna Rampinelli	PE9 - Universe Sciences	1	Physical sciences & engineering (PE)	UNVEIL	101076613	1
58002729700	Tugliani S.	Stefano	Tugliani	Stefano Tugliani	PE9 - Universe Sciences	1	Physical sciences & engineering (PE)	BOOTES	101076343	1
58009364500	Pagliuca C.	Chiara	Pagliuca	Chiara Pagliuca	PE5 - Synthetic Chemistry & Materials	1	Physical sciences & engineering (PE)	DEBUGGING-LPS	101039841	1
58023348700	Testa C.	Carolina	Testa	Carolina Testa	PE8 - Products & Processes Engineering	1	Physical sciences & engineering (PE)	BEACONSANDEGG	101053122	1
58059560300	Mearini S.	Simone	Mearini	Simone Mearini	SYG-PE Physical sciences & engineering	1	Physical sciences & engineering (PE)	Orbital Cinema	101071259	1
58095137400	Cocchi S.	Sebastiano	Cocchi	Sebastiano Cocchi	PE7 - Systems & Communication Engineering	1	Physical sciences & engineering (PE)	QOMUNE	101077917	1
58137355000	Maramotti R.	Riccardo	Maramotti	Riccardo Maramotti	SH4 - The Human Mind and its Complexity	1	Social sciences & humanities (SH)	UnaWireD	101042625	1
58290088200	Kim S.	Sung-hwan	Kim	Sung-Hwan Kim	PE6 - Computer Science & Informatics	1	Physical sciences & engineering (PE)	REGINDEX	101039208	1
58352019000	Massetti C.	Chiara	Massetti	Chiara Massetti	PE8 - Products & Processes Engineering	1	Physical sciences & engineering (PE)	XMem	101069262	1
58419793400	Rizzo L.	Lorenzo	Rizzo	Lorenzo Rizzo	PE5 - Synthetic Chemistry & Materials	1	Physical sciences & engineering (PE)	SYNPHOCAT | PHOTO-STEREO | ChirAzaL	101040025 | 101106125 | 101105828	3
58482995800	Sbacchi M.	Maria	Sbacchi	Maria Sbacchi	PE5 - Synthetic Chemistry & Materials	1	Physical sciences & engineering (PE)	PROTOMAT	101039578	1
58500461500	Marchini F.	F.	Marchini	Francesco Marchini	PE8 - Products & Processes Engineering	1	Physical sciences & engineering (PE)	HELIOS	101041255	1
58558837300	Guarda G.	Giulia	Guarda	Giulia Guarda	PE7 - Systems & Communication Engineering	1	Physical sciences & engineering (PE)	QOMUNE	101077917	1
58774072800	Ghirardi S.	Sara	Ghirardi	Sara Ghirardi	PE4 - Physical & Analytical Chemical Sciences	1	Physical sciences & engineering (PE)	CHEIR	101040798	1
58782061900	Piscitelli M.	Matteo	Piscitelli	Matteo Piscitelli	PE8 - Products & Processes Engineering	1	Physical sciences & engineering (PE)	NoOne	101040383	1
58883046200	Natali D.	Daniele	Natali	Daniele Natali	PE8 - Products & Processes Engineering	1	Physical sciences & engineering (PE)	CoDe4Bio	101039467	1
58910886600	Chemorion F.	Francis Kiptengwer	Chemorion	Francis Kiptengwer Chemorion	PE8 - Products & Processes Engineering	1	Physical sciences & engineering (PE)	O-Health	101044828	1
58913492200	Ruzza A.	A.	Ruzza	A. Ruzza	PE9 - Universe Sciences	1	Physical sciences & engineering (PE)	DiscEvol | OSIRIS	101039651 | 101104656	2
58993839200	de Chiara S.	Stefania	de Chiara	Stefania De Chiara	PE5 - Synthetic Chemistry & Materials	1	Physical sciences & engineering (PE)	DEBUGGING-LPS	101039841	1
59188327700	D’Addato S.	Sergio	D’Addato	Sergio D'Addato 	PE7 - Systems & Communication Engineering	1	Physical sciences & engineering (PE)	F2GO	101055379	1
59206173100	Tiemblo-Martín M.	Marta	Tiemblo-Martín	Marta Tiemblo Martín	PE5 - Synthetic Chemistry & Materials	1	Physical sciences & engineering (PE)	DEBUGGING-LPS	101039841	1
59253517400	Fratta G.	Gennaro	Fratta	Gennaro Fratta	PE7 - Systems & Communication Engineering	1	Physical sciences & engineering (PE)	HERMES	101116943	1
59262753400	Anania R.	Rossella	Anania	Rossella Anania	PE9 - Universe Sciences	1	Physical sciences & engineering (PE)	DiscEvol	101039651	1
59274086600	Valente S.	Stefano	Valente	Stefano Valente	PE5 - Synthetic Chemistry & Materials	1	Physical sciences & engineering (PE)	PROTOMAT	101039578	1
59302925800	Paduano A.	Angelo	Paduano	Angelo Paduano	PE8 - Products & Processes Engineering	1	Physical sciences & engineering (PE)	LINING	101075903	1
6504482974	Pandini S.	Stefano	Pandini	Stefano Pandini	PE8 - Products & Processes Engineering	1	Physical sciences & engineering (PE)	CoDe4Bio	101039467	1
6506965278	Bendjoya P.	Philippe	Bendjoya	Philippe Bendjoya	PE9 - Universe Sciences	1	Physical sciences & engineering (PE)	FIERCE	101052347	1
6506974125	Caramani D.	Daniele	Caramani	Daniele Caramani	SH2 - Institutions, Governance & Legal Systems	1	Social sciences & humanities (SH)	GLOBAL	101097740	1
6507913481	Tocchetti C.	Carlo G.	Tocchetti	Carlo Gabriele Tocchetti	LS7 - Prevention, Diagnosis & Treatment of Human Diseases	1	Life Sciences (LS)	REVERSE | DISSECT-HF	101054460 | 101045236	2
6602123609	Resconi E.	Elisa	Resconi	E. Resconi	PE2 - Fundamental Constituents of Matter	1	Physical sciences & engineering (PE)	NEUTRINOSHOT	101053168	1
6602193253	Lelli M.	Moreno	Lelli	Moreno Lelli	LS1 - Molecules of Life: Biological Mechanisms, Structures & Functions	1	Life Sciences (LS)	champANTIBIOTICS	101045485	1
6602304544	Gaug M.	Markus	Gaug	M. Gaug	PE9 - Universe Sciences	1	Physical sciences & engineering (PE)	BOOTES	101076343	1
6602490107	Pagnoni G.	Giuseppe	Pagnoni	Giuseppe Pagnoni	SH4 - The Human Mind and its Complexity	1	Social sciences & humanities (SH)	UnaWireD	101042625	1
6602608479	Nestola F.	Fabrizio	Nestola	Fabrizio Nestola	PE10 - Earth System Science	1	Physical sciences & engineering (PE)	INHERIT	101041620	1
6602624771	Paolicelli G.	Guido	Paolicelli	Guido Paolicelli	PE7 - Systems & Communication Engineering	1	Physical sciences & engineering (PE)	F2GO	101055379	1
6602724503	Mékarnia D.	Djamel	Mékarnia	Djamel Mékarnia	PE9 - Universe Sciences	1	Physical sciences & engineering (PE)	FIERCE	101052347	1
6602810152	Kovacs Vajna Z.	Zsolt M.	Kovacs Vajna	Zsolt M. Kovács-Vajna	PE8 - Products & Processes Engineering	1	Physical sciences & engineering (PE)	NoOne	101040383	1
6602905585	Blanch O.	Oscar	Blanch	O. Blanch	PE9 - Universe Sciences	1	Physical sciences & engineering (PE)	BOOTES	101076343	1
6603853389	Bigongiari C.	C.	Bigongiari	C. Bigongiari 	PE9 - Universe Sciences	1	Physical sciences & engineering (PE)	BOOTES	101076343	1
6603856765	Zaccarelli E.	Emanuela	Zaccarelli	Emanuela Zaccarelli	PE3 - Condensed Matter Physics	1	Physical sciences & engineering (PE)	MICROTECH	101066434	1
6603906617	Messori M.	Massimo	Messori	Massimo Messori	PE8 - Products & Processes Engineering	1	Physical sciences & engineering (PE)	CoDe4Bio	101039467	1
6603984619	Gui B.	Benedetta	Gui	Benedetta Gui	LS7 - Prevention, Diagnosis & Treatment of Human Diseases	1	Life Sciences (LS)	MR O MICS	101077710	1
6701331312	Policriti A.	Alberto	Policriti	Alberto Policriti	PE6 - Computer Science & Informatics	1	Physical sciences & engineering (PE)	REGINDEX	101039208	1
6701393479	Laio A.	Alessandro	Laio	Alessandro Laio	PE4 - Physical & Analytical Chemical Sciences	1	Physical sciences & engineering (PE)	HyBOP	101043272	1
6701416448	Prusti T.	Timo	Prusti	Timo Prusti	PE9 - Universe Sciences	1	Physical sciences & engineering (PE)	ISM-FLOW	101055318	1
6701451528	Calandra M.	Matteo	Calandra	Matteo Calandra	PE4 - Physical & Analytical Chemical Sciences	1	Physical sciences & engineering (PE)	DELIGHT	101052708	1
6701796940	Amado P.	Pedro J.	Amado	P. J. Amado	PE9 - Universe Sciences	1	Physical sciences & engineering (PE)	FIERCE	101052347	1
6701900958	Pacciani L.	L.	Pacciani	Luigi Pacciani	PE9 - Universe Sciences	1	Physical sciences & engineering (PE)	BOOTES	101076343	1
7003480451	Petrucci P.	Pierre Olivier	Petrucci	Pierre-Olivier Petrucci	PE9 - Universe Sciences	1	Physical sciences & engineering (PE)	BOOTES	101076343	1
7003606765	Coppa A.	Alfredo	Coppa	Alfredo Coppa	SH6 - The Study of the Human Past	1	Social sciences & humanities (SH)	TULAR | MOTHERS	101065320 | 101077348	2
7003712495	Decleva P.	Pietro	Decleva	Piero Decleva	PE4 - Physical & Analytical Chemical Sciences	1	Physical sciences & engineering (PE)	ULISSES	101054696	1
7003817809	Bléfari-Melazzi N.	Nicola Blefari	Bléfari-Melazzi	Nicola Blefari-Melazzi	PE7 - Systems & Communication Engineering	1	Physical sciences & engineering (PE)	FIND-OUT	101078411	1
7003853565	Treu T.	Tommaso L.	Treu	Tommaso Treu	PE9 - Universe Sciences	1	Physical sciences & engineering (PE)	FIRSTLIGHT	101053208	1
7003860707	Berti D.	Debora	Berti	Debora Berti	PE5 - Synthetic Chemistry & Materials	1	Physical sciences & engineering (PE)	DEBUGGING-LPS	101039841	1
7004202410	Beole S.	S. Maria	Beole	S. Beole	PE2 - Fundamental Constituents of Matter	1	Physical sciences & engineering (PE)	InitialConditions	101077147	1
7004304861	Pasquali L.	Luca	Pasquali	Luca Pasquali	PE7 - Systems & Communication Engineering	1	Physical sciences & engineering (PE)	F2GO	101055379	1
7004450805	Sala E.	Evis	Sala	Evis Sala	LS7 - Prevention, Diagnosis & Treatment of Human Diseases	1	Life Sciences (LS)	MR O MICS	101077710	1
7004461675	Soffitta P.	Paolo	Soffitta	Paolo Soffitta	PE9 - Universe Sciences	1	Physical sciences & engineering (PE)	BOOTES	101076343	1
7004607386	Fazio R.	Rosario	Fazio	Rosario Fazio	PE2 - Fundamental Constituents of Matter	1	Physical sciences & engineering (PE)	RAVE	101053159	1
7004740122	Piccolo S.	Stefano	Piccolo	Stefano Piccolo	LS4 - Physiology in Health, Disease & Ageing	1	Life Sciences (LS)	CHARTAGING	101098074	1
7004895053	De Lotto B.	Barbara	De Lotto	B. De Lotto 	PE9 - Universe Sciences	1	Physical sciences & engineering (PE)	BOOTES	101076343	1
7005260033	Carbone F.	Fabrizio	Carbone	Fabrizio Carbone	PE2 - Fundamental Constituents of Matter	1	Physical sciences & engineering (PE)	Loss-less Monochroma	101101048	1
7005470101	Österbacka R.	Ronald M.	Österbacka	Ronald Österbacka	PE8 - Products & Processes Engineering	1	Physical sciences & engineering (PE)	NoOne	101040383	1
7005899939	Boselli A.	Alessandro	Boselli	A. Boselli	PE9 - Universe Sciences	1	Physical sciences & engineering (PE)	ULU	101086378	1
7005924048	De Angelis A.	Alessandro D.	De Angelis	A. De Angelis	PE9 - Universe Sciences	1	Physical sciences & engineering (PE)	BOOTES	101076343	1
7006050531	Perri M.	Matteo	Perri	Matteo Perri	PE9 - Universe Sciences	1	Physical sciences & engineering (PE)	BOOTES	101076343	1
7006060970	Castro-Tirado A.	A. J.	Castro-Tirado	A. J. Castro-Tirado 	PE9 - Universe Sciences	1	Physical sciences & engineering (PE)	BOOTES	101076343	1
7006079839	Matt G.	Giorgio	Matt	Giorgio Matt	PE9 - Universe Sciences	1	Physical sciences & engineering (PE)	BOOTES	101076343	1
7006208965	Adamo C.	Carlo	Adamo	Carlo Adamo	PE4 - Physical & Analytical Chemical Sciences	1	Physical sciences & engineering (PE)	MaMa	101097351	1
7006299676	Ceri S.	Stefano	Ceri	Stefano Ceri	PE8 - Products & Processes Engineering	1	Physical sciences & engineering (PE)	BEACONSANDEGG	101053122	1
7006372010	Fioretti A.	Andrea	Fioretti	Andrea Fioretti	PE2 - Fundamental Constituents of Matter	1	Physical sciences & engineering (PE)	Supersolids	101055319	1
7006434232	Piran T.	Tsvi	Piran	Tsvi Piran 	PE9 - Universe Sciences	1	Physical sciences & engineering (PE)	MultiJets	101055307	1
7006528762	Mazzali P.	Paolo A.	Mazzali	Paolo Mazzali	PE9 - Universe Sciences	1	Physical sciences & engineering (PE)	MultiJets | TransPIre	101055307 | 101042299	2
7006694694	Modugno G.	Giovanni	Modugno	Giovanni Modugno	PE2 - Fundamental Constituents of Matter	1	Physical sciences & engineering (PE)	Supersolids	101055319	1
7006881259	Manzini G.	Giovanni	Manzini	Giovanni Manzini	PE6 - Computer Science & Informatics	1	Physical sciences & engineering (PE)	REGINDEX	101039208	1
7102464332	Pelosi G.	Giorgio	Pelosi	Giorgio Pelosi	PE5 - Synthetic Chemistry & Materials	1	Physical sciences & engineering (PE)	SYNPHOCAT | PHOTO-STEREO | ChirAzaL	101040025 | 101106125 | 101105828	3
7102613906	Shulman G.	Gordon L.	Shulman	Gordon L. Shulman	SYG-LS Life Sciences	1	Life Sciences (LS)	NEMESIS	101071900	1
7203023228	Baumgartner W.	Wayne H.	Baumgartner	Wayne H. Baumgartner	PE9 - Universe Sciences	1	Physical sciences & engineering (PE)	BOOTES	101076343	1
7203066398	Bianchì G.	Giuseppe	Bianchì	Giuseppe Bianchi	PE7 - Systems & Communication Engineering	1	Physical sciences & engineering (PE)	FIND-OUT	101078411	1
7401962189	Schneider C.	Claus Michael	Schneider	Claus Michael Schneider 	SYG-PE Physical sciences & engineering	1	Physical sciences & engineering (PE)	Orbital Cinema	101071259	1
7402920055	Asano K.	Katsuaki	Asano	K. Asano	PE9 - Universe Sciences	1	Physical sciences & engineering (PE)	BOOTES	101076343	1
8212471500	Cassano R.	R.	Cassano	R. Cassano	PE9 - Universe Sciences	1	Physical sciences & engineering (PE)	ULU	101086378	1
8387869900	Vitiello M.	Miriam Serena	Vitiello	Miriam S Vitiello	PE7 - Systems & Communication Engineering	1	Physical sciences & engineering (PE)	STAR	101081567	1
8399341200	Montecchi M.	Monica	Montecchi	Monica Montecchi	PE7 - Systems & Communication Engineering	1	Physical sciences & engineering (PE)	F2GO	101055379	1
8699469900	Isella A.	Andrea	Isella	Andrea Isella	PE9 - Universe Sciences	1	Physical sciences & engineering (PE)	UNVEIL	101076613	1
8961470300	Nagar A.	Alessandro	Nagar	Alessandro Nagar	PE9 - Universe Sciences	1	Physical sciences & engineering (PE)	InspiReM	101043372	1
9535463100	Covino S.	Stefano	Covino	S. Covino 	PE9 - Universe Sciences	1	Physical sciences & engineering (PE)	BOOTES	101076343	1
10041035600	Bienko M.	Marzena Magda	Bienko	Magda Bienko	LS2 - Integrative Biology: From Genes & Genomes to Systems	1	Life Sciences (LS)	RADIALIS	101088408	1
10042327900	Dobur D.	Didar	Dobur	D. Dobur	PE2 - Fundamental Constituents of Matter	1	Physical sciences & engineering (PE)	INTREPID	101115353	1
10043480700	Busso G.	Giorgia	Busso	G. Busso	PE9 - Universe Sciences	1	Physical sciences & engineering (PE)	ISM-FLOW	101055318	1
10044525100	Crosetto N.	Nicola	Crosetto	Nicola Crosetto	LS2 - Integrative Biology: From Genes & Genomes to Systems	1	Life Sciences (LS)	RADIALIS	101088408	1
10139199200	Arigoni M.	Maddalena	Arigoni	Maddalena Arigoni	LS7 - Prevention, Diagnosis & Treatment of Human Diseases	1	Life Sciences (LS)	NEOGRAFT	101045467	1
10240135000	Kennea J.	Jamie A.	Kennea	Jamie A. Kennea	SYG-PE Physical sciences & engineering	1	Physical sciences & engineering (PE)	HEAVYMETAL	101071865	1
10241408800	de Ugarte Postigo A.	Antonio	de Ugarte Postigo	Antonio de Ugarte Postigo	SYG-PE Physical sciences & engineering	1	Physical sciences & engineering (PE)	HEAVYMETAL	101071865	1
10639787000	Vallesi A.	Antonino	Vallesi	Antonio Vallesi	SYG-LS Life Sciences	1	Life Sciences (LS)	NEMESIS	101071900	1
11339378400	Cacho C.	Cephise M.	Cacho	Cephise Cacho	PE3 - Condensed Matter Physics	1	Physical sciences & engineering (PE)	ChiralTopMat	101117424	1
12138815500	Xia Z.	Zhiguo	Xia	Zhiguo Xia	PE5 - Synthetic Chemistry & Materials	1	Physical sciences & engineering (PE)	NEHA	101095974	1
12142657500	Tecchiati U.	Umberto	Tecchiati	Umberto Tecchiati	SH6 - The Study of the Human Past	1	Social sciences & humanities (SH)	ANSOC | Horsepower	101055195 | 101071707	2
12767845400	Damerdji Y.	Yassine	Damerdji	Y. Damerdji	PE9 - Universe Sciences	1	Physical sciences & engineering (PE)	ISM-FLOW	101055318	1
12771391500	Di Camillo B.	Barbara	Di Camillo	Barbara Di Camillo	LS7 - Prevention, Diagnosis & Treatment of Human Diseases	1	Life Sciences (LS)	ReprOids	101055300	1
12771696900	Merelli I.	Ivan	Merelli	Ivan Merelli	LS7 - Prevention, Diagnosis & Treatment of Human Diseases	1	Life Sciences (LS)	HSC-reNEW	101044032	1
12794786600	De Zorzi R.	Rita	De Zorzi	Rita De Zorzi	PE5 - Synthetic Chemistry & Materials	1	Physical sciences & engineering (PE)	SYNPHOCAT	101040025	1
12798130000	Falciati L.	Luca	Falciati	Luca Falciati	PE7 - Systems & Communication Engineering	1	Physical sciences & engineering (PE)	INcEPTION	101045605	1
13102929200	Omodei N.	Nicola	Omodei	Nicola Omodei	PE9 - Universe Sciences	1	Physical sciences & engineering (PE)	BOOTES	101076343	1
13204957600	Bambini V.	Valentina	Bambini	Valentina Bambini	SH4 - The Human Mind and its Complexity	1	Social sciences & humanities (SH)	PROMENADE	101045733	1
13403279300	Peano C.	Clelia	Peano	Clelia Peano	LS8 - Environmental Biology, Ecology & Evolution	1	Life Sciences (LS)	microTOUCH	101045015	1
13410810600	Starnini E.	Elisabetta	Starnini	Elisabetta Starnini	SH6 - The Study of the Human Past	1	Social sciences & humanities (SH)	LATEUROPE	101052653	1
13613556900	Sironi L.	Laura	Sironi	Laura Sironi	PE8 - Products & Processes Engineering	1	Physical sciences & engineering (PE)	BEACONSANDEGG	101053122	1
13805590500	de Ceglia D.	Domenico D.	de Ceglia	Domenico de Ceglia	PE4 - Physical & Analytical Chemical Sciences	1	Physical sciences & engineering (PE)	FastTrack	101054846	1
13807415200	Thöne C.	Christina C.	Thöne	Christina C. Thöne	SYG-PE Physical sciences & engineering	1	Physical sciences & engineering (PE)	HEAVYMETAL	101071865	1
14007481500	Doyle B.	Bryan P.	Doyle	Bryan P. Doyle	PE7 - Systems & Communication Engineering	1	Physical sciences & engineering (PE)	F2GO	101055379	1
14010575400	Altieri F.	Francesca	Altieri	Francesca Altieri	PE10 - Earth System Science	1	Physical sciences & engineering (PE)	OCEANID	101045260	1
14019558800	Divitini G.	Giorgio	Divitini	Giorgio Divitini	PE5 - Synthetic Chemistry & Materials	1	Physical sciences & engineering (PE)	NEHA	101095974	1
14027901400	Agheorghiesei C.	Catalin	Agheorghiesei	C. Agheorghiesei	PE2 - Fundamental Constituents of Matter	1	Physical sciences & engineering (PE)	DITTO	101089007	1
14032893900	Camposeo A.	Andrea	Camposeo	Andrea Camposeo	PE8 - Products & Processes Engineering	1	Physical sciences & engineering (PE)	DROPTRACK	101081171	1
14040195000	Annunziata P.	Patrizia	Annunziata	Patrizia Annunziata	LS7 - Prevention, Diagnosis & Treatment of Human Diseases	1	Life Sciences (LS)	ReprOids	101055300	1
14052441300	Miccio A.	Annarita	Miccio	Annarita Miccio	LS8 - Environmental Biology, Ecology & Evolution	1	Life Sciences (LS)	microTOUCH	101045015	1
14057814000	DeSimone A.	Antonio	DeSimone	Antonio DeSimone	PE8 - Products & Processes Engineering	1	Physical sciences & engineering (PE)	Stripe-o-Morph	101069436	1
14061017200	Murano A.	Aniello	Murano	Aniello Murano	PE6 - Computer Science & Informatics	1	Physical sciences & engineering (PE)	ADVANSYNT	101054616	1
14062841600	Callieri M.	Marco	Callieri	Marco Callieri	SH5 - Cultures & Cultural Production	1	Social sciences & humanities (SH)	n-Dame_Heritage	101055423	1
14069009800	Moroni A.	Adriana	Moroni	Adriana Moroni	SH6 - The Study of the Human Past	1	Social sciences & humanities (SH)	MOTHERS	101077348	1
14120990400	Di Baldassarre G.	Giuliano	Di Baldassarre	Giuliano Di Baldassarre	PE10 - Earth System Science	1	Physical sciences & engineering (PE)	ForExD | MEDEWSA	101039567 | 101121192	2
14325789200	Peretto C.	Carlo	Peretto	Carlo Peretto	SH6 - The Study of the Human Past	1	Social sciences & humanities (SH)	LATEUROPE	101052653	1
14422624300	Seriani N.	Nicola	Seriani	Nicola Seriani	PE4 - Physical & Analytical Chemical Sciences	1	Physical sciences & engineering (PE)	HyBOP	101043272	1
14619100800	Baret B.	Bruny	Baret	B. Baret	PE9 - Universe Sciences	1	Physical sciences & engineering (PE)	BOOTES	101076343	1
14627420200	Otero E.	Edwige	Otero	Edwige Otero	PE5 - Synthetic Chemistry & Materials	1	Physical sciences & engineering (PE)	ELECTRA	101039890	1
14631026900	Pedersoli E.	Emanuele	Pedersoli	Emanuele Pedersoli	PE4 - Physical & Analytical Chemical Sciences	1	Physical sciences & engineering (PE)	CHIRAX	101095012	1
14825341400	Leone F.	Francesco	Leone	F Leone	PE9 - Universe Sciences	1	Physical sciences & engineering (PE)	BOOTES	101076343	1
14832365100	Bala R.	Renu	Bala	R. Bala	PE2 - Fundamental Constituents of Matter	1	Physical sciences & engineering (PE)	InitialConditions	101077147	1
14832898200	Mossa A.	Alessandro	Mossa	Alessandro Mossa	LS1 - Molecules of Life: Biological Mechanisms, Structures & Functions	1	Life Sciences (LS)	PIONEER	101040641	1
15027113500	Misiti V.	Valeria	Misiti	Valeria Misiti	PE10 - Earth System Science	1	Physical sciences & engineering (PE)	NANOVOLC	101044772	1
15030100600	Bosi G.	Giovanna	Bosi	Giovanna Bosi	SH6 - The Study of the Human Past	1	Social sciences & humanities (SH)	MEDAPP	101054883	1
15030111600	Leonora E.	Emanuele	Leonora	E. Leonora	PE9 - Universe Sciences	1	Physical sciences & engineering (PE)	BOOTES	101076343	1
15048255500	Lauriola M.	Mattia	Lauriola	Mattia Lauriola	LS7 - Prevention, Diagnosis & Treatment of Human Diseases	1	Life Sciences (LS)	ResistSOS	101097332	1
15053698200	Perin L.	Laura	Perin	Laura Perin	LS7 - Prevention, Diagnosis & Treatment of Human Diseases	1	Life Sciences (LS)	NEOGRAFT	101045467	1
15056781100	Montemagni S.	Simonetta	Montemagni	Simonetta Montemagni	SH4 - The Human Mind and its Complexity	1	Social sciences & humanities (SH)	ProduSemy	101044282	1
15057544800	Amodio G.	Giada	Amodio	Giada Amodio	LS7 - Prevention, Diagnosis & Treatment of Human Diseases	1	Life Sciences (LS)	HSC-reNEW	101044032	1
15065048900	Chirolli L.	Luca	Chirolli	Luca Chirolli	PE3 - Condensed Matter Physics	1	Physical sciences & engineering (PE)	cQEDscope	101075962	1
15078368700	Seabroke G.	George M.	Seabroke	G. M. Seabroke	PE9 - Universe Sciences	1	Physical sciences & engineering (PE)	ISM-FLOW	101055318	1
15127681100	Piccoli M.	Martina	Piccoli	Martina Piccoli	PE5 - Synthetic Chemistry & Materials	1	Physical sciences & engineering (PE)	PROTOMAT	101039578	1
15521125900	Roccatagliata V.	Veronica	Roccatagliata	V. Roccatagliata	PE9 - Universe Sciences	1	Physical sciences & engineering (PE)	UNVEIL	101076613	1
15737520800	Pagani M.	Massimiliano	Pagani	Massimiliano Pagani	LS4 - Physiology in Health, Disease & Ageing	1	Life Sciences (LS)	CHARTAGING	101098074	1
15739411100	Colombo G.	Giorgio Lorenzo	Colombo	Giorgio Colombo	PE4 - Physical & Analytical Chemical Sciences	1	Physical sciences & engineering (PE)	GREENZYME | FASTEN	101112805 | 101088032	2
15753591700	Bellenghi C.	Chiara	Bellenghi	C. Bellenghi	PE2 - Fundamental Constituents of Matter	1	Physical sciences & engineering (PE)	NEUTRINOSHOT	101053168	1
15758016600	Magnifico G.	Giuseppe	Magnifico	Giuseppe Magnifico	PE2 - Fundamental Constituents of Matter	1	Physical sciences & engineering (PE)	QUDITS | NeQST	101039522 | 101080086	2
15761724700	Fresch B.	Barbara	Fresch	Barbara Fresch	PE4 - Physical & Analytical Chemical Sciences	1	Physical sciences & engineering (PE)	FastTrack	101054846	1
15766813500	Yaakov I.	Itamar	Yaakov	Itamar Yaakov	PE2 - Fundamental Constituents of Matter	1	Physical sciences & engineering (PE)	BHHQG	101040024	1
15822094900	Arzarello M.	Marta	Arzarello	Marta Arzarello	SH6 - The Study of the Human Past	1	Social sciences & humanities (SH)	LATEUROPE	101052653	1
15825660400	Mikulec I.	Ivan	Mikulec	I. Mikulec	PE2 - Fundamental Constituents of Matter	1	Physical sciences & engineering (PE)	INTREPID	101115353	1
15834146000	Benetti E.	Edmondo M.	Benetti	Edmondo M. Benetti	PE5 - Synthetic Chemistry & Materials	1	Physical sciences & engineering (PE)	SYNPHOCAT	101040025	1
15840410000	Sacco G.	Giuseppe Germano	Sacco	Germano Sacco	PE9 - Universe Sciences	1	Physical sciences & engineering (PE)	ISM-FLOW	101055318	1
15840663800	Traxler M.	Michael	Traxler	M. Traxler	PE2 - Fundamental Constituents of Matter	1	Physical sciences & engineering (PE)	NEUTRINOSHOT	101053168	1
15844859800	Crepaldi M.	Marco	Crepaldi	Marco Crepaldi	SH4 - The Human Mind and its Complexity	1	Social sciences & humanities (SH)	iReach	101062237	1
15846356400	Montagner M.	Marco	Montagner	Marco Montagner	LS7 - Prevention, Diagnosis & Treatment of Human Diseases	1	Life Sciences (LS)	ReprOids	101055300	1
15847859900	Desiderio V.	Vincenzo	Desiderio	Vincenzo Desiderio	LS4 - Physiology in Health, Disease & Ageing	1	Life Sciences (LS)	AUTO-SELECT	101045285	1
15922274600	Cucini R.	Riccardo	Cucini	Riccardo Cucini	PE4 - Physical & Analytical Chemical Sciences	1	Physical sciences & engineering (PE)	CHIRAX	101095012	1
15925893600	Mediani L.	Laura	Mediani	Laura Mediani	LS1 - Molecules of Life: Biological Mechanisms, Structures & Functions	1	Life Sciences (LS)	PIONEER	101040641	1
16021933800	Gabici S.	Stefano	Gabici	S. Gabici	PE2 - Fundamental Constituents of Matter	1	Physical sciences & engineering (PE)	NEUTRINOSHOT	101053168	1
16024042800	Cacciapuoti L.	Luigi	Cacciapuoti	Luigi Cacciapuoti	PE9 - Universe Sciences	1	Physical sciences & engineering (PE)	MultiJets	101055307	1
16245859200	Masala M.	Marco	Masala	Marco Masala	LS8 - Environmental Biology, Ecology & Evolution	1	Life Sciences (LS)	microTOUCH | DOMINO	101045015 | 101060218	2
16300846100	Conti I.	Irene	Conti	Irene Conti	PE4 - Physical & Analytical Chemical Sciences	1	Physical sciences & engineering (PE)	HyBOP	101043272	1
16307862100	Premi E.	Enrico	Premi	Enrico Premi	LS7 - Prevention, Diagnosis & Treatment of Human Diseases	1	Life Sciences (LS)	FLUBIODEM	101053962	1
16319862500	Vergani S.	Susanna D.	Vergani	Susanna D. Vergani	SYG-PE Physical sciences & engineering	1	Physical sciences & engineering (PE)	HEAVYMETAL	101071865	1
16444039300	Ciofani G.	Gianni	Ciofani	Gianni Ciofani	PE8 - Products & Processes Engineering	1	Physical sciences & engineering (PE)	BiSCUIT	101146025	1
16445147700	Tomelleri E.	Enrico	Tomelleri	Enrico Tomelleri	LS9 - Biotechnology & Biosystems Engineering	1	Life Sciences (LS)	PHOTOFLUX	101041768	1
16636500200	Howell D.	D. Andrew	Howell	D. Andrew Howell	PE9 - Universe Sciences	1	Physical sciences & engineering (PE)	TransPIre	101042299	1
16642191800	Botta P.	Paolo	Botta	Paolo Botta	LS5 - Neuroscience & Disorders of the Nervous Systems	1	Life Sciences (LS)	Cortical Coupling	101055340	1
16646989300	Sanna S.	Serena	Sanna	Serena Sanna	LS4 - Physiology in Health, Disease & Ageing	1	Life Sciences (LS)	SEMICYCLE	101075624	1
17134490400	Cacchiarelli D.	Davide	Cacchiarelli	Davide Cacchiarelli	LS7 - Prevention, Diagnosis & Treatment of Human Diseases	1	Life Sciences (LS)	ReprOids	101055300	1
17345374000	Bruijn R.	Ronald	Bruijn	R. Bruijn	PE9 - Universe Sciences	1	Physical sciences & engineering (PE)	BOOTES	101076343	1
17534899400	Molinari M.	Maria Angela	Molinari	Maria Angela Molinari	SH4 - The Human Mind and its Complexity	1	Social sciences & humanities (SH)	UnaWireD	101042625	1
17633945000	Felici F.	F.	Felici	Francesco Felici	PE7 - Systems & Communication Engineering	1	Physical sciences & engineering (PE)	GRASPAGAIN	101118089	1
18042095200	James C.	Clancy W.	James	C. W. James	PE9 - Universe Sciences	1	Physical sciences & engineering (PE)	BOOTES	101076343	1
19638894400	Marino G.	Gianluca	Marino	Gianluca Marino	SH6 - The Study of the Human Past	1	Social sciences & humanities (SH)	LATEUROPE	101052653	1
21834875800	Pisapia L.	Laura	Pisapia	Laura Pisapia	PE5 - Synthetic Chemistry & Materials	1	Physical sciences & engineering (PE)	DEBUGGING-LPS	101039841	1
22035486700	Mandel I.	Ilya	Mandel	Ilya Mandel	SYG-PE Physical sciences & engineering	1	Physical sciences & engineering (PE)	HEAVYMETAL	101071865	1
22133342200	Calegari F.	Francesca	Calegari	Francesca Calegari	PE4 - Physical & Analytical Chemical Sciences	1	Physical sciences & engineering (PE)	ULISSES	101054696	1
22633757900	Decarli R.	Roberto	Decarli	R Decarli	PE9 - Universe Sciences	1	Physical sciences & engineering (PE)	VOYAJ	101088676	1
22834456700	Eigmüller P.	Philipp	Eigmüller	Philipp Eigmüller	PE9 - Universe Sciences	1	Physical sciences & engineering (PE)	FIERCE	101052347	1
22935361700	Oates S.	Samantha R.	Oates	Samantha R. Oates	SYG-PE Physical sciences & engineering	1	Physical sciences & engineering (PE)	HEAVYMETAL	101071865	1
22951956900	Rusconi R.	Roberto	Rusconi	Roberto Rusconi	LS8 - Environmental Biology, Ecology & Evolution	1	Life Sciences (LS)	microTOUCH	101045015	1
22959371400	Zaccone A.	Alessio	Zaccone	Alessio Zaccone	PE11 - Materials Engineering	1	Physical sciences & engineering (PE)	Multimech	101043968	1
22966080900	Cardini G.	Gianni G.	Cardini	Gianni Cardini	PE4 - Physical & Analytical Chemical Sciences	1	Physical sciences & engineering (PE)	MaMa	101097351	1
22978563500	Celebrano M.	Michele	Celebrano	Michele Celebrano	PE7 - Systems & Communication Engineering	1	Physical sciences & engineering (PE)	3D NOAM	101044797	1
23005390000	Mondini A.	Alessio	Mondini	Alessio Mondini	PE8 - Products & Processes Engineering	1	Physical sciences & engineering (PE)	SURFACE	101039198	1
23007763900	Ciliberto A.	Andrea	Ciliberto	Andrea Ciliberto	LS4 - Physiology in Health, Disease & Ageing	1	Life Sciences (LS)	CHARTAGING	101098074	1
23011989700	Frasca A.	Antonio	Frasca	A. Frasca	PE9 - Universe Sciences	1	Physical sciences & engineering (PE)	FIERCE	101052347	1
23029334600	Šulc P.	Petr	Šulc	Petr Šulc	PE3 - Condensed Matter Physics	1	Physical sciences & engineering (PE)	PRONANO	101040035	1
23034833600	Jungers R.	Raphaël M.	Jungers	Raphael Jungers	PE7 - Systems & Communication Engineering	1	Physical sciences & engineering (PE)	Auto-CyPheR	101089047	1
23097256500	Di Fabio A.	Annamaria	Di Fabio	Annamaria Di Fabio	SH7 - Human Mobility, Environment & Space	1	Social sciences & humanities (SH)	BeyondSDG	101077492	1
23396326400	Giustiniano D.	Domenico	Giustiniano	Domenico Giustiniano	PE7 - Systems & Communication Engineering	1	Physical sciences & engineering (PE)	FIND-OUT	101078411	1
23468576100	Cazzaniga M.	Marco	Cazzaniga	Marco Cazzaniga	PE4 - Physical & Analytical Chemical Sciences	1	Physical sciences & engineering (PE)	SEMISOFT	101081361	1
23468631300	Carra S.	Serena	Carra	Serena Carra	LS1 - Molecules of Life: Biological Mechanisms, Structures & Functions	1	Life Sciences (LS)	PIONEER	101040641	1
23478249600	Salvadori E.	Enrico	Salvadori	Enrico Salvadori	SYG-PE Physical sciences & engineering	1	Physical sciences & engineering (PE)	CASTLE	101071533	1
23488108200	Cestaro A.	Alessandro	Cestaro	Alessandro Cestaro	LS8 - Environmental Biology, Ecology & Evolution	1	Life Sciences (LS)	microTOUCH	101045015	1
23488127100	Caramete L.	Laurenţiu Ioan Ioan	Caramete	L. Caramete	PE9 - Universe Sciences	1	Physical sciences & engineering (PE)	BOOTES	101076343	1
23488498600	Forzieri G.	Giovanni	Forzieri	Giovanni Forzieri	PE10 - Earth System Science	1	Physical sciences & engineering (PE)	ForExD | eco2adapt	101039567 | 101059498	2
23491803400	Gori M.	Monica	Gori	Monica Gori	SH4 - The Human Mind and its Complexity	1	Social sciences & humanities (SH)	iReach	101062237	1
23502541500	Ripoli C.	Cristian	Ripoli	Cristian Ripoli	LS5 - Neuroscience & Disorders of the Nervous Systems	1	Life Sciences (LS)	E-CTRL	101078163	1
23568944000	Stuckler D.	David	Stuckler	David Stuckler	SH7 - Human Mobility, Environment & Space	1	Social sciences & humanities (SH)	PRA	101045534	1
23669986300	Kuncarayakti H.	Hanindyo	Kuncarayakti	Hanindyo Kuncarayakti	PE9 - Universe Sciences	1	Physical sciences & engineering (PE)	TransPIre	101042299	1
23767226900	Luongo L.	Livio	Luongo	Livio Luongo	LS4 - Physiology in Health, Disease & Ageing	1	Life Sciences (LS)	AUTO-SELECT	101045285	1
23767771100	Fouesneau M.	Morgan	Fouesneau	M. Fouesneau	PE9 - Universe Sciences	1	Physical sciences & engineering (PE)	ISM-FLOW	101055318	1
23967832200	Chelazzi L.	Laura	Chelazzi	Laura Chelazzi	PE5 - Synthetic Chemistry & Materials	1	Physical sciences & engineering (PE)	ELECTRA	101039890	1
23967893100	Cresci G.	Giovanni	Cresci	G. Cresci	PE9 - Universe Sciences	1	Physical sciences & engineering (PE)	MW-WINDS	101040751	1
23968339900	Oesch P.	Pascal A.	Oesch	P Oesch	PE9 - Universe Sciences	1	Physical sciences & engineering (PE)	VOYAJ	101088676	1
23969394100	Pitzalis M.	Maristella	Pitzalis	Maristella Pitzalis	LS8 - Environmental Biology, Ecology & Evolution	1	Life Sciences (LS)	microTOUCH | DOMINO	101045015 | 101060218	2
23972965100	Labanca I.	Ivan	Labanca	Ivan Labanca	PE7 - Systems & Communication Engineering	1	Physical sciences & engineering (PE)	HERMES	101116943	1
23989636200	Sordo R.	Rosanna	Sordo	R. Sordo	PE9 - Universe Sciences	1	Physical sciences & engineering (PE)	ISM-FLOW	101055318	1
24076073300	Ðorđević L.	Luka	Ðorđević	Luka Đorđević	PE5 - Synthetic Chemistry & Materials	1	Physical sciences & engineering (PE)	PhotoDark	101077698	1
24173523600	Mesa D.	Dino	Mesa	D. Mesa	PE9 - Universe Sciences	1	Physical sciences & engineering (PE)	UNVEIL	101076613	1
24174333200	Barres De Almeida U.	Ulisses	Barres De Almeida	U Barres de Almeida	PE9 - Universe Sciences	1	Physical sciences & engineering (PE)	BOOTES	101076343	1
24177684600	Tett A.	Adrian	Tett	Adrian Tett	LS8 - Environmental Biology, Ecology & Evolution	1	Life Sciences (LS)	microTOUCH	101045015	1
24344803200	Petrozza A.	Annamaria	Petrozza	Annamaria Petrozza	PE11 - Materials Engineering	1	Physical sciences & engineering (PE)	LEAP	101045098	1
24400114800	Pavan G.	Giovanni M.	Pavan	Giovanni M. Pavan	PE4 - Physical & Analytical Chemical Sciences	1	Physical sciences & engineering (PE)	COMP-O-CELL	101053661	1
24437550600	Calabrese E.	Erminia	Calabrese	E. Calabrese	PE9 - Universe Sciences	1	Physical sciences & engineering (PE)	RELiCS	101116027	1
24439181000	Castellano M.	Marco	Castellano	Marco Castellano	PE9 - Universe Sciences	1	Physical sciences & engineering (PE)	FIRSTLIGHT	101053208	1
24449594800	Verani M.	Marco	Verani	Marco Verani	SYG-PE Physical sciences & engineering	1	Physical sciences & engineering (PE)	NEMESIS	101115663	1
24451394100	Pignatelli F.	F.	Pignatelli	Francesca Pignatelli	PE8 - Products & Processes Engineering	1	Physical sciences & engineering (PE)	BiSCUIT	101146025	1
24468483400	Månsson E.	Erik P.	Månsson	Erik P. Månsson	PE4 - Physical & Analytical Chemical Sciences	1	Physical sciences & engineering (PE)	ULISSES	101054696	1
24472961100	Barone E.	Eugenio	Barone	Eugenio Barone	LS5 - Neuroscience & Disorders of the Nervous Systems	1	Life Sciences (LS)	E-CTRL	101078163	1
24478859900	Vink J.	Jacco	Vink	Jacco Vink	PE9 - Universe Sciences	1	Physical sciences & engineering (PE)	BOOTES	101076343	1
24491750200	Bosia F.	Federico	Bosia	F. Bosia	PE11 - Materials Engineering	1	Physical sciences & engineering (PE)	POSEIDON	101039576	1
24605453300	Modi A.	Alessandra	Modi	Alessandra Modi	SH6 - The Study of the Human Past	1	Social sciences & humanities (SH)	MOTHERS	101077348	1
24605633700	Vai S.	Stefania	Vai	Stefania Vai	SH6 - The Study of the Human Past	1	Social sciences & humanities (SH)	MOTHERS	101077348	1
24723441600	Botta L.	Lorenzo	Botta	Lorenzo Botta	LS9 - Biotechnology & Biosystems Engineering	1	Life Sciences (LS)	PeroxyZyme	101054658	1
24725062000	Luni C.	Camilla	Luni	Camilla Luni	LS7 - Prevention, Diagnosis & Treatment of Human Diseases	1	Life Sciences (LS)	ReprOids	101055300	1
24757707800	Clamer M.	Massimiliano	Clamer	Massimiliano Clamer	LS3 - Cellular, Developmental & Regenerative Biology	1	Life Sciences (LS)	TRANSCEND	101043645	1
24776787000	Marti A.	Alessandro	Marti	Alessandro Marti	SH4 - The Human Mind and its Complexity	1	Social sciences & humanities (SH)	UnaWireD	101042625	1
24801882300	De Coppi P.	Paolo	De Coppi	Paolo De Coppi	LS7 - Prevention, Diagnosis & Treatment of Human Diseases	1	Life Sciences (LS)	ReprOids	101055300	1
24801905300	Grisanti L.	Luca	Grisanti	Luca Grisanti	PE4 - Physical & Analytical Chemical Sciences	1	Physical sciences & engineering (PE)	HyBOP	101043272	1
24829085600	Dayal P.	Pratika	Dayal	P Dayal	PE9 - Universe Sciences	1	Physical sciences & engineering (PE)	VOYAJ	101088676	1
24832501000	Osmond J.	Johann	Osmond	Johann Osmond	PE4 - Physical & Analytical Chemical Sciences	1	Physical sciences & engineering (PE)	FastTrack	101054846	1
24832629800	Errard J.	Josquin	Errard	J. Errard	PE9 - Universe Sciences	1	Physical sciences & engineering (PE)	RELiCS	101116027	1
25032044000	Trois A.	A.	Trois	Alessio Trois	PE9 - Universe Sciences	1	Physical sciences & engineering (PE)	BOOTES	101076343	1
25122661000	Messineo R.	Rosario	Messineo	R. Messineo	PE9 - Universe Sciences	1	Physical sciences & engineering (PE)	ISM-FLOW	101055318	1
25227680000	Iebba V.	Valerio	Iebba	Valerio Iebba	LS4 - Physiology in Health, Disease & Ageing	1	Life Sciences (LS)	ICD-Cancer	101052444	1
25521360400	Bonnal R.	Raoul Jean Pierre	Bonnal	Raoul Bonnal	LS4 - Physiology in Health, Disease & Ageing	1	Life Sciences (LS)	CHARTAGING	101098074	1
25622426300	Menni C.	Cristina	Menni	Cristina Menni	LS8 - Environmental Biology, Ecology & Evolution	1	Life Sciences (LS)	microTOUCH	101045015	1
25624315600	Andreussi T.	T.	Andreussi	Tommaso Andreussi	PE8 - Products & Processes Engineering	1	Physical sciences & engineering (PE)	BREATHE	101088694	1
25635583100	Botti L.	Lorenzo Alessio	Botti	Lorenzo Botti	LS7 - Prevention, Diagnosis & Treatment of Human Diseases	1	Life Sciences (LS)	LongTx	101088370	1
25640577700	Dal Conte S.	S. F.P.	Dal Conte	Stefano Dal Conte	PE11 - Materials Engineering	1	Physical sciences & engineering (PE)	DEOM	101055097	1
25644685700	Gentilini D.	Davide	Gentilini	Davide Gentilini	LS1 - Molecules of Life: Biological Mechanisms, Structures & Functions	1	Life Sciences (LS)	THYROMOL	101041298	1
25651644100	Biroli P.	Pietro	Biroli	Pietro Biroli	SH3 - The Social World and its Diversity	1	Social sciences & humanities (SH)	GeoGen	101045526	1
25722495900	Bernardi G.	Gianni	Bernardi	G. Bernardi	PE9 - Universe Sciences	1	Physical sciences & engineering (PE)	ULU	101086378	1
25821783000	Castelli I.	Ivano Eligio	Castelli	Ivano E. Castelli	PE8 - Products & Processes Engineering	1	Physical sciences & engineering (PE)	HELIOS	101041255	1
25823430200	Vila-Comamala J.	Joan	Vila-Comamala	Joan Vila-Comamala	PE4 - Physical & Analytical Chemical Sciences	1	Physical sciences & engineering (PE)	CHIRAX	101095012	1
25823516200	Westerdorff K.	Karsten	Westerdorff	K. Westerdorff	PE9 - Universe Sciences	1	Physical sciences & engineering (PE)	FIERCE	101052347	1
25923619600	Treu L.	Laura	Treu	Laura Treu	PE8 - Products & Processes Engineering	1	Physical sciences & engineering (PE)	ANAEROB	101098064	1
25958970600	Dornic D.	Damien	Dornic	D. Dornic	PE9 - Universe Sciences	1	Physical sciences & engineering (PE)	BOOTES	101076343	1
26025700600	Isola D.	Daniela	Isola	Daniela Isola	LS8 - Environmental Biology, Ecology & Evolution	1	Life Sciences (LS)	microTOUCH	101045015	1
26324486200	Singh D.	Deepak	Singh	Deepak Singh	PE5 - Synthetic Chemistry & Materials	1	Physical sciences & engineering (PE)	SYNPHOCAT	101040025	1
26326745400	Aad G.	Georges	Aad	G. Aad	PE2 - Fundamental Constituents of Matter	1	Physical sciences & engineering (PE)	DITTO	101089007	1
26424642500	Drouhin D.	Doriane	Drouhin	D. Drouhin	PE9 - Universe Sciences	1	Physical sciences & engineering (PE)	BOOTES	101076343	1
26429986400	Pilia M.	Maura	Pilia	Maura Pilia	PE9 - Universe Sciences	1	Physical sciences & engineering (PE)	BOOTES	101076343	1
26435130100	D’Orazi V.	Valentina D.Orazi	D’Orazi	V. D’Orazi	PE9 - Universe Sciences	1	Physical sciences & engineering (PE)	UNVEIL	101076613	1
26534044000	de Jong M.	Maarten D.	de Jong	M. de Jong	PE9 - Universe Sciences	1	Physical sciences & engineering (PE)	BOOTES	101076343	1
26640248400	Brogi M.	Matteo	Brogi	Matteo Brogi	PE9 - Universe Sciences	1	Physical sciences & engineering (PE)	FIERCE	101052347	1
26643416800	Alcalà J.	Juan Manuel	Alcalà	J. Alcala	PE9 - Universe Sciences	1	Physical sciences & engineering (PE)	UNVEIL	101076613	1
26665503800	Kulikovskiy V.	Vladimir	Kulikovskiy	V. Kulikovskiy	PE9 - Universe Sciences	1	Physical sciences & engineering (PE)	BOOTES	101076343	1
26868183500	Russo J.	John	Russo	John Russo	PE3 - Condensed Matter Physics	1	Physical sciences & engineering (PE)	PRONANO	101040035	1
27169527700	Lattanzi M.	Massimiliano	Lattanzi	M. Lattanzi	PE9 - Universe Sciences	1	Physical sciences & engineering (PE)	RELiCS	101116027	1
28067609400	Bruderer S.	Simon	Bruderer	Simon Bruderer	PE9 - Universe Sciences	1	Physical sciences & engineering (PE)	DiscEvol | EXODOSS	101039651 | 101041466	2
32367577000	Bauswein A.	Andreas	Bauswein	A Bauswein	SYG-PE Physical sciences & engineering	1	Physical sciences & engineering (PE)	HEAVYMETAL	101071865	1
33068548500	Zunino M.	Marta	Zunino	Marta Zunino	SH6 - The Study of the Human Past	1	Social sciences & humanities (SH)	LATEUROPE	101052653	1
33167819000	Tiribocchi A.	Adriano	Tiribocchi	Adriano Tiribocchi	PE8 - Products & Processes Engineering	1	Physical sciences & engineering (PE)	DROPTRACK	101081171	1
34572914800	Tabernero J.	Josep Ma	Tabernero	Josep Tabernero	PE8 - Products & Processes Engineering	1	Physical sciences & engineering (PE)	MucOncoBots	101138723	1
34879904000	Hansson T.	Tobias	Hansson	T. Hansson	PE7 - Systems & Communication Engineering	1	Physical sciences & engineering (PE)	MULTIBRIDGE	101081871	1
34880932300	Tondelli S.	Simona	Tondelli	Simona Tondelli	SH4 - The Human Mind and its Complexity	1	Social sciences & humanities (SH)	UnaWireD	101042625	1
34976152200	Akimov A.	A. V.	Akimov	A.V. Akimov	PE2 - Fundamental Constituents of Matter	1	Physical sciences & engineering (PE)	DITTO	101089007	1
35068988700	Ascoli D.	Davide	Ascoli	Davide Ascoli	LS8 - Environmental Biology, Ecology & Evolution	1	Life Sciences (LS)	ForestFuture	101039066	1
35092930800	Maubert B.	Bastien	Maubert	Bastien Maubert	PE6 - Computer Science & Informatics	1	Physical sciences & engineering (PE)	ADVANSYNT	101054616	1
35095999100	Antonelli M.	Mario	Antonelli	M. Antonelli	PE2 - Fundamental Constituents of Matter	1	Physical sciences & engineering (PE)	DITTO	101089007	1
35113035200	Di Liberto M.	Marco	Di Liberto	Marco Di Liberto	PE2 - Fundamental Constituents of Matter	1	Physical sciences & engineering (PE)	LATIS	101044957	1
35145216100	Chiaraviglio L.	Luca	Chiaraviglio	Luca Chiaraviglio	PE7 - Systems & Communication Engineering	1	Physical sciences & engineering (PE)	FIND-OUT	101078411	1
35148108300	Noselli G.	Giovanni	Noselli	Giovanni Noselli	PE8 - Products & Processes Engineering	1	Physical sciences & engineering (PE)	Beyond	101052956	1
35182735500	Dalmonte M.	Marcello	Dalmonte	Marcello Dalmonte	PE2 - Fundamental Constituents of Matter	1	Physical sciences & engineering (PE)	RAVE	101053159	1
35184737800	Price D.	Daniel J.	Price	D. Price	PE9 - Universe Sciences	1	Physical sciences & engineering (PE)	DiscEvol | OSIRIS	101039651 | 101104656	2
35188911400	Greco S.	Simona	Greco	Simona Greco	LS7 - Prevention, Diagnosis & Treatment of Human Diseases	1	Life Sciences (LS)	REVERSE	101054460	1
35204809400	Colombo C.	Chiara	Colombo	Chiara Colombo	PE8 - Products & Processes Engineering	1	Physical sciences & engineering (PE)	ArcHIDep	101044228	1
35221167800	Adıgüzel A.	Aytul	Adıgüzel	A. Adiguzel	PE2 - Fundamental Constituents of Matter	1	Physical sciences & engineering (PE)	DITTO	101089007	1
35222495600	Tumasyan A.	A. R.	Tumasyan	A. Tumasyan	PE2 - Fundamental Constituents of Matter	1	Physical sciences & engineering (PE)	INTREPID	101115353	1
35222860300	Buson S.	Sara	Buson	S. Buson	PE9 - Universe Sciences	1	Physical sciences & engineering (PE)	BOOTES	101076343	1
35222908000	Aliev M.	M.	Aliev	M. Aliev	PE2 - Fundamental Constituents of Matter	1	Physical sciences & engineering (PE)	DITTO	101089007	1
35226936400	Albert J.	Justin E.	Albert	J. Albert	PE2 - Fundamental Constituents of Matter	1	Physical sciences & engineering (PE)	DITTO	101089007	1
35226937900	Abramowicz H.	Halina	Abramowicz	H. Abramowicz	PE2 - Fundamental Constituents of Matter	1	Physical sciences & engineering (PE)	DITTO	101089007	1
35226940800	Annovi A.	Alberto	Annovi	A. Annovi	PE2 - Fundamental Constituents of Matter	1	Physical sciences & engineering (PE)	DITTO	101089007	1
35226946900	Abbott B.	Brad K.	Abbott	B. Abbott	PE2 - Fundamental Constituents of Matter	1	Physical sciences & engineering (PE)	DITTO	101089007	1
35226954200	Andreazza A.	Attilio	Andreazza	A. Andreazza	PE2 - Fundamental Constituents of Matter	1	Physical sciences & engineering (PE)	DITTO	101089007	1
35226969700	Alviggi M.	Mariagrazia G.	Alviggi	M.G. Alviggi	PE2 - Fundamental Constituents of Matter	1	Physical sciences & engineering (PE)	DITTO	101089007	1
35226982700	Bhasin A.	Anju	Bhasin	A. Bhasin	PE2 - Fundamental Constituents of Matter	1	Physical sciences & engineering (PE)	InitialConditions	101077147	1
35236783900	Faccenna C.	C.	Faccenna	Claudio Faccenna	PE10 - Earth System Science	1	Physical sciences & engineering (PE)	EMERGE	101087245	1
35238218500	Navarro J.	Jorge Solano	Navarro	Jorge Navarro	SYG-LS Life Sciences	1	Life Sciences (LS)	NEMESIS	101071900	1
35241716600	Busini V.	V.	Busini	Valentina Busini	PE8 - Products & Processes Engineering	1	Physical sciences & engineering (PE)	SAC_2.0	101075832	1
35242189600	Kadler M.	Matthias L.	Kadler	M. Kadler	PE9 - Universe Sciences	1	Physical sciences & engineering (PE)	BOOTES	101076343	1
35242223600	Izzo L.	Luca	Izzo	Luca Izzo	SYG-PE Physical sciences & engineering	1	Physical sciences & engineering (PE)	HEAVYMETAL	101071865	1
35243736900	Verrecchia F.	Francesco	Verrecchia	F. Verrecchia	PE9 - Universe Sciences	1	Physical sciences & engineering (PE)	FIERCE	101052347	1
35261753900	Baruffaldi F.	Fabio	Baruffaldi	Fabio Baruffaldi	SH6 - The Study of the Human Past	1	Social sciences & humanities (SH)	MOTHERS	101077348	1
35276925200	Esposito I.	Iréne	Esposito	Irene Esposito	PE8 - Products & Processes Engineering	1	Physical sciences & engineering (PE)	NoOne	101040383	1
35277039600	Aublin J.	Julien	Aublin	J. Aublin	PE9 - Universe Sciences	1	Physical sciences & engineering (PE)	BOOTES	101076343	1
35277236600	Creusot A.	Alexandre	Creusot	A. Creusot	PE9 - Universe Sciences	1	Physical sciences & engineering (PE)	BOOTES	101076343	1
35299547800	Kriegel I.	Ilka	Kriegel	Ilka Kriegel	PE11 - Materials Engineering	1	Physical sciences & engineering (PE)	JANUS BI	101041229	1
35302287400	Favaro L.	Livio	Favaro	Livio Favaro	SH4 - The Human Mind and its Complexity	1	Social sciences & humanities (SH)	TOHR	101041885	1
35312048100	Simon S.	Sara M.	Simon	S.M. Simon	PE9 - Universe Sciences	1	Physical sciences & engineering (PE)	RELiCS	101116027	1
35335899900	Chiesa M.	Mario	Chiesa	Mario Chiesa	SYG-PE Physical sciences & engineering	1	Physical sciences & engineering (PE)	CASTLE	101071533	1
35346027400	Trimarchi P.	Pietro Davide	Trimarchi	Pietro Davide Trimarchi	SYG-LS Life Sciences	1	Life Sciences (LS)	NEMESIS	101071900	1
35354875500	Adye T.	Timothy J.	Adye	T. Adye	PE2 - Fundamental Constituents of Matter	1	Physical sciences & engineering (PE)	DITTO	101089007	1
35354987100	Ranieri A.	Antonio	Ranieri	Antonio Ranieri	SYG-PE Physical sciences & engineering	1	Physical sciences & engineering (PE)	CASTLE	101071533	1
35427771900	Valdes A.	Ana M.	Valdes	Ana M. Valdes	LS8 - Environmental Biology, Ecology & Evolution	1	Life Sciences (LS)	microTOUCH	101045015	1
35434659900	Capone A.	Antonio	Capone	A. Capone	PE9 - Universe Sciences	1	Physical sciences & engineering (PE)	BOOTES	101076343	1
35448733000	Falanga M.	Maurizio	Falanga	Maurizio Falanga	PE9 - Universe Sciences	1	Physical sciences & engineering (PE)	MultiJets	101055307	1
35453790200	Bernards R.	René	Bernards	Rene Bernards	PE3 - Condensed Matter Physics	1	Physical sciences & engineering (PE)	StatCell	101054653	1
35483314900	Corvaglia V.	Valentina	Corvaglia	Valentina Corvaglia	PE5 - Synthetic Chemistry & Materials	1	Physical sciences & engineering (PE)	FOLOF	101054289	1
35488637500	Pedrotti S.	Simona	Pedrotti	Simona Pedrotti	LS2 - Integrative Biology: From Genes & Genomes to Systems	1	Life Sciences (LS)	RADIALIS	101088408	1
35518167400	Patat F.	Ferdinando	Patat	Ferdinando Patat	PE9 - Universe Sciences	1	Physical sciences & engineering (PE)	MultiJets	101055307	1
35550506900	Amenitsch H.	Heinz W.	Amenitsch	Heinz Amenitsch	PE11 - Materials Engineering	1	Physical sciences & engineering (PE)	JANUS BI	101041229	1
35564036000	Gambcorta M.	Maria Antonietta	Gambcorta	Maria A. Gambacorta	LS7 - Prevention, Diagnosis & Treatment of Human Diseases	1	Life Sciences (LS)	MR O MICS	101077710	1
35565483100	Mariani P.	Pierpaolo	Mariani	Pier Paolo Mariani	PE7 - Systems & Communication Engineering	1	Physical sciences & engineering (PE)	GRASPAGAIN	101118089	1
35572110200	De Angelis C.	Costantino	De Angelis	Costantino De Angelis	PE7 - Systems & Communication Engineering	1	Physical sciences & engineering (PE)	3D NOAM	101044797	1
35616254500	Rolandi P.	Pierluigi	Rolandi	P. L. Rolandi	PE7 - Systems & Communication Engineering	1	Physical sciences & engineering (PE)	ANIMATE	101054098	1
35617431600	D'Agostino G.	Giovanna	D'Agostino	Giovanna D’Agostino	PE6 - Computer Science & Informatics	1	Physical sciences & engineering (PE)	REGINDEX	101039208	1
35733435100	Cambiaghi M.	Marco	Cambiaghi	Marco Cambiaghi	LS5 - Neuroscience & Disorders of the Nervous Systems	1	Life Sciences (LS)	Cortical Coupling	101055340	1
35745690800	Crippa A.	Alessandro	Crippa	Alessandro Crippa	SH4 - The Human Mind and its Complexity	1	Social sciences & humanities (SH)	AUTISMS-3D	101087263	1
35749127400	Vulcani B.	Benedetta	Vulcani	Benedetta Vulcani	PE9 - Universe Sciences	1	Physical sciences & engineering (PE)	FIRSTLIGHT	101053208	1
35769715400	Silvi P.	Pietro	Silvi	Pietro Silvi	PE2 - Fundamental Constituents of Matter	1	Physical sciences & engineering (PE)	QUDITS | NeQST	101039522 | 101080086	2
35773690500	Panuzzo P.	Pasquale	Panuzzo	P. Panuzzo	PE9 - Universe Sciences	1	Physical sciences & engineering (PE)	ISM-FLOW	101055318	1
35775140200	Fenu F.	Francesco	Fenu	Francesco Fenu	PE9 - Universe Sciences	1	Physical sciences & engineering (PE)	BOOTES	101076343	1
35785830800	Biagetti C.	Claudio	Biagetti	Claudio Biagetti	SH6 - The Study of the Human Past	1	Social sciences & humanities (SH)	FeBo	101043954	1
35786557600	Parmiggiani A.	Alberto	Parmiggiani	Alberto Parmiggiani	SH4 - The Human Mind and its Complexity	1	Social sciences & humanities (SH)	iReach	101062237	1
35821491900	Cornia A.	Andrea	Cornia	Andrea Cornia	SYG-PE Physical sciences & engineering	1	Physical sciences & engineering (PE)	CASTLE	101071533	1
35906776500	Catalano F.	Federico	Catalano	Federico Catalano	PE11 - Materials Engineering	1	Physical sciences & engineering (PE)	GIULIa	101044020	1
36005154700	Gastaldello F.	Fabio	Gastaldello	F. Gastaldello	PE9 - Universe Sciences	1	Physical sciences & engineering (PE)	ULU	101086378	1
36010058800	Passerini L.	Laura	Passerini	Laura Passerini	LS7 - Prevention, Diagnosis & Treatment of Human Diseases	1	Life Sciences (LS)	HSC-reNEW	101044032	1
36021173000	Lodato S.	Simona	Lodato	Simona Lodato	LS5 - Neuroscience & Disorders of the Nervous Systems	1	Life Sciences (LS)	IMPACT	101043003	1
36047278500	Müllen K.	Klaus	Müllen	Klaus Müllen	PE11 - Materials Engineering	1	Physical sciences & engineering (PE)	DEOM	101055097	1
36052248300	Brémond É.	Éric A.G.	Brémond	Eric Brémond	PE4 - Physical & Analytical Chemical Sciences	1	Physical sciences & engineering (PE)	MaMa	101097351	1
36087945400	Suweis S.	Samir Simon	Suweis	Samir Suweis	SYG-LS Life Sciences	1	Life Sciences (LS)	NEMESIS	101071900	1
36089941600	Fossati M.	Matteo	Fossati	Matteo Fossati	LS4 - Physiology in Health, Disease & Ageing	1	Life Sciences (LS)	MATILDA	101055323	1
36097692500	Derosa L.	Lisa	Derosa	Lisa Derosa	LS4 - Physiology in Health, Disease & Ageing	1	Life Sciences (LS)	ICD-Cancer	101052444	1
36125334100	Rani B.	Bindu	Rani	Bindu Rani	PE9 - Universe Sciences	1	Physical sciences & engineering (PE)	BOOTES	101076343	1
36150531700	Castagno P.	Pasquale	Castagno	Pasquale Castagno	PE10 - Earth System Science	1	Physical sciences & engineering (PE)	VERTEXSO	101041743	1
36160330800	Graziani L.	Luca	Graziani	L Graziani	PE9 - Universe Sciences	1	Physical sciences & engineering (PE)	VOYAJ	101088676	1
36175422400	Gargiani P.	Pierluigi	Gargiani	Pierluigi Gargiani	SYG-PE Physical sciences & engineering	1	Physical sciences & engineering (PE)	Orbital Cinema	101071259	1
36179308300	Ferrara A.	Andrea	Ferrara	A Ferrara	PE9 - Universe Sciences	1	Physical sciences & engineering (PE)	VOYAJ	101088676	1
36187975900	Chu X.	Xiaoyong	Chu	Xiaoyong Chu	PE2 - Fundamental Constituents of Matter	1	Physical sciences & engineering (PE)	NLO-DM	101044443	1
36237866600	Fritz J.	Jacopo	Fritz	J. Fritz	PE9 - Universe Sciences	1	Physical sciences & engineering (PE)	ULU	101086378	1
36238463100	Traficante A.	Alessio	Traficante	A. Traficante	PE9 - Universe Sciences	1	Physical sciences & engineering (PE)	PEBBLES	101098309	1
36338222000	Scuderi C.	Cristina	Scuderi	Cristina Scuderi	LS8 - Environmental Biology, Ecology & Evolution	1	Life Sciences (LS)	microTOUCH	101045015	1
36343448300	Bellanova R.	Rocco	Bellanova	Rocco Bellanova	SH2 - Institutions, Governance & Legal Systems	1	Social sciences & humanities (SH)	DATAUNION	101043213	1
36443291900	Anisenkov A.	Alexey V.	Anisenkov	A.V. Anisenkov	PE2 - Fundamental Constituents of Matter	1	Physical sciences & engineering (PE)	DITTO	101089007	1
36456978100	Nocerino R.	Rita	Nocerino	Rita Nocerino	PE5 - Synthetic Chemistry & Materials	1	Physical sciences & engineering (PE)	DEBUGGING-LPS	101039841	1
36467250200	Viganò A.	Alessandro	Viganò	Alessandro Viganò	SYG-LS Life Sciences	1	Life Sciences (LS)	NEMESIS	101071900	1
36483473400	Soler J.	Juan Diego	Soler	Juan D. Soler	PE9 - Universe Sciences	1	Physical sciences & engineering (PE)	ISM-FLOW	101055318	1
36491234800	Alhroob M.	Muhammad	Alhroob	M. Alhroob	PE2 - Fundamental Constituents of Matter	1	Physical sciences & engineering (PE)	DITTO	101089007	1
36491276300	Abreu H.	Henso	Abreu	H. Abreu	PE2 - Fundamental Constituents of Matter	1	Physical sciences & engineering (PE)	DITTO	101089007	1
36546674000	Redaelli A.	Andrea	Redaelli	A. Redaelli	PE7 - Systems & Communication Engineering	1	Physical sciences & engineering (PE)	ANIMATE	101054098	1
36554359300	Letizia F.	Francesca	Letizia	Francesca Letizia	PE8 - Products & Processes Engineering	1	Physical sciences & engineering (PE)	GREEN SPECIES	101089265	1
36611407100	Garlatti E.	Elena	Garlatti	E. Garlatti	SYG-PE Physical sciences & engineering	1	Physical sciences & engineering (PE)	CASTLE	101071533	1
36614937700	Di Palma I.	Irene	Di Palma	I. Di Palma	PE9 - Universe Sciences	1	Physical sciences & engineering (PE)	BOOTES	101076343	1
36625145500	Enzenhöfer A.	Alexander	Enzenhöfer	A. Enzenhöfer	PE9 - Universe Sciences	1	Physical sciences & engineering (PE)	BOOTES	101076343	1
36680707700	Sipponen M.	Mika Henrikki	Sipponen	Mika H. Sipponen	PE11 - Materials Engineering	1	Physical sciences & engineering (PE)	CIRCULIG	101075487	1
36714999100	Arcara G.	Giorgio	Arcara	Giorgio Arcara	SH4 - The Human Mind and its Complexity	1	Social sciences & humanities (SH)	PROMENADE	101045733	1
36719782900	Aperio Bella L.	L.	Aperio Bella	L. Aperio Bella	PE2 - Fundamental Constituents of Matter	1	Physical sciences & engineering (PE)	DITTO	101089007	1
36768955400	Muccino M.	Marco	Muccino	Marco Muccino	PE9 - Universe Sciences	1	Physical sciences & engineering (PE)	MultiJets	101055307	1
36781806900	Alvarez F.	Fernando E.	Alvarez	Fernando Alvarez	SH1 - Individuals, Markets & Organisations	1	Social sciences & humanities (SH)	DCS	101054421	1
36793456200	Mele P.	Paolo	Mele	Paolo Mele	LS5 - Neuroscience & Disorders of the Nervous Systems	1	Life Sciences (LS)	Cortical Coupling	101055340	1
36813036300	De Philippis G.	Guido	De Philippis	Guido De Philippis	PE1 - Mathematics	1	Physical sciences & engineering (PE)	ANGEVA	101076411	1
36833854000	Inserra C.	Cosimo	Inserra	Cosimo Inserra	PE9 - Universe Sciences	1	Physical sciences & engineering (PE)	TransPIre	101042299	1
36834083700	Manfredi P.	Paolo	Manfredi	Paolo Manfredi	PE7 - Systems & Communication Engineering	1	Physical sciences & engineering (PE)	BEAMS	101041131	1
36848938300	Pacifici A.	Andrea	Pacifici	Andrea Pacifici	PE10 - Earth System Science	1	Physical sciences & engineering (PE)	OCEANID	101045260	1
36862450400	Antonietta Loi M.	Maria Antonietta	Antonietta Loi	Maria Antonietta Loi	PE11 - Materials Engineering	1	Physical sciences & engineering (PE)	DEOM	101055097	1
36873156000	Rosani U.	Umberto	Rosani	Umberto Rosani	LS2 - Integrative Biology: From Genes & Genomes to Systems	1	Life Sciences (LS)	EpiSperm	101042103	1
36898246500	Crisafi F.	Francesca	Crisafi	Francesca Crisafi	PE5 - Synthetic Chemistry & Materials	1	Physical sciences & engineering (PE)	DEBUGGING-LPS	101039841	1
36933029700	Paggi A.	Alessandro	Paggi	Alessandro Paggi	PE9 - Universe Sciences	1	Physical sciences & engineering (PE)	BOOTES	101076343	1
36943101100	Villa A.	Anna	Villa	Anna Villa	LS7 - Prevention, Diagnosis & Treatment of Human Diseases	1	Life Sciences (LS)	HSC-reNEW	101044032	1
37000386200	Tavagnacco L.	Letizia	Tavagnacco	Letizia Tavagnacco	PE3 - Condensed Matter Physics	1	Physical sciences & engineering (PE)	MICROTECH	101066434	1
37006827200	Puppin M.	Michele	Puppin	Michele Puppin	PE4 - Physical & Analytical Chemical Sciences	1	Physical sciences & engineering (PE)	CHIRAX	101095012	1
37026628100	Li Q.	Qingsen	Li	Qingsen Li	LS4 - Physiology in Health, Disease & Ageing	1	Life Sciences (LS)	CHARTAGING	101098074	1
37034949200	Saccomandi P.	Paola	Saccomandi	Paola Saccomandi	PE8 - Products & Processes Engineering	1	Physical sciences & engineering (PE)	LEILA	101069181	1
37064499000	Biffi V.	Veronica	Biffi	V. Biffi	PE9 - Universe Sciences	1	Physical sciences & engineering (PE)	CLEVeR	101045437	1
37066145400	Luchinat E.	Enrico	Luchinat	Enrico Luchinat	PE4 - Physical & Analytical Chemical Sciences	1	Physical sciences & engineering (PE)	Fragment-Screen | SystemDirectMS	101094131 | 101092725	2
37066570800	Sommella E.	Eduardo Maria	Sommella	Eduardo Sommella	LS4 - Physiology in Health, Disease & Ageing	1	Life Sciences (LS)	AUTO-SELECT	101045285	1
37077984300	Romandini M.	Matteo	Romandini	Matteo Romandini	SH6 - The Study of the Human Past	1	Social sciences & humanities (SH)	MOTHERS	101077348	1
37080145300	Castiglioni E.	Elisabetta	Castiglioni	Elisabetta Castiglioni	SH6 - The Study of the Human Past	1	Social sciences & humanities (SH)	MEDAPP	101054883	1
37098966900	Paloschi V.	Valentina	Paloschi	Valentina Paloschi	LS7 - Prevention, Diagnosis & Treatment of Human Diseases	1	Life Sciences (LS)	LongTx	101088370	1
37116505500	Bertero A.	Alessandro	Bertero	Alessandro Bertero	LS1 - Molecules of Life: Biological Mechanisms, Structures & Functions	1	Life Sciences (LS)	TRANS-3	101076026	1
38162613300	Scharff S.	Sebastian	Scharff	Sebastian Scharff	SH6 - The Study of the Human Past	1	Social sciences & humanities (SH)	FeBo	101043954	1
38862994000	Sbarrato T.	Tullia	Sbarrato	Tullia Sbarrato	PE9 - Universe Sciences	1	Physical sciences & engineering (PE)	BOOTES	101076343	1
38961227100	Guerrier A.	A.	Guerrier	A. Guerrier	PE9 - Universe Sciences	1	Physical sciences & engineering (PE)	ISM-FLOW	101055318	1
39763728300	Sconzo P.	Paola	Sconzo	Paola Sconzo	SH6 - The Study of the Human Past	1	Social sciences & humanities (SH)	MOTHERS	101077348	1
41362074200	Zaninello M.	Marta	Zaninello	Marta Zaninello	LS4 - Physiology in Health, Disease & Ageing	1	Life Sciences (LS)	AUTO-SELECT	101045285	1
42661257200	Ferrara E.	Emilio	Ferrara	Emilio Ferrara	PE6 - Computer Science & Informatics	1	Physical sciences & engineering (PE)	ExplainYourself	101077481	1
42861949400	Mantione D.	Daniele	Mantione	Daniele Mantione	PE11 - Materials Engineering	1	Physical sciences & engineering (PE)	4D-PhytoHybrid	101042148	1
43761202200	Grassi E.	Elisa Stellaria	Grassi	Elisa Stellaria Grassi	LS1 - Molecules of Life: Biological Mechanisms, Structures & Functions	1	Life Sciences (LS)	THYROMOL	101041298	1
44961637600	Tambassi T.	Timothy	Tambassi	Timothy Tambassi	SH5 - Cultures & Cultural Production	1	Social sciences & humanities (SH)	PolyphonicPhilosophy	101041596	1
46461076000	Chianucci F.	Francesco	Chianucci	Francesco Chianucci	LS8 - Environmental Biology, Ecology & Evolution	1	Life Sciences (LS)	ForestFuture	101039066	1
46662112500	Paparo L.	Lorella	Paparo	Lorella Paparo	PE5 - Synthetic Chemistry & Materials	1	Physical sciences & engineering (PE)	DEBUGGING-LPS	101039841	1
47461295500	Manfredi A.	Anna	Manfredi	Anna Manfredi	LS7 - Prevention, Diagnosis & Treatment of Human Diseases	1	Life Sciences (LS)	ReprOids	101055300	1
47661058900	Facchini S.	Silvia	Facchini	Silvia Facchini	SYG-LS Life Sciences	1	Life Sciences (LS)	NEMESIS	101071900	1
50261110100	Barbieri L.	Letizia	Barbieri	Letizia Barbieri	PE4 - Physical & Analytical Chemical Sciences	1	Physical sciences & engineering (PE)	Fragment-Screen | SystemDirectMS	101094131 | 101092725	2
51663836900	Maura F.	Francesco	Maura	Francesco Maura	LS7 - Prevention, Diagnosis & Treatment of Human Diseases	1	Life Sciences (LS)	MYELOMA-RISK	101123230	1
51764348900	Nappo G.	G.	Nappo	Gennaro Nappo	LS8 - Environmental Biology, Ecology & Evolution	1	Life Sciences (LS)	microTOUCH	101045015	1
52263086000	Boschin F.	Francesco	Boschin	Francesco Boschin	SH6 - The Study of the Human Past	1	Social sciences & humanities (SH)	MOTHERS	101077348	1
53866140600	Coleiro A.	Alexis	Coleiro	A. Coleiro	PE9 - Universe Sciences	1	Physical sciences & engineering (PE)	BOOTES	101076343	1
53980100300	Lobina M.	Monia	Lobina	Monia Lobina	LS8 - Environmental Biology, Ecology & Evolution	1	Life Sciences (LS)	microTOUCH | DOMINO	101045015 | 101060218	2
53980710100	Tramutola A.	Antonella	Tramutola	Antonella Tramutola	LS5 - Neuroscience & Disorders of the Nervous Systems	1	Life Sciences (LS)	E-CTRL	101078163	1
53982857600	Giroletti M.	Marcello	Giroletti	M. Giroletti	PE9 - Universe Sciences	1	Physical sciences & engineering (PE)	BOOTES	101076343	1
54390587500	Zanconato F.	Francesca	Zanconato	Francesca Zanconato	LS4 - Physiology in Health, Disease & Ageing	1	Life Sciences (LS)	CHARTAGING	101098074	1
54402939800	Filippini G.	Giacomo	Filippini	Giacomo Filippini	PE5 - Synthetic Chemistry & Materials	1	Physical sciences & engineering (PE)	PROTOMAT	101039578	1
54406441700	Sulpizio S.	Simone	Sulpizio	Simone Sulpizio	SH4 - The Human Mind and its Complexity	1	Social sciences & humanities (SH)	BraveNewWord	101087053	1
54410328400	Fermani P.	Paolo	Fermani	P. Fermani	PE9 - Universe Sciences	1	Physical sciences & engineering (PE)	BOOTES	101076343	1
54416871300	Angelidakis S.	S.	Angelidakis	S. Angelidakis	PE2 - Fundamental Constituents of Matter	1	Physical sciences & engineering (PE)	DITTO	101089007	1
54419392900	Aliprandi A.	Alessandro	Aliprandi	Alessandro Aliprandi	PE5 - Synthetic Chemistry & Materials	1	Physical sciences & engineering (PE)	PhotoDark	101077698	1
54780365600	Novella D.	Davide	Novella	Davide Novella	PE10 - Earth System Science	1	Physical sciences & engineering (PE)	INHERIT	101041620	1
54789225100	Saraceno C.	Claudia	Saraceno	Claudia Saraceno	LS7 - Prevention, Diagnosis & Treatment of Human Diseases	1	Life Sciences (LS)	FLUBIODEM	101053962	1
54793927300	Bertocchi I.	Ilaria	Bertocchi	Ilaria Bertocchi	LS5 - Neuroscience & Disorders of the Nervous Systems	1	Life Sciences (LS)	Cortical Coupling	101055340	1
54881776300	Vassallo C.	Christian	Vassallo	Christian Vassallo	SH5 - Cultures & Cultural Production	1	Social sciences & humanities (SH)	APATHES	101086695	1
54884540000	Meucci S.	Sandro	Meucci	Sandro Meucci	LS7 - Prevention, Diagnosis & Treatment of Human Diseases	1	Life Sciences (LS)	LongTx	101088370	1
54893538300	Brossa A.	Alessia	Brossa	Alessia Brossa	LS7 - Prevention, Diagnosis & Treatment of Human Diseases	1	Life Sciences (LS)	NEOGRAFT	101045467	1
54905216300	Bondarenko K.	Kyrylo	Bondarenko	Kyrylo Bondarenko	PE2 - Fundamental Constituents of Matter	1	Physical sciences & engineering (PE)	NLO-DM	101044443	1
54929621500	Baldassarre L.	Leonetta	Baldassarre	Leonetta Baldassarre	PE4 - Physical & Analytical Chemical Sciences	1	Physical sciences & engineering (PE)	DELIGHT	101052708	1
54934226700	Ali S.	Sarah	Ali	S. Ali	PE2 - Fundamental Constituents of Matter	1	Physical sciences & engineering (PE)	DITTO	101089007	1
54943574800	Marzullo M.	Matilde	Marzullo	Matilde Marzullo	SH6 - The Study of the Human Past	1	Social sciences & humanities (SH)	ANSOC | Horsepower	101055195 | 101071707	2
54952065400	Avanzini P.	Pietro	Avanzini	Pietro Avanzini	LS5 - Neuroscience & Disorders of the Nervous Systems	1	Life Sciences (LS)	Cortical Coupling | NEMESIS	101055340 | 101071900	2
54960982700	Martewicz S.	Sebastian	Martewicz	Sebastian Martewicz	LS7 - Prevention, Diagnosis & Treatment of Human Diseases	1	Life Sciences (LS)	ReprOids	101055300	1
54984939300	Cucinotta G.	Giuseppe	Cucinotta	Giuseppe Cucinotta	PE5 - Synthetic Chemistry & Materials	1	Physical sciences & engineering (PE)	ELECTRA	101039890	1
55014262900	López-Coto R.	Rubén	López-Coto	Rubén López-Coto	PE9 - Universe Sciences	1	Physical sciences & engineering (PE)	BOOTES	101076343	1
55037508600	Allbrooke B.	B. M.M.	Allbrooke	B.M.M. Allbrooke	PE2 - Fundamental Constituents of Matter	1	Physical sciences & engineering (PE)	DITTO	101089007	1
55075943300	Marchini A.	Alessandro	Marchini	Alessandro Marchini	PE9 - Universe Sciences	1	Physical sciences & engineering (PE)	BOOTES	101076343	1
55077809800	Papini R.	Riccardo	Papini	R. Papini	PE9 - Universe Sciences	1	Physical sciences & engineering (PE)	FIERCE	101052347	1
55080028200	Zambelli R.	Roberto	Zambelli	R. Zambelli	PE9 - Universe Sciences	1	Physical sciences & engineering (PE)	FIERCE	101052347	1
55159798000	Foglia L.	Laura	Foglia	Laura Foglia	PE4 - Physical & Analytical Chemical Sciences	1	Physical sciences & engineering (PE)	CHIRAX	101095012	1
55169523200	Cappellaro E.	Enrico	Cappellaro	Enrico Cappellaro	PE9 - Universe Sciences	1	Physical sciences & engineering (PE)	MultiJets	101055307	1
55173896400	Serapian S.	Stefano Artin	Serapian	Stefano A. Serapian	PE4 - Physical & Analytical Chemical Sciences	1	Physical sciences & engineering (PE)	GREENZYME | FASTEN	101112805 | 101088032	2
55185164800	Minghini M.	Marco	Minghini	Marco Minghini	SH7 - Human Mobility, Environment & Space	1	Social sciences & humanities (SH)	WaterSmartLand	101125476	1
55199879500	Frellesvig H.	Hjalte	Frellesvig	Hjalte Frellesvig	PE2 - Fundamental Constituents of Matter	1	Physical sciences & engineering (PE)	FFHiggsTop	101040760	1
55212070400	Laterza C.	Cecilia	Laterza	Cecilia Laterza	LS7 - Prevention, Diagnosis & Treatment of Human Diseases	1	Life Sciences (LS)	ReprOids	101055300	1
55217626900	Di Mascolo D.	Daniele	Di Mascolo	Daniele Di Mascolo	PE8 - Products & Processes Engineering	1	Physical sciences & engineering (PE)	microMESH	101069326	1
55232448800	Bohleber P.	Pascal D.	Bohleber	Pascal Bohleber	PE10 - Earth System Science	1	Physical sciences & engineering (PE)	AiCE	101088125	1
55233875500	Baietti M.	Maria Francesca	Baietti	Maria Francesca Baietti	LS4 - Physiology in Health, Disease & Ageing	1	Life Sciences (LS)	MetaIron | EXPAND IT	101112780 | 101055422	2
55243988900	Bacigalupo A.	Andrea	Bacigalupo	Andrea Bacigalupo	PE8 - Products & Processes Engineering	1	Physical sciences & engineering (PE)	S-FOAM	101086644	1
55249923200	Riclet F.	François	Riclet	F. Riclet	PE9 - Universe Sciences	1	Physical sciences & engineering (PE)	ISM-FLOW	101055318	1
55253718100	Giobbe G.	Giovanni G.	Giobbe	Giovanni Giuseppe Giobbe	LS7 - Prevention, Diagnosis & Treatment of Human Diseases	1	Life Sciences (LS)	ReprOids	101055300	1
55319893200	Ferrauto G.	Giuseppe	Ferrauto	Giuseppe Ferrauto	LS9 - Biotechnology & Biosystems Engineering	1	Life Sciences (LS)	Sub-NK	101138078	1
55322235800	Danielski C.	Camilla	Danielski	C. Danielski	PE9 - Universe Sciences	1	Physical sciences & engineering (PE)	ESCAPE	101044152	1
55322751000	Garani R.	Raghuveer	Garani	Raghuveer Garani	PE2 - Fundamental Constituents of Matter	1	Physical sciences & engineering (PE)	NLO-DM	101044443	1
55335319000	Balzan M.	M. V.	Balzan	Mario V. Balzan	SH7 - Human Mobility, Environment & Space	1	Social sciences & humanities (SH)	IMAGINE adaptation	101039429	1
55336465000	Alonso F.	Francisco	Alonso	F. Alonso	PE2 - Fundamental Constituents of Matter	1	Physical sciences & engineering (PE)	DITTO	101089007	1
55338295100	Stella M.	Martina	Stella	Martina Stella	PE4 - Physical & Analytical Chemical Sciences	1	Physical sciences & engineering (PE)	HyBOP	101043272	1
55340022100	Remelgado R.	Ruben	Remelgado	Ruben, Remelgado	LS8 - Environmental Biology, Ecology & Evolution	1	Life Sciences (LS)	EarthBridge | BEAST	101079310 | 101044740	2
55340640000	Amor Dos Santos S.	S. P.	Amor Dos Santos	S.P. Amor Dos Santos	PE2 - Fundamental Constituents of Matter	1	Physical sciences & engineering (PE)	DITTO	101089007	1
55347841100	Malavasi N.	Nicola	Malavasi	N. Malavasi	PE9 - Universe Sciences	1	Physical sciences & engineering (PE)	CLEVeR	101045437	1
55348084400	Uemura M.	Makoto	Uemura	Makoto Uemura	PE9 - Universe Sciences	1	Physical sciences & engineering (PE)	BOOTES	101076343	1
55350797700	Toldo C.	Chiara	Toldo	Chiara Toldo	PE2 - Fundamental Constituents of Matter	1	Physical sciences & engineering (PE)	BHHQG	101040024	1
55357488600	Calattini M.	Mauro	Calattini	Mauro Calattini	SH6 - The Study of the Human Past	1	Social sciences & humanities (SH)	MOTHERS	101077348	1
55363178400	Pezzato C.	Cristian	Pezzato	Cristian Pezzato	PE4 - Physical & Analytical Chemical Sciences	1	Physical sciences & engineering (PE)	KI-NET	101041933	1
55363924100	Lico R.	Rocco	Lico	Rocco Lico	PE9 - Universe Sciences	1	Physical sciences & engineering (PE)	BOOTES	101076343	1
55366530500	Perelli G.	Giuseppe	Perelli	Giuseppe Perelli	PE6 - Computer Science & Informatics	1	Physical sciences & engineering (PE)	ADVANSYNT	101054616	1
55367411500	Bonfanti A.	Andrea Giovanni	Bonfanti	A. Bonfanti	PE7 - Systems & Communication Engineering	1	Physical sciences & engineering (PE)	ANIMATE	101054098	1
55372515200	Melati D.	Daniele	Melati	Daniele Melati	PE7 - Systems & Communication Engineering	1	Physical sciences & engineering (PE)	BEAMS	101041131	1
55373151000	Fecchio M.	Matteo	Fecchio	Matteo Fecchio	SYG-LS Life Sciences	1	Life Sciences (LS)	NEMESIS	101071900	1
55383246900	Bouchè V.	Valentina	Bouchè	Valentina Bouche	LS7 - Prevention, Diagnosis & Treatment of Human Diseases	1	Life Sciences (LS)	ReprOids	101055300	1
55441693700	Rodrigues E.	Emille Martinazzo	Rodrigues	Emille M. Rodrigues	PE11 - Materials Engineering	1	Physical sciences & engineering (PE)	GIULIa	101044020	1
55481882900	Boscheri W.	Walter	Boscheri	Walter Boscheri	PE1 - Mathematics	1	Physical sciences & engineering (PE)	ALcHyMiA	101114995	1
55503985200	Milone D.	Daniele	Milone	Daniele Milone	PE8 - Products & Processes Engineering	1	Physical sciences & engineering (PE)	HELIOS	101041255	1
55510002500	Mazzola F.	Federico	Mazzola	Federico Mazzola	PE3 - Condensed Matter Physics	1	Physical sciences & engineering (PE)	ChiralTopMat	101117424	1
55514765000	Vivolo D.	Daniele	Vivolo	D. Vivolo	PE2 - Fundamental Constituents of Matter	1	Physical sciences & engineering (PE)	NEUTRINOSHOT	101053168	1
55516430800	Samory M.	Mattia	Samory	Mattia Samory	PE6 - Computer Science & Informatics	1	Physical sciences & engineering (PE)	ExplainYourself	101077481	1
55516934000	Michielin F.	Federica	Michielin	Federica Michielin	LS7 - Prevention, Diagnosis & Treatment of Human Diseases	1	Life Sciences (LS)	ReprOids	101055300	1
55523754600	Castellaro M.	Marco	Castellaro	Marco Castellaro	SYG-LS Life Sciences	1	Life Sciences (LS)	NEMESIS	101071900	1
55534140914	Ferrari M.	M.	Ferrari	Marco Ferrari	PE10 - Earth System Science	1	Physical sciences & engineering (PE)	OCEANID	101045260	1
55536849100	Wanie V.	Vincent	Wanie	Vincent Wanie	PE4 - Physical & Analytical Chemical Sciences	1	Physical sciences & engineering (PE)	ULISSES	101054696	1
55537224500	Trabattoni A.	Andrea	Trabattoni	Andrea Trabattoni	PE4 - Physical & Analytical Chemical Sciences	1	Physical sciences & engineering (PE)	ULISSES	101054696	1
55538460900	Bonizzoni F.	Francesca	Bonizzoni	Francesca Bonizzoni	SYG-PE Physical sciences & engineering	1	Physical sciences & engineering (PE)	NEMESIS	101115663	1
55541223300	Kitaguchi T.	Takao	Kitaguchi	Takao Kitaguchi	PE9 - Universe Sciences	1	Physical sciences & engineering (PE)	BOOTES	101076343	1
55541350300	Padovani P.	Paolo	Padovani	P. Padovani	PE2 - Fundamental Constituents of Matter	1	Physical sciences & engineering (PE)	NEUTRINOSHOT	101053168	1
55549098100	Fabbian G.	Giulio	Fabbian	G. Fabbian	PE9 - Universe Sciences	1	Physical sciences & engineering (PE)	RELiCS	101116027	1
55553211100	Buttu M.	Marco	Buttu	Marco Buttu	PE9 - Universe Sciences	1	Physical sciences & engineering (PE)	FIERCE	101052347	1
55578686800	Corrielli G.	Giacomo	Corrielli	Giacomo Corrielli	PE2 - Fundamental Constituents of Matter	1	Physical sciences & engineering (PE)	Field-SEER	101097313	1
55582199200	Parra-Rivas P.	Pedro	Parra-Rivas	P. Parra-Rivas	PE7 - Systems & Communication Engineering	1	Physical sciences & engineering (PE)	MULTIBRIDGE	101081871	1
55589184300	Campana S.	Sergio	Campana	Sergio Campana	SYG-PE Physical sciences & engineering	1	Physical sciences & engineering (PE)	HEAVYMETAL	101071865	1
55598500000	Meshkat T.	Tiffany	Meshkat	Tiffany Meshkat	PE9 - Universe Sciences	1	Physical sciences & engineering (PE)	DiscEvol | SPICES	101039651 | 101103114	2
55600401100	Liguori A.	Anna	Liguori	Anna Liguori	PE11 - Materials Engineering	1	Physical sciences & engineering (PE)	CIRCULIG	101075487	1
55607022500	Morzan U.	Uriel N.	Morzan	Uriel N. Morzan	PE4 - Physical & Analytical Chemical Sciences	1	Physical sciences & engineering (PE)	HyBOP	101043272	1
55614565200	Paciello F.	Fabiola	Paciello	Fabiola Paciello	LS5 - Neuroscience & Disorders of the Nervous Systems	1	Life Sciences (LS)	E-CTRL	101078163	1
55620663500	de Pasquale M.	Massimiliano	de Pasquale	Massimiliano De Pasquale	SYG-PE Physical sciences & engineering	1	Physical sciences & engineering (PE)	HEAVYMETAL	101071865	1
55621140800	Andreata F.	Francesco	Andreata	Francesco Andreata	LS6 - Immunity, Infection & Immunotherapy	1	Life Sciences (LS)	S-CAM	101138728	1
55621611500	Muluneh A.	Ameha A.	Muluneh	Ameha Atnafu Muluneh	PE10 - Earth System Science	1	Physical sciences & engineering (PE)	EMERGE | TALENTS	101087245 | 101119486	2
55633857000	Facchinetti F.	Francesco	Facchinetti	Francesco Facchinetti	LS4 - Physiology in Health, Disease & Ageing	1	Life Sciences (LS)	CANPLAST	101044047	1
55639377500	Barbier J.	Jean	Barbier	Jean Barbier	PE1 - Mathematics	1	Physical sciences & engineering (PE)	CHORAL	101039794	1
55657062700	Marangoni G.	Giacomo	Marangoni	Giacomo Marangoni	SH7 - Human Mobility, Environment & Space	1	Social sciences & humanities (SH)	EUNICE | PRISMA	101044703 | 101081604	2
55664294600	Martínez Vázquez R.	Rebeca	Martínez Vázquez	Rebeca Martínez Vázquez	PE8 - Products & Processes Engineering	1	Physical sciences & engineering (PE)	BEACONSANDEGG	101053122	1
55666907600	Marine J.	Jean Christophe W.	Marine	Jean-Christophe Marine	PE3 - Condensed Matter Physics	1	Physical sciences & engineering (PE)	StatCell	101054653	1
55667348900	Aloisio A.	Alberto	Aloisio	A. Aloisio	PE2 - Fundamental Constituents of Matter	1	Physical sciences & engineering (PE)	DITTO	101089007	1
55670722100	Matroodi F.	Fatima	Matroodi	Fatima Matroodi	PE5 - Synthetic Chemistry & Materials	1	Physical sciences & engineering (PE)	SYNPHOCAT	101040025	1
55695144300	Mangini F.	Fabio	Mangini	F. Mangini	PE7 - Systems & Communication Engineering	1	Physical sciences & engineering (PE)	MULTIBRIDGE	101081871	1
55697699100	Pasotti M.	Marco	Pasotti	M. Pasotti	PE7 - Systems & Communication Engineering	1	Physical sciences & engineering (PE)	ANIMATE	101054098	1
55702121000	Margherita G.	Giorgia	Margherita	Giorgia Margherita	SH4 - The Human Mind and its Complexity	1	Social sciences & humanities (SH)	e-Perinatal	101042139	1
55706321100	Punie K.	Kevin	Punie	Kevin Punie	LS4 - Physiology in Health, Disease & Ageing	1	Life Sciences (LS)	MetaIron | EXPAND IT	101112780 | 101055422	2
55711165700	Fossati M.	Matteo	Fossati	M. Fossati	PE9 - Universe Sciences	1	Physical sciences & engineering (PE)	ULU	101086378	1
55735884100	Montefinese M.	Maria	Montefinese	Maria Montefinese	SH4 - The Human Mind and its Complexity	1	Social sciences & humanities (SH)	FLEXBRAIN	101043747	1
55754733900	Mandal M.	Manoj K.	Mandal	Manoj K. Mandal	PE2 - Fundamental Constituents of Matter	1	Physical sciences & engineering (PE)	FFHiggsTop	101040760	1
55755712400	Gerbino M.	Martina	Gerbino	M. Gerbino	PE9 - Universe Sciences	1	Physical sciences & engineering (PE)	RELiCS	101116027	1
55782338600	Nero C.	Camilla	Nero	Camilla Nero	LS7 - Prevention, Diagnosis & Treatment of Human Diseases	1	Life Sciences (LS)	MR O MICS	101077710	1
55789505171	Blennow K.	Kaj	Blennow	Kaj Blennow	LS7 - Prevention, Diagnosis & Treatment of Human Diseases	1	Life Sciences (LS)	FLUBIODEM	101053962	1
55789808900	Fontana L.	Lorenza Belinda	Fontana	Lorenza B. Fontana	SH7 - Human Mobility, Environment & Space	1	Social sciences & humanities (SH)	FIREPOL	101076495	1
55790801900	Sobacchi E.	Emanuele	Sobacchi	E. Sobacchi	PE9 - Universe Sciences	1	Physical sciences & engineering (PE)	MultiJets	101055307	1
55792569700	Filippeschi C.	Carlo	Filippeschi	Carlo Filippeschi	PE8 - Products & Processes Engineering	1	Physical sciences & engineering (PE)	SURFACE	101039198	1
55805677400	Amaral Coutinho Y.	Y.	Amaral Coutinho	Y. Amaral Coutinho	PE2 - Fundamental Constituents of Matter	1	Physical sciences & engineering (PE)	DITTO	101089007	1
55814174200	Mikulan E.	Ezequiel Pablo	Mikulan	Ezequiel Mikulan	SYG-LS Life Sciences	1	Life Sciences (LS)	NEMESIS	101071900	1
55814529600	Carletti L.	Luca	Carletti	Luca Carletti	PE7 - Systems & Communication Engineering	1	Physical sciences & engineering (PE)	3D NOAM	101044797	1
55815723000	Fusco L.	Luigi Antonio	Fusco	L. Fusco	PE9 - Universe Sciences	1	Physical sciences & engineering (PE)	BOOTES	101076343	1
55816252300	Mavilia R.	Roberto	Mavilia	Roberto Mavilia	SH7 - Human Mobility, Environment & Space	1	Social sciences & humanities (SH)	UPTAKE | FIND	101081521 | 101117427	2
55822336900	Kodric B.	Bojana	Kodric	Bojana Kodric	PE6 - Computer Science & Informatics	1	Physical sciences & engineering (PE)	REGINDEX	101039208	1
55845430900	Di Stasio F.	Francesco	Di Stasio	Francesco Di Stasio	PE5 - Synthetic Chemistry & Materials	1	Physical sciences & engineering (PE)	NEHA	101095974	1
55848919700	Perna M.	Michele	Perna	M. Perna	PE9 - Universe Sciences	1	Physical sciences & engineering (PE)	MW-WINDS	101040751	1
55863615900	Boldrini L.	Luca	Boldrini	Luca Boldrini	LS7 - Prevention, Diagnosis & Treatment of Human Diseases	1	Life Sciences (LS)	MR O MICS	101077710	1
55866593300	Montalto R.	Riccardo	Montalto	Riccardo Montalto	PE1 - Mathematics	1	Physical sciences & engineering (PE)	HamDyWWa	101039762	1
55873721900	Verga L.	Laura	Verga	Laura Verga	SH4 - The Human Mind and its Complexity	1	Social sciences & humanities (SH)	TOHR	101041885	1
55876678300	Benozzo D.	Danilo	Benozzo	Danilo Benozzo	SYG-LS Life Sciences	1	Life Sciences (LS)	NEMESIS	101071900	1
55878489100	Rutiku R.	Renate	Rutiku	Renate Rutiku	SYG-LS Life Sciences	1	Life Sciences (LS)	NEMESIS	101071900	1
55880130700	Paladino R.	Rosita	Paladino	R. Paladino	PE9 - Universe Sciences	1	Physical sciences & engineering (PE)	ULU	101086378	1
55882228300	Spanò R.	Raffaele	Spanò	Raffaele Spanò	PE8 - Products & Processes Engineering	1	Physical sciences & engineering (PE)	microMESH	101069326	1
55887427800	Prandoni I.	Isabella	Prandoni	I. Prandoni	PE9 - Universe Sciences	1	Physical sciences & engineering (PE)	ULU	101086378	1
55887920400	Chiarusi T.	Tommaso	Chiarusi	T. Chiarusi	PE9 - Universe Sciences	1	Physical sciences & engineering (PE)	BOOTES	101076343	1
55902300100	Guetta D.	Dafne	Guetta	D. Guetta	PE2 - Fundamental Constituents of Matter	1	Physical sciences & engineering (PE)	NEUTRINOSHOT	101053168	1
55907556200	Sala B.	Benedetto	Sala	Benedetto Sala	SH6 - The Study of the Human Past	1	Social sciences & humanities (SH)	LATEUROPE	101052653	1
55907595000	Jefferies E.	Elizabeth A.	Jefferies	Elizabeth Jefferies	SH4 - The Human Mind and its Complexity	1	Social sciences & humanities (SH)	FLEXBRAIN	101043747	1
55912140700	Persano S.	Stefano	Persano	Stefano Persano	PE11 - Materials Engineering	1	Physical sciences & engineering (PE)	GIULIa	101044020	1
55913457400	Troia A.	Adriano	Troia	A.Troia	LS7 - Prevention, Diagnosis & Treatment of Human Diseases	1	Life Sciences (LS)	AI CUrES	101081529	1
55916740500	Carniani S.	Stefano	Carniani	S. Carniani	PE9 - Universe Sciences	1	Physical sciences & engineering (PE)	MW-WINDS	101040751	1
55925390300	Cereseto A.	Anna	Cereseto	Anna Cereseto	LS8 - Environmental Biology, Ecology & Evolution	1	Life Sciences (LS)	microTOUCH	101045015	1
55937688800	Cassará L.	Letizia Pasqua	Cassará	Letizia Cassara	PE9 - Universe Sciences	1	Physical sciences & engineering (PE)	TransPIre	101042299	1
55939657800	Perchiazzi G.	Gaetano	Perchiazzi	Gaetano Perchiazzi	PE8 - Products & Processes Engineering	1	Physical sciences & engineering (PE)	NoOne	101040383	1
55942738600	Sáenz M.	Manuel	Sáenz	Manuel Sáenz	PE1 - Mathematics	1	Physical sciences & engineering (PE)	CHORAL	101039794	1
55948928600	Clementini G.	Gisella	Clementini	G. Clementini	PE9 - Universe Sciences	1	Physical sciences & engineering (PE)	ISM-FLOW	101055318	1
55963939500	Antuch M.	Manuel	Antuch	Manuel Antuch	PE5 - Synthetic Chemistry & Materials	1	Physical sciences & engineering (PE)	PROTO-BACT | PROTOMAT	101107715 | 101039578	2
55980341800	Marino A.	Attilio	Marino	Attilio Marino	PE8 - Products & Processes Engineering	1	Physical sciences & engineering (PE)	BiSCUIT	101146025	1
55984908600	Sartori B.	Barbara	Sartori	Barbara Sartori	PE11 - Materials Engineering	1	Physical sciences & engineering (PE)	JANUS BI	101041229	1
55991000900	Palange A.	Anna Lisa	Palange	Anna Lisa Palange	PE8 - Products & Processes Engineering	1	Physical sciences & engineering (PE)	microMESH	101069326	1
55999464500	Franchi E.	Elena	Franchi	Elena Franchi	SH6 - The Study of the Human Past	1	Social sciences & humanities (SH)	FeBo	101043954	1
56020605000	Pancaldi M.	Matteo	Pancaldi	Matteo Pancaldi	PE4 - Physical & Analytical Chemical Sciences	1	Physical sciences & engineering (PE)	CHIRAX	101095012	1
56020972100	Grisoni F.	Francesca	Grisoni	Francesca Grisoni	PE5 - Synthetic Chemistry & Materials	1	Physical sciences & engineering (PE)	NeuRoPROBE	101040355	1
56022362600	Mondelli M.	Marco	Mondelli	Marco Mondelli	PE1 - Mathematics	1	Physical sciences & engineering (PE)	CHORAL	101039794	1
56023851500	Taverna R.	Roberto	Taverna	Roberto Taverna	PE9 - Universe Sciences	1	Physical sciences & engineering (PE)	BOOTES	101076343	1
56029197100	Petrozzi A.	Alessandro	Petrozzi	Alessandro Petrozzi	PE8 - Products & Processes Engineering	1	Physical sciences & engineering (PE)	HELIOS	101041255	1
56033807000	Rugarli E.	Elena I.	Rugarli	Elena Rugarli	LS4 - Physiology in Health, Disease & Ageing	1	Life Sciences (LS)	AUTO-SELECT	101045285	1
56036766600	Michiels S.	Stefan Phd	Michiels	Stefan Michiels	LS4 - Physiology in Health, Disease & Ageing	1	Life Sciences (LS)	CANPLAST	101044047	1
56045611100	Dassi F.	Franco	Dassi	F. Dassi	SYG-PE Physical sciences & engineering	1	Physical sciences & engineering (PE)	NEMESIS	101115663	1
56047065200	Floreano L.	Luca	Floreano	Luca Floreano	SYG-PE Physical sciences & engineering	1	Physical sciences & engineering (PE)	Orbital Cinema	101071259	1
56051612800	Taddeucci J.	J.	Taddeucci	Jacopo Taddeucci	PE10 - Earth System Science	1	Physical sciences & engineering (PE)	NANOVOLC	101044772	1
56072539300	D'Angelo A.	Anna	D'Angelo	Anna D’Angelo	LS7 - Prevention, Diagnosis & Treatment of Human Diseases	1	Life Sciences (LS)	SAFE-MRI	101087701	1
56089642300	Hambye T.	Thomas	Hambye	Thomas Hambye	PE2 - Fundamental Constituents of Matter	1	Physical sciences & engineering (PE)	NLO-DM	101044443	1
56102896400	Langlois M.	Maud P.	Langlois	Maud Langlois	PE9 - Universe Sciences	1	Physical sciences & engineering (PE)	DiscEvol	101039651	1
56114751500	Guercilena F.	Federico Maria	Guercilena	Federico Maria Guercilena	PE9 - Universe Sciences	1	Physical sciences & engineering (PE)	InspiReM	101043372	1
56117457500	Rigodanza F.	Francesco	Rigodanza	Francesco Rigodanza	PE5 - Synthetic Chemistry & Materials	1	Physical sciences & engineering (PE)	SYNPHOCAT	101040025	1
56119256500	Iampietro C.	Corinne	Iampietro	Corinne Iampietro	LS7 - Prevention, Diagnosis & Treatment of Human Diseases	1	Life Sciences (LS)	NEOGRAFT	101045467	1
56125338400	Montessori A.	Andrea	Montessori	Andrea Montessori	PE8 - Products & Processes Engineering	1	Physical sciences & engineering (PE)	DROPTRACK	101081171	1
56134245100	Cassone G.	G.	Cassone	Giuseppe Cassone	PE4 - Physical & Analytical Chemical Sciences	1	Physical sciences & engineering (PE)	HyBOP	101043272	1
56136706200	Alpigiani C.	Cristiano	Alpigiani	C. Alpigiani	PE2 - Fundamental Constituents of Matter	1	Physical sciences & engineering (PE)	DITTO	101089007	1
56138570700	Zitelli M.	Mario	Zitelli	M. Zitelli	PE7 - Systems & Communication Engineering	1	Physical sciences & engineering (PE)	MULTIBRIDGE	101081871	1
56144906200	Caiffi B.	Barbara	Caiffi	B. Caiffi	PE9 - Universe Sciences	1	Physical sciences & engineering (PE)	BOOTES	101076343	1
56146778700	Labanca L.	Luciana	Labanca	Luciana Labanca	PE7 - Systems & Communication Engineering	1	Physical sciences & engineering (PE)	GRASPAGAIN	101118089	1
56147271800	Lucivero V.	Vito Giovanni	Lucivero	Vito Giovanni Lucivero	PE2 - Fundamental Constituents of Matter	1	Physical sciences & engineering (PE)	Field-SEER	101097313	1
56149579000	Mazzarotto F.	Francesco	Mazzarotto	Mazzarotto Francesco	PE8 - Products & Processes Engineering	1	Physical sciences & engineering (PE)	MucOncoBots	101138723	1
56181497000	Capelli R.	Riccardo	Capelli	Riccardo Capelli	PE4 - Physical & Analytical Chemical Sciences	1	Physical sciences & engineering (PE)	COMP-O-CELL	101053661	1
56188077700	Bertin V.	Vincent	Bertin	V. Bertin	PE9 - Universe Sciences	1	Physical sciences & engineering (PE)	BOOTES	101076343	1
56188182400	Schneider R.	Raffaella	Schneider	R Schneider	PE9 - Universe Sciences	1	Physical sciences & engineering (PE)	VOYAJ	101088676	1
56192294400	Viola F.	Francesco	Viola	Francesco Viola	PE8 - Products & Processes Engineering	1	Physical sciences & engineering (PE)	CARDIOTRIALS	101039657	1
56209002300	Mancinelli S.	Sara	Mancinelli	Sara Mancinelli	LS5 - Neuroscience & Disorders of the Nervous Systems	1	Life Sciences (LS)	IMPACT	101043003	1
56209989300	Coyle P.	P. A.	Coyle	P. Coyle	PE9 - Universe Sciences	1	Physical sciences & engineering (PE)	BOOTES	101076343	1
56211821600	Peruzzi L.	Licia	Peruzzi	Licia Peruzzi	LS7 - Prevention, Diagnosis & Treatment of Human Diseases	1	Life Sciences (LS)	NEOGRAFT	101045467	1
56214225500	Couderc V.	Vincent	Couderc	V. Couderc	PE7 - Systems & Communication Engineering	1	Physical sciences & engineering (PE)	MULTIBRIDGE	101081871	1
56224636200	Allport P.	Philip Patrick	Allport	P.P. Allport	PE2 - Fundamental Constituents of Matter	1	Physical sciences & engineering (PE)	DITTO	101089007	1
56228789900	Pian E.	Elena	Pian	Elena Pian	PE9 - Universe Sciences	1	Physical sciences & engineering (PE)	MultiJets	101055307	1
56231867900	Cotana F.	F.	Cotana	Franco Cotana	PE8 - Products & Processes Engineering	1	Physical sciences & engineering (PE)	HELIOS	101041255	1
56239931500	Finelli F.	Fabio	Finelli	Fabio Finelli	PE9 - Universe Sciences	1	Physical sciences & engineering (PE)	NewRecords	101076865	1
56243661100	Moretti A.	Alberto	Moretti	Alberto Moretti	PE9 - Universe Sciences	1	Physical sciences & engineering (PE)	BOOTES	101076343	1
56249831400	Banci L.	Lucia	Banci	Lucia Banci	PE4 - Physical & Analytical Chemical Sciences	1	Physical sciences & engineering (PE)	Fragment-Screen | SystemDirectMS	101094131 | 101092725	2
56249853000	Kirillov O.	Oleg N.	Kirillov	Oleg N. Kirillov	PE8 - Products & Processes Engineering	1	Physical sciences & engineering (PE)	Beyond	101052956	1
56250185300	D'Avanzo P.	Paolo	D'Avanzo	Paolo D’Avanzo	SYG-PE Physical sciences & engineering	1	Physical sciences & engineering (PE)	HEAVYMETAL	101071865	1
56252981100	Maiolino R.	Roberto	Maiolino	R. Maiolino	PE9 - Universe Sciences	1	Physical sciences & engineering (PE)	MW-WINDS	101040751	1
56268146200	Conte A.	Adriano Mosca	Conte	Adriano Mosca Conte	PE3 - Condensed Matter Physics	1	Physical sciences & engineering (PE)	MICROTECH	101066434	1
56273373700	Turolla R.	Roberto	Turolla	Roberto Turolla	PE9 - Universe Sciences	1	Physical sciences & engineering (PE)	BOOTES	101076343	1
56273617400	Donzaud C.	Corinne	Donzaud	C. Donzaud	PE9 - Universe Sciences	1	Physical sciences & engineering (PE)	BOOTES	101076343	1
56273926900	Finazzi M.	Marco	Finazzi	Marco Finazzi	PE7 - Systems & Communication Engineering	1	Physical sciences & engineering (PE)	3D NOAM	101044797	1
56274036800	Basa S.	Stéphane	Basa	S. Basa	PE9 - Universe Sciences	1	Physical sciences & engineering (PE)	BOOTES	101076343	1
56274915100	Lombardi M.	Marco	Lombardi	Marco Lombardi	PE9 - Universe Sciences	1	Physical sciences & engineering (PE)	ISM-FLOW	101055318	1
56275157900	Arnaboldi M.	Magda	Arnaboldi	Magda Arnaboldi	PE9 - Universe Sciences	1	Physical sciences & engineering (PE)	ISM-FLOW	101055318	1
56294655500	Cabras L.	Luigi	Cabras	L. Cabras	PE8 - Products & Processes Engineering	1	Physical sciences & engineering (PE)	Beyond	101052956	1
56336345600	Penocchio E.	Emanuele	Penocchio	Emanuele Penocchio	PE4 - Physical & Analytical Chemical Sciences	1	Physical sciences & engineering (PE)	KI-NET	101041933	1
56352053900	Vanacore A.	Adele	Vanacore	Adele Vanacore	PE5 - Synthetic Chemistry & Materials	1	Physical sciences & engineering (PE)	DEBUGGING-LPS	101039841	1
56359388100	Salvalaggio A.	Alessandro	Salvalaggio	Alessandro Salvalaggio	SYG-LS Life Sciences	1	Life Sciences (LS)	NEMESIS	101071900	1
56382023100	Albert A.	Andrea M.	Albert	A. Albert	PE9 - Universe Sciences	1	Physical sciences & engineering (PE)	BOOTES	101076343	1
56383550400	Tartaglia L.	Leonardo	Tartaglia	Leonardo Tartaglia	PE9 - Universe Sciences	1	Physical sciences & engineering (PE)	TransPIre	101042299	1
56387603800	Scattolini V.	Valentina	Scattolini	Valentina Scattolini	LS7 - Prevention, Diagnosis & Treatment of Human Diseases	1	Life Sciences (LS)	ReprOids	101055300	1
56388768100	Aieta C.	Chiara	Aieta	Chiara Aieta	PE4 - Physical & Analytical Chemical Sciences	1	Physical sciences & engineering (PE)	SEMISOFT	101081361	1
56392939000	Iuorio A.	Annalisa	Iuorio	Annalisa Iuorio	SYG-LS Life Sciences	1	Life Sciences (LS)	Resilience	101071417	1
56396332300	Viola F.	Fabrizio Antonio	Viola	Fabrizio Viola	PE8 - Products & Processes Engineering	1	Physical sciences & engineering (PE)	NoOne	101040383	1
56397823600	Caputo C.	Claudio	Caputo	C. Caputo	PE2 - Fundamental Constituents of Matter	1	Physical sciences & engineering (PE)	INTREPID	101115353	1
56400444300	Donati G.	Greta	Donati	Greta Donati	PE5 - Synthetic Chemistry & Materials	1	Physical sciences & engineering (PE)	DEBUGGING-LPS	101039841	1
56414856500	Di Mario L.	Lorenzo	Di Mario	Lorenzo Di Mario	PE11 - Materials Engineering	1	Physical sciences & engineering (PE)	DEOM	101055097	1
56414911700	D’Annibale F.	Francesco	D’Annibale	F. D’Annibale	PE8 - Products & Processes Engineering	1	Physical sciences & engineering (PE)	Beyond	101052956	1
56416333500	Fortunati A.	Alessandro	Fortunati	Alessandro Fortunati	PE8 - Products & Processes Engineering	1	Physical sciences & engineering (PE)	S-FOAM	101086644	1
56418947300	Arnesano M.	Marco	Arnesano	Marco Arnesano	PE8 - Products & Processes Engineering	1	Physical sciences & engineering (PE)	HELIOS	101041255	1
56422477100	Diroma M.	Maria Angela	Diroma	Maria Angela Diroma	SH6 - The Study of the Human Past	1	Social sciences & humanities (SH)	MOTHERS	101077348	1
56423307400	Prato M.	Maurizio	Prato	Maurizio Prato	PE5 - Synthetic Chemistry & Materials	1	Physical sciences & engineering (PE)	PROTOMAT	101039578	1
56428828600	Pezzoli A.	Andrea	Pezzoli	A. Pezzoli	PE7 - Systems & Communication Engineering	1	Physical sciences & engineering (PE)	ANIMATE	101054098	1
56450862300	Gualandi L.	Lorenzo	Gualandi	Lorenzo Gualandi	PE4 - Physical & Analytical Chemical Sciences	1	Physical sciences & engineering (PE)	KI-NET	101041933	1
56491069000	Desiato G.	Genni	Desiato	Genni Desiato	LS5 - Neuroscience & Disorders of the Nervous Systems	1	Life Sciences (LS)	IMPACT	101043003	1
56493938500	Becker R.	Ruben	Becker	Ruben Becker	PE6 - Computer Science & Informatics	1	Physical sciences & engineering (PE)	REGINDEX	101039208	1
56505439800	De Giovanni M.	Marco	De Giovanni	Marco De Giovanni	LS6 - Immunity, Infection & Immunotherapy	1	Life Sciences (LS)	GREMLIN	101116224	1
56507296900	Romaniello D.	Donatella	Romaniello	Donatella Romaniello	LS7 - Prevention, Diagnosis & Treatment of Human Diseases	1	Life Sciences (LS)	ResistSOS	101097332	1
56512198400	Riseley C.	C. J.	Riseley	C. J. Riseley	PE9 - Universe Sciences	1	Physical sciences & engineering (PE)	ULU	101086378	1
56512249100	Salafia O.	O. S.	Salafia	Om Sharan Salafia	SYG-PE Physical sciences & engineering	1	Physical sciences & engineering (PE)	HEAVYMETAL	101071865	1
56515416000	González-Álvarez E.	Esther	González-Álvarez	E. González-Álvarez	PE9 - Universe Sciences	1	Physical sciences & engineering (PE)	FIERCE	101052347	1
56524474400	Emmerling J.	Johannes	Emmerling	Johannes Emmerling	SH7 - Human Mobility, Environment & Space	1	Social sciences & humanities (SH)	EUNICE | PRISMA	101044703 | 101081604	2
56528266800	de Donato F.	Francesco	de Donato	Francesco De Donato	PE11 - Materials Engineering	1	Physical sciences & engineering (PE)	GIULIa	101044020	1
56538585500	Baro V.	Valentina	Baro	Valentina Baro	SYG-LS Life Sciences	1	Life Sciences (LS)	NEMESIS	101071900	1
56538932400	Casini A.	Antonio	Casini	Antonio Casini	LS8 - Environmental Biology, Ecology & Evolution	1	Life Sciences (LS)	microTOUCH	101045015	1
56539993300	Ballotta D.	Daniela	Ballotta	Daniela Ballotta	SH4 - The Human Mind and its Complexity	1	Social sciences & humanities (SH)	UnaWireD	101042625	1
56575141100	Bursi L.	Luca	Bursi	Luca Bursi	PE7 - Systems & Communication Engineering	1	Physical sciences & engineering (PE)	F2GO	101055379	1
56576467500	Cocchi M.	Massimo	Cocchi	Massimo Cocchi	PE9 - Universe Sciences	1	Physical sciences & engineering (PE)	BOOTES	101076343	1
56581966700	Corti V.	Vasco	Corti	Vasco Corti	PE5 - Synthetic Chemistry & Materials	1	Physical sciences & engineering (PE)	SYNPHOCAT | PHOTO-STEREO | ChirAzaL	101040025 | 101106125 | 101105828	3
56589685400	Lauricella M.	Marco	Lauricella	Marco Lauricella	PE8 - Products & Processes Engineering	1	Physical sciences & engineering (PE)	DROPTRACK	101081171	1
56593303800	Tucny J.	Jean Michel	Tucny	Jean-Michel Tucny	PE8 - Products & Processes Engineering	1	Physical sciences & engineering (PE)	DROPTRACK	101081171	1
56615502700	Pozzati M.	Micaela	Pozzati	Micaela Pozzati	PE11 - Materials Engineering	1	Physical sciences & engineering (PE)	JANUS BI	101041229	1
56624213000	Privitera A.	Alberto	Privitera	Alberto Privitera	SYG-PE Physical sciences & engineering	1	Physical sciences & engineering (PE)	CASTLE	101071533	1
56644696300	Defenu N.	Nicolò	Defenu	Nicolò Defenu	PE2 - Fundamental Constituents of Matter	1	Physical sciences & engineering (PE)	QLR-Net	101077500	1
56646253200	Fasolato C.	Claudia	Fasolato	Claudia Fasolato	PE4 - Physical & Analytical Chemical Sciences	1	Physical sciences & engineering (PE)	DELIGHT	101052708	1
56655026400	Buonocore L.	Luca	Buonocore	Luca Buonocore	PE2 - Fundamental Constituents of Matter	1	Physical sciences & engineering (PE)	JANUS	101044599	1
56656213600	Carlotti M.	Marco	Carlotti	Marco Carlotti	PE8 - Products & Processes Engineering	1	Physical sciences & engineering (PE)	SURFACE	101039198	1
56664514200	Sembroni A.	Andrea	Sembroni	Andrea Sembroni	PE10 - Earth System Science	1	Physical sciences & engineering (PE)	EMERGE	101087245	1
56670371400	Fumagalli I.	Ivan	Fumagalli	Ivan Fumagalli	SYG-PE Physical sciences & engineering	1	Physical sciences & engineering (PE)	NEMESIS	101115663	1
56674544300	Cupellini L.	Lorenzo	Cupellini	Lorenzo Cupellini	LS9 - Biotechnology & Biosystems Engineering	1	Life Sciences (LS)	GrInSun	101053983	1
56681229800	Oliveto S.	Stefania	Oliveto	Stefania Oliveto	PE8 - Products & Processes Engineering	1	Physical sciences & engineering (PE)	BEACONSANDEGG	101053122	1
56705277700	Bortolini E.	Eugenio	Bortolini	Eugenio Bortolini	SH6 - The Study of the Human Past	1	Social sciences & humanities (SH)	MOTHERS	101077348	1
56711263700	Cuciti V.	Virginia	Cuciti	V. Cuciti	PE9 - Universe Sciences	1	Physical sciences & engineering (PE)	ULU	101086378	1
56721413600	Cimoli L.	Laura	Cimoli	Laura Cimoli	PE10 - Earth System Science	1	Physical sciences & engineering (PE)	VERTEXSO	101041743	1
56728467500	Brienza M.	Marisa	Brienza	M. Brienza	PE9 - Universe Sciences	1	Physical sciences & engineering (PE)	ULU	101086378	1
56731126700	Oxilia G.	Gregorio	Oxilia	Gregorio Oxilia	SH6 - The Study of the Human Past	1	Social sciences & humanities (SH)	MOTHERS	101077348	1
56786650900	Beltrami D.	Daniela	Beltrami	Daniela Beltrami	SH4 - The Human Mind and its Complexity	1	Social sciences & humanities (SH)	UnaWireD	101042625	1
56801549000	Veronesi B.	Benedetta	Veronesi	B. Veronesi	PE9 - Universe Sciences	1	Physical sciences & engineering (PE)	UNVEIL	101076613	1
56807017600	Calliari E.	Elisa	Calliari	Elisa Calliari	SH7 - Human Mobility, Environment & Space	1	Social sciences & humanities (SH)	EUNICE | ELEVATE	101044703 | 101056873	2
56818885600	Ballardini M.	Mario	Ballardini	Mario Ballardini	PE9 - Universe Sciences	1	Physical sciences & engineering (PE)	NewRecords	101076865	1
56830260800	Rosso F.	Federica	Rosso	Federica Rosso	PE8 - Products & Processes Engineering	1	Physical sciences & engineering (PE)	HELIOS	101041255	1
56830365400	Boeri L.	Lucia	Boeri	Lucia Boeri	PE8 - Products & Processes Engineering	1	Physical sciences & engineering (PE)	NICHILD | BEACONSANDEGG	101068512 | 101053122	2
56841320700	Breton S.	Sylvain N.	Breton	Sylvain N. Breton	PE9 - Universe Sciences	1	Physical sciences & engineering (PE)	FIERCE	101052347	1
56844938600	Pala M.	Mauro	Pala	Mauro Pala	LS8 - Environmental Biology, Ecology & Evolution	1	Life Sciences (LS)	microTOUCH | DOMINO	101045015 | 101060218	2
56845606700	Cannelli O.	Oliviero	Cannelli	Oliviero Cannelli	PE4 - Physical & Analytical Chemical Sciences	1	Physical sciences & engineering (PE)	CHIRAX	101095012	1
56845760500	Contesi F.	Filippo	Contesi	Filippo Contesi	SH5 - Cultures & Cultural Production	1	Social sciences & humanities (SH)	PEA	101040535	1
56884263000	Decuzzi P.	Paolo	Decuzzi	Paolo Decuzzi	PE8 - Products & Processes Engineering	1	Physical sciences & engineering (PE)	microMESH	101069326	1
56889137700	Busetto G.	Giovanni	Busetto	G. Busetto	PE9 - Universe Sciences	1	Physical sciences & engineering (PE)	BOOTES	101076343	1
56890803900	Spandre G.	G.	Spandre	Gloria Spandre	PE9 - Universe Sciences	1	Physical sciences & engineering (PE)	BOOTES	101076343	1
56896110000	Lemmers S.	Simone A.M.	Lemmers	Simone Lemmers	SH6 - The Study of the Human Past	1	Social sciences & humanities (SH)	MOTHERS	101077348	1
56908506000	Coreno M.	Marcello	Coreno	Marcello Coreno	PE4 - Physical & Analytical Chemical Sciences	1	Physical sciences & engineering (PE)	CHIRAX	101095012	1
56911604400	Davies A.	Alexander Giles	Davies	A Giles Davies	PE7 - Systems & Communication Engineering	1	Physical sciences & engineering (PE)	STAR	101081567	1
56913141800	Amati A.	Agnese	Amati	Agnese Amati	PE5 - Synthetic Chemistry & Materials	1	Physical sciences & engineering (PE)	SYNPHOCAT | PHOTO-STEREO | ChirAzaL	101040025 | 101106125 | 101105828	3
56955623200	Alonso-Santiago J.	J.	Alonso-Santiago	J. Alonso-Santiago	PE9 - Universe Sciences	1	Physical sciences & engineering (PE)	FIERCE	101052347	1
56956512300	De Rosa A.	Antonio	De Rosa	Antonio De Rosa	PE1 - Mathematics	1	Physical sciences & engineering (PE)	ANGEVA	101076411	1
56956669800	Zanella G.	Giacomo	Zanella	Giacomo Zanella	PE1 - Mathematics	1	Physical sciences & engineering (PE)	PrSc-HDBayLe	101076564	1
56962709900	Ridolfi E.	Elena	Ridolfi	Elena Ridolfi	PE10 - Earth System Science	1	Physical sciences & engineering (PE)	ForExD | MEDEWSA	101039567 | 101121192	2
56966583400	Lamperti F.	Francesco	Lamperti	Francesco Lamperti	SH7 - Human Mobility, Environment & Space	1	Social sciences & humanities (SH)	UPTAKE | FIND	101081521 | 101117427	2
56968075100	Zangrossi A.	Andrea	Zangrossi	Andrea Zangrossi	SYG-LS Life Sciences	1	Life Sciences (LS)	NEMESIS	101071900	1
56969147000	Brasili F.	Francesco	Brasili	Francesco Brasili	PE3 - Condensed Matter Physics	1	Physical sciences & engineering (PE)	MICROTECH	101066434	1
56978805100	Anulli F.	Fabio	Anulli	F. Anulli	PE2 - Fundamental Constituents of Matter	1	Physical sciences & engineering (PE)	DITTO	101089007	1
57024139000	Dellù E.	Elena	Dellù	Elena Dellù	SH6 - The Study of the Human Past	1	Social sciences & humanities (SH)	MOTHERS	101077348	1
57038514100	Lago S.	Sara	Lago	Sara Lago	SH4 - The Human Mind and its Complexity	1	Social sciences & humanities (SH)	PROMENADE	101045733	1
57044761600	Dal Poggetto V.	Vinicius F.	Dal Poggetto	V.F. Dal Poggetto	PE11 - Materials Engineering	1	Physical sciences & engineering (PE)	POSEIDON	101039576	1
57045850700	Vitagliano E.	Edoardo	Vitagliano	Edoardo Vitagliano	PE2 - Fundamental Constituents of Matter	1	Physical sciences & engineering (PE)	Light-Dark	101040019	1
57070087300	Distefano N.	Natalia	Distefano	Natalia Distefano	SH7 - Human Mobility, Environment & Space	1	Social sciences & humanities (SH)	SUperSAFE	101039222	1
57087295100	Leismüller K.	Klaus P.	Leismüller	K. Leismüller	PE2 - Fundamental Constituents of Matter	1	Physical sciences & engineering (PE)	NEUTRINOSHOT	101053168	1
57114430700	Ferrara G.	Giovanna	Ferrara	G. Ferrara	PE9 - Universe Sciences	1	Physical sciences & engineering (PE)	BOOTES	101076343	1
57114750700	Riccardi E.	Elisa	Riccardi	Elisa Riccardi	PE7 - Systems & Communication Engineering	1	Physical sciences & engineering (PE)	STAR	101081567	1
57118047200	Devalle G.	Guya Giuseppina	Devalle	Guya Devalle	SYG-LS Life Sciences	1	Life Sciences (LS)	NEMESIS	101071900	1
57144559800	Zari E.	Eleonora	Zari	Eleonora Zari	PE9 - Universe Sciences	1	Physical sciences & engineering (PE)	ISM-FLOW	101055318	1
57170320800	Dhungana D.	Daya Sagar	Dhungana	Daya S. Dhungana	PE8 - Products & Processes Engineering	1	Physical sciences & engineering (PE)	XMem	101069262	1
57172782000	Raffa P.	Paolo	Raffa	Paolo Raffa	LS7 - Prevention, Diagnosis & Treatment of Human Diseases	1	Life Sciences (LS)	ReprOids	101055300	1
57188547921	Bernardini E.	Elisa	Bernardini	E. Bernardini	PE9 - Universe Sciences	1	Physical sciences & engineering (PE)	BOOTES	101076343	1
57188567835	Calajó G.	Giuseppe	Calajó	Giuseppe Calajó	PE2 - Fundamental Constituents of Matter	1	Physical sciences & engineering (PE)	QUDITS | NeQST	101039522 | 101080086	2
57188633655	Lupo M.	Mariangela	Lupo	Mariangela Lupo	LS8 - Environmental Biology, Ecology & Evolution	1	Life Sciences (LS)	microTOUCH	101045015	1
57188699921	Rocchi J.	Jacopo Emanuele	Rocchi	Jacopo E. Rocchi	PE7 - Systems & Communication Engineering	1	Physical sciences & engineering (PE)	GRASPAGAIN	101118089	1
57188737716	Coppi G.	G.	Coppi	G. Coppi	PE9 - Universe Sciences	1	Physical sciences & engineering (PE)	RELiCS	101116027	1
57188739323	Rimola A.	Albert	Rimola	Albert Rimola	PE9 - Universe Sciences	1	Physical sciences & engineering (PE)	SUL4LIFE	101096293	1
57188767530	Debellis D.	Doriana	Debellis	Doriana Debellis	PE11 - Materials Engineering	1	Physical sciences & engineering (PE)	GIULIa	101044020	1
57188998230	Busti Ceccarelli S.	S. Busti	Busti Ceccarelli	Silvia Busti Ceccarelli	SH4 - The Human Mind and its Complexity	1	Social sciences & humanities (SH)	AUTISMS-3D	101087263	1
57189046483	Fosch-Villaronga E.	Eduard	Fosch-Villaronga	Eduard Fosch-Villaronga	SH2 - Institutions, Governance & Legal Systems	1	Social sciences & humanities (SH)	SAFEandSOUND	101076929	1
57189063018	Cogliati M.	Marta	Cogliati	Marta Cogliati	PE7 - Systems & Communication Engineering	1	Physical sciences & engineering (PE)	INcEPTION	101045605	1
57189214250	Illuminati G.	Giulia	Illuminati	G. Illuminati	PE9 - Universe Sciences	1	Physical sciences & engineering (PE)	BOOTES	101076343	1
57189214985	Durve M.	Mihir	Durve	Mihir Durve	PE8 - Products & Processes Engineering	1	Physical sciences & engineering (PE)	DROPTRACK	101081171	1
57189220083	Celli S.	Silvia	Celli	S. Celli	PE9 - Universe Sciences	1	Physical sciences & engineering (PE)	BOOTES	101076343	1
57189368833	Arcodia R.	Riccardo	Arcodia	R. Arcodia	PE9 - Universe Sciences	1	Physical sciences & engineering (PE)	ULU	101086378	1
57189445371	Rasile M.	Marco	Rasile	Marco Rasile	LS4 - Physiology in Health, Disease & Ageing	1	Life Sciences (LS)	MATILDA	101055323	1
57189448178	Cortese K.	Katia	Cortese	Katia Cortese	LS5 - Neuroscience & Disorders of the Nervous Systems	1	Life Sciences (LS)	IMPACT	101043003	1
57189469058	Liu Z.	Zheming	Liu	Zheming Liu	PE11 - Materials Engineering	1	Physical sciences & engineering (PE)	JANUS BI	101041229	1
57189471629	Donsante S.	Samantha	Donsante	Samantha Donsante	PE11 - Materials Engineering	1	Physical sciences & engineering (PE)	Immuno-mechanics	101054501	1
57189514434	Kidiyoor G.	Gururaj Rao	Kidiyoor	Gururaj Rao Kidiyoor	LS4 - Physiology in Health, Disease & Ageing	1	Life Sciences (LS)	CHARTAGING	101098074	1
57189520921	Bertero E.	Edoardo	Bertero	Edoardo Bertero	LS7 - Prevention, Diagnosis & Treatment of Human Diseases	1	Life Sciences (LS)	REVERSE	101054460	1
57189625691	Anglani M.	Maria Giulia	Anglani	Maria Giulia Anglani	SYG-LS Life Sciences	1	Life Sciences (LS)	NEMESIS	101071900	1
57189644507	Randolph L.	Lauren N.	Randolph	Lauren N. Randolph	LS7 - Prevention, Diagnosis & Treatment of Human Diseases	1	Life Sciences (LS)	HSC-reNEW	101044032	1
57189747077	Demozzi M.	Michele	Demozzi	Michele Demozzi	LS8 - Environmental Biology, Ecology & Evolution	1	Life Sciences (LS)	microTOUCH	101045015	1
57190000028	Principe G.	Giacomo	Principe	G. Principe	PE9 - Universe Sciences	1	Physical sciences & engineering (PE)	BOOTES	101076343	1
57190044602	Botti M.	Michele	Botti	Michele Botti	SYG-PE Physical sciences & engineering	1	Physical sciences & engineering (PE)	NEMESIS	101115663	1
57190047617	Carucci L.	Laura	Carucci	Laura Carucci	PE5 - Synthetic Chemistry & Materials	1	Physical sciences & engineering (PE)	DEBUGGING-LPS	101039841	1
57190074218	Berti A.	Alessio	Berti	A. Berti	PE9 - Universe Sciences	1	Physical sciences & engineering (PE)	BOOTES	101076343	1
57190078411	Guaglio M.	Marcello	Guaglio	Marcello Guaglio	PE8 - Products & Processes Engineering	1	Physical sciences & engineering (PE)	MucOncoBots	101138723	1
57190092171	Marre M.	Michel	Marre	Michel Marre	LS4 - Physiology in Health, Disease & Ageing	1	Life Sciences (LS)	OpiO	101043671	1
57190092427	Moretta L.	Lorenzo	Moretta	Lorenzo Moretta	LS6 - Immunity, Infection & Immunotherapy	1	Life Sciences (LS)	MEM-CLONK | ILCADAPT	101055157 | 101055309	2
57190209432	Sgro C.	Carmelo	Sgro	Carmelo sgrò	PE9 - Universe Sciences	1	Physical sciences & engineering (PE)	BOOTES	101076343	1
57190218438	Rocco D.	Davide	Rocco	Davide Rocco	PE7 - Systems & Communication Engineering	1	Physical sciences & engineering (PE)	3D NOAM	101044797	1
57190342916	Martinelli I.	Ilaria	Martinelli	Ilaria Martinelli	SH4 - The Human Mind and its Complexity	1	Social sciences & humanities (SH)	UnaWireD	101042625	1
57190488065	Valente D.	Daria	Valente	Daria Valente	SH4 - The Human Mind and its Complexity	1	Social sciences & humanities (SH)	TOHR	101041885	1
57190762823	Korol V.	Valeriya	Korol	Valeriya Korol	PE9 - Universe Sciences	1	Physical sciences & engineering (PE)	MultiJets	101055307	1
57190860943	Antel C.	Claire	Antel	C. Antel	PE2 - Fundamental Constituents of Matter	1	Physical sciences & engineering (PE)	DITTO	101089007	1
57190875351	Chiuso A.	Alessandro	Chiuso	Alessandro Chiuso	SYG-LS Life Sciences	1	Life Sciences (LS)	NEMESIS	101071900	1
57190985390	Korganbayev S.	Sanzhar	Korganbayev	Sanzhar Korganbayev	PE8 - Products & Processes Engineering	1	Physical sciences & engineering (PE)	LEILA	101069181	1
57191033676	Waqas A.	Abi	Waqas	Abi Waqas	PE7 - Systems & Communication Engineering	1	Physical sciences & engineering (PE)	BEAMS	101041131	1
57191270265	Venanzi T.	Tommaso	Venanzi	Tommaso Venanzi	PE4 - Physical & Analytical Chemical Sciences	1	Physical sciences & engineering (PE)	DELIGHT	101052708	1
57191339198	Congiu E.	Enrico	Congiu	Enrico Congiu	PE9 - Universe Sciences	1	Physical sciences & engineering (PE)	ISM-METALS	101077573	1
57191476752	Chiesa A.	Alessandro	Chiesa	A. Chiesa	SYG-PE Physical sciences & engineering	1	Physical sciences & engineering (PE)	CASTLE	101071533	1
57191593854	Trisolini M.	Mirko	Trisolini	Mirko Trisolini	PE8 - Products & Processes Engineering	1	Physical sciences & engineering (PE)	GREEN SPECIES	101089265	1
57191613448	Mariella E.	Elisa	Mariella	Elisa Mariella	PE3 - Condensed Matter Physics	1	Physical sciences & engineering (PE)	StatCell	101054653	1
57191826716	Vazzana A.	Antonino	Vazzana	Antonino Vazzana	SH6 - The Study of the Human Past	1	Social sciences & humanities (SH)	MOTHERS	101077348	1
57191912898	Gavilán H.	H.	Gavilán	Helena Gavilán	PE11 - Materials Engineering	1	Physical sciences & engineering (PE)	GIULIa	101044020	1
57192072804	Pisciotta A.	Antonino Fabio	Pisciotta	Antonino Fabio Pisciotta	SYG-PE Physical sciences & engineering	1	Physical sciences & engineering (PE)	ROTTnROCK	101118491	1
57192156099	Gracia-Abril G.	G.	Gracia-Abril	G. Gracia-Abril	PE9 - Universe Sciences	1	Physical sciences & engineering (PE)	ISM-FLOW	101055318	1
57192161455	Pailler F.	Frédéric	Pailler	F. Pailler	PE9 - Universe Sciences	1	Physical sciences & engineering (PE)	ISM-FLOW	101055318	1
57192251704	Filippini F.	Francesco	Filippini	F. Filippini	PE9 - Universe Sciences	1	Physical sciences & engineering (PE)	BOOTES	101076343	1
57192278409	Guaitoli G.	Giorgia	Guaitoli	Giorgia Guaitoli	LS4 - Physiology in Health, Disease & Ageing	1	Life Sciences (LS)	CANPLAST	101044047	1
57192312589	Baruzzo G.	Giacomo	Baruzzo	Giacomo Baruzzo	LS7 - Prevention, Diagnosis & Treatment of Human Diseases	1	Life Sciences (LS)	ReprOids	101055300	1
57192318084	Corrias M.	Maria Valeria	Corrias	Maria Valeria Corrias	LS8 - Environmental Biology, Ecology & Evolution	1	Life Sciences (LS)	microTOUCH	101045015	1
57192338978	Faggiani E.	Elisa	Faggiani	Elisa Faggiani	LS5 - Neuroscience & Disorders of the Nervous Systems	1	Life Sciences (LS)	IMPACT	101043003	1
57192431964	Krstulović M.	Marija	Krstulović	Marija Krstulovic	PE4 - Physical & Analytical Chemical Sciences	1	Physical sciences & engineering (PE)	CHIRAX	101095012	1
57192553120	Calistro-Rivera G.	Gabriela	Calistro-Rivera	Gabriela Calistro Rivera	PE9 - Universe Sciences	1	Physical sciences & engineering (PE)	ULU	101086378	1
57192554074	Heydari Astaraee A.	Asghar	Heydari Astaraee	Asghar Heydari Astaraee	PE8 - Products & Processes Engineering	1	Physical sciences & engineering (PE)	ArcHIDep	101044228	1
57192640181	Coleine C.	Claudia	Coleine	Claudia Coleine	LS8 - Environmental Biology, Ecology & Evolution	1	Life Sciences (LS)	microTOUCH	101045015	1
57192691328	Bolognesi M.	Marianna M.	Bolognesi	Marianna Bolognesi	SH4 - The Human Mind and its Complexity	1	Social sciences & humanities (SH)	FLEXBRAIN	101043747	1
57192877244	Valsoni S.	Sara	Valsoni	Sara Valsoni	LS7 - Prevention, Diagnosis & Treatment of Human Diseases	1	Life Sciences (LS)	HSC-reNEW	101044032	1
57192908687	Marrocco I.	Ilaria	Marrocco	Ilaria Marrocco	LS7 - Prevention, Diagnosis & Treatment of Human Diseases	1	Life Sciences (LS)	ResistSOS	101097332	1
57192912826	Gross C.	Cornelius Thilo	Gross	Cornelius T. Gross	LS5 - Neuroscience & Disorders of the Nervous Systems	1	Life Sciences (LS)	TERRITORY	101097411	1
57193046254	Bertelle A.	Alberto	Bertelle	Alberto Bertelle	LS8 - Environmental Biology, Ecology & Evolution	1	Life Sciences (LS)	microTOUCH	101045015	1
57193086193	Vigliar C.	Caterina	Vigliar	Caterina Vigliar	PE7 - Systems & Communication Engineering	1	Physical sciences & engineering (PE)	PROMETHEUS | QOMUNE	101070195 | 101077917	2
57193091555	Bin M.	Michelangelo	Bin	Michelangelo Bin	PE7 - Systems & Communication Engineering	1	Physical sciences & engineering (PE)	SpikyControl	101054323	1
57193162636	Rurale G.	Giuditta	Rurale	Giuditta Rurale	LS1 - Molecules of Life: Biological Mechanisms, Structures & Functions	1	Life Sciences (LS)	THYROMOL	101041298	1
57193195959	Palmirani M.	Monica	Palmirani	Monica Palmirani	SH2 - Institutions, Governance & Legal Systems	1	Social sciences & humanities (SH)	HyperModeLex	101055185	1
57193235044	Cancila V.	Valeria	Cancila	Valeria Cancila	LS4 - Physiology in Health, Disease & Ageing	1	Life Sciences (LS)	CHARTAGING	101098074	1
57193381674	Iavarone F.	Francescopaolo	Iavarone	Francescopaolo Iavarone	LS4 - Physiology in Health, Disease & Ageing	1	Life Sciences (LS)	AUTO-SELECT	101045285	1
57193434128	Formenti A.	Arianna	Formenti	Arianna Formenti	PE8 - Products & Processes Engineering	1	Physical sciences & engineering (PE)	PANTANI | EUROfusion	101069171 | 101052200	2
57193466240	García-López V.	Víctor	García-López	Víctor García-López	PE5 - Synthetic Chemistry & Materials	1	Physical sciences & engineering (PE)	2D-SMARTiES	101042680	1
57193493644	Marchetti F.	Filippo	Marchetti	Filippo Marchetti	PE4 - Physical & Analytical Chemical Sciences	1	Physical sciences & engineering (PE)	GREENZYME | FASTEN	101112805 | 101088032	2
57193526231	Tirrito E.	Emanuele	Tirrito	Emanuele Tirrito	PE2 - Fundamental Constituents of Matter	1	Physical sciences & engineering (PE)	RAVE	101053159	1
57193527025	Bianchi G.	Giuseppe	Bianchi	Giuseppe Bianchi	PE7 - Systems & Communication Engineering	1	Physical sciences & engineering (PE)	FIND-OUT	101078411	1
57193527028	Palumbo S.	Stefania	Palumbo	Stefania Palumbo	PE8 - Products & Processes Engineering	1	Physical sciences & engineering (PE)	Beyond	101052956	1
57193542402	Mucci V.	Viviana	Mucci	Viviana Mucci	PE7 - Systems & Communication Engineering	1	Physical sciences & engineering (PE)	INSPIRE	101076926	1
57193613731	de Simone M.	Marta	de Simone	M. De Simone	PE9 - Universe Sciences	1	Physical sciences & engineering (PE)	PEBBLES	101098309	1
57193630462	Cantoni V.	Valentina	Cantoni	Valentina Cantoni	LS7 - Prevention, Diagnosis & Treatment of Human Diseases	1	Life Sciences (LS)	FLUBIODEM	101053962	1
57193648075	J. Pataki N.	Nathan James	J. Pataki	Nathan James Pataki	PE7 - Systems & Communication Engineering	1	Physical sciences & engineering (PE)	ORTHOGONAL	101097876	1
57193680380	Bastianello G.	Giulia	Bastianello	Giulia Bastianello	LS4 - Physiology in Health, Disease & Ageing	1	Life Sciences (LS)	CHARTAGING	101098074	1
57193737550	Ferrato E.	Eugenio	Ferrato	Eugenio Ferrato	PE8 - Products & Processes Engineering	1	Physical sciences & engineering (PE)	BREATHE	101088694	1
57193749550	Lamoureux M.	M.	Lamoureux	M. Lamoureux	PE9 - Universe Sciences	1	Physical sciences & engineering (PE)	BOOTES	101076343	1
57193856809	Chaubey E.	Ekta	Chaubey	Ekta Chaubey	PE2 - Fundamental Constituents of Matter	1	Physical sciences & engineering (PE)	BOSON	101041109	1
57193867225	D'Orio P.	Piergiorgio	D'Orio	Piergiorgio d’Orio	SYG-LS Life Sciences	1	Life Sciences (LS)	NEMESIS	101071900	1
57194009067	Paoloni L.	Lorenzo	Paoloni	Lorenzo Paoloni	PE5 - Synthetic Chemistry & Materials	1	Physical sciences & engineering (PE)	SYNPHOCAT	101040025	1
57194018820	Russo L.	Luca	Russo	Luca Russo	LS7 - Prevention, Diagnosis & Treatment of Human Diseases	1	Life Sciences (LS)	MR O MICS	101077710	1
57194115439	Isnaldi E.	Edoardo	Isnaldi	Edoardo Isnaldi	LS4 - Physiology in Health, Disease & Ageing	1	Life Sciences (LS)	MetaIron | EXPAND IT	101112780 | 101055422	2
57194236474	Favaretto C.	Chiara	Favaretto	Chiara Favaretto	SYG-LS Life Sciences	1	Life Sciences (LS)	NEMESIS	101071900	1
57194346850	Cabral H.	Hélio V.	Cabral	Hélio V. Cabral	PE7 - Systems & Communication Engineering	1	Physical sciences & engineering (PE)	INcEPTION	101045605	1
57194375598	Maschio A.	Andrea	Maschio	Andrea Maschio	LS8 - Environmental Biology, Ecology & Evolution	1	Life Sciences (LS)	microTOUCH | DOMINO	101045015 | 101060218	2
57194384996	Adani G.	Giorgia	Adani	Giorgia Adani	SH4 - The Human Mind and its Complexity	1	Social sciences & humanities (SH)	UnaWireD	101042625	1
57194406732	Pino L.	Lorenzo	Pino	L. Pino	PE9 - Universe Sciences	1	Physical sciences & engineering (PE)	FIERCE	101052347	1
57194409282	Pigliautile I.	Ilaria	Pigliautile	Ilaria Pigliautile	PE8 - Products & Processes Engineering	1	Physical sciences & engineering (PE)	HELIOS	101041255	1
57194454891	Iannelli F.	Fabio	Iannelli	Fabio Iannelli	LS4 - Physiology in Health, Disease & Ageing	1	Life Sciences (LS)	CHARTAGING	101098074	1
57194471217	Malgieri G.	Gianclaudio	Malgieri	Gianclaudio Malgieri	SH2 - Institutions, Governance & Legal Systems	1	Social sciences & humanities (SH)	SAFEandSOUND	101076929	1
57194524250	Silvestri E.	Erica	Silvestri	Erica Silvestri	SYG-LS Life Sciences	1	Life Sciences (LS)	NEMESIS	101071900	1
57194584845	Caporaletti F.	Federico	Caporaletti	Federico Caporaletti	PE3 - Condensed Matter Physics	1	Physical sciences & engineering (PE)	GLAXES	101053167	1
57194627277	Domi A.	Alba	Domi	A. Domi	PE9 - Universe Sciences	1	Physical sciences & engineering (PE)	BOOTES	101076343	1
57194868199	Bianchi S.	Stefano	Bianchi	S. Bianchi	PE7 - Systems & Communication Engineering	1	Physical sciences & engineering (PE)	ANIMATE	101054098	1
57194904117	Di Lorenzo G.	Giorgia	Di Lorenzo	Giorgia Di Lorenzo	LS4 - Physiology in Health, Disease & Ageing	1	Life Sciences (LS)	AUTO-SELECT	101045285	1
57195154324	Ahmed W.	Waleed S.	Ahmed	W.S. Ahmed	PE2 - Fundamental Constituents of Matter	1	Physical sciences & engineering (PE)	DITTO	101089007	1
57195200228	Scharff R.	Rob B.N.	Scharff	Rob Bernardus Nicolaas Scharff	PE8 - Products & Processes Engineering	1	Physical sciences & engineering (PE)	SURFACE	101039198	1
57195250950	Romano V.	Valentino	Romano	Valentino Romano	PE11 - Materials Engineering	1	Physical sciences & engineering (PE)	DEOM	101055097	1
57195271004	Pinto D.	Diogo E.P.	Pinto	Diogo E. P. Pinto	PE3 - Condensed Matter Physics	1	Physical sciences & engineering (PE)	PRONANO	101040035	1
57195279175	Sabia D.	Domenico	Sabia	Doménico Sabia	PE8 - Products & Processes Engineering	1	Physical sciences & engineering (PE)	MucOncoBots	101138723	1
57195405508	Mingozzi M.	Matilde	Mingozzi	M. Mingozzi	PE9 - Universe Sciences	1	Physical sciences & engineering (PE)	MW-WINDS	101040751	1
57195446046	Carloni S.	Sara	Carloni	Sara Carloni	LS8 - Environmental Biology, Ecology & Evolution	1	Life Sciences (LS)	microTOUCH	101045015	1
57195475054	Del Vecchio A.	Alessandro D.	Del Vecchio	Alessandro Del Vecchio	PE7 - Systems & Communication Engineering	1	Physical sciences & engineering (PE)	GRASPAGAIN	101118089	1
57195530933	De Gregorio C.	Chiara	De Gregorio	Chiara De Gregorio	SH4 - The Human Mind and its Complexity	1	Social sciences & humanities (SH)	TOHR	101041885	1
57195727582	Battaglini M.	Matteo	Battaglini	Matteo Battaglini	PE8 - Products & Processes Engineering	1	Physical sciences & engineering (PE)	BiSCUIT	101146025	1
57195772565	Azizi K.	Khatereh	Azizi	Khatereh Azizi	PE4 - Physical & Analytical Chemical Sciences	1	Physical sciences & engineering (PE)	HyBOP	101043272	1
57195803715	Derchi C.	Chiara Camilla	Derchi	Chiara‐Camilla Derchi	SYG-LS Life Sciences	1	Life Sciences (LS)	NEMESIS	101071900	1
57196041472	Vaibhav V.	Vinay	Vaibhav	Vinay Vaibhav	PE11 - Materials Engineering	1	Physical sciences & engineering (PE)	Multimech	101043968	1
57196078642	Monni N.	Noemi	Monni	Noemi Monni	PE5 - Synthetic Chemistry & Materials	1	Physical sciences & engineering (PE)	2D-SMARTiES	101042680	1
57196079087	Giacomelli L.	Luca	Giacomelli	L. Giacomelli	PE2 - Fundamental Constituents of Matter	1	Physical sciences & engineering (PE)	MISTiQ-Light	101087533	1
57196114692	Lanza A.	Antonino Francesco	Lanza	A F Lanza	PE9 - Universe Sciences	1	Physical sciences & engineering (PE)	FIERCE	101052347	1
57196219686	Mattei C.	Carlo Andrea	Mattei	Carlo Andrea Mattei	PE5 - Synthetic Chemistry & Materials	1	Physical sciences & engineering (PE)	ELECTRA	101039890	1
57196345378	Maviglia A.	Antonio	Maviglia	Antonio Maviglia	SH4 - The Human Mind and its Complexity	1	Social sciences & humanities (SH)	iReach	101062237	1
57196392554	Desmedt C.	Christine	Desmedt	Christine Desmedt	LS4 - Physiology in Health, Disease & Ageing	1	Life Sciences (LS)	MetaIron | EXPAND IT	101112780 | 101055422	2
57196729736	Maestrelli D.	Daniele	Maestrelli	Daniele Maestrelli	PE10 - Earth System Science	1	Physical sciences & engineering (PE)	EMERGE | TALENTS	101087245 | 101119486	2
57196834241	Giordano F.	Francesca	Giordano	Francesca Giordano	LS8 - Environmental Biology, Ecology & Evolution	1	Life Sciences (LS)	microTOUCH | DOMINO	101045015 | 101060218	2
57196908184	Collini M.	Maddalena	Collini	Maddalena Collini	PE8 - Products & Processes Engineering	1	Physical sciences & engineering (PE)	BEACONSANDEGG	101053122	1
57197708465	Santaromita G.	Giuseppe	Santaromita	Giuseppe Santaromita	PE7 - Systems & Communication Engineering	1	Physical sciences & engineering (PE)	FIND-OUT	101078411	1
57197762251	Pedretti G.	Giacomo	Pedretti	G. Pedretti	PE7 - Systems & Communication Engineering	1	Physical sciences & engineering (PE)	ANIMATE	101054098	1
57197773539	Glouftsios G.	Georgios	Glouftsios	Georgios Glouftsios	SH2 - Institutions, Governance & Legal Systems	1	Social sciences & humanities (SH)	DATAUNION	101043213	1
57198798056	Sun P.	Peihao	Sun	Peihao Sun	PE3 - Condensed Matter Physics	1	Physical sciences & engineering (PE)	GLAXES	101053167	1
57198811468	Le Donne A.	Andrea	Le Donne	Andrea Le Donne	PE4 - Physical & Analytical Chemical Sciences	1	Physical sciences & engineering (PE)	SPIKE	101068936	1
57198982064	Kralj S.	Slavko	Kralj	Slavko Kralj	PE5 - Synthetic Chemistry & Materials	1	Physical sciences & engineering (PE)	SYNPHOCAT	101040025	1
57199053865	Matanò A.	Alessia	Matanò	Alessia Matanó	PE10 - Earth System Science	1	Physical sciences & engineering (PE)	ForExD | MEDEWSA	101039567 | 101121192	2
57199081519	Drufuca L.	Lorenzo	Drufuca	Lorenzo Drufuca	LS4 - Physiology in Health, Disease & Ageing	1	Life Sciences (LS)	CHARTAGING	101098074	1
57199144875	Rinaudo M.	Marco	Rinaudo	Marco Rinaudo	LS5 - Neuroscience & Disorders of the Nervous Systems	1	Life Sciences (LS)	E-CTRL	101078163	1
57199651650	Pagano L.	Luca	Pagano	L. Pagano	PE9 - Universe Sciences	1	Physical sciences & engineering (PE)	RELiCS	101116027	1
57199840546	Giannetti V.	Vittorio	Giannetti	Vittorio Giannetti	PE8 - Products & Processes Engineering	1	Physical sciences & engineering (PE)	BREATHE	101088694	1
57199999995	de Sanctis M.	Maria Cristina	de Sanctis	Maria Cristina De Sanctis	PE10 - Earth System Science	1	Physical sciences & engineering (PE)	OCEANID	101045260	1
57200071188	Díaz-Mirón G.	Gonzalo	Díaz-Mirón	Gonzalo Díaz Mirón	PE4 - Physical & Analytical Chemical Sciences	1	Physical sciences & engineering (PE)	HyBOP	101043272	1
57200071532	Pezzè L.	Laura	Pezzè	Laura Pezzè	LS8 - Environmental Biology, Ecology & Evolution	1	Life Sciences (LS)	microTOUCH	101045015	1
57200170251	Floris G.	Giuseppe	Floris	Giuseppe Floris	LS4 - Physiology in Health, Disease & Ageing	1	Life Sciences (LS)	MetaIron | EXPAND IT	101112780 | 101055422	2
57200176424	Avugadda S.	Sahitya Kumar	Avugadda	Sahitya Kumar Avugadda	PE11 - Materials Engineering	1	Physical sciences & engineering (PE)	GIULIa	101044020	1
57200205667	Nicolini A.	Alessio	Nicolini	Alessio Nicolini	SYG-PE Physical sciences & engineering	1	Physical sciences & engineering (PE)	CASTLE	101071533	1
57200230027	Giarola D.	Diana	Giarola	Diana Giarola	PE8 - Products & Processes Engineering	1	Physical sciences & engineering (PE)	Beyond	101052956	1
57200285271	Carissimi M.	Marcella	Carissimi	M. Carissimi	PE7 - Systems & Communication Engineering	1	Physical sciences & engineering (PE)	ANIMATE	101054098	1
57200290022	Zappa F.	Francesco	Zappa	Francesco Zappa	PE9 - Universe Sciences	1	Physical sciences & engineering (PE)	InspiReM	101043372	1
57200380658	Salviati E.	Emanuela	Salviati	Emanuela Salviati	LS4 - Physiology in Health, Disease & Ageing	1	Life Sciences (LS)	AUTO-SELECT	101045285	1
57200409885	Stuardi C.	Chiara	Stuardi	C. Stuardi	PE9 - Universe Sciences	1	Physical sciences & engineering (PE)	ULU	101086378	1
57200648267	Stellino E.	Elena	Stellino	Elena Stellino	PE4 - Physical & Analytical Chemical Sciences	1	Physical sciences & engineering (PE)	DELIGHT	101052708	1
57200660072	Passarelli G.	Gianluca	Passarelli	G. Passarelli	PE2 - Fundamental Constituents of Matter	1	Physical sciences & engineering (PE)	RAVE	101053159	1
57200856838	Maghin E.	Edoardo	Maghin	Edoardo Maghin	PE5 - Synthetic Chemistry & Materials	1	Physical sciences & engineering (PE)	PROTOMAT	101039578	1
57200926765	Smeets A.	Ann	Smeets	Ann Smeets	LS4 - Physiology in Health, Disease & Ageing	1	Life Sciences (LS)	MetaIron | EXPAND IT	101112780 | 101055422	2
57200973300	Mazzotti M.	Matteo	Mazzotti	M. Mazzotti	PE11 - Materials Engineering	1	Physical sciences & engineering (PE)	POSEIDON	101039576	1
57201022191	Maule G.	Giulia	Maule	Giulia Maule	LS8 - Environmental Biology, Ecology & Evolution	1	Life Sciences (LS)	microTOUCH	101045015	1
57201053939	Ivanov Y.	Yurii P.	Ivanov	Yurii P. Ivanov	PE5 - Synthetic Chemistry & Materials	1	Physical sciences & engineering (PE)	NEHA	101095974	1
57201189951	Lonappan A.	Anto I.	Lonappan	A.I. Lonappan	PE9 - Universe Sciences	1	Physical sciences & engineering (PE)	RELiCS	101116027	1
57201201897	Liu Y.	Ying	Liu	Ying Liu	PE5 - Synthetic Chemistry & Materials	1	Physical sciences & engineering (PE)	NEHA	101095974	1
57201217100	Casagrande D.	Daniele	Casagrande	Daniele Casagrande	PE7 - Systems & Communication Engineering	1	Physical sciences & engineering (PE)	INSPIRE	101076926	1
57201273127	Garrappa S.	Simone	Garrappa	S. Garrappa	PE9 - Universe Sciences	1	Physical sciences & engineering (PE)	BOOTES	101076343	1
57201400014	Bonandrini R.	Rolando	Bonandrini	Rolando Bonandrini	SH4 - The Human Mind and its Complexity	1	Social sciences & humanities (SH)	BraveNewWord	101087053	1
57201412747	Zanella A.	Alberto	Zanella	Alberto, Zanella	PE7 - Systems & Communication Engineering	1	Physical sciences & engineering (PE)	FIND-OUT	101078411	1
57201442683	Zucchi E.	Elisabetta	Zucchi	Elisabetta Zucchi	SH4 - The Human Mind and its Complexity	1	Social sciences & humanities (SH)	UnaWireD	101042625	1
57201448820	Allaire C.	Corentin	Allaire	C. Allaire	PE2 - Fundamental Constituents of Matter	1	Physical sciences & engineering (PE)	DITTO	101089007	1
57201527103	Saxena A.	Aayush	Saxena	Aayush Saxena	PE9 - Universe Sciences	1	Physical sciences & engineering (PE)	TransPIre	101042299	1
57201549258	Egan C.	Colin K.	Egan	Colin K. Egan	PE4 - Physical & Analytical Chemical Sciences	1	Physical sciences & engineering (PE)	HyBOP	101043272	1
57201649820	Venturi G.	Giacomo	Venturi	G. Venturi	PE9 - Universe Sciences	1	Physical sciences & engineering (PE)	MW-WINDS	101040751	1
57201692391	Ginolfi M.	Michele	Ginolfi	M. Ginolfi	PE9 - Universe Sciences	1	Physical sciences & engineering (PE)	MW-WINDS	101040751	1
57201745055	Rivolta J.	Jasmine	Rivolta	Jasmine Rivolta	LS7 - Prevention, Diagnosis & Treatment of Human Diseases	1	Life Sciences (LS)	FLUBIODEM	101053962	1
57201776766	Buono L.	Lola	Buono	Lola Buono	LS7 - Prevention, Diagnosis & Treatment of Human Diseases	1	Life Sciences (LS)	NEOGRAFT	101045467	1
57201851771	De Angelis D.	Dario	De Angelis	Dario De Angelis	PE4 - Physical & Analytical Chemical Sciences	1	Physical sciences & engineering (PE)	CHIRAX	101095012	1
57201862168	Gasparini F.	Federico	Gasparini	Federico Gasparini	SH4 - The Human Mind and its Complexity	1	Social sciences & humanities (SH)	UnaWireD	101042625	1
57202022068	Calabro L.	Laura	Calabro	Laura Calabrò	PE10 - Earth System Science	1	Physical sciences & engineering (PE)	NANOVOLC	101044772	1
57202074393	Fainozzi D.	Danny	Fainozzi	Danny Fainozzi	PE4 - Physical & Analytical Chemical Sciences	1	Physical sciences & engineering (PE)	CHIRAX	101095012	1
57202097246	D'Errico G.	Gerardino	D'Errico	Gerardino D’Errico	PE5 - Synthetic Chemistry & Materials	1	Physical sciences & engineering (PE)	DEBUGGING-LPS	101039841	1
57202117072	Mai B.	Binh T.	Mai	Binh T. Mai	PE11 - Materials Engineering	1	Physical sciences & engineering (PE)	GIULIa	101044020	1
57202130611	Xie F.	Fei	Xie	Fei Xie	PE9 - Universe Sciences	1	Physical sciences & engineering (PE)	BOOTES	101076343	1
57202132063	Nuccio S.	Stefano	Nuccio	Stefano Nuccio	PE7 - Systems & Communication Engineering	1	Physical sciences & engineering (PE)	GRASPAGAIN	101118089	1
57202188151	Conci C.	C.	Conci	Claudio Conci	PE8 - Products & Processes Engineering	1	Physical sciences & engineering (PE)	BEACONSANDEGG	101053122	1
57202208754	Dasgupta S.	Shouro	Dasgupta	Shouro Dasgupta	SH7 - Human Mobility, Environment & Space	1	Social sciences & humanities (SH)	EUNICE | PRISMA	101044703 | 101081604	2
57202215928	Grimaldi A.	Antonio	Grimaldi	Antonio Grimaldi	LS7 - Prevention, Diagnosis & Treatment of Human Diseases	1	Life Sciences (LS)	ReprOids	101055300	1
57202363892	Domestici C.	Chiara	Domestici	Chiara Domestici	LS9 - Biotechnology & Biosystems Engineering	1	Life Sciences (LS)	PeroxyZyme	101054658	1
57202417177	Petrovich E.	Eugenio	Petrovich	Eugenio Petrovich	SH5 - Cultures & Cultural Production	1	Social sciences & humanities (SH)	EXILED-EMPIRICISTS	101039904	1
57202435615	Elia A.	Agata	Elia	Agata Elia	PE10 - Earth System Science	1	Physical sciences & engineering (PE)	ForExD | eco2adapt	101039567 | 101059498	2
57202446347	Sogari A.	Alberto	Sogari	Alberto Sogari	PE3 - Condensed Matter Physics	1	Physical sciences & engineering (PE)	StatCell	101054653	1
57202556485	Acharya B.	B. S.	Acharya	B.S. Acharya	PE2 - Fundamental Constituents of Matter	1	Physical sciences & engineering (PE)	DITTO	101089007	1
57202563460	Belyaev V.	Vladimir N.	Belyaev	V. Belyaev	PE2 - Fundamental Constituents of Matter	1	Physical sciences & engineering (PE)	InitialConditions	101077147	1
57202595548	Pindo M.	Massimo	Pindo	Massimo Pindo	LS8 - Environmental Biology, Ecology & Evolution	1	Life Sciences (LS)	microTOUCH	101045015	1
57202686064	Fiorito S.	Sergio	Fiorito	Sergio Fiorito	PE11 - Materials Engineering	1	Physical sciences & engineering (PE)	GIULIa	101044020	1
57202704445	Hernández-Soto R.	Rebeca	Hernández-Soto	Rebeca Hernández-Soto	LS5 - Neuroscience & Disorders of the Nervous Systems	1	Life Sciences (LS)	IMPACT	101043003	1
57202789244	Rau A.	Arne	Rau	Arne Rau	PE9 - Universe Sciences	1	Physical sciences & engineering (PE)	TransPIre	101042299	1
57202812928	Alfonsi F.	Fabrizio	Alfonsi	F. Alfonsi	PE2 - Fundamental Constituents of Matter	1	Physical sciences & engineering (PE)	DITTO	101089007	1
57202916490	Bolzan M.	Mattia	Bolzan	Mattia Bolzan	LS8 - Environmental Biology, Ecology & Evolution	1	Life Sciences (LS)	microTOUCH	101045015	1
57203052636	Rossetti M.	Mariachiara	Rossetti	M. Rossetti	PE9 - Universe Sciences	1	Physical sciences & engineering (PE)	ULU	101086378	1
57203142562	Giordano G.	Goffredo	Giordano	Goffredo Giordano	PE8 - Products & Processes Engineering	1	Physical sciences & engineering (PE)	SURFACE	101039198	1
57203229435	Schinnerer E.	Eva	Schinnerer	Eva Schinnerer	PE9 - Universe Sciences	1	Physical sciences & engineering (PE)	ISM-METALS	101077573	1
57203233459	Lillo F.	Fabrizio	Lillo	Fabrizio Lillo	SH7 - Human Mobility, Environment & Space	1	Social sciences & humanities (SH)	UPTAKE | FIND	101081521 | 101117427	2
57203411841	Paldino A.	Alessia	Paldino	Alessia Paldino	LS7 - Prevention, Diagnosis & Treatment of Human Diseases	1	Life Sciences (LS)	REVERSE	101054460	1
57203481912	Barbato D.	Domenico	Barbato	D. Barbato	PE9 - Universe Sciences	1	Physical sciences & engineering (PE)	FIERCE	101052347	1
57203482757	Rankin J.	John	Rankin	John Rankin	PE9 - Universe Sciences	1	Physical sciences & engineering (PE)	BOOTES	101076343	1
57203492652	Scarfò R.	Rebecca	Scarfò	Rebecca Scarfò	LS7 - Prevention, Diagnosis & Treatment of Human Diseases	1	Life Sciences (LS)	HSC-reNEW	101044032	1
57203517101	García-Vello P.	Pilar	García-Vello	Pilar Garcia-Vello	PE5 - Synthetic Chemistry & Materials	1	Physical sciences & engineering (PE)	DEBUGGING-LPS	101039841	1
57203538341	Ros J.	Javier	Ros	Javier Ros	PE8 - Products & Processes Engineering	1	Physical sciences & engineering (PE)	MucOncoBots	101138723	1
57203547559	Pasquale L.	Lea	Pasquale	Lea Pasquale	PE11 - Materials Engineering	1	Physical sciences & engineering (PE)	GIULIa	101044020	1
57203620425	Scardoni C.	Chiara E.	Scardoni	Chiara E. Scardoni	PE9 - Universe Sciences	1	Physical sciences & engineering (PE)	DiscEvol	101039651	1
57203628230	Mecozzi A.	A.	Mecozzi	Antonio Mecozzi	PE7 - Systems & Communication Engineering	1	Physical sciences & engineering (PE)	QOMUNE	101077917	1
57203654321	Folpini G.	Giulia	Folpini	Giulia Folpini	PE11 - Materials Engineering	1	Physical sciences & engineering (PE)	LEAP	101045098	1
57203723524	Blommaert A.	Andreas	Blommaert	Andreas Blommaert	PE2 - Fundamental Constituents of Matter	1	Physical sciences & engineering (PE)	BHHQG	101040024	1
57203781171	Buratti E.	Elena	Buratti	Elena Buratti	PE3 - Condensed Matter Physics	1	Physical sciences & engineering (PE)	MICROTECH	101066434	1
57203792067	Setti W.	Walter M.Gori	Setti	Walter Setti	SH4 - The Human Mind and its Complexity	1	Social sciences & humanities (SH)	iReach	101062237	1
57203840593	Marconi L.	Lorenzo	Marconi	Lorenzo Marconi	PE7 - Systems & Communication Engineering	1	Physical sciences & engineering (PE)	SpikyControl	101054323	1
57203869695	La Rosa A.	Alessandro	La Rosa	Alessandro La Rosa	PE10 - Earth System Science	1	Physical sciences & engineering (PE)	EMERGE | TALENTS	101087245 | 101119486	2
57203923385	Bernardos M.	Maria Isabel	Bernardos	Maria I. Bernardos	PE9 - Universe Sciences	1	Physical sciences & engineering (PE)	BOOTES	101076343	1
57203945181	Santanni F.	Fabio	Santanni	Fabio Santanni	SYG-PE Physical sciences & engineering	1	Physical sciences & engineering (PE)	CASTLE	101071533	1
57204033850	Ambler A.	A.	Ambler	A. Ambler	PE2 - Fundamental Constituents of Matter	1	Physical sciences & engineering (PE)	DITTO	101089007	1
57204162196	Badaracco F.	F.	Badaracco	Francesca Badaracco	PE9 - Universe Sciences	1	Physical sciences & engineering (PE)	MultiJets	101055307	1
57204297971	Lippi F.	Francesco	Lippi	Francesco Lippi	SH1 - Individuals, Markets & Organisations	1	Social sciences & humanities (SH)	DCS	101054421	1
57204366880	Goncharov B.	Boris V.	Goncharov	Boris Goncharov	PE2 - Fundamental Constituents of Matter	1	Physical sciences & engineering (PE)	CeleBH	101076737	1
57204375486	Nieus T.	Thierry Ralph	Nieus	Thierry Ralph Nieus	SYG-LS Life Sciences	1	Life Sciences (LS)	NEMESIS	101071900	1
57204480950	Peretti E.	Enrico	Peretti	E. Peretti	PE2 - Fundamental Constituents of Matter	1	Physical sciences & engineering (PE)	NEUTRINOSHOT	101053168	1
57204585087	Bordiga G.	Giovanni	Bordiga	Giovanni Bordiga	PE8 - Products & Processes Engineering	1	Physical sciences & engineering (PE)	Beyond	101052956	1
57204645152	Giordano G.	Girolamo	Giordano	Girolamo Giordano	PE5 - Synthetic Chemistry & Materials	1	Physical sciences & engineering (PE)	ZEOLIghT	101054004	1
57204663005	Tamponi L.	Lucia	Tamponi	Lucia Tamponi	SH4 - The Human Mind and its Complexity	1	Social sciences & humanities (SH)	DiLaDi	101098102	1
57204668096	Macheda F.	Francesco	Macheda	Francesco Macheda	PE4 - Physical & Analytical Chemical Sciences	1	Physical sciences & engineering (PE)	DELIGHT	101052708	1
57204792488	Aubert J.	Jean Jacques	Aubert	J.-J. Aubert	PE9 - Universe Sciences	1	Physical sciences & engineering (PE)	BOOTES	101076343	1
57204912196	Aggarwal A.	Anamika	Aggarwal	A. Aggarwal	PE2 - Fundamental Constituents of Matter	1	Physical sciences & engineering (PE)	DITTO	101089007	1
57204927165	Bercuci A.	A.	Bercuci	A. Bercuci	PE2 - Fundamental Constituents of Matter	1	Physical sciences & engineering (PE)	InitialConditions	101077147	1
57205082261	Sancandi F.	Flavio	Sancandi	F. Sancandi	PE7 - Systems & Communication Engineering	1	Physical sciences & engineering (PE)	ANIMATE	101054098	1
57205104972	Cazzolli A.	Alessandro	Cazzolli	A. Cazzolli	PE8 - Products & Processes Engineering	1	Physical sciences & engineering (PE)	Beyond	101052956	1
57205153928	Filauro S.	Stefano	Filauro	Stefano Filauro	SH3 - The Social World and its Diversity	1	Social sciences & humanities (SH)	ExpPov	101039655	1
57205197855	Choudhary D.	Dhawal	Choudhary	Dhawal Choudhary	LS1 - Molecules of Life: Biological Mechanisms, Structures & Functions	1	Life Sciences (LS)	PIONEER	101040641	1
57205220038	D’Ambrosio S.	Sasha	D’Ambrosio	Sasha D'Ambrosio	SYG-LS Life Sciences	1	Life Sciences (LS)	NEMESIS	101071900	1
57205483997	Collari C.	Carlo	Collari	Carlo Collari	PE1 - Mathematics	1	Physical sciences & engineering (PE)	DAT	101077154	1
57205596913	Capocefalo A.	Angela	Capocefalo	Angela Capocefalo	PE3 - Condensed Matter Physics	1	Physical sciences & engineering (PE)	MICROTECH	101066434	1
57205727810	Casolo A.	Andrea	Casolo	Andrea Casolo	PE7 - Systems & Communication Engineering	1	Physical sciences & engineering (PE)	GRASPAGAIN	101118089	1
57205754291	Katz R.	Rami	Katz	Rami Katz	PE7 - Systems & Communication Engineering	1	Physical sciences & engineering (PE)	INSPIRE	101076926	1
57205949888	Kouveliotou C.	Chryssa K.	Kouveliotou	Chryssa Kouveliotou	SYG-PE Physical sciences & engineering	1	Physical sciences & engineering (PE)	HEAVYMETAL	101071865	1
57206423774	Costamante L.	Luigi	Costamante	Luigi Costamante	PE9 - Universe Sciences	1	Physical sciences & engineering (PE)	BOOTES	101076343	1
57206779862	Pontesilli A.	Alessio	Pontesilli	Alessio Pontesilli	PE10 - Earth System Science	1	Physical sciences & engineering (PE)	NANOVOLC	101044772	1
57206788812	Solfanelli A.	Andrea	Solfanelli	Andrea Solfanelli	PE2 - Fundamental Constituents of Matter	1	Physical sciences & engineering (PE)	QLR-Net	101077500	1
57206894936	Qin W.	Wei	Qin	Wei Qin	LS7 - Prevention, Diagnosis & Treatment of Human Diseases	1	Life Sciences (LS)	ReprOids	101055300	1
57207046261	Della Rossa M.	Matteo	Della Rossa	Matteo Della Rossa	PE7 - Systems & Communication Engineering	1	Physical sciences & engineering (PE)	Auto-CyPheR	101089047	1
57207314408	Brandas C.	Chiara	Brandas	Chiara Brandas	LS7 - Prevention, Diagnosis & Treatment of Human Diseases	1	Life Sciences (LS)	HSC-reNEW	101044032	1
57207356543	Bończak B.	Bartłomiej	Bończak	Bartlomiej Bonczak	PE4 - Physical & Analytical Chemical Sciences	1	Physical sciences & engineering (PE)	CHEIR	101040798	1
57207774702	Rosso C.	Cristian	Rosso	Cristian Rosso	PE5 - Synthetic Chemistry & Materials	1	Physical sciences & engineering (PE)	SYNPHOCAT	101040025	1
57207779986	Guizzardi M.	Michele	Guizzardi	Michele Guizzardi	PE11 - Materials Engineering	1	Physical sciences & engineering (PE)	DEOM	101055097	1
57207789722	D'Avella D.	Domenico	D'Avella	Domenico D'Avella	SYG-LS Life Sciences	1	Life Sciences (LS)	NEMESIS	101071900	1
57207823228	Greco G.	Gabriele	Greco	Gabriele Greco	PE8 - Products & Processes Engineering	1	Physical sciences & engineering (PE)	S-FOAM	101086644	1
57207830482	Colaizzi L.	Lorenzo	Colaizzi	Lorenzo Colaizzi	PE4 - Physical & Analytical Chemical Sciences	1	Physical sciences & engineering (PE)	ULISSES	101054696	1
57208102132	Ubeira-Gabellini M.	Maria Giulia	Ubeira-Gabellini	Maria Giulia Ubeira-Gabellini	PE9 - Universe Sciences	1	Physical sciences & engineering (PE)	ESCAPE | SPICES	101044152 | 101103114	2
57208104103	Vighetto V.	Veronica	Vighetto	V. Vighetto	LS7 - Prevention, Diagnosis & Treatment of Human Diseases	1	Life Sciences (LS)	AI CUrES	101081529	1
57208217954	Coscia F.	Francesca	Coscia	Francesca Coscia	LS1 - Molecules of Life: Biological Mechanisms, Structures & Functions	1	Life Sciences (LS)	THYROMOL	101041298	1
57208220408	Rossi B.	Barbara	Rossi	Barbara Rossi	LS6 - Immunity, Infection & Immunotherapy	1	Life Sciences (LS)	NeutrAD	101069397	1
57208229417	Turelli M.	Michele	Turelli	Michele Turelli	PE4 - Physical & Analytical Chemical Sciences	1	Physical sciences & engineering (PE)	MaMa	101097351	1
57208295241	Leonardi S.	Salvatore	Leonardi	Salvatore Leonardi	SH7 - Human Mobility, Environment & Space	1	Social sciences & humanities (SH)	SUperSAFE	101039222	1
57208315351	Amiri A.	Amirnezam	Amiri	A. Amiri	PE9 - Universe Sciences	1	Physical sciences & engineering (PE)	MW-WINDS	101040751	1
57208370431	Visco V.	Valeria	Visco	Valeria Visco	LS7 - Prevention, Diagnosis & Treatment of Human Diseases	1	Life Sciences (LS)	REVERSE	101054460	1
57208443206	Braglia M.	Matteo	Braglia	Matteo Braglia	PE9 - Universe Sciences	1	Physical sciences & engineering (PE)	NewRecords	101076865	1
57208455894	Prato M.	Mirko	Prato	Mirko Prato	PE11 - Materials Engineering	1	Physical sciences & engineering (PE)	GIULIa	101044020	1
57208498697	Mour T.	Tamer	Mour	Tamer Mour	PE6 - Computer Science & Informatics	1	Physical sciences & engineering (PE)	LACONIC	101041207	1
57208556232	Di Novo N.	Nicolò Giuseppe	Di Novo	Nicolò G. Di Novo	PE8 - Products & Processes Engineering	1	Physical sciences & engineering (PE)	S-FOAM	101086644	1
57208656629	Imperato M.	Manuel	Imperato	Manuel Imperato	SYG-PE Physical sciences & engineering	1	Physical sciences & engineering (PE)	CASTLE	101071533	1
57208922725	Bandoli F.	Francesca	Bandoli	Francesca Bandoli	SH4 - The Human Mind and its Complexity	1	Social sciences & humanities (SH)	TOHR	101041885	1
57208924315	Briccolani-Bandini L.	Lorenzo	Briccolani-Bandini	Lorenzo Briccolani-Bandini	PE4 - Physical & Analytical Chemical Sciences	1	Physical sciences & engineering (PE)	MaMa	101097351	1
57208954653	Cicconi M.	Maria Rita	Cicconi	Maria Rita Cicconi	PE10 - Earth System Science	1	Physical sciences & engineering (PE)	NANOVOLC	101044772	1
57209007972	Riccio F.	Federica	Riccio	Federica Riccio	LS7 - Prevention, Diagnosis & Treatment of Human Diseases	1	Life Sciences (LS)	REVERSE	101054460	1
57209071247	Breschi M.	Matteo	Breschi	Matteo Breschi	PE9 - Universe Sciences	1	Physical sciences & engineering (PE)	InspiReM	101043372	1
57209088804	Ricci S.	Stefano	Ricci	Stefano Ricci	SH6 - The Study of the Human Past	1	Social sciences & humanities (SH)	MOTHERS	101077348	1
57209275695	Munoz-Martin I.	Irene	Munoz-Martin	I. Muñoz Martín	PE7 - Systems & Communication Engineering	1	Physical sciences & engineering (PE)	ANIMATE	101054098	1
57209298162	Bera A.	Arabinda	Bera	Arabinda Bera	PE11 - Materials Engineering	1	Physical sciences & engineering (PE)	Multimech	101043968	1
57209463887	Esposito C.	Carmen Mariarosaria	Esposito	Carmen Esposito	SH6 - The Study of the Human Past	1	Social sciences & humanities (SH)	TULAR | MOTHERS	101065320 | 101077348	2
57209540329	Tavosanis A.	Andrea	Tavosanis	Andrea Tavosanis	LS7 - Prevention, Diagnosis & Treatment of Human Diseases	1	Life Sciences (LS)	HSC-reNEW	101044032	1
57209618946	Botti G.	Giacomo	Botti	Giacomo Botti	PE4 - Physical & Analytical Chemical Sciences	1	Physical sciences & engineering (PE)	SEMISOFT	101081361	1
57209693914	Ziccheddu B.	Bachisio	Ziccheddu	Bachisio Ziccheddu	LS7 - Prevention, Diagnosis & Treatment of Human Diseases	1	Life Sciences (LS)	MYELOMA-RISK	101123230	1
57209804847	Tripodi G.	Giorgio	Tripodi	Giorgio Tripodi	SH7 - Human Mobility, Environment & Space	1	Social sciences & humanities (SH)	UPTAKE | FIND	101081521 | 101117427	2
57210130966	Merciai F.	Fabrizio	Merciai	Fabrizio Merciai	LS4 - Physiology in Health, Disease & Ageing	1	Life Sciences (LS)	AUTO-SELECT	101045285	1
57210582222	Borghesi C.	Costanza	Borghesi	Costanza Borghesi	PE8 - Products & Processes Engineering	1	Physical sciences & engineering (PE)	HELIOS	101041255	1
57210590694	Zito J.	Juliette	Zito	Juliette Zito	PE5 - Synthetic Chemistry & Materials	1	Physical sciences & engineering (PE)	NEHA	101095974	1
57210813667	Cerasa M.	Marina	Cerasa	Marina Cerasa	PE4 - Physical & Analytical Chemical Sciences	1	Physical sciences & engineering (PE)	EXPOMET	101043321	1
57211030548	de Menezes R.	Raniere M.	de Menezes	R. de Menezes	PE9 - Universe Sciences	1	Physical sciences & engineering (PE)	BOOTES	101076343	1
57211086218	Alderotti G.	Giammarco	Alderotti	Giammarco Alderotti	SH7 - Human Mobility, Environment & Space	1	Social sciences & humanities (SH)	Born Once - Die Once	101043983	1
57211158383	Salvato E.	Erica	Salvato	Erica Salvato	PE7 - Systems & Communication Engineering	1	Physical sciences & engineering (PE)	INSPIRE	101076926	1
57211229521	Oggianu M.	Mariangela	Oggianu	Mariangela Oggianu	PE5 - Synthetic Chemistry & Materials	1	Physical sciences & engineering (PE)	2D-SMARTiES	101042680	1
57211285258	Slovin S.	Shaked	Slovin	Shaked Slovin	LS7 - Prevention, Diagnosis & Treatment of Human Diseases	1	Life Sciences (LS)	ReprOids	101055300	1
57211402098	Čereković N.	Natasa	Čereković	Nataša Čereković	LS9 - Biotechnology & Biosystems Engineering	1	Life Sciences (LS)	PHOTOFLUX	101041768	1
57211461411	Landi I.	Isotta	Landi	Isotta Landi	SH4 - The Human Mind and its Complexity	1	Social sciences & humanities (SH)	AUTISMS-3D	101087263	1
57211514229	Sattin A.	Andrea	Sattin	Andrea Sattin	LS5 - Neuroscience & Disorders of the Nervous Systems	1	Life Sciences (LS)	E-CTRL	101078163	1
57211534054	D’Andrea C.	Cosimo	D’Andrea	Cosimo D’Andrea	LS9 - Biotechnology & Biosystems Engineering	1	Life Sciences (LS)	GrInSun	101053983	1
57211556052	Di Carluccio C.	Cristina	Di Carluccio	Cristina Di Carluccio	PE5 - Synthetic Chemistry & Materials	1	Physical sciences & engineering (PE)	DEBUGGING-LPS	101039841	1
57211559733	Angelini G.	Gabriele	Angelini	Gabriele Angelini	LS6 - Immunity, Infection & Immunotherapy	1	Life Sciences (LS)	NeutrAD	101069397	1
57211563269	Lopez N.	Nicola	Lopez	Nicola Lopez	LS6 - Immunity, Infection & Immunotherapy	1	Life Sciences (LS)	NeutrAD	101069397	1
57211576124	Depaoli D.	Davide	Depaoli	D Depaoli	PE9 - Universe Sciences	1	Physical sciences & engineering (PE)	BOOTES	101076343	1
57211580434	Bondi R.	Roberto	Bondi	Roberto Bondi	PE8 - Products & Processes Engineering	1	Physical sciences & engineering (PE)	HELIOS	101041255	1
57211624874	Livakas N.	Nikolaos	Livakas	Nikolaos Livakas	PE5 - Synthetic Chemistry & Materials	1	Physical sciences & engineering (PE)	NEHA	101095974	1
57211855613	Ratheesh A.	Ajay	Ratheesh	Ajay Ratheesh	PE9 - Universe Sciences	1	Physical sciences & engineering (PE)	BOOTES	101076343	1
57211902060	Marini G.	Giovanni	Marini	Giovanni Marini	PE4 - Physical & Analytical Chemical Sciences	1	Physical sciences & engineering (PE)	DELIGHT	101052708	1
57211911017	Gillanders J.	James H.	Gillanders	J H Gillanders	SYG-PE Physical sciences & engineering	1	Physical sciences & engineering (PE)	HEAVYMETAL	101071865	1
57211966976	Zippilli C.	Claudio	Zippilli	Claudio Zippilli	LS9 - Biotechnology & Biosystems Engineering	1	Life Sciences (LS)	PeroxyZyme	101054658	1
57212083420	Sun Y.	Yifan	Sun	Y. Sun	PE7 - Systems & Communication Engineering	1	Physical sciences & engineering (PE)	MULTIBRIDGE	101081871	1
57212089227	Bruno L.	L.	Bruno	L. Bruno	PE9 - Universe Sciences	1	Physical sciences & engineering (PE)	ULU	101086378	1
57212135352	Pioppi B.	Benedetta	Pioppi	Benedetta Pioppi	PE8 - Products & Processes Engineering	1	Physical sciences & engineering (PE)	HELIOS	101041255	1
57212220727	Battivelli D.	Dorian	Battivelli	Dorian Battivelli	LS5 - Neuroscience & Disorders of the Nervous Systems	1	Life Sciences (LS)	TERRITORY	101097411	1
57212389015	Lauria G.	Gabriele	Lauria	Gabriele Lauria	SH6 - The Study of the Human Past	1	Social sciences & humanities (SH)	MOTHERS	101077348	1
57212509602	La Monaca F.	Fabio	La Monaca	Fabio La Monaca	PE9 - Universe Sciences	1	Physical sciences & engineering (PE)	BOOTES	101076343	1
57212528791	Chiocchetti S.	Simone	Chiocchetti	Simone Chiocchetti	PE1 - Mathematics	1	Physical sciences & engineering (PE)	ALcHyMiA	101114995	1
57212537255	Friolo D.	Daniele	Friolo	Daniele Friolo	PE6 - Computer Science & Informatics	1	Physical sciences & engineering (PE)	REWORC	101054911	1
57212605325	Bazzani D.	Davide	Bazzani	Davide Bazzani	LS8 - Environmental Biology, Ecology & Evolution	1	Life Sciences (LS)	microTOUCH	101045015	1
57212610497	Sormani G.	Giulia	Sormani	Giulia Sormani	PE4 - Physical & Analytical Chemical Sciences	1	Physical sciences & engineering (PE)	HyBOP	101043272	1
57212745182	Paiano S.	Simona	Paiano	Simona Paiano	PE9 - Universe Sciences	1	Physical sciences & engineering (PE)	TransPIre	101042299	1
57212802365	Garrido M.	Marina	Garrido	Marina Garrido	PE4 - Physical & Analytical Chemical Sciences	1	Physical sciences & engineering (PE)	KI-NET	101041933	1
57213093829	Del Vecchio M.	Maria	Del Vecchio	Maria Del Vecchio	SYG-LS Life Sciences	1	Life Sciences (LS)	NEMESIS	101071900	1
57213145695	Zaro V.	Valentina	Zaro	Valentina Zaro	SH6 - The Study of the Human Past	1	Social sciences & humanities (SH)	MOTHERS	101077348	1
57213235650	Ferraro M.	Mario	Ferraro	M. Ferraro	PE7 - Systems & Communication Engineering	1	Physical sciences & engineering (PE)	MULTIBRIDGE	101081871	1
57213336597	Gagliardi M.	Mariacristina C.	Gagliardi	Mariacristina Gagliardi	PE8 - Products & Processes Engineering	1	Physical sciences & engineering (PE)	SURFACE	101039198	1
57213568869	Kushida J.	Junko	Kushida	J Kushida	PE9 - Universe Sciences	1	Physical sciences & engineering (PE)	BOOTES	101076343	1
57213687914	Guidi C.	Carlo	Guidi	C. Guidi	PE9 - Universe Sciences	1	Physical sciences & engineering (PE)	BOOTES	101076343	1
57214139150	Severini L.	Leonardo	Severini	Leonardo Severini	PE3 - Condensed Matter Physics	1	Physical sciences & engineering (PE)	MICROTECH	101066434	1
57214151962	Chesnyak V.	Valeria	Chesnyak	Valeria Chesnyak	SYG-PE Physical sciences & engineering	1	Physical sciences & engineering (PE)	Orbital Cinema	101071259	1
57214336543	Mamone M.	Martina	Mamone	Martina Mamone	PE5 - Synthetic Chemistry & Materials	1	Physical sciences & engineering (PE)	PROTOMAT	101039578	1
57214801627	Gallucci N.	Noemi	Gallucci	Noemi Gallucci	PE5 - Synthetic Chemistry & Materials	1	Physical sciences & engineering (PE)	DEBUGGING-LPS	101039841	1
57214821299	Marseglia A.	Angela	Marseglia	Angela Marseglia	PE5 - Synthetic Chemistry & Materials	1	Physical sciences & engineering (PE)	DEBUGGING-LPS	101039841	1
57214984744	Chinellato J.	J. A.	Chinellato	J. Chinellato	PE2 - Fundamental Constituents of Matter	1	Physical sciences & engineering (PE)	INTREPID	101115353	1
57214992529	Lacedelli G.	Gaia	Lacedelli	Gaia Lacedelli	PE9 - Universe Sciences	1	Physical sciences & engineering (PE)	FIERCE	101052347	1
57215050441	Rehmeier M.	Marco	Rehmeier	Marco Rehmeier	PE1 - Mathematics	1	Physical sciences & engineering (PE)	NoisyFluid	101053472	1
57215068619	Zauli F.	Flavia Maria	Zauli	Flavia Maria Zauli	SYG-LS Life Sciences	1	Life Sciences (LS)	NEMESIS	101071900	1
57215069669	Fiorillo E.	Edoardo	Fiorillo	Edoardo Fiorillo	LS8 - Environmental Biology, Ecology & Evolution	1	Life Sciences (LS)	microTOUCH | DOMINO	101045015 | 101060218	2
57215716903	Abbondanza M.	Martina	Abbondanza	Martina Abbondanza	SH4 - The Human Mind and its Complexity	1	Social sciences & humanities (SH)	BraveNewWord	101087053	1
57216225669	Heidrich V.	Vitor	Heidrich	Vitor Heidrich	LS8 - Environmental Biology, Ecology & Evolution	1	Life Sciences (LS)	microTOUCH	101045015	1
57216288032	Gänzle M.	Michael G.	Gänzle	Michael G. Gänzle	LS8 - Environmental Biology, Ecology & Evolution	1	Life Sciences (LS)	microTOUCH	101045015	1
57216365111	Viviani L.	Luca	Viviani	Luca Viviani	PE8 - Products & Processes Engineering	1	Physical sciences & engineering (PE)	Beyond	101052956	1
57216390215	Tirri B.	Bernardino	Tirri	Bernardino Tirri	PE4 - Physical & Analytical Chemical Sciences	1	Physical sciences & engineering (PE)	MaMa	101097351	1
57216393463	De Luca G.	Giuseppe	De Luca	Giuseppe De Luca	LS1 - Molecules of Life: Biological Mechanisms, Structures & Functions	1	Life Sciences (LS)	cofacTau	101040138	1
57216680592	Dusi S.	Silvia	Dusi	Silvia Dusi	LS6 - Immunity, Infection & Immunotherapy	1	Life Sciences (LS)	NeutrAD	101069397	1
57216727021	Selmin G.	Giulia	Selmin	Giulia Selmin	LS7 - Prevention, Diagnosis & Treatment of Human Diseases	1	Life Sciences (LS)	ReprOids	101055300	1
57216735491	Montorsi M.	Marco D.	Montorsi	Marco Montorsi	LS8 - Environmental Biology, Ecology & Evolution	1	Life Sciences (LS)	microTOUCH	101045015	1
57216738775	Coppo A.	Alessandro	Coppo	Alessandro Coppo	PE3 - Condensed Matter Physics	1	Physical sciences & engineering (PE)	cQEDscope	101075962	1
57216782419	Micheletti C.	Cosimo	Micheletti	Cosimo Micheletti	PE4 - Physical & Analytical Chemical Sciences	1	Physical sciences & engineering (PE)	MaMa	101097351	1
57216814185	Cucca F.	Francesco	Cucca	Francesco Cucca	LS8 - Environmental Biology, Ecology & Evolution	1	Life Sciences (LS)	microTOUCH | DOMINO	101045015 | 101060218	2
57216824814	Giupponi G.	Giulia	Giupponi	Giulia Giupponi	SH3 - The Social World and its Diversity	1	Social sciences & humanities (SH)	ExpPov	101039655	1
57216950949	Abou-Alezz M.	Monah	Abou-Alezz	Monah Abou Alezz	LS7 - Prevention, Diagnosis & Treatment of Human Diseases	1	Life Sciences (LS)	HSC-reNEW	101044032	1
57216961805	Carnevali F.	Federica	Carnevali	Federica Carnevali	PE8 - Products & Processes Engineering	1	Physical sciences & engineering (PE)	NICHILD | BEACONSANDEGG	101068512 | 101053122	2
57216999659	Zuccolo L.	Luisa	Zuccolo	Luisa Zuccolo	SH3 - The Social World and its Diversity	1	Social sciences & humanities (SH)	DataSpace	101096999	1
57217065973	Mastrapasqua P.	Paola	Mastrapasqua	P. Mastrapasqua	PE2 - Fundamental Constituents of Matter	1	Physical sciences & engineering (PE)	INTREPID	101115353	1
57217138736	Laurenti M.	Marco	Laurenti	Marco Laurenti	PE9 - Universe Sciences	1	Physical sciences & engineering (PE)	BOOTES	101076343	1
57217139539	D'Amato R.	Roberto	D'Amato	Roberto D’Amato	PE8 - Products & Processes Engineering	1	Physical sciences & engineering (PE)	HELIOS	101041255	1
57217146427	Pizzati E.	Elia	Pizzati	Elia Pizzati	PE9 - Universe Sciences	1	Physical sciences & engineering (PE)	DiscEvol	101039651	1
57217154449	Bendahman M.	Meriem	Bendahman	M. Bendahman	PE9 - Universe Sciences	1	Physical sciences & engineering (PE)	BOOTES	101076343	1
57217173071	Esposito F.	Federica	Esposito	Federica Esposito	LS8 - Environmental Biology, Ecology & Evolution	1	Life Sciences (LS)	microTOUCH	101045015	1
57217192859	Patera L.	Laerte L.	Patera	Laerte L. Patera	SYG-PE Physical sciences & engineering	1	Physical sciences & engineering (PE)	Orbital Cinema	101071259	1
57217214047	Brandolino L.	Luca	Brandolino	Luca Brandolino	LS7 - Prevention, Diagnosis & Treatment of Human Diseases	1	Life Sciences (LS)	ReprOids	101055300	1
57217425138	Barzaghini B.	Bianca	Barzaghini	Bianca Barzaghini	PE8 - Products & Processes Engineering	1	Physical sciences & engineering (PE)	NICHILD | BEACONSANDEGG	101068512 | 101053122	2
57217538902	Capogreco A.	Antonio	Capogreco	Antonio Capogreco	LS8 - Environmental Biology, Ecology & Evolution	1	Life Sciences (LS)	microTOUCH	101045015	1
57217702834	Ciciani M.	Matteo	Ciciani	Matteo Ciciani	LS8 - Environmental Biology, Ecology & Evolution	1	Life Sciences (LS)	microTOUCH	101045015	1
57217728681	Galati S.	Simone	Galati	S. Galati	LS7 - Prevention, Diagnosis & Treatment of Human Diseases	1	Life Sciences (LS)	AI CUrES	101081529	1
57217793226	Galli C.	Chiara	Galli	Chiara Galli	SH4 - The Human Mind and its Complexity	1	Social sciences & humanities (SH)	UnaWireD	101042625	1
57217795988	Vacca A.	Antonio	Vacca	Antonio Vacca	LS4 - Physiology in Health, Disease & Ageing	1	Life Sciences (LS)	KetoCardio	101078307	1
57218104809	D’Ausilio A.	Alessandro	D’Ausilio	Alessandro D’Ausilio	SH4 - The Human Mind and its Complexity	1	Social sciences & humanities (SH)	AUTISMS-3D	101087263	1
57218118217	Borzuola R.	Riccardo	Borzuola	Riccardo Borzuola	PE7 - Systems & Communication Engineering	1	Physical sciences & engineering (PE)	GRASPAGAIN	101118089	1
57218177594	Balestri A.	Arianna	Balestri	Arianna Balestri	PE5 - Synthetic Chemistry & Materials	1	Physical sciences & engineering (PE)	DEBUGGING-LPS	101039841	1
57218204463	Bertola E.	E.	Bertola	E. Bertola	PE9 - Universe Sciences	1	Physical sciences & engineering (PE)	MW-WINDS	101040751	1
57218251096	Renna P.	Pietro	Renna	Pietro Renna	LS5 - Neuroscience & Disorders of the Nervous Systems	1	Life Sciences (LS)	E-CTRL	101078163	1
57218409102	Liao Y.	Yu Kai	Liao	Yu-Kai Liao	SYG-PE Physical sciences & engineering	1	Physical sciences & engineering (PE)	CASTLE	101071533	1
57218528880	Moschini P.	Piergiorgio	Moschini	Piergiorgio Moschini	PE10 - Earth System Science	1	Physical sciences & engineering (PE)	NANOVOLC	101044772	1
57218553069	Sommovigo L.	Laura	Sommovigo	L Sommovigo	PE9 - Universe Sciences	1	Physical sciences & engineering (PE)	VOYAJ	101088676	1
57218558484	Pelliccioli V.	Valentina	Pelliccioli	Valentina Pelliccioli	PE4 - Physical & Analytical Chemical Sciences	1	Physical sciences & engineering (PE)	CHEIR	101040798	1
57218564424	Offei-Danso A.	Adu	Offei-Danso	Adu Offei-Danso	PE4 - Physical & Analytical Chemical Sciences	1	Physical sciences & engineering (PE)	HyBOP	101043272	1
57218682597	Della Puppa A.	Alessandro	Della Puppa	Alessandro Della Puppa	SYG-LS Life Sciences	1	Life Sciences (LS)	NEMESIS	101071900	1
57218762118	Barchi S.	Serena	Barchi	Serena Barchi	SH4 - The Human Mind and its Complexity	1	Social sciences & humanities (SH)	DiLaDi	101098102	1
57218890974	Dell'Edera M.	Massimo	Dell'Edera	Massimo Dell’Edera	PE4 - Physical & Analytical Chemical Sciences	1	Physical sciences & engineering (PE)	CHEIR	101040798	1
57219130914	Fiondella L.	Luigi	Fiondella	Luigi Fiondella	SH4 - The Human Mind and its Complexity	1	Social sciences & humanities (SH)	UnaWireD	101042625	1
57219145571	Mora S.	Samantha	Mora	Samantha Mora	PE8 - Products & Processes Engineering	1	Physical sciences & engineering (PE)	Beyond	101052956	1
57219165418	Widmann T.	Tobias	Widmann	Tobias Widmann	SH2 - Institutions, Governance & Legal Systems	1	Social sciences & humanities (SH)	GLOBAL	101097740	1
57219242920	Amato M.	Marco	Amato	Marco Amato	PE8 - Products & Processes Engineering	1	Physical sciences & engineering (PE)	Beyond	101052956	1
57219242982	Ghisolfi S.	Selene	Ghisolfi	Selene Ghisolfi	SH1 - Individuals, Markets & Organisations	1	Social sciences & humanities (SH)	UNEQUALWITHIN	101044994	1
57219279038	Majidi F.	Fatemeh Zahra	Majidi	F. Z. Majidi	PE9 - Universe Sciences	1	Physical sciences & engineering (PE)	FIERCE	101052347	1
57219379504	Stankewitz B.	Bernhard	Stankewitz	Bernhard Stankewitz	PE1 - Mathematics	1	Physical sciences & engineering (PE)	BigBayesUQ	101041064	1
57219438971	Peripoli B.	Beatrice	Peripoli	Beatrice Peripoli	SH6 - The Study of the Human Past	1	Social sciences & humanities (SH)	MOTHERS	101077348	1
57219456152	Perrone M.	Mattia	Perrone	Mattia Perrone	PE4 - Physical & Analytical Chemical Sciences	1	Physical sciences & engineering (PE)	COMP-O-CELL	101053661	1
57219501907	Campion S.	Stefano	Campion	S. Campion	PE9 - Universe Sciences	1	Physical sciences & engineering (PE)	BOOTES	101076343	1
57219508161	Franzoi L.	Luca	Franzoi	Luca Franzoi	PE1 - Mathematics	1	Physical sciences & engineering (PE)	HamDyWWa	101039762	1
57219561802	Crippa M.	Martina	Crippa	Martina Crippa	PE4 - Physical & Analytical Chemical Sciences	1	Physical sciences & engineering (PE)	COMP-O-CELL	101053661	1
57219563056	Gatti D.	Daniele	Gatti	Daniele Gatti	SH4 - The Human Mind and its Complexity	1	Social sciences & humanities (SH)	BraveNewWord	101087053	1
57219596851	Caffieri A.	Alessia	Caffieri	Alessia Caffieri	SH4 - The Human Mind and its Complexity	1	Social sciences & humanities (SH)	e-Perinatal	101042139	1
57219611517	Serra G.	Gianluca	Serra	Gianluca Serra	PE11 - Materials Engineering	1	Physical sciences & engineering (PE)	DEOM	101055097	1
57219617740	Fagiani L.	Luca	Fagiani	Luca Fagiani	PE4 - Physical & Analytical Chemical Sciences	1	Physical sciences & engineering (PE)	FastTrack	101054846	1
57219666130	Waldner R.	Romina	Waldner	Romina Waldner	LS8 - Environmental Biology, Ecology & Evolution	1	Life Sciences (LS)	microTOUCH	101045015	1
57219670749	Dell’Acqua F.	Federico	Dell’Acqua	Federico Dell’Acqua	LS8 - Environmental Biology, Ecology & Evolution	1	Life Sciences (LS)	microTOUCH	101045015	1
57219693378	Lill S.	Sascha	Lill	Sascha Lill	PE1 - Mathematics	1	Physical sciences & engineering (PE)	FermiMath	101040991	1
57219694947	Cortina J.	J.	Cortina	J Cortina	PE9 - Universe Sciences	1	Physical sciences & engineering (PE)	BOOTES	101076343	1
57219703320	Del Corso G.	Giulio	Del Corso	Giulio Del Corso	PE8 - Products & Processes Engineering	1	Physical sciences & engineering (PE)	CARDIOTRIALS	101039657	1
57219710069	Magistrelli F.	Fabio	Magistrelli	Fabio Magistrelli	PE9 - Universe Sciences	1	Physical sciences & engineering (PE)	InspiReM	101043372	1
57219747259	Munch H.	Henrik Jessen	Munch	Henrik J. Munch	PE2 - Fundamental Constituents of Matter	1	Physical sciences & engineering (PE)	FFHiggsTop	101040760	1
57219757869	Ascolani F.	Filippo	Ascolani	Filippo Ascolani	PE1 - Mathematics	1	Physical sciences & engineering (PE)	PrSc-HDBayLe	101076564	1
57219761377	Menchetti M.	Marco	Menchetti	Marco Menchetti	PE7 - Systems & Communication Engineering	1	Physical sciences & engineering (PE)	QOMUNE	101077917	1
57219761885	Monaca F.	Fabio La	Monaca	Fabio La Monaca	PE9 - Universe Sciences	1	Physical sciences & engineering (PE)	BOOTES	101076343	1
57219761993	Papini A.	Andrea	Papini	Andrea Papini	PE1 - Mathematics	1	Physical sciences & engineering (PE)	NoisyFluid	101053472	1
57219788808	Pacetti E.	Elenia	Pacetti	E. Pacetti	PE9 - Universe Sciences	1	Physical sciences & engineering (PE)	DiscEvol | PEBBLES	101039651 | 101098309	2
57219789879	Camilli F.	Francesco	Camilli	Francesco Camilli	PE1 - Mathematics	1	Physical sciences & engineering (PE)	CHORAL	101039794	1
57219792324	Marini I.	I.	Marini	I. Marini	PE9 - Universe Sciences	1	Physical sciences & engineering (PE)	CLEVeR	101045437	1
57219856801	Ferrarelli G.	Giorgia	Ferrarelli	Giorgia Ferrarelli	PE5 - Synthetic Chemistry & Materials	1	Physical sciences & engineering (PE)	ZEOLIghT	101054004	1
57219906247	Castellucci F.	Filippo	Castellucci	Filippo Castellucci	PE8 - Products & Processes Engineering	1	Physical sciences & engineering (PE)	S-FOAM	101086644	1
57219928497	Stoll N.	Nicolas	Stoll	Nicolas Stoll	PE10 - Earth System Science	1	Physical sciences & engineering (PE)	AiCE	101088125	1
57219946716	Modena F.	Francesco	Modena	Francesco Modena	PE8 - Products & Processes Engineering	1	Physical sciences & engineering (PE)	NoOne	101040383	1
57219959299	Kelk J.	Joe	Kelk	Joe Kelk	LS6 - Immunity, Infection & Immunotherapy	1	Life Sciences (LS)	B3M	101054805	1
57220060169	Scopano A.	Angelo	Scopano	Angelo Scopano	PE5 - Synthetic Chemistry & Materials	1	Physical sciences & engineering (PE)	SYNPHOCAT	101040025	1
57220363241	de Curtis M.	Marco	de Curtis	Marco de Curtis	LS7 - Prevention, Diagnosis & Treatment of Human Diseases	1	Life Sciences (LS)	PhotoTherEpi	101039945	1
57220604570	Berti A.	Angela M.	Berti	A Berti	PE9 - Universe Sciences	1	Physical sciences & engineering (PE)	BOOTES	101076343	1
57220922121	Perrero J.	Jessica	Perrero	Jessica Perrero	PE9 - Universe Sciences	1	Physical sciences & engineering (PE)	SUL4LIFE	101096293	1
57221145277	Somasundaram R.	Rahul	Somasundaram	Rahul Somasundaram	PE9 - Universe Sciences	1	Physical sciences & engineering (PE)	SMArt	101076369	1
57221152527	Roux W.	Wilhem	Roux	W. Roux	PE9 - Universe Sciences	1	Physical sciences & engineering (PE)	ISM-FLOW	101055318	1
57221252240	Leemker M.	Margot	Leemker	M. Leemker	PE9 - Universe Sciences	1	Physical sciences & engineering (PE)	UNVEIL	101076613	1
57221319981	De Giovannini U.	Umberto	De Giovannini	Umberto De Giovannini	SYG-PE Physical sciences & engineering	1	Physical sciences & engineering (PE)	Orbital Cinema	101071259	1
57221329273	Squicciarini V.	Vito	Squicciarini	V. Squicciarini	PE9 - Universe Sciences	1	Physical sciences & engineering (PE)	UNVEIL	101076613	1
57221350488	Pavani M.	Mattia	Pavani	Mattia Pavani	LS4 - Physiology in Health, Disease & Ageing	1	Life Sciences (LS)	CHARTAGING	101098074	1
57221354508	Vaccaro L.	Lorenzo	Vaccaro	Lorenzo Vaccaro	LS7 - Prevention, Diagnosis & Treatment of Human Diseases	1	Life Sciences (LS)	ReprOids	101055300	1
57221410472	Limatola G.	Giovanni	Limatola	Giovanni Limatola	PE2 - Fundamental Constituents of Matter	1	Physical sciences & engineering (PE)	JANUS	101044599	1
57221609200	Gaspari N.	Nicola	Gaspari	Nicola Gaspari	SYG-PE Physical sciences & engineering	1	Physical sciences & engineering (PE)	HEAVYMETAL	101071865	1
57221631340	Dioguardi C.	Carola Conca	Dioguardi	Carola Conca Dioguardi	LS8 - Environmental Biology, Ecology & Evolution	1	Life Sciences (LS)	microTOUCH	101045015	1
57221708642	Cardellini J.	Jacopo	Cardellini	Jacopo Cardellini	PE5 - Synthetic Chemistry & Materials	1	Physical sciences & engineering (PE)	DEBUGGING-LPS	101039841	1
57221799929	Treglia A.	Antonella	Treglia	Antonella Treglia	PE11 - Materials Engineering	1	Physical sciences & engineering (PE)	LEAP	101045098	1
57221812547	Zago S.	Sara	Zago	Sara Zago	SH4 - The Human Mind and its Complexity	1	Social sciences & humanities (SH)	PROMENADE	101045733	1
57221840452	Marconi C.	Carlo	Marconi	Carlo Marconi	PE7 - Systems & Communication Engineering	1	Physical sciences & engineering (PE)	QOMUNE	101077917	1
57221926147	Cugurra A.	Andrea	Cugurra	Andrea Cugurra	LS5 - Neuroscience & Disorders of the Nervous Systems	1	Life Sciences (LS)	IMPACT	101043003	1
57221993402	Pegoraro L.	Luca	Pegoraro	L. Pegoraro	PE9 - Universe Sciences	1	Physical sciences & engineering (PE)	ISM-FLOW	101055318	1
57222028565	Nicolas C.	C.	Nicolas	C. Nicolas	PE9 - Universe Sciences	1	Physical sciences & engineering (PE)	ISM-FLOW	101055318	1
57222035486	Papalini J.	Jacopo	Papalini	Jacopo Papalini	PE2 - Fundamental Constituents of Matter	1	Physical sciences & engineering (PE)	BHHQG	101040024	1
57222057558	Bortoletto E.	Enrico	Bortoletto	Enrico Bortoletto	LS2 - Integrative Biology: From Genes & Genomes to Systems	1	Life Sciences (LS)	EpiSperm	101042103	1
57222078751	Fux G.	Gerald E.	Fux	Gerald E. Fux	PE2 - Fundamental Constituents of Matter	1	Physical sciences & engineering (PE)	RAVE	101053159	1
57222105374	Saccardi A.	Andrea	Saccardi	Andrea Saccardi	SYG-PE Physical sciences & engineering	1	Physical sciences & engineering (PE)	HEAVYMETAL	101071865	1
57222110808	Franco S.	Silvia	Franco	Silvia Franco	PE3 - Condensed Matter Physics	1	Physical sciences & engineering (PE)	MICROTECH	101066434	1
57222255789	de Martino B.	Bianca	de Martino	B. De Martino	PE9 - Universe Sciences	1	Physical sciences & engineering (PE)	BOOTES	101076343	1
57222256562	Benfenati F.	Francesco	Benfenati	F. Benfenati	PE9 - Universe Sciences	1	Physical sciences & engineering (PE)	BOOTES	101076343	1
57222321938	Santos-Lima B.	Bruno	Santos-Lima	Bruno Santos-Lima	LS6 - Immunity, Infection & Immunotherapy	1	Life Sciences (LS)	NeutrAD	101069397	1
57222326454	Raimondi T.	Teresa	Raimondi	Teresa Raimondi	SH4 - The Human Mind and its Complexity	1	Social sciences & humanities (SH)	TOHR	101041885	1
57222390136	de Luca C.	Claudia	de Luca	Claudia De Luca	SH4 - The Human Mind and its Complexity	1	Social sciences & humanities (SH)	UnaWireD	101042625	1
57222425283	Adorinni S.	Simone	Adorinni	Simone Adorinni	PE5 - Synthetic Chemistry & Materials	1	Physical sciences & engineering (PE)	SYNPHOCAT	101040025	1
57222503743	Ghezzi A.	Alberto	Ghezzi	Alberto Ghezzi	LS9 - Biotechnology & Biosystems Engineering	1	Life Sciences (LS)	GrInSun	101053983	1
57222632363	Giovanelli J.	Joseph	Giovanelli	Joseph Giovanelli	PE6 - Computer Science & Informatics	1	Physical sciences & engineering (PE)	ixAutoML	101041029	1
57222762966	Corrias N.	Nicola	Corrias	Nicola Corrias	PE7 - Systems & Communication Engineering	1	Physical sciences & engineering (PE)	QOMUNE	101077917	1
57222901648	Panariello F.	Francesco	Panariello	Francesco Panariello	LS7 - Prevention, Diagnosis & Treatment of Human Diseases	1	Life Sciences (LS)	ReprOids	101055300	1
57223021311	Godwin J.	Jeffrey	Godwin	Jeffrey Godwin	LS4 - Physiology in Health, Disease & Ageing	1	Life Sciences (LS)	CHARTAGING	101098074	1
57223093090	Bason R.	Ramona	Bason	Ramona Bason	LS4 - Physiology in Health, Disease & Ageing	1	Life Sciences (LS)	CHARTAGING	101098074	1
57223193616	Tanzi A.	Adele	Tanzi	Adele Tanzi	LS7 - Prevention, Diagnosis & Treatment of Human Diseases	1	Life Sciences (LS)	NEOGRAFT	101045467	1
57223740211	Albanesi S.	Simone	Albanesi	Simone Albanesi	PE9 - Universe Sciences	1	Physical sciences & engineering (PE)	InspiReM	101043372	1
57223754549	Di Pino S.	Solana	Di Pino	Solana Di Pino	PE4 - Physical & Analytical Chemical Sciences	1	Physical sciences & engineering (PE)	HyBOP	101043272	1
57223893913	Albertini A.	Angelica	Albertini	Angelica Albertini	PE9 - Universe Sciences	1	Physical sciences & engineering (PE)	InspiReM	101043372	1
57223932659	Albertazzi J.	Jody	Albertazzi	Jody Albertazzi	PE8 - Products & Processes Engineering	1	Physical sciences & engineering (PE)	SAC_2.0	101075832	1
57224087414	Mascherpa E.	Eleonora	Mascherpa	Eleonora Mascherpa	SH4 - The Human Mind and its Complexity	1	Social sciences & humanities (SH)	iReach	101062237	1
57224163835	Tootoonchi R.	Roshanak	Tootoonchi	Roshanak Tootoonchi	PE10 - Earth System Science	1	Physical sciences & engineering (PE)	ForExD | MEDEWSA	101039567 | 101121192	2
57224516142	Singh J.	Jasbir	Singh	Jasbir Singh	PE9 - Universe Sciences	1	Physical sciences & engineering (PE)	TransPIre	101042299	1
57224638484	Mantovan G.	Giacomo	Mantovan	G. Mantovan	PE9 - Universe Sciences	1	Physical sciences & engineering (PE)	FIERCE	101052347	1
57224735774	Wang Q.	Qiuran	Wang	Qiuran Wang	SH4 - The Human Mind and its Complexity	1	Social sciences & humanities (SH)	ROOMors	101096728	1
57224771272	Di Dona G.	Giuseppe	Di Dona	Giuseppe Di Dona	SH4 - The Human Mind and its Complexity	1	Social sciences & humanities (SH)	HearingHands	101040276	1
57224805845	Armada-Moreira A.	Adam	Armada-Moreira	Adam Armada-Moreira	PE11 - Materials Engineering	1	Physical sciences & engineering (PE)	4D-PhytoHybrid	101042148	1
57224825342	De Marchi E.	Elisa	De Marchi	Elisa De Marchi	LS9 - Biotechnology & Biosystems Engineering	1	Life Sciences (LS)	PeroxyZyme	101054658	1
57224864183	Cannariato C.	Costanza	Cannariato	Costanza Cannariato	SH6 - The Study of the Human Past	1	Social sciences & humanities (SH)	MOTHERS	101077348	1
57225078142	Ardeshiri Lordejani A.	Amir	Ardeshiri Lordejani	Amir Ardeshiri Lordejani	PE8 - Products & Processes Engineering	1	Physical sciences & engineering (PE)	ArcHIDep	101044228	1
57225185599	Moodie R.	Ryan I.	Moodie	Ryan Moodie	PE2 - Fundamental Constituents of Matter	1	Physical sciences & engineering (PE)	FFHiggsTop	101040760	1
57225211795	Pignataro G.	Giada Venusta	Pignataro	G. V. Pignataro	PE9 - Universe Sciences	1	Physical sciences & engineering (PE)	ULU	101086378	1
57225338997	Caputi L.	Luigi	Caputi	Luigi Caputi	PE1 - Mathematics	1	Physical sciences & engineering (PE)	DAT	101077154	1
57225778410	Rossi M.	Marco	Rossi	Marco Rossi	PE8 - Products & Processes Engineering	1	Physical sciences & engineering (PE)	Beyond	101052956	1
57225802190	Giraudo M.	Marco	Giraudo	Marco Giraudo	SH2 - Institutions, Governance & Legal Systems	1	Social sciences & humanities (SH)	SAFEandSOUND	101076929	1
57225928990	Giardiello S.	Serena	Giardiello	S. Giardiello	PE9 - Universe Sciences	1	Physical sciences & engineering (PE)	RELiCS	101116027	1
57225936802	Petri S.	Stefania	Petri	Stefania Petri	SH4 - The Human Mind and its Complexity	1	Social sciences & humanities (SH)	iReach	101062237	1
57225975472	Ahmad A.	Anees	Ahmad	A. Ahmad	PE2 - Fundamental Constituents of Matter	1	Physical sciences & engineering (PE)	DITTO	101089007	1
57225977024	Reyhani A.	Adel Naim	Reyhani	Adel-Naim Reyhani	SH2 - Institutions, Governance & Legal Systems	1	Social sciences & humanities (SH)	ACCESS	101078683	1
57226318769	Mansi S.	Silvia Angela	Mansi	Silvia Angela Mansi	PE8 - Products & Processes Engineering	1	Physical sciences & engineering (PE)	HELIOS	101041255	1
57226326433	Caruso C.	Cristina	Caruso	Cristina Caruso	PE4 - Physical & Analytical Chemical Sciences	1	Physical sciences & engineering (PE)	COMP-O-CELL	101053661	1
57226484739	Glukhov A.	Artem	Glukhov	A. Glukhov	PE7 - Systems & Communication Engineering	1	Physical sciences & engineering (PE)	ANIMATE	101054098	1
57226596518	Fasano D.	Daniele	Fasano	D. Fasano	PE9 - Universe Sciences	1	Physical sciences & engineering (PE)	DiscEvol | OSIRIS	101039651 | 101104656	2
57226794215	Lefevre M.	Marie Celine	Lefevre	Marie Celine Lefevre	PE8 - Products & Processes Engineering	1	Physical sciences & engineering (PE)	BiSCUIT	101146025	1
57242528100	Colombo E.	Emanuele	Colombo	Emanuele Colombo	PE8 - Products & Processes Engineering	1	Physical sciences & engineering (PE)	NICHILD | BEACONSANDEGG	101068512 | 101053122	2
57244745300	Rossini M.	Matteo	Rossini	Matteo Rossini	SH6 - The Study of the Human Past	1	Social sciences & humanities (SH)	MOTHERS	101077348	1
57247599600	Gianferrari G.	Giulia	Gianferrari	Giulia Gianferrari	SH4 - The Human Mind and its Complexity	1	Social sciences & humanities (SH)	UnaWireD	101042625	1
57257836700	Ruta V.	Vincenzo	Ruta	Vincenzo Ruta	PE8 - Products & Processes Engineering	1	Physical sciences & engineering (PE)	SAC_2.0	101075832	1
57263108700	Balboni E.	Erica	Balboni	Erica Balboni	SH4 - The Human Mind and its Complexity	1	Social sciences & humanities (SH)	UnaWireD	101042625	1
57263709300	Luo J.	Jiachengjun	Luo	Jiachengjun Luo	PE8 - Products & Processes Engineering	1	Physical sciences & engineering (PE)	SAC_2.0	101075832	1
57264625500	Lambroia L.	Luca	Lambroia	Luca Lambroia	LS8 - Environmental Biology, Ecology & Evolution	1	Life Sciences (LS)	microTOUCH	101045015	1
57269962700	Giacalone G.	Giorgio	Giacalone	Giorgio Giacalone	PE7 - Systems & Communication Engineering	1	Physical sciences & engineering (PE)	QOMUNE	101077917	1
57289704300	Najdi N.	Nahid	Najdi	Nahid Najdi	PE5 - Synthetic Chemistry & Materials	1	Physical sciences & engineering (PE)	PROTOMAT	101039578	1
57296133700	Luongo E.	Eliseo	Luongo	Eliseo Luongo	PE1 - Mathematics	1	Physical sciences & engineering (PE)	NoisyFluid	101053472	1
57302838900	Prato O.	Ornella	Prato	Ornella Prato	SH6 - The Study of the Human Past	1	Social sciences & humanities (SH)	ANSOC | Horsepower	101055195 | 101071707	2
57304494900	Sotgiu S.	Simone	Sotgiu	Simone Sotgiu	PE4 - Physical & Analytical Chemical Sciences	1	Physical sciences & engineering (PE)	DELIGHT	101052708	1
57317253800	Angiolillo S.	Silvia	Angiolillo	Silvia Angiolillo	LS7 - Prevention, Diagnosis & Treatment of Human Diseases	1	Life Sciences (LS)	ReprOids	101055300	1
57325670200	Manuela G.	Gariboldi	Manuela	Gariboldi Manuela	PE8 - Products & Processes Engineering	1	Physical sciences & engineering (PE)	MucOncoBots	101138723	1
57326313300	Melacarne E.	Enrico	Melacarne	E. Melacarne	PE7 - Systems & Communication Engineering	1	Physical sciences & engineering (PE)	ANIMATE	101054098	1
57338928700	Brunetti I.	Irene	Brunetti	Irene Brunetti	PE7 - Systems & Communication Engineering	1	Physical sciences & engineering (PE)	ORTHOGONAL	101097876	1
57343251500	Trauttmansdorff P.	Paul	Trauttmansdorff	Paul Trauttmansdorff	SH3 - The Social World and its Diversity	1	Social sciences & humanities (SH)	FutureSpace	101076020	1
57344698000	Otero-Martínez C.	Clara	Otero-Martínez	Clara Otero-Martínez	PE5 - Synthetic Chemistry & Materials	1	Physical sciences & engineering (PE)	NEHA	101095974	1
57345596800	Boverio A.	Alessandro	Boverio	Alessandro Boverio	LS1 - Molecules of Life: Biological Mechanisms, Structures & Functions	1	Life Sciences (LS)	MetaQ	101094471	1
57356587200	Frota de Albuquerque Landi F.	Fabiana	Frota de Albuquerque Landi	Fabiana Frota de Albuquerque Landi	PE8 - Products & Processes Engineering	1	Physical sciences & engineering (PE)	HELIOS	101041255	1
57362555600	Antolini N.	Nicolò	Antolini	N. Antolini	PE2 - Fundamental Constituents of Matter	1	Physical sciences & engineering (PE)	Supersolids	101055319	1
57372985800	Simonte M.	M.	Simonte	M. Simonte	PE9 - Universe Sciences	1	Physical sciences & engineering (PE)	ULU	101086378	1
57386178200	Nobile M.	Maria	Nobile	Maria Nobile	SH4 - The Human Mind and its Complexity	1	Social sciences & humanities (SH)	AUTISMS-3D	101087263	1
57386341800	Nanci C.	Cristina	Nanci	C. Nanci	PE9 - Universe Sciences	1	Physical sciences & engineering (PE)	BOOTES	101076343	1
57387122600	Gümüş M.	Mehmet Asım	Gümüş	Mehmet Asım Gümüş	PE2 - Fundamental Constituents of Matter	1	Physical sciences & engineering (PE)	X-HEP	101039756	1
57392537000	Gagliardini S.	Silvia	Gagliardini	S. Gagliardini	PE9 - Universe Sciences	1	Physical sciences & engineering (PE)	BOOTES	101076343	1
57415514900	Carugati F.	Filippo	Carugati	Filippo Carugati	SH4 - The Human Mind and its Complexity	1	Social sciences & humanities (SH)	TOHR	101041885	1
57423139300	Berni-Canani R.	Roberto	Berni-Canani	Roberto Berni Canani	PE5 - Synthetic Chemistry & Materials	1	Physical sciences & engineering (PE)	DEBUGGING-LPS	101039841	1
57428924400	Fanciullo G.	Giacomo	Fanciullo	Giacomo Fanciullo	PE4 - Physical & Analytical Chemical Sciences	1	Physical sciences & engineering (PE)	MaMa	101097351	1
57435102900	Rossin E.	Elena	Rossin	Elena Rossin	PE5 - Synthetic Chemistry & Materials	1	Physical sciences & engineering (PE)	SYNPHOCAT	101040025	1
57435288800	de Simone M.	Monica	de Simone	Monica de Simone	PE4 - Physical & Analytical Chemical Sciences	1	Physical sciences & engineering (PE)	CHIRAX	101095012	1
57436610900	Simionato G.	Gianluca	Simionato	Gianluca Simionato	PE5 - Synthetic Chemistry & Materials	1	Physical sciences & engineering (PE)	SYNPHOCAT	101040025	1
57449060900	Perrone M.	Michela	Perrone	Michela Perrone	LS4 - Physiology in Health, Disease & Ageing	1	Life Sciences (LS)	AUTO-SELECT	101045285	1
57456598100	Riccardo S.	Sara	Riccardo	Sara Riccardo	LS7 - Prevention, Diagnosis & Treatment of Human Diseases	1	Life Sciences (LS)	ReprOids	101055300	1
57460644200	Busetto G.	Giovanni	Busetto	G Busetto	PE9 - Universe Sciences	1	Physical sciences & engineering (PE)	BOOTES	101076343	1
57462792400	Pastore F.	Francesco	Pastore	Francesco Pastore	LS5 - Neuroscience & Disorders of the Nervous Systems	1	Life Sciences (LS)	E-CTRL	101078163	1
57464518300	Benedini M.	Marco	Benedini	Marco Benedini	PE7 - Systems & Communication Engineering	1	Physical sciences & engineering (PE)	INcEPTION	101045605	1
57468228000	Graziotto L.	Lorenzo	Graziotto	Lorenzo Graziotto	PE4 - Physical & Analytical Chemical Sciences	1	Physical sciences & engineering (PE)	DELIGHT	101052708	1
57470894100	Cascione S.	Sara	Cascione	Sara Cascione	LS7 - Prevention, Diagnosis & Treatment of Human Diseases	1	Life Sciences (LS)	HSC-reNEW	101044032	1
57475156700	Scarani A.	Alex	Scarani	Alex Scarani	PE10 - Earth System Science	1	Physical sciences & engineering (PE)	NANOVOLC	101044772	1
57514393000	Galbiati M.	Marta	Galbiati	Marta Galbiati	PE8 - Products & Processes Engineering	1	Physical sciences & engineering (PE)	PANTANI | EUROfusion	101069171 | 101052200	2
57543838900	Bernabò L.	Lia Marta	Bernabò	L. M. Bernabò	PE9 - Universe Sciences	1	Physical sciences & engineering (PE)	FIERCE	101052347	1
57554073300	Sollazzo R.	Raimondo	Sollazzo	Raimondo Sollazzo	LS5 - Neuroscience & Disorders of the Nervous Systems	1	Life Sciences (LS)	E-CTRL	101078163	1
57561949100	Braidotti N.	Nicoletta	Braidotti	Nicoletta Braidotti	PE5 - Synthetic Chemistry & Materials	1	Physical sciences & engineering (PE)	PROTOMAT	101039578	1
57562112400	Muciaccia A.	Andrea	Muciaccia	Andrea Muciaccia	PE8 - Products & Processes Engineering	1	Physical sciences & engineering (PE)	GREEN SPECIES	101089265	1
57616322100	Asif M.	Muhammad	Asif	Muhammad Asif	SH2 - Institutions, Governance & Legal Systems	1	Social sciences & humanities (SH)	HyperModeLex	101055185	1
57637954000	Mutoli M.	Martina	Mutoli	Martina Mutoli	LS7 - Prevention, Diagnosis & Treatment of Human Diseases	1	Life Sciences (LS)	REVERSE	101054460	1
57655080300	Bellomo S.	Salvatore E.	Bellomo	S. E. Bellomo	PE9 - Universe Sciences	1	Physical sciences & engineering (PE)	FIERCE	101052347	1
57665787400	Della Pia F.	Flaviano	Della Pia	Flaviano Della Pia	SYG-PE Physical sciences & engineering	1	Physical sciences & engineering (PE)	n-AQUA	101071937	1
57669341600	Cavaliere S.	Sara	Cavaliere	Sara Cavaliere	LS8 - Environmental Biology, Ecology & Evolution	1	Life Sciences (LS)	microTOUCH	101045015	1
57682539200	Camilletti A.	Alessandro	Camilletti	Alessandro Camilletti	PE9 - Universe Sciences	1	Physical sciences & engineering (PE)	InspiReM	101043372	1
57694377900	Soldati L.	Luca	Soldati	Luca Soldati	PE4 - Physical & Analytical Chemical Sciences	1	Physical sciences & engineering (PE)	MaMa	101097351	1
57701756400	Zampa E.	Enrico	Zampa	E. Zampa	PE8 - Products & Processes Engineering	1	Physical sciences & engineering (PE)	Beyond	101052956	1
57702583500	Tissino J.	Jacopo	Tissino	Jacopo Tissino	PE9 - Universe Sciences	1	Physical sciences & engineering (PE)	MultiJets	101055307	1
57703127600	Hima N.	N.	Hima	N. Hima	PE8 - Products & Processes Engineering	1	Physical sciences & engineering (PE)	Beyond	101052956	1
57712873000	Curone P.	P.	Curone	P. Curone	PE9 - Universe Sciences	1	Physical sciences & engineering (PE)	DiscEvol | UNVEIL	101039651 | 101076613	2
57722748100	Vacondio S.	Simone	Vacondio	Simone Vacondio	PE7 - Systems & Communication Engineering	1	Physical sciences & engineering (PE)	F2GO	101055379	1
57726517900	Rebecchi L.	Luca	Rebecchi	Luca Rebecchi	PE11 - Materials Engineering	1	Physical sciences & engineering (PE)	JANUS BI	101041229	1
57737685300	Mercogliano M.	Marcello	Mercogliano	Marcello Mercogliano	PE5 - Synthetic Chemistry & Materials	1	Physical sciences & engineering (PE)	DEBUGGING-LPS	101039841	1
57740173300	van der Velden J.	Jolanda	van der Velden	Jolanda Van der Velden	LS7 - Prevention, Diagnosis & Treatment of Human Diseases	1	Life Sciences (LS)	REVERSE	101054460	1
57745771100	Mirani D.	Diego	Mirani	Diego Mirani	PE4 - Physical & Analytical Chemical Sciences	1	Physical sciences & engineering (PE)	SPIKE	101068936	1
57763368300	Losacco S.	Serena	Losacco	Serena Losacco	PE7 - Systems & Communication Engineering	1	Physical sciences & engineering (PE)	INSPIRE	101076926	1
57769490300	Andriolo A.	Alessandro	Andriolo	Alessandro Andriolo	PE10 - Earth System Science	1	Physical sciences & engineering (PE)	ForExD	101039567	1
57773685400	Apuzzo A.	Andrea	Apuzzo	Andrea Apuzzo	PE10 - Earth System Science	1	Physical sciences & engineering (PE)	OCEANID	101045260	1
57782489300	Giangeri G.	Ginevra	Giangeri	Ginevra Giangeri	PE8 - Products & Processes Engineering	1	Physical sciences & engineering (PE)	ANAEROB	101098064	1
57801243500	Visentin E.	Elisabetta	Visentin	Elisabetta Visentin	LS8 - Environmental Biology, Ecology & Evolution	1	Life Sciences (LS)	microTOUCH	101045015	1
57807559600	Riccardi B.	Brian	Riccardi	Brian Riccardi	PE6 - Computer Science & Informatics	1	Physical sciences & engineering (PE)	REGINDEX	101039208	1
57811642000	Rossetto G.	Gabriel	Rossetto	Gabriel Rossetto	PE8 - Products & Processes Engineering	1	Physical sciences & engineering (PE)	Beyond	101052956	1
57815312900	Monteforte L.	Lorenzo Maria	Monteforte	Lorenzo Maria Monteforte	PE7 - Systems & Communication Engineering	1	Physical sciences & engineering (PE)	FIND-OUT	101078411	1
57841411000	Salvi M.	Marcello	Salvi	Marcello Salvi	LS7 - Prevention, Diagnosis & Treatment of Human Diseases	1	Life Sciences (LS)	ReprOids	101055300	1
57844180000	Vicentini F.	Francesco	Vicentini	Francesco Vicentini	PE5 - Synthetic Chemistry & Materials	1	Physical sciences & engineering (PE)	PROTOMAT	101039578	1
57878631100	Carbone E.	Erika	Carbone	Erika Carbone	LS1 - Molecules of Life: Biological Mechanisms, Structures & Functions	1	Life Sciences (LS)	THYROMOL	101041298	1
57886832000	Vaulato V.	Valentina	Vaulato	V. Vaulato	PE9 - Universe Sciences	1	Physical sciences & engineering (PE)	FIERCE	101052347	1
57898515400	Singh M.	Mandeep	Singh	Mandeep Singh	PE8 - Products & Processes Engineering	1	Physical sciences & engineering (PE); (unspecified)	TCOtronics	101061820	1
57913295000	Hörmann M.	Martin	Hörmann	Martin Hörmann	PE4 - Physical & Analytical Chemical Sciences	1	Physical sciences & engineering (PE)	TROPHY | PIRO	101047137 | 101076859	2
57915525400	Serpico G.	Giuseppe	Serpico	Giuseppe Serpico	PE3 - Condensed Matter Physics	1	Physical sciences & engineering (PE)	cQEDscope	101075962	1
57936939200	Dalena F.	Francesco	Dalena	Francesco Dalena	PE5 - Synthetic Chemistry & Materials	1	Physical sciences & engineering (PE)	ZEOLIghT	101054004	1
57942154100	Rosetti B.	Beatrice	Rosetti	Beatrice Rosetti	PE5 - Synthetic Chemistry & Materials	1	Physical sciences & engineering (PE)	PROTOMAT	101039578	1
57947541500	Pedrazzoli E.	Eleonora	Pedrazzoli	Eleonora Pedrazzoli	LS8 - Environmental Biology, Ecology & Evolution	1	Life Sciences (LS)	microTOUCH	101045015	1
57953182600	Carenini F.	Francesco	Carenini	F. Carenini	PE9 - Universe Sciences	1	Physical sciences & engineering (PE)	BOOTES	101076343	1
57953190600	Cammelli V.	Vieri	Cammelli	Vieri Cammelli	PE9 - Universe Sciences	1	Physical sciences & engineering (PE)	TransPIre	101042299	1
57953875900	Marconcini C.	Cosimo	Marconcini	C. Marconcini	PE9 - Universe Sciences	1	Physical sciences & engineering (PE)	MW-WINDS	101040751	1
57957663300	Didelon E.	Emma	Didelon	Emma Didelon	LS7 - Prevention, Diagnosis & Treatment of Human Diseases	1	Life Sciences (LS)	HSC-reNEW	101044032	1
57966564200	Rusconi M.	Martina	Rusconi	Martina Rusconi	PE8 - Products & Processes Engineering	1	Physical sciences & engineering (PE)	GREEN SPECIES	101089265	1
57973002400	Brunello G.	Giacomo	Brunello	Giacomo Brunello	PE2 - Fundamental Constituents of Matter	1	Physical sciences & engineering (PE)	FFHiggsTop	101040760	1
57981300400	Persani L.	Luca G.	Persani	Luca Persani	LS1 - Molecules of Life: Biological Mechanisms, Structures & Functions	1	Life Sciences (LS)	THYROMOL	101041298	1
57989273300	Dall’Ara G.	Gian Maria	Dall’Ara	Gian Maria Dall’Ara	PE1 - Mathematics	1	Physical sciences & engineering (PE)	HPDR	101053085	1
58024552900	Portaluri A.	Antonio	Portaluri	Antonio Portaluri	LS7 - Prevention, Diagnosis & Treatment of Human Diseases	1	Life Sciences (LS)	SAFE-MRI	101087701	1
58032373400	Bettoni G.	Giulio	Bettoni	G. Bettoni	PE9 - Universe Sciences	1	Physical sciences & engineering (PE)	UNVEIL	101076613	1
58036536700	Malanga F.	Francesco	Malanga	Francesco Malanga	PE7 - Systems & Communication Engineering	1	Physical sciences & engineering (PE)	HERMES	101116943	1
58055475000	Pham L.	Lan B.T.	Pham	Lan B. T. Pham	PE4 - Physical & Analytical Chemical Sciences	1	Physical sciences & engineering (PE)	Fragment-Screen | SystemDirectMS	101094131 | 101092725	2
58055689100	Costantino A.	Azzurra	Costantino	Azzurra Costantino	PE4 - Physical & Analytical Chemical Sciences	1	Physical sciences & engineering (PE)	Fragment-Screen | SystemDirectMS	101094131 | 101092725	2
58065558000	Scialpi M.	M.	Scialpi	M. Scialpi	PE9 - Universe Sciences	1	Physical sciences & engineering (PE)	MW-WINDS	101040751	1
58067948000	Mariani F.	Francesca	Mariani	Francesca Mariani	PE2 - Fundamental Constituents of Matter	1	Physical sciences & engineering (PE)	BHHQG	101040024	1
58077772300	Battistoni M.	Martina	Battistoni	Martina Battistoni	LS5 - Neuroscience & Disorders of the Nervous Systems	1	Life Sciences (LS)	E-CTRL	101078163	1
58078023700	Oglio F.	Franca	Oglio	Franca Oglio	PE5 - Synthetic Chemistry & Materials	1	Physical sciences & engineering (PE)	DEBUGGING-LPS	101039841	1
58083558000	Marano G.	Giuseppe	Marano	Giuseppe Marano	LS4 - Physiology in Health, Disease & Ageing	1	Life Sciences (LS)	MetaIron | EXPAND IT	101112780 | 101055422	2
58084695500	D Odorico V.	V.	D Odorico	V. D’Odorico	PE9 - Universe Sciences	1	Physical sciences & engineering (PE)	FIERCE	101052347	1
58086078900	Gutiérrez Bolaños C.	Carolina	Gutiérrez Bolaños	Carolina Gutiérrez Bolaños	SYG-PE Physical sciences & engineering	1	Physical sciences & engineering (PE)	Orbital Cinema	101071259	1
58121279100	Di Fabrizio E.	Enzo	Di Fabrizio	Enzo Di Fabrizio	PE11 - Materials Engineering	1	Physical sciences & engineering (PE)	JANUS BI	101041229	1
58123481600	Puglisi G.	Giuseppe	Puglisi	G. Puglisi	PE9 - Universe Sciences	1	Physical sciences & engineering (PE)	RELiCS	101116027	1
58128353600	Moscato D.	Davide	Moscato	Davide Moscato	PE4 - Physical & Analytical Chemical Sciences	1	Physical sciences & engineering (PE)	SEMISOFT	101081361	1
58131531400	da Veiga L.	Lourenco Beirao	da Veiga	L. Beirão da Veiga	SYG-PE Physical sciences & engineering	1	Physical sciences & engineering (PE)	NEMESIS	101115663	1
58131881900	Bani A.	Alessandro	Bani	Alessandro Bani	LS6 - Immunity, Infection & Immunotherapy	1	Life Sciences (LS)	NeutrAD	101069397	1
58144980300	Amistadi S.	Simone	Amistadi	Simone Amistadi	LS8 - Environmental Biology, Ecology & Evolution	1	Life Sciences (LS)	microTOUCH	101045015	1
58158570600	Bordoni C.	Camilla	Bordoni	Camilla Bordoni	PE8 - Products & Processes Engineering	1	Physical sciences & engineering (PE)	FLETRAD	101082283	1
58172100600	Pesce C.	Cristiano	Pesce	Cristiano Pesce	PE8 - Products & Processes Engineering	1	Physical sciences & engineering (PE)	microMESH	101069326	1
58172941700	Lanzi C.	Cecilia	Lanzi	Cecilia Lanzi	PE4 - Physical & Analytical Chemical Sciences	1	Physical sciences & engineering (PE)	SEMISOFT	101081361	1
58174997700	Uraghi S.	Sarah	Uraghi	Sarah Uraghi	LS1 - Molecules of Life: Biological Mechanisms, Structures & Functions	1	Life Sciences (LS)	THYROMOL	101041298	1
58182614500	Baron G.	Giorgia	Baron	Giorgia Baron	SYG-LS Life Sciences	1	Life Sciences (LS)	NEMESIS	101071900	1
58189811800	Mattioli I.	Irene	Mattioli	Irene Mattioli	SH4 - The Human Mind and its Complexity	1	Social sciences & humanities (SH)	UnaWireD	101042625	1
58257020700	Bala R.	Renu	Bala	R. Bala	PE2 - Fundamental Constituents of Matter	1	Physical sciences & engineering (PE)	InitialConditions	101077147	1
58257389100	Zocco C.	Carlotta	Zocco	Carlotta Zocco	LS6 - Immunity, Infection & Immunotherapy	1	Life Sciences (LS)	NeutrAD	101069397	1
58264435800	Dionisi M.	Manuela	Dionisi	Manuela Dionisi	LS7 - Prevention, Diagnosis & Treatment of Human Diseases	1	Life Sciences (LS)	ReprOids	101055300	1
58316655200	Columba G.	Gabriele	Columba	G. Columba	PE9 - Universe Sciences	1	Physical sciences & engineering (PE)	UNVEIL	101076613	1
58317818600	Hassan G.	Gabriel	Hassan	Gabriel Hassan	SYG-LS Life Sciences	1	Life Sciences (LS)	NEMESIS	101071900	1
58345706500	Lyrvall J.	Johan	Lyrvall	Johan Lyrvall	SH2 - Institutions, Governance & Legal Systems	1	Social sciences & humanities (SH)	PRD	101077659	1
58347741200	Guidi G.	Greta	Guidi	Greta Guidi	PE9 - Universe Sciences	1	Physical sciences & engineering (PE)	DiscEvol | SPICES	101039651 | 101103114	2
58358365900	Mandelli G.	Giacomo	Mandelli	Giacomo Mandelli	PE4 - Physical & Analytical Chemical Sciences	1	Physical sciences & engineering (PE)	SEMISOFT	101081361	1
58404056300	Bartolini C.	Chiara	Bartolini	C. Bartolini	PE9 - Universe Sciences	1	Physical sciences & engineering (PE)	BOOTES	101076343	1
58407373600	Manjunatha K.	Karan Kabbur Hanumanthappa	Manjunatha	Karan Kabbur Hanumanthappa Manjunatha	SYG-LS Life Sciences	1	Life Sciences (LS)	NEMESIS	101071900	1
58413939300	Brizzi P.	Paolo	Brizzi	Paolo Brizzi	PE7 - Systems & Communication Engineering	1	Physical sciences & engineering (PE)	QOMUNE	101077917	1
58418445400	Grassi F.	Federica	Grassi	Federica Grassi	PE5 - Synthetic Chemistry & Materials	1	Physical sciences & engineering (PE)	SYNPHOCAT	101040025	1
58449593700	Charalambous P.	Panagiotis	Charalambous	Panagiotis Charalambous	PE2 - Fundamental Constituents of Matter	1	Physical sciences & engineering (PE)	CeleBH	101076737	1
58476390600	Caputo M.	Mariapia	Caputo	Mariapia Caputo	PE8 - Products & Processes Engineering	1	Physical sciences & engineering (PE)	NoOne	101040383	1
58488163200	Leonardi P.	Pietro	Leonardi	P. Leonardi	PE9 - Universe Sciences	1	Physical sciences & engineering (PE)	FIERCE	101052347	1
58490045300	Guerriero I.	Irene	Guerriero	Irene Guerriero	PE8 - Products & Processes Engineering	1	Physical sciences & engineering (PE)	microMESH	101069326	1
58490224300	Ruge F.	Fabian	Ruge	Fabian Ruge	SH5 - Cultures & Cultural Production	1	Social sciences & humanities (SH)	APATHES	101086695	1
58510282100	Maso R.	Riccardo	Maso	Riccardo Maso	PE6 - Computer Science & Informatics	1	Physical sciences & engineering (PE)	REGINDEX	101039208	1
58525161600	Chen Z.	Zirui	Chen	Zirui Chen	PE7 - Systems & Communication Engineering	1	Physical sciences & engineering (PE)	ANIMATE	101054098	1
58537231400	Cova L.	Linda	Cova	Linda Cova	LS8 - Environmental Biology, Ecology & Evolution	1	Life Sciences (LS)	microTOUCH	101045015	1
58538683500	Panzeri D.	Davide	Panzeri	Davide Panzeri	PE8 - Products & Processes Engineering	1	Physical sciences & engineering (PE)	BEACONSANDEGG	101053122	1
58541741500	Bonano G.	Gabriele	Bonano	Gabriele Bonano	PE4 - Physical & Analytical Chemical Sciences	1	Physical sciences & engineering (PE)	CHIRAX	101095012	1
58544085000	Mazzucchelli A.	Alessia	Mazzucchelli	Alessia Mazzucchelli	SH4 - The Human Mind and its Complexity	1	Social sciences & humanities (SH)	BraveNewWord	101087053	1
58548561100	Crisanti G.	Giulio	Crisanti	Giulio Crisanti	PE2 - Fundamental Constituents of Matter	1	Physical sciences & engineering (PE)	FFHiggsTop	101040760	1
58550260600	Tozzi G.	Giulia	Tozzi	G. Tozzi	PE9 - Universe Sciences	1	Physical sciences & engineering (PE)	MW-WINDS	101040751	1
58555612700	Calia G.	Giulia	Calia	Giulia Calia	LS8 - Environmental Biology, Ecology & Evolution	1	Life Sciences (LS)	microTOUCH	101045015	1
58567265800	Saraceno P.	Piermarco	Saraceno	Piermarco Saraceno	LS9 - Biotechnology & Biosystems Engineering	1	Life Sciences (LS)	GrInSun	101053983	1
58571153400	Lombardi G.	Giovanni	Lombardi	Giovanni Lombardi	PE7 - Systems & Communication Engineering	1	Physical sciences & engineering (PE)	QOMUNE	101077917	1
58571153500	Scordato A.	Antonino	Scordato	Antonino Scordato	PE7 - Systems & Communication Engineering	1	Physical sciences & engineering (PE)	QOMUNE	101077917	1
58571407700	Gionco V.	Valerio	Gionco	Valerio Gionco	PE7 - Systems & Communication Engineering	1	Physical sciences & engineering (PE)	QOMUNE	101077917	1
58571407800	Tovar O.	Orlando	Tovar	Orlando Tovar	PE7 - Systems & Communication Engineering	1	Physical sciences & engineering (PE)	QOMUNE	101077917	1
58581598700	Rebasa-Vallverdu A.	Aina	Rebasa-Vallverdu	Aina Rebasa-Vallverdu	PE5 - Synthetic Chemistry & Materials	1	Physical sciences & engineering (PE)	PROTOMAT	101039578	1
58594409000	Marchese G.	Guglielmo	Marchese	Guglielmo Marchese	PE4 - Physical & Analytical Chemical Sciences	1	Physical sciences & engineering (PE)	DELIGHT	101052708	1
58609308100	Laita G.	Gabriele	Laita	Gabriele Laita	PE7 - Systems & Communication Engineering	1	Physical sciences & engineering (PE)	HERMES	101116943	1
58609714600	Arregui Leon U.	Unai	Arregui Leon	Unai Arregui Leon	PE7 - Systems & Communication Engineering	1	Physical sciences & engineering (PE)	3D NOAM	101044797	1
58625879000	Zannin M.	Margherita	Zannin	Margherita Zannin	SYG-LS Life Sciences	1	Life Sciences (LS)	NEMESIS	101071900	1
58631851100	Ceccarelli M.	Maria Cristina	Ceccarelli	Maria Cristina Ceccarelli	PE8 - Products & Processes Engineering	1	Physical sciences & engineering (PE)	BiSCUIT	101146025	1
58632351500	Bernardelli L.	Letizia	Bernardelli	Letizia Bernardelli	SYG-LS Life Sciences	1	Life Sciences (LS)	NEMESIS	101071900	1
58633862800	Blotta S.	Simona	Blotta	Simona Blotta	LS4 - Physiology in Health, Disease & Ageing	1	Life Sciences (LS)	CHARTAGING	101098074	1
58642273300	Curtolo A.	Andrea	Curtolo	Andrea Curtolo	PE10 - Earth System Science	1	Physical sciences & engineering (PE)	INHERIT	101041620	1
58661299000	Baglioni J.	Jacopo	Baglioni	Jacopo Baglioni	PE3 - Condensed Matter Physics	1	Physical sciences & engineering (PE)	GLAXES	101053167	1
58669683500	Mirandola A.	A.	Mirandola	A. Mirandola	PE8 - Products & Processes Engineering	1	Physical sciences & engineering (PE)	Beyond	101052956	1
58675211700	D’Amico L.	Leonardo	D’Amico	Leonardo D’Amico	SH5 - Cultures & Cultural Production	1	Social sciences & humanities (SH)	ECura	101039864	1
58680502600	Severino I.	Ines	Severino	Ines Severino	SH4 - The Human Mind and its Complexity	1	Social sciences & humanities (SH)	AUTISMS-3D	101087263	1
58695467800	Salvatori D.	Davide	Salvatori	Davide Salvatori	SH4 - The Human Mind and its Complexity	1	Social sciences & humanities (SH)	UnaWireD	101042625	1
58706977000	Orsini S.	Sibilla	Orsini	Sibilla Orsini	PE8 - Products & Processes Engineering	1	Physical sciences & engineering (PE)	DROPTRACK	101081171	1
58717862900	Sartori P.	Paolo	Sartori	Paolo Sartori	PE8 - Products & Processes Engineering	1	Physical sciences & engineering (PE)	Stripe-o-Morph	101069436	1
58722155100	Donelli B.	Beatrice	Donelli	B. Donelli	PE2 - Fundamental Constituents of Matter	1	Physical sciences & engineering (PE)	Supersolids	101055319	1
58723071800	Minafra C.	Claudia	Minafra	Claudia Minafra	SH4 - The Human Mind and its Complexity	1	Social sciences & humanities (SH)	UnaWireD	101042625	1
58723337400	Prandi R.	Riccardo	Prandi	Riccardo Prandi	SH4 - The Human Mind and its Complexity	1	Social sciences & humanities (SH)	UnaWireD	101042625	1
58730345300	Calcaterra M.	Matteo	Calcaterra	Matteo Calcaterra	SH7 - Human Mobility, Environment & Space	1	Social sciences & humanities (SH)	EUNICE | ELEVATE	101044703 | 101056873	2
58736473300	Vicentini D.	Daniela	Vicentini	Daniela Vicentini	LS8 - Environmental Biology, Ecology & Evolution	1	Life Sciences (LS)	microTOUCH	101045015	1
58741976900	Martini S.	Sara	Martini	Sara Martini	LS5 - Neuroscience & Disorders of the Nervous Systems	1	Life Sciences (LS)	E-CTRL	101078163	1
58749198400	Bernard C.	Chiara	Bernard	Chiara Bernard	PE8 - Products & Processes Engineering	1	Physical sciences & engineering (PE)	Beyond | S-FOAM	101052956 | 101086644	2
58764612500	Ge X.	Xuanyu	Ge	Xuanyu Ge	PE8 - Products & Processes Engineering	1	Physical sciences & engineering (PE)	ArcHIDep	101044228	1
58767235800	Miotto M.	Matteo	Miotto	Matteo Miotto	LS5 - Neuroscience & Disorders of the Nervous Systems	1	Life Sciences (LS)	IMPACT	101043003	1
58783350100	Cavassi R.	Roberto	Cavassi	Roberto Cavassi	PE6 - Computer Science & Informatics	1	Physical sciences & engineering (PE)	eLinoR	101085607	1
58783886400	Delouche O.	Olivier	Delouche	Olivier Delouche	PE2 - Fundamental Constituents of Matter	1	Physical sciences & engineering (PE)	X-HEP	101039756	1
58791313900	Poliseno P.	Paola	Poliseno	Paola Poliseno	LS5 - Neuroscience & Disorders of the Nervous Systems	1	Life Sciences (LS)	IMPACT	101043003	1
58792902800	Aglietta L.	Luca	Aglietta	L. Aglietta	PE2 - Fundamental Constituents of Matter	1	Physical sciences & engineering (PE)	InitialConditions	101077147	1
58813456600	Paut J.	Julien	Paut	Julien Paut	PE5 - Synthetic Chemistry & Materials	1	Physical sciences & engineering (PE)	SYNPHOCAT	101040025	1
58829830600	Morando M.	Maria Agnese	Morando	Maria Agnese Morando	LS1 - Molecules of Life: Biological Mechanisms, Structures & Functions	1	Life Sciences (LS)	cofacTau	101040138	1
58839402300	Leonetti S.	Silvia	Leonetti	Silvia Leonetti	SH4 - The Human Mind and its Complexity	1	Social sciences & humanities (SH)	TOHR	101041885	1
58850336800	Pollastri A.	Andrea	Pollastri	Andrea Pollastri	PE8 - Products & Processes Engineering	1	Physical sciences & engineering (PE)	ArcHIDep	101044228	1
58850412600	Romanenghi L.	Luca	Romanenghi	Luca Romanenghi	PE8 - Products & Processes Engineering	1	Physical sciences & engineering (PE)	ArcHIDep	101044228	1
58859358000	Pinto J.	Joaquim G.	Pinto	Joaquim G. Pinto	SH6 - The Study of the Human Past	1	Social sciences & humanities (SH)	LATEUROPE	101052653	1
58863173900	Galbusera A.	Alessia	Galbusera	Alessia Galbusera	SH6 - The Study of the Human Past	1	Social sciences & humanities (SH)	TULAR | MOTHERS	101065320 | 101077348	2
58885159400	Gilli M.	Martino	Gilli	Martino Gilli	SH7 - Human Mobility, Environment & Space	1	Social sciences & humanities (SH)	EUNICE | PRISMA	101044703 | 101081604	2
58890441500	Castelli M.	Matteo	Castelli	Matteo Castelli	PE4 - Physical & Analytical Chemical Sciences	1	Physical sciences & engineering (PE)	GREENZYME | FASTEN	101112805 | 101088032	2
58897484900	Visentini S.	Stefano	Visentini	Stefano Visentini	PE5 - Synthetic Chemistry & Materials	1	Physical sciences & engineering (PE)	SYNPHOCAT | PHOTO-STEREO | ChirAzaL	101040025 | 101106125 | 101105828	3
58897772900	Rodríguez R.	Ricardo I.	Rodríguez	Ricardo I. Rodríguez	PE5 - Synthetic Chemistry & Materials	1	Physical sciences & engineering (PE)	SYNPHOCAT | PHOTO-STEREO | ChirAzaL	101040025 | 101106125 | 101105828	3
58903259600	Cardenas C.	Cindy	Cardenas	Cindy Cardenas	LS8 - Environmental Biology, Ecology & Evolution	1	Life Sciences (LS)	microTOUCH	101045015	1
58908365200	Haile K.	Kirubell B.	Haile	Kirubell B. Haile	SYG-PE Physical sciences & engineering	1	Physical sciences & engineering (PE)	NEMESIS	101115663	1
58910100800	Bisotti M.	Marc Antonio	Bisotti	Marc-Antonio Bisotti	PE8 - Products & Processes Engineering	1	Physical sciences & engineering (PE)	O-Health	101044828	1
58913504200	Martire P.	P.	Martire	P. Martire	PE9 - Universe Sciences	1	Physical sciences & engineering (PE)	DiscEvol | OSIRIS | UNVEIL	101039651 | 101104656 | 101076613	3
58914182200	Domenici S.	Sara	Domenici	Sara Domenici	PE11 - Materials Engineering	1	Physical sciences & engineering (PE)	JANUS BI	101041229	1
58922659800	Fiscone C.	Chiara	Fiscone	Chiara Fiscone	SYG-LS Life Sciences	1	Life Sciences (LS)	NEMESIS	101071900	1
58958379600	Manigrasso M.	Miriana	Manigrasso	Miriana Manigrasso	SH4 - The Human Mind and its Complexity	1	Social sciences & humanities (SH)	UnaWireD	101042625	1
58959239800	Gaglioti G.	Gianluca	Gaglioti	Gianluca Gaglioti	SYG-LS Life Sciences	1	Life Sciences (LS)	NEMESIS	101071900	1
58963413500	Di Rosario M.	Martina	Di Rosario	Martina Di Rosario	PE5 - Synthetic Chemistry & Materials	1	Physical sciences & engineering (PE)	DEBUGGING-LPS	101039841	1
58977916200	Ferrari Ramondo G.	Giulia	Ferrari Ramondo	Giulia Ferrari Ramondo	LS7 - Prevention, Diagnosis & Treatment of Human Diseases	1	Life Sciences (LS)	HSC-reNEW	101044032	1
58993960400	Barbieri M.	Marianna	Barbieri	Marianna Barbieri	PE5 - Synthetic Chemistry & Materials	1	Physical sciences & engineering (PE)	PhotoDark	101077698	1
58994402100	Cappelletti D.	David	Cappelletti	David Cappelletti	PE5 - Synthetic Chemistry & Materials	1	Physical sciences & engineering (PE)	PhotoDark	101077698	1
59000285300	Lucchetta L.	Lorenzo	Lucchetta	Lorenzo Lucchetta	LS8 - Environmental Biology, Ecology & Evolution	1	Life Sciences (LS)	microTOUCH	101045015	1
59000524000	Bonuzzi I.	Ilaria	Bonuzzi	Ilaria Bonuzzi	LS8 - Environmental Biology, Ecology & Evolution	1	Life Sciences (LS)	microTOUCH	101045015	1
59066019300	Arrè A.	Alberto	Arrè	Alberto Arrè	LS8 - Environmental Biology, Ecology & Evolution	1	Life Sciences (LS)	microTOUCH | DOMINO	101045015 | 101060218	2
59089960300	Vincenti M.	Maria Antonietta	Vincenti	Maria Antonietta Vincenti	PE4 - Physical & Analytical Chemical Sciences	1	Physical sciences & engineering (PE)	FastTrack	101054846	1
59126456200	Cobianchi A.	Aron	Cobianchi	Aron Cobianchi	PE8 - Products & Processes Engineering	1	Physical sciences & engineering (PE)	CoDe4Bio	101039467	1
59133805200	Jamil N.	Neelam	Jamil	Neelam Jamil	LS1 - Molecules of Life: Biological Mechanisms, Structures & Functions	1	Life Sciences (LS)	MetaQ	101094471	1
59134858800	Tacconi L.	Leonardo	Tacconi	Leonardo Tacconi	PE5 - Synthetic Chemistry & Materials	1	Physical sciences & engineering (PE)	ELECTRA	101039890	1
59136196600	Mateos J.	Javier	Mateos	Javier Mateos	PE5 - Synthetic Chemistry & Materials	1	Physical sciences & engineering (PE)	SYNPHOCAT	101040025	1
59137602800	D Amato Q.	Q.	D Amato	Q. D’Amato	PE9 - Universe Sciences	1	Physical sciences & engineering (PE)	MW-WINDS	101040751	1
59137911400	Ulivi L.	Lorenzo	Ulivi	L. Ulivi	PE9 - Universe Sciences	1	Physical sciences & engineering (PE)	MW-WINDS	101040751	1
59138969700	Consoli N.	Naomi A.	Consoli	Naomi A. Consoli	LS1 - Molecules of Life: Biological Mechanisms, Structures & Functions	1	Life Sciences (LS)	champANTIBIOTICS	101045485	1
59141914000	Pistolesi L.	L.	Pistolesi	L. Pistolesi	PE7 - Systems & Communication Engineering	1	Physical sciences & engineering (PE)	ANIMATE	101054098	1
59144281800	Dell Oro A.	A.	Dell Oro	A. Dell’Oro	PE9 - Universe Sciences	1	Physical sciences & engineering (PE)	ISM-FLOW	101055318	1
59153324200	van der Werff J.	J.	van der Werff	J. van der Werff	SH4 - The Human Mind and its Complexity	1	Social sciences & humanities (SH)	TOHR	101041885	1
59154649600	Rodio F.	Francesca M.	Rodio	Francesca Rodio	SH4 - The Human Mind and its Complexity	1	Social sciences & humanities (SH)	BraveNewWord	101087053	1
59158591800	Cresi J.	Jacopo Stefano Pelli	Cresi	Jacopo Stefano Pelli Cresi	PE4 - Physical & Analytical Chemical Sciences	1	Physical sciences & engineering (PE)	CHIRAX	101095012	1
59162216900	de Rubeis E.	Emanuele	de Rubeis	E. De Rubeis	PE9 - Universe Sciences	1	Physical sciences & engineering (PE)	ULU	101086378	1
59167959700	Retagne W.	Wiebke	Retagne	Wiebke Retagne	PE8 - Products & Processes Engineering	1	Physical sciences & engineering (PE)	GREEN SPECIES	101089265	1
59173131500	D’Andrea C.	Cosimo	D’Andrea	Cosimo D’Andrea	LS9 - Biotechnology & Biosystems Engineering	1	Life Sciences (LS)	GrInSun	101053983	1
59193454300	Raddi K.	Kiran Tulasagiri	Raddi	Kiran Tulasagiri Raddi	PE8 - Products & Processes Engineering	1	Physical sciences & engineering (PE)	ArcHIDep	101044228	1
59198228400	Fanella E.	Elena	Fanella	Elena Fanella	PE7 - Systems & Communication Engineering	1	Physical sciences & engineering (PE)	QOMUNE	101077917	1
59212806900	Rossi G.	Greta	Rossi	Greta Rossi	PE5 - Synthetic Chemistry & Materials	1	Physical sciences & engineering (PE)	PhotoDark	101077698	1
59219650700	Lowndes C.	Conor	Lowndes	Conor Lowndes	LS4 - Physiology in Health, Disease & Ageing	1	Life Sciences (LS)	CHARTAGING	101098074	1
59227191000	Pertosa C.	Chiara	Pertosa	Chiara Pertosa	SH4 - The Human Mind and its Complexity	1	Social sciences & humanities (SH)	TOHR	101041885	1
59227903300	Monaco M.	Mariagrazia	Monaco	Mariagrazia Monaco	LS4 - Physiology in Health, Disease & Ageing	1	Life Sciences (LS)	AUTO-SELECT	101045285	1
59228075200	Bevilacqua V.	Valeria	Bevilacqua	Valeria Bevilacqua	SH4 - The Human Mind and its Complexity	1	Social sciences & humanities (SH)	TOHR	101041885	1
59243606800	Lanzini F.	Francesca	Lanzini	Francesca Lanzini	PE8 - Products & Processes Engineering	1	Physical sciences & engineering (PE)	LEILA	101069181	1
59244015400	Mantegari B.	Beatrice Andrea	Mantegari	Beatrice Andrea Mantegari	PE8 - Products & Processes Engineering	1	Physical sciences & engineering (PE)	LEILA	101069181	1
59244015500	Nasuti A.	Anna Diamante	Nasuti	Anna Diamante Nasuti	PE8 - Products & Processes Engineering	1	Physical sciences & engineering (PE)	LEILA	101069181	1
59247165700	Mura D.	D.	Mura	D. Mura	PE9 - Universe Sciences	1	Physical sciences & engineering (PE)	FIERCE	101052347	1
59247751600	Baldon S.	Simone	Baldon	Simone Baldon	PE5 - Synthetic Chemistry & Materials	1	Physical sciences & engineering (PE)	SYNPHOCAT	101040025	1
59259996400	Dall'Olio A.	Agnese	Dall'Olio	Agnese Dall’Olio	SYG-PE Physical sciences & engineering	1	Physical sciences & engineering (PE)	NEMESIS	101115663	1
59267261100	Bernardini E.	E.	Bernardini	E Bernardini	PE9 - Universe Sciences	1	Physical sciences & engineering (PE)	BOOTES	101076343	1
59267707100	Certo F.	Francesco	Certo	Francesco Certo	SYG-LS Life Sciences	1	Life Sciences (LS)	NEMESIS	101071900	1
59281425400	Castiglioni I.	Ilaria	Castiglioni	Ilaria Castiglioni	LS2 - Integrative Biology: From Genes & Genomes to Systems	1	Life Sciences (LS)	RADIALIS	101088408	1
59295078200	Zagni G.	Giovanni	Zagni	Giovanni Zagni	PE6 - Computer Science & Informatics	1	Physical sciences & engineering (PE)	ExplainYourself	101077481	1
59302092400	Molinari S.	Sergo	Molinari	Sergo Molinari	PE9 - Universe Sciences	1	Physical sciences & engineering (PE)	DiscEvol	101039651	1
59302629300	Focarelli G.	Giulia	Focarelli	Giulia Focarelli	PE7 - Systems & Communication Engineering	1	Physical sciences & engineering (PE)	FIND-OUT	101078411	1
59302770900	Zanini S.	Samuele	Zanini	Samuele Zanini	PE7 - Systems & Communication Engineering	1	Physical sciences & engineering (PE)	FIND-OUT	101078411	1
59304306700	Camargo F.	Franco V.A.	Camargo	Franco V. A. Camargo	PE4 - Physical & Analytical Chemical Sciences	1	Physical sciences & engineering (PE)	TROPHY | PIRO	101047137 | 101076859	2
59305053000	Yakimov M.	Mikhail M.	Yakimov	Mikhail M. Yakimov	PE5 - Synthetic Chemistry & Materials	1	Physical sciences & engineering (PE)	DEBUGGING-LPS	101039841	1
59308541700	Sanna S.	Serena	Sanna	Serena Sanna	LS4 - Physiology in Health, Disease & Ageing	1	Life Sciences (LS)	SEMICYCLE	101075624	1
59313782600	Daniele P.	Piergiorgio	Daniele	Piergiorgio Daniele	PE7 - Systems & Communication Engineering	1	Physical sciences & engineering (PE)	HERMES	101116943	1
59316013200	Mingoia S.	Silvia	Mingoia	Silvia Mingoia	LS4 - Physiology in Health, Disease & Ageing	1	Life Sciences (LS)	ICD-Cancer	101052444	1
59320342900	Giuliani G.	Gabriele	Giuliani	Gabriele Giuliani	PE10 - Earth System Science	1	Physical sciences & engineering (PE)	NANOVOLC	101044772	1
59335816800	Magnone L.	Luigi	Magnone	Luigi Magnone	SH6 - The Study of the Human Past	1	Social sciences & humanities (SH)	MOTHERS	101077348	1
59343058600	Giovanelli G.	Giulia	Giovanelli	Giulia Giovanelli	PE7 - Systems & Communication Engineering	1	Physical sciences & engineering (PE)	F2GO	101055379	1
59346358100	Di Frisco G.	Giuseppe	Di Frisco	Giuseppe Di Frisco	PE8 - Products & Processes Engineering	1	Physical sciences & engineering (PE)	ArcHIDep	101044228	1
59346523200	Yousefi Nooraie R.	Ramin	Yousefi Nooraie	Ramin Yousefi Nooraie	PE8 - Products & Processes Engineering	1	Physical sciences & engineering (PE)	ArcHIDep	101044228	1
59349579700	Cimino A.	Alessandra	Cimino	Alessandra Cimino	PE8 - Products & Processes Engineering	1	Physical sciences & engineering (PE)	NoOne	101040383	1
59349928300	Cassano B.	Blanca	Cassano	Blanca Cassano	PE8 - Products & Processes Engineering	1	Physical sciences & engineering (PE)	NoOne	101040383	1
59350361500	Paolo E.	Erica De	Paolo	Erica de Paolo	SYG-PE Physical sciences & engineering	1	Physical sciences & engineering (PE)	ROTTnROCK	101118491	1
59350842300	Tacchi E.	Elena	Tacchi	Elena Tacchi	PE5 - Synthetic Chemistry & Materials	1	Physical sciences & engineering (PE)	PhotoDark	101077698	1
59352842200	Luca V.	Varinelli	Luca	Varinelli Luca	PE8 - Products & Processes Engineering	1	Physical sciences & engineering (PE)	MucOncoBots	101138723	1
59353268200	Tommaso C.	Cavalleri	Tommaso	Cavalleri Tommaso	PE8 - Products & Processes Engineering	1	Physical sciences & engineering (PE)	MucOncoBots	101138723	1
59353407400	Giovanna C.	Chiorino	Giovanna	Chiorino Giovanna	PE8 - Products & Processes Engineering	1	Physical sciences & engineering (PE)	MucOncoBots	101138723	1
59354558000	de Simone Carone L.	Luca	de Simone Carone	Luca De Simone Carone	PE5 - Synthetic Chemistry & Materials	1	Physical sciences & engineering (PE)	DEBUGGING-LPS	101039841	1
59364357300	de Cecco D.	Daniele	de Cecco	Daniele De Cecco	PE7 - Systems & Communication Engineering	1	Physical sciences & engineering (PE)	INSPIRE	101076926	1
59374585700	Zanoni A.	Andrea	Zanoni	Andrea Zanoni	PE2 - Fundamental Constituents of Matter	1	Physical sciences & engineering (PE)	Field-SEER	101097313	1
59382962500	Mai B.	Binh T.	Mai	Binh T. Mai	PE11 - Materials Engineering	1	Physical sciences & engineering (PE)	GIULIa	101044020	1
59383096500	Gjurgjaj L.	Lorenci	Gjurgjaj	Lorenci Gjurgjaj	PE11 - Materials Engineering	1	Physical sciences & engineering (PE)	GIULIa	101044020	1
59384463900	Pintro-Schmitt R.	Rafael	Pintro-Schmitt	Rafael Pintro-Schmitt	SH3 - The Social World and its Diversity	1	Social sciences & humanities (SH)	ExpPov	101039655	1
59390998700	Ravelli L.	L.	Ravelli	L. Ravelli	PE7 - Systems & Communication Engineering	1	Physical sciences & engineering (PE)	ANIMATE	101054098	1
6504691421	Settembre C.	Carmine	Settembre	Carmine Settembre	LS4 - Physiology in Health, Disease & Ageing	1	Life Sciences (LS)	AUTO-SELECT	101045285	1
6505606078	D'Ammando F.	Filippo	D'Ammando	F. D’Ammando	PE9 - Universe Sciences	1	Physical sciences & engineering (PE)	BOOTES	101076343	1
6505872051	de Leonibus E.	Elvira	de Leonibus	Elvira De Leonibus	LS4 - Physiology in Health, Disease & Ageing	1	Life Sciences (LS)	AUTO-SELECT	101045285	1
6505962948	de Angeli F.	Francesca	de Angeli	F. De Angeli	PE9 - Universe Sciences	1	Physical sciences & engineering (PE)	ISM-FLOW	101055318	1
6505977578	Pagli C.	Carolina	Pagli	Carolina Pagli	PE10 - Earth System Science	1	Physical sciences & engineering (PE)	EMERGE | TALENTS	101087245 | 101119486	2
6506244036	Caccin P.	Paola	Caccin	Paola Caccin	LS7 - Prevention, Diagnosis & Treatment of Human Diseases	1	Life Sciences (LS)	ReprOids	101055300	1
6506261458	Mazzuca C.	Claudia	Mazzuca	Claudia Mazzuca	PE3 - Condensed Matter Physics	1	Physical sciences & engineering (PE)	MICROTECH	101066434	1
6506326012	Parolini N.	Nicola	Parolini	Nicola Parolini	SYG-PE Physical sciences & engineering	1	Physical sciences & engineering (PE)	NEMESIS	101115663	1
6506418664	Sennato S.	Simona	Sennato	Simona Sennato	PE3 - Condensed Matter Physics	1	Physical sciences & engineering (PE)	MICROTECH	101066434	1
6506468475	Mannucci B.	Barbara	Mannucci	Barbara Mannucci	LS1 - Molecules of Life: Biological Mechanisms, Structures & Functions	1	Life Sciences (LS)	MetaQ	101094471	1
6506488594	Tripodo C.	Claudio	Tripodo	Claudio Tripodo	LS4 - Physiology in Health, Disease & Ageing	1	Life Sciences (LS)	CHARTAGING	101098074	1
6506620751	Caudullo G.	Giovanni	Caudullo	Giovanni Caudullo	PE10 - Earth System Science	1	Physical sciences & engineering (PE)	ForExD | eco2adapt	101039567 | 101059498	2
6506648257	Di Angelantonio E.	Emanuele	Di Angelantonio	Emanuele Di Angelantonio	SH3 - The Social World and its Diversity	1	Social sciences & humanities (SH)	DataSpace	101096999	1
6506669806	Campanaro S.	Stefano	Campanaro	Stefano Campanaro	PE8 - Products & Processes Engineering	1	Physical sciences & engineering (PE)	ANAEROB	101098064	1
6506714393	Tortiglione C.	Claudia	Tortiglione	Claudia Tortiglione	PE11 - Materials Engineering	1	Physical sciences & engineering (PE)	4D-PhytoHybrid	101042148	1
6506754575	Mercinelli R.	Roberto	Mercinelli	Roberto Mercinelli	PE7 - Systems & Communication Engineering	1	Physical sciences & engineering (PE)	QOMUNE	101077917	1
6506820652	Stello D.	Dennis	Stello	Dennis Stello	PE9 - Universe Sciences	1	Physical sciences & engineering (PE)	FIERCE	101052347	1
6506859394	Vetri V.	Valeria	Vetri	Valeria Vetri	LS1 - Molecules of Life: Biological Mechanisms, Structures & Functions	1	Life Sciences (LS)	cofacTau	101040138	1
6507012016	Iannacone M.	Matteo	Iannacone	Matteo Iannacone	LS6 - Immunity, Infection & Immunotherapy	1	Life Sciences (LS)	S-CAM	101138728	1
6507035208	Casarotto S.	Silvia	Casarotto	Silvia Casarotto	SYG-LS Life Sciences	1	Life Sciences (LS)	NEMESIS	101071900	1
6507045011	Dadda M.	Marco	Dadda	Marco Dadda	SH4 - The Human Mind and its Complexity	1	Social sciences & humanities (SH)	ROOMors	101096728	1
6507046867	Springhetti R.	Roberta	Springhetti	Roberta Springhetti	PE8 - Products & Processes Engineering	1	Physical sciences & engineering (PE)	Beyond	101052956	1
6507080550	Bortolus M.	Marco	Bortolus	Marco Bortolus	PE5 - Synthetic Chemistry & Materials	1	Physical sciences & engineering (PE)	SYNPHOCAT | PHOTO-STEREO | ChirAzaL	101040025 | 101106125 | 101105828	3
6507192953	Fugazza A.	Alessandro	Fugazza	Alessandro Fugazza	LS8 - Environmental Biology, Ecology & Evolution	1	Life Sciences (LS)	microTOUCH	101045015	1
6507239195	Lucignano P.	Procolo	Lucignano	P. Lucignano	PE2 - Fundamental Constituents of Matter	1	Physical sciences & engineering (PE)	RAVE	101053159	1
6507267165	Di Giaimo R.	Rossella	Di Giaimo	Rossella Di Giaimo	LS5 - Neuroscience & Disorders of the Nervous Systems	1	Life Sciences (LS)	ExoDevo	101043959	1
6507337687	Mandrioli J.	Jessica	Mandrioli	Jessica Mandrioli	SH4 - The Human Mind and its Complexity	1	Social sciences & humanities (SH)	UnaWireD	101042625	1
6507360044	Palesi M.	Maurizio	Palesi	Maurizio Palesi	PE7 - Systems & Communication Engineering	1	Physical sciences & engineering (PE)	WINC | QUADRATURE	101042080 | 101099697	2
6507480049	Ciolli M.	Marco	Ciolli	Marco Ciolli	SH7 - Human Mobility, Environment & Space	1	Social sciences & humanities (SH)	WaterSmartLand	101125476	1
6507507411	La Cono V.	Violetta	La Cono	Violetta La Cono	PE5 - Synthetic Chemistry & Materials	1	Physical sciences & engineering (PE)	DEBUGGING-LPS	101039841	1
6507602007	Cernilogar F.	Filippo Maria	Cernilogar	Filippo M. Cernilogar	LS5 - Neuroscience & Disorders of the Nervous Systems	1	Life Sciences (LS)	ExoDevo	101043959	1
6507602081	Mazzolai B.	Barbara	Mazzolai	Barbara Mazzolai	PE8 - Products & Processes Engineering	1	Physical sciences & engineering (PE)	SURFACE	101039198	1
6507692237	Orsenigo F.	Fabrizio	Orsenigo	Fabrizio Orsenigo	LS4 - Physiology in Health, Disease & Ageing	1	Life Sciences (LS)	CHARTAGING	101098074	1
6507737071	Ditaranto N.	Nicoletta	Ditaranto	Nicoletta Ditaranto	PE8 - Products & Processes Engineering	1	Physical sciences & engineering (PE)	NoOne	101040383	1
6507747518	Colicchio R.	Roberta	Colicchio	Roberta Colicchio	PE5 - Synthetic Chemistry & Materials	1	Physical sciences & engineering (PE)	DEBUGGING-LPS	101039841	1
6507915456	Ducourant C.	Christine	Ducourant	C. Ducourant	PE9 - Universe Sciences	1	Physical sciences & engineering (PE)	ISM-FLOW	101055318	1
6508035886	Ronchitelli A.	Annamaria T.	Ronchitelli	Annamaria Ronchitelli	SH6 - The Study of the Human Past	1	Social sciences & humanities (SH)	MOTHERS	101077348	1
6508081258	Cabanillas-González J.	Juan R.	Cabanillas-González	Juan Cabanillas-González	PE11 - Materials Engineering	1	Physical sciences & engineering (PE)	DEOM	101055097	1
6508101563	Grancini G.	Giulia	Grancini	Giulia Grancini	PE4 - Physical & Analytical Chemical Sciences	1	Physical sciences & engineering (PE)	SPIKE	101068936	1
6508342717	Urciuolo A.	Anna	Urciuolo	Anna Urciuolo	LS7 - Prevention, Diagnosis & Treatment of Human Diseases	1	Life Sciences (LS)	ReprOids	101055300	1
6601925369	Bollani M.	Monica	Bollani	Monica Bollani	PE4 - Physical & Analytical Chemical Sciences	1	Physical sciences & engineering (PE)	FastTrack	101054846	1
6601980110	Pysklywec R.	Russell N.	Pysklywec	Russell N. Pysklywec	PE10 - Earth System Science	1	Physical sciences & engineering (PE)	EMERGE	101087245	1
6602091634	Kreykenbohm I.	Ingo	Kreykenbohm	I. Kreykenbohm	PE9 - Universe Sciences	1	Physical sciences & engineering (PE)	BOOTES	101076343	1
6602205611	Adda J.	Jérôme	Adda	Jérôme Adda	SH1 - Individuals, Markets & Organisations	1	Social sciences & humanities (SH)	InfoEcoScience	101055295	1
6602206016	Brisken C.	Cathrin	Brisken	Cathrin Brisken	LS4 - Physiology in Health, Disease & Ageing	1	Life Sciences (LS)	MetaIron | EXPAND IT	101112780 | 101055422	2
6602209526	Valvo M.	Maurizio	Valvo	Maurizio Valvo	PE7 - Systems & Communication Engineering	1	Physical sciences & engineering (PE)	QOMUNE	101077917	1
6602232030	Capuani D.	Domenico	Capuani	Domenico Capuani	PE8 - Products & Processes Engineering	1	Physical sciences & engineering (PE)	Beyond	101052956	1
6602247717	Scarlato P.	Piergiorgio G.	Scarlato	Piergiorgio Scarlato	PE10 - Earth System Science	1	Physical sciences & engineering (PE)	NANOVOLC	101044772	1
6602268033	Sbriccoli P.	Paola	Sbriccoli	Paola Sbriccoli	PE7 - Systems & Communication Engineering	1	Physical sciences & engineering (PE)	GRASPAGAIN	101118089	1
6602375369	Treister E.	Ezequiel	Treister	E. Treister	PE9 - Universe Sciences	1	Physical sciences & engineering (PE)	MW-WINDS	101040751	1
6602449850	Troll V.	Valentin R.	Troll	Valentin R. Troll	SYG-PE Physical sciences & engineering	1	Physical sciences & engineering (PE)	ROTTnROCK	101118491	1
6602465021	Demori I.	Ilaria	Demori	Ilaria Demori	PE7 - Systems & Communication Engineering	1	Physical sciences & engineering (PE)	INSPIRE	101076926	1
6602467045	Missori M.	Mauro	Missori	Mauro Missori	PE3 - Condensed Matter Physics	1	Physical sciences & engineering (PE)	MICROTECH	101066434	1
6602483454	Drimmel R.	Ronald E.	Drimmel	R. Drimmel	PE9 - Universe Sciences	1	Physical sciences & engineering (PE)	ISM-FLOW	101055318	1
6602515317	Branchesi M.	Marica	Branchesi	Marica Branchesi	PE9 - Universe Sciences	1	Physical sciences & engineering (PE)	MultiJets	101055307	1
6602534343	Fragai M.	Marco	Fragai	Marco Fragai	PE5 - Synthetic Chemistry & Materials	1	Physical sciences & engineering (PE)	DEBUGGING-LPS	101039841	1
6602546905	Cosentino N.	Nicola	Cosentino	Nicola Cosentino	LS7 - Prevention, Diagnosis & Treatment of Human Diseases	1	Life Sciences (LS)	REVERSE	101054460	1
6602582021	Scalmani G.	Giovanni	Scalmani	Giovanni Scalmani	PE4 - Physical & Analytical Chemical Sciences	1	Physical sciences & engineering (PE)	MaMa	101097351	1
6602590585	Melzi R.	Roberto	Melzi	Roberto Melzi	PE4 - Physical & Analytical Chemical Sciences	1	Physical sciences & engineering (PE)	HypFlow	101044726	1
6602609568	Selbmann L.	Laura	Selbmann	Laura Selbmann	LS8 - Environmental Biology, Ecology & Evolution	1	Life Sciences (LS)	microTOUCH	101045015	1
6602616094	Mastrolia P.	Pierpaolo	Mastrolia	Pierpaolo Mastrolia	PE2 - Fundamental Constituents of Matter	1	Physical sciences & engineering (PE)	FFHiggsTop	101040760	1
6602620527	Tramontano F.	Francesco	Tramontano	Francesco Tramontano	PE2 - Fundamental Constituents of Matter	1	Physical sciences & engineering (PE)	JANUS	101044599	1
6602641883	Capaldi S.	Stefano	Capaldi	Stefano Capaldi	LS9 - Biotechnology & Biosystems Engineering	1	Life Sciences (LS)	GrInSun	101053983	1
6602657620	Capotondi F.	Flavio	Capotondi	Flavio Capotondi	PE4 - Physical & Analytical Chemical Sciences	1	Physical sciences & engineering (PE)	CHIRAX	101095012	1
6602661387	Grazioli C.	Cesare	Grazioli	Cesare Grazioli	PE4 - Physical & Analytical Chemical Sciences	1	Physical sciences & engineering (PE)	CHIRAX	101095012	1
6602674497	Carretta S.	Stefano	Carretta	S. Carretta	SYG-PE Physical sciences & engineering	1	Physical sciences & engineering (PE)	CASTLE	101071533	1
6602689786	Oberto A.	Alessandra	Oberto	Alessandra Oberto	LS5 - Neuroscience & Disorders of the Nervous Systems	1	Life Sciences (LS)	Cortical Coupling	101055340	1
6602715359	de Filippis T.	Tiziana	de Filippis	Tiziana de Filippis	LS1 - Molecules of Life: Biological Mechanisms, Structures & Functions	1	Life Sciences (LS)	THYROMOL	101041298	1
6602765776	Pietrapertosa F.	Filomena	Pietrapertosa	Filomena Pietrapertosa	SH7 - Human Mobility, Environment & Space	1	Social sciences & humanities (SH)	IMAGINE adaptation	101039429	1
6602883856	Ravasio M.	Maria Edvige	Ravasio	Maria Edvige Ravasio	SYG-PE Physical sciences & engineering	1	Physical sciences & engineering (PE)	HEAVYMETAL	101071865	1
6602900801	Spinetti G.	Gaia	Spinetti	Gaia Spinetti	LS7 - Prevention, Diagnosis & Treatment of Human Diseases	1	Life Sciences (LS)	REVERSE	101054460	1
6602949665	Hello Y.	Yann	Hello	Y. Hello	PE9 - Universe Sciences	1	Physical sciences & engineering (PE)	BOOTES	101076343	1
6602968544	Malesani D.	Daniele B.	Malesani	Daniele B. Malesani	SYG-PE Physical sciences & engineering	1	Physical sciences & engineering (PE)	HEAVYMETAL	101071865	1
6602972993	Sìneo L.	Luca	Sìneo	Luca Sineo	SH6 - The Study of the Human Past	1	Social sciences & humanities (SH)	MOTHERS	101077348	1
6602986013	Marrese P.	P. M.	Marrese	P. M. Marrese	PE9 - Universe Sciences	1	Physical sciences & engineering (PE)	ISM-FLOW	101055318	1
6602988498	Cecconi C.	Ciro	Cecconi	Ciro Cecconi	LS1 - Molecules of Life: Biological Mechanisms, Structures & Functions	1	Life Sciences (LS)	PIONEER	101040641	1
6602992818	Medico E.	Enzo	Medico	Enzo Médico	PE8 - Products & Processes Engineering	1	Physical sciences & engineering (PE)	MucOncoBots	101138723	1
6602997370	Anderloni A.	Andrea A.	Anderloni	Andrea Anderloni	LS8 - Environmental Biology, Ecology & Evolution	1	Life Sciences (LS)	microTOUCH	101045015	1
6603008148	Frémat Y.	Yves	Frémat	Y. Frémat	PE9 - Universe Sciences	1	Physical sciences & engineering (PE)	ISM-FLOW	101055318	1
6603009398	Capretti G.	Giovanni Luigi	Capretti	Giovanni Capretti	LS8 - Environmental Biology, Ecology & Evolution	1	Life Sciences (LS)	microTOUCH	101045015	1
6603015488	Campiglia P.	Pietro	Campiglia	Pietro Campiglia	LS4 - Physiology in Health, Disease & Ageing	1	Life Sciences (LS)	AUTO-SELECT	101045285	1
6603040203	Castriconi R.	Roberta	Castriconi	Roberta Castriconi	LS6 - Immunity, Infection & Immunotherapy	1	Life Sciences (LS)	MEM-CLONK | ILCADAPT	101055157 | 101055309	2
6603090317	Cassioli D.	Dajana	Cassioli	Dajana Cassioli	PE7 - Systems & Communication Engineering	1	Physical sciences & engineering (PE)	QOMUNE	101077917	1
6603102106	Guedel M.	Manuel	Guedel	M Guedel	PE9 - Universe Sciences	1	Physical sciences & engineering (PE)	FIERCE	101052347	1
6603147495	Geneletti D.	Davide	Geneletti	Davide Geneletti	SH7 - Human Mobility, Environment & Space	1	Social sciences & humanities (SH)	IMAGINE adaptation	101039429	1
6603154016	Reiprich T.	Thomas H.	Reiprich	Thomas H. Reiprich	PE9 - Universe Sciences	1	Physical sciences & engineering (PE)	ULU	101086378	1
6603183231	Jehin E.	Emmanuël	Jehin	E. Jehin	PE9 - Universe Sciences	1	Physical sciences & engineering (PE)	FIERCE	101052347	1
6603190822	Bertoldo A.	Alessandra	Bertoldo	Alessandra Bertoldo	SYG-LS Life Sciences	1	Life Sciences (LS)	NEMESIS	101071900	1
6603216996	Stefanon M.	Mauro	Stefanon	M Stefanon	PE9 - Universe Sciences	1	Physical sciences & engineering (PE)	VOYAJ	101088676	1
6603224753	Montangero S.	Simone	Montangero	Simone Montangero	PE2 - Fundamental Constituents of Matter	1	Physical sciences & engineering (PE)	QUDITS | NeQST	101039522 | 101080086	2
6603266774	Salvaterra R.	Ruben	Salvaterra	Ruben Salvaterra	SYG-PE Physical sciences & engineering	1	Physical sciences & engineering (PE)	HEAVYMETAL	101071865	1
6603274712	Cutini A.	Andrea	Cutini	Andrea Cutini	LS8 - Environmental Biology, Ecology & Evolution	1	Life Sciences (LS)	ForestFuture	101039066	1
6603275910	Scherlis D.	Damián A.	Scherlis	Damian Scherlis	PE4 - Physical & Analytical Chemical Sciences	1	Physical sciences & engineering (PE)	HyBOP	101043272	1
6603283137	Esping-Andersen G.	Gösta	Esping-Andersen	Gøsta Esping-Andersen	SH3 - The Social World and its Diversity	1	Social sciences & humanities (SH)	ExpPov	101039655	1
6603314762	Romagnani C.	Chiara	Romagnani	Chiara Romagnani	LS6 - Immunity, Infection & Immunotherapy	1	Life Sciences (LS)	MEM-CLONK | ILCADAPT	101055157 | 101055309	2
6603326423	Heymans S.	Stéphane R.B.	Heymans	Stephane Heymans	LS7 - Prevention, Diagnosis & Treatment of Human Diseases	1	Life Sciences (LS)	REVERSE	101054460	1
6603337916	Ditadi A.	Andrea P.	Ditadi	Andrea Ditadi	LS7 - Prevention, Diagnosis & Treatment of Human Diseases	1	Life Sciences (LS)	HSC-reNEW	101044032	1
6603349062	Bagnasco Gianni G.	Giovanna	Bagnasco Gianni	Giovanna Bagnasco Gianni	SH6 - The Study of the Human Past	1	Social sciences & humanities (SH)	ANSOC | Horsepower	101055195 | 101071707	2
6603359686	Gianolio E.	Eliana	Gianolio	Eliana Gianolio	LS9 - Biotechnology & Biosystems Engineering	1	Life Sciences (LS)	Sub-NK	101138078	1
6603421409	Caramelli D.	David	Caramelli	David Caramelli	SH6 - The Study of the Human Past	1	Social sciences & humanities (SH)	MOTHERS	101077348	1
6603444428	Di Pietro D.	Daniele Antonio	Di Pietro	Daniele A. Di Pietro	SYG-PE Physical sciences & engineering	1	Physical sciences & engineering (PE)	NEMESIS	101115663	1
6603460192	Breeveld A.	Alice A.	Breeveld	Alice A. Breeveld	SYG-PE Physical sciences & engineering	1	Physical sciences & engineering (PE)	HEAVYMETAL	101071865	1
6603474740	Serenelli A.	A.	Serenelli	Aldo Serenelli	PE9 - Universe Sciences	1	Physical sciences & engineering (PE)	FIERCE	101052347	1
6603475215	Ruini A.	Alice	Ruini	Alice Ruini	PE7 - Systems & Communication Engineering	1	Physical sciences & engineering (PE)	F2GO	101055379	1
6603481376	Gemming S.	Sibylle	Gemming	Sibylle Gemming	PE8 - Products & Processes Engineering	1	Physical sciences & engineering (PE)	SMADBINS	101039802	1
6603484221	Ciattini S.	Samuele	Ciattini	Samuele Ciattini	PE5 - Synthetic Chemistry & Materials	1	Physical sciences & engineering (PE)	ELECTRA	101039890	1
6603489270	Alberghi G.	Gian Luigi	Alberghi	G.L. Alberghi	PE2 - Fundamental Constituents of Matter	1	Physical sciences & engineering (PE)	DITTO	101089007	1
6603576662	Baracchini C.	Claudio	Baracchini	Claudio Baracchini	SYG-LS Life Sciences	1	Life Sciences (LS)	NEMESIS	101071900	1
6603618381	Oppedisano C.	Chiara	Oppedisano	Chiara Oppedisano	PE9 - Universe Sciences	1	Physical sciences & engineering (PE)	BOOTES	101076343	1
6603622731	Minchiotti G.	Gabriella	Minchiotti	Gabriella Minchiotti	LS7 - Prevention, Diagnosis & Treatment of Human Diseases	1	Life Sciences (LS)	BLASTOID-DISCOVERY	101082147	1
6603625257	Blomme R.	Ronny	Blomme	R. Blomme	PE9 - Universe Sciences	1	Physical sciences & engineering (PE)	ISM-FLOW	101055318	1
6603645503	Becherini Y.	Yvonne	Becherini	Y. Becherini	PE9 - Universe Sciences	1	Physical sciences & engineering (PE)	BOOTES	101076343	1
6603659164	Vallenari A.	Antonella	Vallenari	A. Vallenari	PE9 - Universe Sciences	1	Physical sciences & engineering (PE)	ISM-FLOW	101055318	1
6603673004	Hodgkin S.	Simon T.	Hodgkin	S. T. Hodgkin	PE9 - Universe Sciences	1	Physical sciences & engineering (PE)	ISM-FLOW	101055318	1
6603674728	Angelidaki I.	Irini	Angelidaki	Irini Angelidaki	PE8 - Products & Processes Engineering	1	Physical sciences & engineering (PE)	ANAEROB	101098064	1
6603680863	Fadiga L.	Luciano	Fadiga	Luciano Fadiga	SH4 - The Human Mind and its Complexity	1	Social sciences & humanities (SH)	AUTISMS-3D	101087263	1
6603722036	Crescenzi O.	Orlando	Crescenzi	Orlando Crescenzi	PE4 - Physical & Analytical Chemical Sciences	1	Physical sciences & engineering (PE)	MaMa	101097351	1
6603722874	Clemente-Léon M.	Miguel	Clemente-Léon	Miguel Clemente-León	PE5 - Synthetic Chemistry & Materials	1	Physical sciences & engineering (PE)	2D-SMARTiES	101042680	1
6603735967	Armentano D.	Donatella	Armentano	Donatella Armentano	PE5 - Synthetic Chemistry & Materials	1	Physical sciences & engineering (PE)	LIVINGPORE	101043428	1
6603820829	Sartori I.	Ivana	Sartori	Ivana Sartori	SYG-LS Life Sciences	1	Life Sciences (LS)	NEMESIS	101071900	1
6603840161	Pignatti S.	Stefano	Pignatti	Stefano Pignatti	LS9 - Biotechnology & Biosystems Engineering	1	Life Sciences (LS)	FLEXINEL	101086622	1
6603858607	Biganzoli E.	Elia Mario	Biganzoli	Elia Biganzoli	LS4 - Physiology in Health, Disease & Ageing	1	Life Sciences (LS)	MetaIron | EXPAND IT	101112780 | 101055422	2
6603891831	Vobornik I.	Ivana	Vobornik	Ivana Vobornik	PE3 - Condensed Matter Physics	1	Physical sciences & engineering (PE)	ChiralTopMat	101117424	1
6603903434	Guyon O.	Olivier	Guyon	Olivier Guyon	PE9 - Universe Sciences	1	Physical sciences & engineering (PE)	UNVEIL	101076613	1
6603917641	Sani F.	Federico	Sani	Federico Sani	PE10 - Earth System Science	1	Physical sciences & engineering (PE)	EMERGE | TALENTS	101087245 | 101119486	2
6603921827	Falco P.	Pierpaolo	Falco	Pierpaolo Falco	PE10 - Earth System Science	1	Physical sciences & engineering (PE)	VERTEXSO	101041743	1
6603940972	Ciccarelli M.	Michele	Ciccarelli	Michele Ciccarelli	LS7 - Prevention, Diagnosis & Treatment of Human Diseases	1	Life Sciences (LS)	REVERSE	101054460	1
6603944210	Postorino P.	Paolo	Postorino	Paolo Postorino	PE4 - Physical & Analytical Chemical Sciences	1	Physical sciences & engineering (PE)	DELIGHT	101052708	1
6604013253	Busonero F.	Fabio	Busonero	Fabio Busonero	LS8 - Environmental Biology, Ecology & Evolution	1	Life Sciences (LS)	microTOUCH | DOMINO	101045015 | 101060218	2
6701309093	Magliocchetti M.	Manuela	Magliocchetti	M. Magliocchetti	PE9 - Universe Sciences	1	Physical sciences & engineering (PE)	ULU	101086378	1
6701326080	Cappello S.	Silvia	Cappello	Silvia Cappello	LS5 - Neuroscience & Disorders of the Nervous Systems	1	Life Sciences (LS)	ExoDevo	101043959	1
6701346995	Chiaromonte F.	Francesca	Chiaromonte	Francesca Chiaromonte	SH7 - Human Mobility, Environment & Space	1	Social sciences & humanities (SH)	UPTAKE | FIND	101081521 | 101117427	2
6701357948	Bussolati B.	Benedetta	Bussolati	Benedetta Bussolati	LS7 - Prevention, Diagnosis & Treatment of Human Diseases	1	Life Sciences (LS)	NEOGRAFT	101045467	1
6701398657	Borroni B.	Barbara	Borroni	Barbara Borroni	LS7 - Prevention, Diagnosis & Treatment of Human Diseases	1	Life Sciences (LS)	FLUBIODEM	101053962	1
6701404489	Menna E.	Enzo	Menna	Enzo Menna	PE11 - Materials Engineering	1	Physical sciences & engineering (PE)	JANUS BI	101041229	1
6701404490	Menna E.	Elisabetta	Menna	Elisabetta Menna	LS4 - Physiology in Health, Disease & Ageing	1	Life Sciences (LS)	MATILDA	101055323	1
6701409497	Bonchio M.	Marcella	Bonchio	Marcella Bonchio	PE5 - Synthetic Chemistry & Materials	1	Physical sciences & engineering (PE)	SYNPHOCAT	101040025	1
6701451920	Griguolo L.	Luca A.	Griguolo	Luca Griguolo	PE2 - Fundamental Constituents of Matter	1	Physical sciences & engineering (PE)	BHHQG	101040024	1
6701454676	Zetterberg H.	Henrik H.	Zetterberg	Henrik Zetterberg	LS7 - Prevention, Diagnosis & Treatment of Human Diseases	1	Life Sciences (LS)	FLUBIODEM	101053962	1
6701521265	Delaloge S.	Suzette	Delaloge	Suzette Delaloge	LS4 - Physiology in Health, Disease & Ageing	1	Life Sciences (LS)	ICD-Cancer	101052444	1
6701525647	Soubiran C.	Caroline	Soubiran	C. Soubiran	PE9 - Universe Sciences	1	Physical sciences & engineering (PE)	ISM-FLOW	101055318	1
6701585191	Vinceti M.	Marco	Vinceti	Marco Vinceti	SH4 - The Human Mind and its Complexity	1	Social sciences & humanities (SH)	UnaWireD	101042625	1
6701614489	Biffo S.	S.	Biffo	Stefano Biffo	PE8 - Products & Processes Engineering	1	Physical sciences & engineering (PE)	BEACONSANDEGG	101053122	1
6701620142	Alexa C.	Cǎlin	Alexa	C. Alexa	PE2 - Fundamental Constituents of Matter	1	Physical sciences & engineering (PE)	DITTO	101089007	1
6701636065	Lindegren L.	Lennart	Lindegren	L. Lindegren	PE9 - Universe Sciences	1	Physical sciences & engineering (PE)	ISM-FLOW	101055318	1
6701671183	Coniglione R.	Rosa	Coniglione	R. Coniglione	PE9 - Universe Sciences	1	Physical sciences & engineering (PE)	BOOTES	101076343	1
6701685211	Mannucci F.	Filippo	Mannucci	F. Mannucci	PE9 - Universe Sciences	1	Physical sciences & engineering (PE)	MW-WINDS	101040751	1
6701693930	Marigo P.	Paola	Marigo	P. Marigo	PE9 - Universe Sciences	1	Physical sciences & engineering (PE)	PLANETOIDS	101040037	1
6701702377	Lanzafame A.	Alessandro C.	Lanzafame	A. C. Lanzafame	PE9 - Universe Sciences	1	Physical sciences & engineering (PE)	ISM-FLOW	101055318	1
6701744508	Aielli G.	Giulio	Aielli	G. Aielli	PE2 - Fundamental Constituents of Matter	1	Physical sciences & engineering (PE)	DITTO	101089007	1
6701758521	Panzieri S.	Stefano	Panzieri	Stefano Panzieri	PE7 - Systems & Communication Engineering	1	Physical sciences & engineering (PE)	MINERVA	101044629	1
6701765649	Lagage P.	Pierre Olivier	Lagage	P. O. Lagage	PE9 - Universe Sciences	1	Physical sciences & engineering (PE)	ESCAPE	101044152	1
6701775996	Deaglio S.	Silvia	Deaglio	Silvia Deaglio	LS7 - Prevention, Diagnosis & Treatment of Human Diseases	1	Life Sciences (LS)	NEOGRAFT	101045467	1
6701785703	Menczer F.	Filippo	Menczer	Filippo Menczer	PE6 - Computer Science & Informatics	1	Physical sciences & engineering (PE)	ExplainYourself	101077481	1
6701836441	Casari E.	Erminia	Casari	Erminia Casari	LS8 - Environmental Biology, Ecology & Evolution	1	Life Sciences (LS)	microTOUCH	101045015	1
6701837092	Baruffolo A.	Andrea	Baruffolo	A. Baruffolo	PE9 - Universe Sciences	1	Physical sciences & engineering (PE)	UNVEIL	101076613	1
6701844441	Gagliani M.	Maria Cristina	Gagliani	Maria C. Gagliani	LS5 - Neuroscience & Disorders of the Nervous Systems	1	Life Sciences (LS)	IMPACT	101043003	1
6701887941	Bonera E.	Emiliano	Bonera	Emiliano Bonera	PE8 - Products & Processes Engineering	1	Physical sciences & engineering (PE)	XMem	101069262	1
6701887980	Tanga P.	Paolo	Tanga	P. Tanga	PE9 - Universe Sciences	1	Physical sciences & engineering (PE)	ISM-FLOW	101055318	1
6701916669	Koschny D.	Detlef V.	Koschny	Detlef Koschny	PE10 - Earth System Science	1	Physical sciences & engineering (PE)	OCEANID	101045260	1
7003264060	Vaxillaire M.	Martine	Vaxillaire	Martine Vaxillaire	LS4 - Physiology in Health, Disease & Ageing	1	Life Sciences (LS)	OpiO	101043671	1
7003294320	Onida B.	Barbara	Onida	Barbara Onida	PE5 - Synthetic Chemistry & Materials	1	Physical sciences & engineering (PE)	ZEOLIghT	101054004	1
7003297595	Borsari M.	Marco	Borsari	Marco Borsari	SYG-PE Physical sciences & engineering	1	Physical sciences & engineering (PE)	CASTLE	101071533	1
7003304186	Soncini M.	Monica	Soncini	Monica Soncini	PE8 - Products & Processes Engineering	1	Physical sciences & engineering (PE)	NICHILD | BEACONSANDEGG	101068512 | 101053122	2
7003324084	Randich S.	Sofia	Randich	S. Randich	PE9 - Universe Sciences	1	Physical sciences & engineering (PE)	ISM-FLOW	101055318	1
7003330902	Gregori S.	S.	Gregori	Silvia Gregori	LS7 - Prevention, Diagnosis & Treatment of Human Diseases	1	Life Sciences (LS)	HSC-reNEW	101044032	1
7003335250	Bednarek W.	Włodzimierz	Bednarek	W. Bednarek	PE9 - Universe Sciences	1	Physical sciences & engineering (PE)	BOOTES	101076343	1
7003345374	Mennucci B.	Benedetta	Mennucci	Benedetta Mennucci	LS9 - Biotechnology & Biosystems Engineering	1	Life Sciences (LS)	GrInSun	101053983	1
7003384418	Tettamanti M.	Marco	Tettamanti	Marco Tettamanti	SH4 - The Human Mind and its Complexity	1	Social sciences & humanities (SH)	BraveNewWord	101087053	1
7003413211	Cacciò S.	Simone Mario	Cacciò	Simone M. Cacciò	LS8 - Environmental Biology, Ecology & Evolution	1	Life Sciences (LS)	microTOUCH | DOMINO	101045015 | 101060218	2
7003415069	Tommasini M.	Matteo Saverio	Tommasini	Matteo Tommasini	PE11 - Materials Engineering	1	Physical sciences & engineering (PE)	DEOM	101055097	1
7003418876	Macaluso A.	Andrea	Macaluso	Andrea Macaluso	PE7 - Systems & Communication Engineering	1	Physical sciences & engineering (PE)	GRASPAGAIN	101118089	1
7003425087	Passoni M.	Matteo	Passoni	Matteo Passoni	PE8 - Products & Processes Engineering	1	Physical sciences & engineering (PE)	PANTANI | EUROfusion	101069171 | 101052200	2
7003441672	Fraaije M.	Marco Wilhelmus	Fraaije	Marco W. Fraaije	LS1 - Molecules of Life: Biological Mechanisms, Structures & Functions	1	Life Sciences (LS)	MetaQ	101094471	1
7003446427	Amoroso L.	Loredana	Amoroso	Loredana Amoroso	LS8 - Environmental Biology, Ecology & Evolution	1	Life Sciences (LS)	microTOUCH	101045015	1
7003458645	Smerzi A.	Augusto	Smerzi	A. Smerzi	PE2 - Fundamental Constituents of Matter	1	Physical sciences & engineering (PE)	Supersolids	101055319	1
7003478874	Baudry A.	Alain	Baudry	Alain Baudry	PE9 - Universe Sciences	1	Physical sciences & engineering (PE)	UNVEIL	101076613	1
7003599900	Sivori S.	Simona	Sivori	Simona Sivori	LS6 - Immunity, Infection & Immunotherapy	1	Life Sciences (LS)	MEM-CLONK | ILCADAPT	101055157 | 101055309	2
7003602499	Fraboni B.	Beatrice	Fraboni	Beatrice Fraboni	PE8 - Products & Processes Engineering	1	Physical sciences & engineering (PE)	FLETRAD	101082283	1
7003624111	Orizio C.	Claudio	Orizio	Claudio Orizio	PE7 - Systems & Communication Engineering	1	Physical sciences & engineering (PE)	INcEPTION	101045605	1
7003627088	Codella C.	Claudio	Codella	C. Codella	PE9 - Universe Sciences	1	Physical sciences & engineering (PE)	PEBBLES	101098309	1
7003633894	Pompilio G.	Giulio	Pompilio	Giulio Pompilio	LS7 - Prevention, Diagnosis & Treatment of Human Diseases	1	Life Sciences (LS)	REVERSE	101054460	1
7003657014	Di Domenico G.	Giovanni	Di Domenico	Giovanni Di Domenico	SH6 - The Study of the Human Past	1	Social sciences & humanities (SH)	MOTHERS	101077348	1
7003677305	Muǐnonen K.	Karri O.	Muǐnonen	K. Muinonen	PE9 - Universe Sciences	1	Physical sciences & engineering (PE)	ISM-FLOW	101055318	1
7003683816	Foiani M.	Marco	Foiani	Marco Foiani	LS4 - Physiology in Health, Disease & Ageing	1	Life Sciences (LS)	CHARTAGING	101098074	1
7003717372	Nason P.	Paolo	Nason	Paolo Nason	PE2 - Fundamental Constituents of Matter	1	Physical sciences & engineering (PE)	JANUS	101044599	1
7003751883	Paduano L.	Luigi	Paduano	Luigi Paduano	PE5 - Synthetic Chemistry & Materials	1	Physical sciences & engineering (PE)	DEBUGGING-LPS	101039841	1
7003777208	Busto J.	José	Busto	J. Busto	PE9 - Universe Sciences	1	Physical sciences & engineering (PE)	BOOTES	101076343	1
7003803452	Licandro E.	Emanuela	Licandro	Emanuela Licandro	PE4 - Physical & Analytical Chemical Sciences	1	Physical sciences & engineering (PE)	CHEIR	101040798	1
7003814779	Ugliengo P.	Piero	Ugliengo	Piero Ugliengo	PE9 - Universe Sciences	1	Physical sciences & engineering (PE)	SUL4LIFE	101096293	1
7003818884	Pisignano D.	Dario	Pisignano	Dario Pisignano	PE8 - Products & Processes Engineering	1	Physical sciences & engineering (PE)	DROPTRACK	101081171	1
7003835803	Riminucci M.	Mara	Riminucci	Mara Riminucci	PE11 - Materials Engineering	1	Physical sciences & engineering (PE)	Immuno-mechanics	101054501	1
7003851723	Pozzi D.	Davide	Pozzi	Davide Pozzi	LS4 - Physiology in Health, Disease & Ageing	1	Life Sciences (LS)	MATILDA	101055323	1
7003852398	Kögerler P.	Paul	Kögerler	Paul Kögerler	PE4 - Physical & Analytical Chemical Sciences	1	Physical sciences & engineering (PE)	DELIGHT	101052708	1
7003861327	Biagi S.	Simone	Biagi	S. Biagi	PE9 - Universe Sciences	1	Physical sciences & engineering (PE)	BOOTES	101076343	1
7003912376	Nazzari M.	Manuela	Nazzari	Manuela Nazzari	PE10 - Earth System Science	1	Physical sciences & engineering (PE)	NANOVOLC	101044772	1
7003921934	Donati C.	Claudio	Donati	Claudio Donati	LS8 - Environmental Biology, Ecology & Evolution	1	Life Sciences (LS)	microTOUCH	101045015	1
7003943133	Deraco M.	Marcello	Deraco	Marcello Deraco	PE8 - Products & Processes Engineering	1	Physical sciences & engineering (PE)	MucOncoBots	101138723	1
7003963581	Burlando B.	Bruno	Burlando	Bruno Burlando	PE7 - Systems & Communication Engineering	1	Physical sciences & engineering (PE)	INSPIRE	101076926	1
7003975446	Molteni M.	Massimo	Molteni	Massimo Molteni	SH4 - The Human Mind and its Complexity	1	Social sciences & humanities (SH)	AUTISMS-3D	101087263	1
7003976942	Eils R.	Roland	Eils	Roland Eils	SH3 - The Social World and its Diversity	1	Social sciences & humanities (SH)	DataSpace	101096999	1
7003978442	Spagnolini U.	Umberto	Spagnolini	U. Spagnolini	PE7 - Systems & Communication Engineering	1	Physical sciences & engineering (PE)	ANIMATE	101054098	1
7003981717	Meloni S.	Simone	Meloni	Simone Meloni	PE4 - Physical & Analytical Chemical Sciences	1	Physical sciences & engineering (PE)	SPIKE	101068936	1
7003984798	Antonelli C.	Cristian	Antonelli	Cristian Antonelli	PE7 - Systems & Communication Engineering	1	Physical sciences & engineering (PE)	QOMUNE	101077917	1
7004028902	Grange C.	C.	Grange	Cristina Grange	LS7 - Prevention, Diagnosis & Treatment of Human Diseases	1	Life Sciences (LS)	NEOGRAFT	101045467	1
7004031578	Alfano C.	Caterina	Alfano	Caterina Alfano	LS1 - Molecules of Life: Biological Mechanisms, Structures & Functions	1	Life Sciences (LS)	cofacTau	101040138	1
7004035394	Calogero R.	Raffaele Adolfo	Calogero	Raffaele Calogero	LS7 - Prevention, Diagnosis & Treatment of Human Diseases	1	Life Sciences (LS)	NEOGRAFT	101045467	1
7004035504	Alfè D.	Dario	Alfè	Dario Alfè	SYG-PE Physical sciences & engineering	1	Physical sciences & engineering (PE)	n-AQUA	101071937	1
7004059567	Natta A.	Antonella	Natta	A. Natta	PE9 - Universe Sciences	1	Physical sciences & engineering (PE)	DiscEvol | UNVEIL	101039651 | 101076613	2
7004082437	Blasi P.	Pasquale	Blasi	P. Blasi	PE2 - Fundamental Constituents of Matter	1	Physical sciences & engineering (PE)	NEUTRINOSHOT	101053168	1
7004115849	Spótl C.	Christoph	Spótl	Christoph Spötl	SH6 - The Study of the Human Past	1	Social sciences & humanities (SH)	LATEUROPE	101052653	1
7004138388	Scita G.	Giorgio	Scita	Giorgio Scita	LS4 - Physiology in Health, Disease & Ageing	1	Life Sciences (LS)	CHARTAGING	101098074	1
7004154141	Seminara D.	D.	Seminara	Domenico Seminara	PE2 - Fundamental Constituents of Matter	1	Physical sciences & engineering (PE)	BHHQG	101040024	1
7004182427	Lefévre D.	Dominique	Lefévre	D. Lefèvre	PE9 - Universe Sciences	1	Physical sciences & engineering (PE)	BOOTES	101076343	1
7004186898	Della-Bianca V.	Vittorina	Della-Bianca	Vittorina Della Bianca	LS6 - Immunity, Infection & Immunotherapy	1	Life Sciences (LS)	NeutrAD	101069397	1
7004219589	Freidel L.	Laurent	Freidel	Laurent Freidel	PE2 - Fundamental Constituents of Matter	1	Physical sciences & engineering (PE)	CeleBH	101076737	1
7004242502	Credi A.	Alberto	Credi	Alberto Credi	PE4 - Physical & Analytical Chemical Sciences	1	Physical sciences & engineering (PE)	KI-NET	101041933	1
7004243530	Garavelli M.	Marco	Garavelli	Marco Garavelli	PE4 - Physical & Analytical Chemical Sciences	1	Physical sciences & engineering (PE)	HyBOP	101043272	1
7004250966	Ortolani M.	Michele	Ortolani	Michele Ortolani	PE4 - Physical & Analytical Chemical Sciences	1	Physical sciences & engineering (PE)	DELIGHT	101052708	1
7004300298	Salvia M.	Monica	Salvia	Monica Salvia	SH7 - Human Mobility, Environment & Space	1	Social sciences & humanities (SH)	IMAGINE adaptation	101039429	1
7004328638	Van-Haren H.	Hans	Van-Haren	H. van Haren	PE9 - Universe Sciences	1	Physical sciences & engineering (PE)	BOOTES	101076343	1
7004349237	MacChioni A.	Alceo	MacChioni	Alceo Macchioni	LS9 - Biotechnology & Biosystems Engineering	1	Life Sciences (LS)	PeroxyZyme	101054658	1
7004355687	Reichardt C.	Christian L.	Reichardt	C.L. Reichardt	PE9 - Universe Sciences	1	Physical sciences & engineering (PE)	RELiCS	101116027	1
7004366857	Jenkinson M.	Mark	Jenkinson	Mark Jenkinson	SH4 - The Human Mind and its Complexity	1	Social sciences & humanities (SH)	UnaWireD	101042625	1
7004367076	Zerbi A.	Alessandro	Zerbi	Alessandro Zerbi	LS8 - Environmental Biology, Ecology & Evolution	1	Life Sciences (LS)	microTOUCH	101045015	1
7004418480	Bañares L.	Luis	Bañares	Luis Bañares	PE4 - Physical & Analytical Chemical Sciences	1	Physical sciences & engineering (PE)	CHIRAX	101095012	1
7004428302	Ensslin T.	Torsten A.	Ensslin	Torsten Enßlin	PE9 - Universe Sciences	1	Physical sciences & engineering (PE)	ISM-FLOW	101055318	1
7004471421	Bailer-Jones C.	Coryn A.L.	Bailer-Jones	C. A. L. Bailer-Jones	PE9 - Universe Sciences	1	Physical sciences & engineering (PE)	ISM-FLOW	101055318	1
7004486153	Pantoni L.	Leonardo	Pantoni	Leonardo Pantoni	SYG-LS Life Sciences	1	Life Sciences (LS)	NEMESIS	101071900	1
7004494940	Poutanen J.	Juri	Poutanen	Juri Poutanen	PE9 - Universe Sciences	1	Physical sciences & engineering (PE)	BOOTES	101076343	1
7004507361	Benussi L.	Luisa	Benussi	Luisa Benussi	LS7 - Prevention, Diagnosis & Treatment of Human Diseases	1	Life Sciences (LS)	FLUBIODEM	101053962	1
7004511670	Capelli R.	Raffaella	Capelli	Raffaella Capelli	PE7 - Systems & Communication Engineering	1	Physical sciences & engineering (PE)	F2GO	101055379	1
7004514241	Neeman A.	Amnon	Neeman	Amnon Neeman	PE1 - Mathematics	1	Physical sciences & engineering (PE)	TriCatApp	101095900	1
7004529134	Cropper M.	Mark S.	Cropper	M. Cropper	PE9 - Universe Sciences	1	Physical sciences & engineering (PE)	ISM-FLOW	101055318	1
7004540981	Mauri F.	Francesco	Mauri	Francesco Mauri	PE4 - Physical & Analytical Chemical Sciences	1	Physical sciences & engineering (PE)	DELIGHT	101052708	1
7004574612	Villa C.	Corrado	Villa	C. Villa	PE7 - Systems & Communication Engineering	1	Physical sciences & engineering (PE)	ANIMATE	101054098	1
7004589203	Venier P.	Paola	Venier	Paola Venier	LS2 - Integrative Biology: From Genes & Genomes to Systems	1	Life Sciences (LS)	EpiSperm	101042103	1
7004590600	Signorini S.	Sabrina Giovanna	Signorini	Sabrina Signorini	SH4 - The Human Mind and its Complexity	1	Social sciences & humanities (SH)	iReach	101062237	1
7004612060	Floreano L.	Luca	Floreano	Luca Floreano	SYG-PE Physical sciences & engineering	1	Physical sciences & engineering (PE)	Orbital Cinema	101071259	1
7004676426	Calderone V.	Vito	Calderone	Vito Calderone	PE4 - Physical & Analytical Chemical Sciences	1	Physical sciences & engineering (PE)	Fragment-Screen | SystemDirectMS	101094131 | 101092725	2
7004679256	Coppi P.	Paolo S.	Coppi	Paolo Coppi	PE9 - Universe Sciences	1	Physical sciences & engineering (PE)	BOOTES	101076343	1
7004694205	Maggini M.	Michele	Maggini	Michele Maggini	PE5 - Synthetic Chemistry & Materials	1	Physical sciences & engineering (PE)	PhotoDark	101077698	1
7004753966	Tomasini C.	Claudia	Tomasini	Claudia, Tomasini	SYG-PE Physical sciences & engineering	1	Physical sciences & engineering (PE)	CASTLE	101071533	1
7004760721	D’Alessandro F.	Flavio	D’Alessandro	Flavio D’Alessandro	PE6 - Computer Science & Informatics	1	Physical sciences & engineering (PE)	FINABIS	101077902	1
7004819821	Cardinale F.	Francesco	Cardinale	Francesco Cardinale	SYG-LS Life Sciences	1	Life Sciences (LS)	NEMESIS	101071900	1
7004854687	Cramer T.	Tobias	Cramer	Tobias Cramer	PE8 - Products & Processes Engineering	1	Physical sciences & engineering (PE)	FLETRAD	101082283	1
7004864923	Possenti A.	Andrea	Possenti	Andrea Possenti	PE9 - Universe Sciences	1	Physical sciences & engineering (PE)	BOOTES	101076343	1
7004908025	Farina D.	Dario	Farina	Dario Farina	PE7 - Systems & Communication Engineering	1	Physical sciences & engineering (PE)	GRASPAGAIN	101118089	1
7004952776	Inguscio M.	Massimo	Inguscio	M. Inguscio	PE2 - Fundamental Constituents of Matter	1	Physical sciences & engineering (PE)	Supersolids	101055319	1
7005142905	Vitiello M.	Mariateresa	Vitiello	Mariateresa Vitiello	PE5 - Synthetic Chemistry & Materials	1	Physical sciences & engineering (PE)	DEBUGGING-LPS	101039841	1
7005186567	Ghidoni R.	Roberta	Ghidoni	Roberta Ghidoni	LS7 - Prevention, Diagnosis & Treatment of Human Diseases	1	Life Sciences (LS)	FLUBIODEM	101053962	1
7005216321	Close L.	Laird Miller	Close	Laird M. Close	PE9 - Universe Sciences	1	Physical sciences & engineering (PE)	UNVEIL	101076613	1
7005232911	Mattevi A.	Andrea	Mattevi	Andrea Mattevi	LS1 - Molecules of Life: Biological Mechanisms, Structures & Functions	1	Life Sciences (LS)	MetaQ	101094471	1
7005244190	Vaccari M.	Mattia	Vaccari	M. Vaccari	PE9 - Universe Sciences	1	Physical sciences & engineering (PE)	ULU	101086378	1
7005282505	Auricchio A.	Alberto	Auricchio	Alberto Auricchio	LS8 - Environmental Biology, Ecology & Evolution	1	Life Sciences (LS)	microTOUCH	101045015	1
7005398377	Wabnitz S.	Stefan	Wabnitz	S. Wabnitz	PE7 - Systems & Communication Engineering	1	Physical sciences & engineering (PE)	MULTIBRIDGE	101081871	1
7005415578	Linfield E.	Edmund Harold	Linfield	Edmund H Linfield	PE7 - Systems & Communication Engineering	1	Physical sciences & engineering (PE)	STAR	101081567	1
7005453483	Fumagalli S.	Stefano	Fumagalli	Stefano Fumagalli	LS6 - Immunity, Infection & Immunotherapy	1	Life Sciences (LS)	B3M	101054805	1
7005486214	Gratton R.	Raffaele G.	Gratton	R. Gratton	PE9 - Universe Sciences	1	Physical sciences & engineering (PE)	UNVEIL	101076613	1
7005583039	Alimonti G.	Gianluca	Alimonti	G. Alimonti	PE2 - Fundamental Constituents of Matter	1	Physical sciences & engineering (PE)	DITTO	101089007	1
7005646972	Ottaviani M.	Marco	Ottaviani	Marco Ottaviani	SH1 - Individuals, Markets & Organisations	1	Social sciences & humanities (SH)	InfoEcoScience	101055295	1
7005694273	Rescigno M.	Maria	Rescigno	Maria Rescigno	LS8 - Environmental Biology, Ecology & Evolution	1	Life Sciences (LS)	microTOUCH	101045015	1
7005733416	Temussi P.	Pierandrea Andrea	Temussi	Piero Andrea Temussi	LS1 - Molecules of Life: Biological Mechanisms, Structures & Functions	1	Life Sciences (LS)	cofacTau	101040138	1
7005750110	Moscatelli D.	Davide	Moscatelli	Davide Moscatelli	PE8 - Products & Processes Engineering	1	Physical sciences & engineering (PE)	SAC_2.0	101075832	1
7005775345	Sciortino F.	Francesco	Sciortino	Francesco Sciortino	PE4 - Physical & Analytical Chemical Sciences	1	Physical sciences & engineering (PE)	HyBOP	101043272	1
7005812451	Croce R.	Roberta	Croce	Roberta Croce	PE4 - Physical & Analytical Chemical Sciences	1	Physical sciences & engineering (PE)	FastTrack	101054846	1
7005856240	Neven P.	Patrick	Neven	Patrick Neven	LS4 - Physiology in Health, Disease & Ageing	1	Life Sciences (LS)	MetaIron | EXPAND IT	101112780 | 101055422	2
7005869374	Budillon G.	Giorgio	Budillon	Giorgio Budillon	PE10 - Earth System Science	1	Physical sciences & engineering (PE)	VERTEXSO	101041743	1
7006038261	Emanueli C.	Costanza	Emanueli	Costanza Emanueli	LS7 - Prevention, Diagnosis & Treatment of Human Diseases	1	Life Sciences (LS)	REVERSE	101054460	1
7006053417	Saladino R.	Raffaele	Saladino	Raffaele Saladino	LS9 - Biotechnology & Biosystems Engineering	1	Life Sciences (LS)	PeroxyZyme	101054658	1
7006077078	Semenza C.	Carlo	Semenza	Carlo Semenza	SYG-LS Life Sciences	1	Life Sciences (LS)	NEMESIS	101071900	1
7006084127	Ribeiro T.	Tânia	Ribeiro	A. Tampieri	PE8 - Products & Processes Engineering	1	Physical sciences & engineering (PE)	Beyond	101052956	1
7006122074	de Rosa A.	Alessandra	de Rosa	Alessandra De Rosa	PE9 - Universe Sciences	1	Physical sciences & engineering (PE)	BOOTES	101076343	1
7006160036	Valvano M.	Miguel Ángel	Valvano	Miguel A. Valvano	PE5 - Synthetic Chemistry & Materials	1	Physical sciences & engineering (PE)	DEBUGGING-LPS	101039841	1
7006198153	Santini P.	Paolo	Santini	P. Santini	SYG-PE Physical sciences & engineering	1	Physical sciences & engineering (PE)	CASTLE	101071533	1
7006220309	Corti G.	Giacomo	Corti	Giacomo Corti	PE10 - Earth System Science	1	Physical sciences & engineering (PE)	EMERGE | TALENTS	101087245 | 101119486	2
7006221760	Monaco P.	Pierluigi	Monaco	Pierluigi Monaco	PE9 - Universe Sciences	1	Physical sciences & engineering (PE)	TransPIre	101042299	1
7006270330	Messina S.	Sergio	Messina	S. Messina	PE9 - Universe Sciences	1	Physical sciences & engineering (PE)	UNVEIL	101076613	1
7006466740	Trischitta V.	Vincenzo	Trischitta	Vincenzo Trischitta	LS4 - Physiology in Health, Disease & Ageing	1	Life Sciences (LS)	OpiO	101043671	1
7006499285	Migliori M.	Massimo	Migliori	Massimo Migliori	PE5 - Synthetic Chemistry & Materials	1	Physical sciences & engineering (PE)	ZEOLIghT	101054004	1
7006558778	Ponzoni M.	Mirco	Ponzoni	Mirco Ponzoni	LS8 - Environmental Biology, Ecology & Evolution	1	Life Sciences (LS)	microTOUCH	101045015	1
7006691131	Mazza D.	Davide	Mazza	Davide Mazza	PE8 - Products & Processes Engineering	1	Physical sciences & engineering (PE)	NICHILD | BEACONSANDEGG	101068512 | 101053122	2
7006727897	Barbante C.	Carlo	Barbante	Carlo Barbante	PE10 - Earth System Science	1	Physical sciences & engineering (PE)	AiCE	101088125	1
7006818841	Garaventa A.	Alberto	Garaventa	Alberto Garaventa	LS8 - Environmental Biology, Ecology & Evolution	1	Life Sciences (LS)	microTOUCH	101045015	1
7006873411	Marconi A.	Alessandro	Marconi	A. Marconi	PE9 - Universe Sciences	1	Physical sciences & engineering (PE)	MW-WINDS	101040751	1
7006878358	Angelini R.	Roberta	Angelini	Roberta Angelini	PE3 - Condensed Matter Physics	1	Physical sciences & engineering (PE)	MICROTECH	101066434	1
7006937523	Bardelli A.	Alberto	Bardelli	Alberto Bardelli	PE3 - Condensed Matter Physics	1	Physical sciences & engineering (PE)	StatCell	101054653	1
7006971984	Palazzi E.	Eliana	Palazzi	Eliana Palazzi	PE9 - Universe Sciences	1	Physical sciences & engineering (PE)	TransPIre	101042299	1
7006983227	Passerini A.	Andrea	Passerini	Andrea Passerini	LS8 - Environmental Biology, Ecology & Evolution	1	Life Sciences (LS)	microTOUCH	101045015	1
7006993811	Chirico G.	Giuseppe	Chirico	Giuseppe Chirico	PE8 - Products & Processes Engineering	1	Physical sciences & engineering (PE)	BEACONSANDEGG	101053122	1
7007008456	Dell'Agnello S.	Simone	Dell'Agnello	Simone Dell’Agnello	PE9 - Universe Sciences	1	Physical sciences & engineering (PE)	MultiJets	101055307	1
7007012492	Keating B.	Brian G.	Keating	B. Keating	PE9 - Universe Sciences	1	Physical sciences & engineering (PE)	RELiCS	101116027	1
7007022411	Arcelli S.	Silvia	Arcelli	S. Arcelli	PE2 - Fundamental Constituents of Matter	1	Physical sciences & engineering (PE)	InitialConditions	101077147	1
7007106894	Succi S.	Sauro	Succi	Sauro Succi	PE8 - Products & Processes Engineering	1	Physical sciences & engineering (PE)	DROPTRACK	101081171	1
7007126840	Tagliaferri G.	Gianpiero	Tagliaferri	Gianpiero Tagliaferri	SYG-PE Physical sciences & engineering	1	Physical sciences & engineering (PE)	HEAVYMETAL	101071865	1
7101770170	Stella L.	Luigi	Stella	Luigi Stella	PE9 - Universe Sciences	1	Physical sciences & engineering (PE)	BOOTES	101076343	1
7101807658	Grassi C.	Claudio	Grassi	Claudio Grassi	LS5 - Neuroscience & Disorders of the Nervous Systems	1	Life Sciences (LS)	E-CTRL	101078163	1
7101890218	Manfredi R.	Riccardo M.	Manfredi	Riccardo Manfredi	LS7 - Prevention, Diagnosis & Treatment of Human Diseases	1	Life Sciences (LS)	MR O MICS	101077710	1
7101941822	Pastore A.	Annalisa	Pastore	Annalisa Pastore	LS1 - Molecules of Life: Biological Mechanisms, Structures & Functions	1	Life Sciences (LS)	cofacTau	101040138	1
7102087206	Grafman J.	Jordan Henry	Grafman	Jordan Grafman	SH4 - The Human Mind and its Complexity	1	Social sciences & humanities (SH)	UnaWireD	101042625	1
7102328072	Pagano A.	Annachiara	Pagano	Annachiara Pagano	PE7 - Systems & Communication Engineering	1	Physical sciences & engineering (PE)	QOMUNE	101077917	1
7102362591	Blanc G.	Guillermo A.	Blanc	Guillermo A. Blanc	PE9 - Universe Sciences	1	Physical sciences & engineering (PE)	ISM-METALS	101077573	1
7102413622	Brunner J.	Juergen	Brunner	J. Brunner	PE9 - Universe Sciences	1	Physical sciences & engineering (PE)	BOOTES	101076343	1
7102437031	De Castro C.	Cristina	De Castro	Cristina De Castro	PE5 - Synthetic Chemistry & Materials	1	Physical sciences & engineering (PE)	DEBUGGING-LPS	101039841	1
7102517102	Madsen K.	Kristin Kruse	Madsen	Kristin Madsen	PE9 - Universe Sciences	1	Physical sciences & engineering (PE)	BOOTES	101076343	1
7102575780	Colonna M.	Marco	Colonna	Marco Colonna	LS6 - Immunity, Infection & Immunotherapy	1	Life Sciences (LS)	MEM-CLONK | ILCADAPT	101055157 | 101055309	2
7102617631	Bridges J.	John C.	Bridges	John Bridges	PE10 - Earth System Science	1	Physical sciences & engineering (PE)	OCEANID	101045260	1
7102692828	Ramsey B.	Brian D.	Ramsey	Brian Ramsey	PE9 - Universe Sciences	1	Physical sciences & engineering (PE)	BOOTES	101076343	1
7102703833	Doria A.	Alessandro	Doria	Alessandro Doria	LS4 - Physiology in Health, Disease & Ageing	1	Life Sciences (LS)	OpiO	101043671	1
7102798954	Benson K.	K.	Benson	K. Benson	PE9 - Universe Sciences	1	Physical sciences & engineering (PE)	ISM-FLOW	101055318	1
7102826282	Martelli F.	Fabio	Martelli	Fabio Martelli	LS7 - Prevention, Diagnosis & Treatment of Human Diseases	1	Life Sciences (LS)	REVERSE	101054460	1
7102895151	Caputo M.	Marco	Caputo	Marco Caputo	PE3 - Condensed Matter Physics	1	Physical sciences & engineering (PE)	ChiralTopMat	101117424	1
7102955283	Mercuri M.	Marie L.	Mercuri	Maria Laura Mercuri	PE5 - Synthetic Chemistry & Materials	1	Physical sciences & engineering (PE)	2D-SMARTiES	101042680	1
7103036598	Mackay C.	Clare E.	Mackay	Clare MacKay	SH4 - The Human Mind and its Complexity	1	Social sciences & humanities (SH)	UnaWireD	101042625	1
7103202315	Papp L.	Laszlo	Papp	L. Papp	PE2 - Fundamental Constituents of Matter	1	Physical sciences & engineering (PE)	NEUTRINOSHOT	101053168	1
7103204997	Marchetti P.	P.	Marchetti	Piero Marchetti	LS4 - Physiology in Health, Disease & Ageing	1	Life Sciences (LS)	OpiO	101043671	1
7103343743	Fujii J.	J.	Fujii	Jun Fujii	PE3 - Condensed Matter Physics	1	Physical sciences & engineering (PE)	ChiralTopMat	101117424	1
7103371618	Delfino M.	Manuel C.	Delfino	M Delfino	PE9 - Universe Sciences	1	Physical sciences & engineering (PE)	BOOTES	101076343	1
7201427575	Rubio Á.	Ángel	Rubio	Angel Rubio	SYG-PE Physical sciences & engineering	1	Physical sciences & engineering (PE)	Orbital Cinema	101071259	1
7201810870	Levi G.	Giuseppe	Levi	G. Levi	PE9 - Universe Sciences	1	Physical sciences & engineering (PE)	BOOTES	101076343	1
7202103465	Pérez S.	Sebastián A.	Pérez	S. Pérez	PE9 - Universe Sciences	1	Physical sciences & engineering (PE)	UNVEIL	101076613	1
7202705219	Bruno G.	Giuseppe Eugenio	Bruno	G. Bruno	PE2 - Fundamental Constituents of Matter	1	Physical sciences & engineering (PE)	INTREPID	101115353	1
7202855356	Robert C.	Caroline	Robert	Caroline Robert	PE3 - Condensed Matter Physics	1	Physical sciences & engineering (PE)	StatCell	101054653	1
7202998420	Marino G.	Giuseppe	Marino	G. Marino	PE9 - Universe Sciences	1	Physical sciences & engineering (PE)	FIERCE	101052347	1
7401672310	O'Brien P.	Paul T.	O'Brien	Paul O’Brien	SYG-PE Physical sciences & engineering	1	Physical sciences & engineering (PE)	HEAVYMETAL	101071865	1
7401985303	Ellis R.	Richard S.	Ellis	Richard S. Ellis	PE9 - Universe Sciences	1	Physical sciences & engineering (PE)	TransPIre	101042299	1
7402811468	Kubo H.	Hldetosbi	Kubo	H Kubo	PE9 - Universe Sciences	1	Physical sciences & engineering (PE)	BOOTES	101076343	1
7402871991	Mitchell M.	Morgan W.	Mitchell	Morgan W. Mitchell	PE2 - Fundamental Constituents of Matter	1	Physical sciences & engineering (PE)	Field-SEER	101097313	1
7402906706	Watson D.	Darach J.	Watson	Darach Watson	SYG-PE Physical sciences & engineering	1	Physical sciences & engineering (PE)	HEAVYMETAL	101071865	1
7403122733	B̀radley D.	Daniel G.	B̀radley	Daniel G. Bradley	SH6 - The Study of the Human Past	1	Social sciences & humanities (SH)	ANSOC | Horsepower	101055195 | 101071707	2
7501593087	Miller J.	Jeffrey S.	Miller	Jeffrey S. Miller	LS6 - Immunity, Infection & Immunotherapy	1	Life Sciences (LS)	MEM-CLONK | ILCADAPT	101055157 | 101055309	2
7801539527	Giomo M.	Monica	Giomo	Monica Giomo	LS7 - Prevention, Diagnosis & Treatment of Human Diseases	1	Life Sciences (LS)	ReprOids	101055300	1
7801650084	Fellin T.	Tommaso	Fellin	Tommaso Fellin	LS5 - Neuroscience & Disorders of the Nervous Systems	1	Life Sciences (LS)	E-CTRL	101078163	1
8081475900	Zacchigna S.	Serena	Zacchigna	Serena Zacchigna	LS7 - Prevention, Diagnosis & Treatment of Human Diseases	1	Life Sciences (LS)	REVERSE	101054460	1
8113076200	Antichi J.	Jacopo	Antichi	J. Antichi	PE9 - Universe Sciences	1	Physical sciences & engineering (PE)	UNVEIL	101076613	1
8205997300	Sbarufatti B.	Boris	Sbarufatti	Boris Sbarufatti	SYG-PE Physical sciences & engineering	1	Physical sciences & engineering (PE)	HEAVYMETAL	101071865	1
8223835800	Cauteruccio S.	Silvia	Cauteruccio	Silvia Cauteruccio	PE4 - Physical & Analytical Chemical Sciences	1	Physical sciences & engineering (PE)	CHEIR	101040798	1
8242330000	Lari M.	Martina	Lari	Martina Lari	SH6 - The Study of the Human Past	1	Social sciences & humanities (SH)	MOTHERS	101077348	1
8290267400	Toma A.	Andrea	Toma	Andrea Toma	PE7 - Systems & Communication Engineering	1	Physical sciences & engineering (PE)	3D NOAM	101044797	1
8320381800	Gulinatti A.	Angelo	Gulinatti	Angelo Gulinatti	PE7 - Systems & Communication Engineering	1	Physical sciences & engineering (PE)	HERMES	101116943	1
8325324100	Rinaldi A.	Alessandra	Rinaldi	Alessandra Rinaldi	LS9 - Biotechnology & Biosystems Engineering	1	Life Sciences (LS)	BeTASTy	101040462	1
8331410200	Papitto A.	Alessandro	Papitto	Alessandro Papitto	PE9 - Universe Sciences	1	Physical sciences & engineering (PE)	BOOTES	101076343	1
8343213600	Giorgi G.	Giacomo	Giorgi	Giacomo Giorgi	PE8 - Products & Processes Engineering	1	Physical sciences & engineering (PE)	HELIOS	101041255	1
8394675100	Giammanco A.	Andrea	Giammanco	A. Giammanco	PE2 - Fundamental Constituents of Matter	1	Physical sciences & engineering (PE)	INTREPID	101115353	1
8397099600	Pizzo M.	Maria Teresa	Pizzo	Maria Teresa Pizzo	LS4 - Physiology in Health, Disease & Ageing	1	Life Sciences (LS)	AUTO-SELECT	101045285	1
8403069900	Inverso D.	Donato	Inverso	Donato Inverso	PE8 - Products & Processes Engineering	1	Physical sciences & engineering (PE)	BEACONSANDEGG	101053122	1
8416049900	Delorme P.	Phillippe	Delorme	P. Delorme	PE9 - Universe Sciences	1	Physical sciences & engineering (PE)	UNVEIL	101076613	1
8419905100	Circella M.	Marco	Circella	M. Circella	PE9 - Universe Sciences	1	Physical sciences & engineering (PE)	BOOTES	101076343	1
8440885400	Ciavatti A.	Andrea	Ciavatti	Andrea Ciavatti	PE8 - Products & Processes Engineering	1	Physical sciences & engineering (PE)	FLETRAD	101082283	1
8452492900	Granato A.	Alberto	Granato	Alberto Granato	LS5 - Neuroscience & Disorders of the Nervous Systems	1	Life Sciences (LS)	Cortical Coupling	101055340	1
8502894000	Russo M.	Mariangela	Russo	Mariangela Russo	PE3 - Condensed Matter Physics	1	Physical sciences & engineering (PE)	StatCell	101054653	1
8506869600	Baldi G.	Giacomo	Baldi	Giacomo Baldi	PE3 - Condensed Matter Physics	1	Physical sciences & engineering (PE)	GLAXES	101053167	1
8535465600	Maseyk K.	Kadmiel S.	Maseyk	Kadmiel Maseyk	LS9 - Biotechnology & Biosystems Engineering	1	Life Sciences (LS)	PHOTOFLUX	101041768	1
8539323900	Waldron L.	Levi	Waldron	Levi Waldron	LS8 - Environmental Biology, Ecology & Evolution	1	Life Sciences (LS)	microTOUCH	101045015	1
8546247400	Infante I.	Ivan	Infante	Ivan Infante	PE5 - Synthetic Chemistry & Materials	1	Physical sciences & engineering (PE)	NEHA	101095974	1
8561715700	Marchesan S.	Silvia	Marchesan	Silvia Marchesan	PE5 - Synthetic Chemistry & Materials	1	Physical sciences & engineering (PE)	SYNPHOCAT	101040025	1
8562464300	Tomasi C.	Cristiano	Tomasi	Cristiano Tomasi	LS8 - Environmental Biology, Ecology & Evolution	1	Life Sciences (LS)	microTOUCH	101045015	1
8562464500	Dellasega E.	Ester	Dellasega	Ester Dellasega	LS8 - Environmental Biology, Ecology & Evolution	1	Life Sciences (LS)	microTOUCH	101045015	1
8570555100	Portell J.	Jordi	Portell	J. Portell	PE9 - Universe Sciences	1	Physical sciences & engineering (PE)	ISM-FLOW	101055318	1
8583299000	Conti P.	Pierangelo	Conti	Pierangelo Conti	LS7 - Prevention, Diagnosis & Treatment of Human Diseases	1	Life Sciences (LS)	LongTx	101088370	1
8608314600	Torre B.	B.	Torre	Bruno Torre	PE11 - Materials Engineering	1	Physical sciences & engineering (PE)	JANUS BI	101041229	1
8651101200	Castañeda J.	Javier	Castañeda	J. Castañeda	PE9 - Universe Sciences	1	Physical sciences & engineering (PE)	ISM-FLOW	101055318	1
8657599600	Busonero D.	D.	Busonero	D. Busonero	PE9 - Universe Sciences	1	Physical sciences & engineering (PE)	ISM-FLOW	101055318	1
8692211600	Parazzoli D.	Dario	Parazzoli	Dario Parazzoli	LS4 - Physiology in Health, Disease & Ageing	1	Life Sciences (LS)	CHARTAGING	101098074	1
8719813200	Franco E.	Elisa	Franco	Elisa Franco	PE7 - Systems & Communication Engineering	1	Physical sciences & engineering (PE)	INSPIRE	101076926	1
8763695000	Repici A.	Alessandro	Repici	Alessandro Repici	LS8 - Environmental Biology, Ecology & Evolution	1	Life Sciences (LS)	microTOUCH	101045015	1
8781253300	Gubbiotti G.	Gianluca	Gubbiotti	Gianluca Gubbiotti	PE3 - Condensed Matter Physics	1	Physical sciences & engineering (PE)	ASTRAL | NIMFEIA	101078206 | 101070290	2
8791917400	Katsanevas S.	Stavros K.	Katsanevas	Stavros Katsanevas	PE9 - Universe Sciences	1	Physical sciences & engineering (PE)	MultiJets	101055307	1
8791944600	Vander-Velde C.	C.	Vander-Velde	C. Vander Velde	PE2 - Fundamental Constituents of Matter	1	Physical sciences & engineering (PE)	INTREPID	101115353	1
8833586100	García-Lario P.	Pedro	García-Lario	P. García-Lario	PE9 - Universe Sciences	1	Physical sciences & engineering (PE)	ISM-FLOW	101055318	1
8857312700	Dolag K.	Klaus	Dolag	K. Dolag	PE9 - Universe Sciences	1	Physical sciences & engineering (PE)	CLEVeR	101045437	1
8887032800	Mannini M.	M.	Mannini	Matteo Mannini	PE5 - Synthetic Chemistry & Materials	1	Physical sciences & engineering (PE)	ELECTRA	101039890	1
8911634600	Podio L.	Linda	Podio	L. Podio	PE9 - Universe Sciences	1	Physical sciences & engineering (PE)	PEBBLES	101098309	1
8950440700	Talamo S.	Sahra	Talamo	Sahra Talamo	SH6 - The Study of the Human Past	1	Social sciences & humanities (SH)	MOTHERS	101077348	1
8971251100	Celardo G.	Giuseppe Luca	Celardo	G. L. Celardo	PE4 - Physical & Analytical Chemical Sciences	1	Physical sciences & engineering (PE)	CHIRAX	101095012	1
8976680100	Della Valle G.	Giuseppe D.	Della Valle	Giuseppe Della Valle	PE7 - Systems & Communication Engineering	1	Physical sciences & engineering (PE)	3D NOAM	101044797	1
9236607600	Mina A.	Andrea	Mina	Andrea Mina	SH7 - Human Mobility, Environment & Space	1	Social sciences & humanities (SH)	UPTAKE | FIND	101081521 | 101117427	2
9270790800	D'Elia V.	Valerio	D'Elia	V. D’Elia	PE9 - Universe Sciences	1	Physical sciences & engineering (PE)	BOOTES	101076343	1
9433557800	Distefano C.	Carla	Distefano	C. Distefano	PE9 - Universe Sciences	1	Physical sciences & engineering (PE)	BOOTES	101076343	1
9743774400	Lanzara A.	Alessandra	Lanzara	Alessandra Lanzara	PE4 - Physical & Analytical Chemical Sciences	1	Physical sciences & engineering (PE)	DELIGHT	101052708	1
9843430300	Fattori M.	Marco	Fattori	M. Fattori	PE2 - Fundamental Constituents of Matter	1	Physical sciences & engineering (PE)	Supersolids	101055319	1
