_id	scopus_author_id	indexed_name	given_name	surname	name_in_project_dataset	n_panels	panels	n_domains	domains	n_projects	projects	source_file	imported_at	auid	match	unit	n_people_unit	n_references_author	n_references_unit	n_overlap	percentage
6abc15542297e265fbed9fa9	25723154100	Gandolfi D.	Davide	Gandolfi	Davide Gandolfi	1	PE9	1	PE	1	101052347	autori_scopus_preferred-name_erc.tsv	2026-09-29 19:45:24.162000	25723154100	1	PE	1546	7591	1178468	7279	95.88986958240021
6abc15542297e265fbed9fa9	25723154100	Gandolfi D.	Davide	Gandolfi	Davide Gandolfi	1	PE9	1	PE	1	101052347	autori_scopus_preferred-name_erc.tsv	2026-09-29 19:45:24.162000	57220063229	0	PE	1546	252	1178468	252	100.0
6abc15542297e265fbeda1e4	57220063229	Gandolfi M.	Michele	Gandolfi	Michele Gandolfi	1	PE4	1	PE	1	101081361	autori_scopus_preferred-name_erc.tsv	2026-09-29 19:45:24.514000	25723154100	0	PE	1546	7591	1178468	7279	95.88986958240021
6abc15542297e265fbeda1e4	57220063229	Gandolfi M.	Michele	Gandolfi	Michele Gandolfi	1	PE4	1	PE	1	101081361	autori_scopus_preferred-name_erc.tsv	2026-09-29 19:45:24.514000	57220063229	1	PE	1546	252	1178468	252	100.0
6abc15542297e265fbed9fab	55951218500	Davies M.	Melvyn B.	Davies	Melvyn B. Davies	1	PE9	1	PE	1	101052347	autori_scopus_preferred-name_erc.tsv	2026-09-29 19:45:24.164000	55951218500	1	PE	1546	5466	1178468	5440	99.5243322356385
6abc15542297e265fbed9fab	55951218500	Davies M.	Melvyn B.	Davies	Melvyn B. Davies	1	PE9	1	PE	1	101052347	autori_scopus_preferred-name_erc.tsv	2026-09-29 19:45:24.164000	56911604400	0	PE	1546	1343	1178468	1343	100.0
6abc15542297e265fbeda491	56911604400	Davies A.	Alexander Giles	Davies	A Giles Davies	1	PE7	1	PE	1	101081567	autori_scopus_preferred-name_erc.tsv	2026-09-29 19:45:24.984000	55951218500	0	PE	1546	5466	1178468	5440	99.5243322356385
6abc15542297e265fbeda491	56911604400	Davies A.	Alexander Giles	Davies	A Giles Davies	1	PE7	1	PE	1	101081567	autori_scopus_preferred-name_erc.tsv	2026-09-29 19:45:24.984000	56911604400	1	PE	1546	1343	1178468	1343	100.0
6abc15542297e265fbed9fba	56521280600	Bonfanti A.	Andrea	Bonfanti	Andrea Bonfanti	1	PE9	1	PE	1	101052347	autori_scopus_preferred-name_erc.tsv	2026-09-29 19:45:24.175000	56521280600	1	PE	1546	2178	1178468	2167	99.4949494949495
6abc15542297e265fbed9fba	56521280600	Bonfanti A.	Andrea	Bonfanti	Andrea Bonfanti	1	PE9	1	PE	1	101052347	autori_scopus_preferred-name_erc.tsv	2026-09-29 19:45:24.175000	55367411500	0	PE	1546	887	1178468	111	12.514092446448705
6abc15542297e265fbeda3cb	55367411500	Bonfanti A.	Andrea Giovanni	Bonfanti	A. Bonfanti	1	PE7	1	PE	1	101054098	autori_scopus_preferred-name_erc.tsv	2026-09-29 19:45:24.819000	56521280600	0	PE	1546	2178	1178468	2167	99.4949494949495
6abc15542297e265fbeda3cb	55367411500	Bonfanti A.	Andrea Giovanni	Bonfanti	A. Bonfanti	1	PE7	1	PE	1	101054098	autori_scopus_preferred-name_erc.tsv	2026-09-29 19:45:24.819000	55367411500	1	PE	1546	887	1178468	111	12.514092446448705
6abc15542297e265fbed9fbf	57202863096	Facchini S.	Stefano	Facchini	Stefano Facchini	1	PE9	1	PE	3	101076613 - 101039651 - 101104656	autori_scopus_preferred-name_erc.tsv	2026-09-29 19:45:24.180000	57202863096	1	PE	1546	3116	1178468	3030	97.24005134788189
6abc15542297e265fbed9fbf	57202863096	Facchini S.	Stefano	Facchini	Stefano Facchini	1	PE9	1	PE	3	101076613 - 101039651 - 101104656	autori_scopus_preferred-name_erc.tsv	2026-09-29 19:45:24.180000	47661058900	0	PE	1546	1022	1178468	58	5.6751467710371815
6abc15542297e265fbeda38f	47661058900	Facchini S.	Silvia	Facchini	Silvia Facchini	1	SYG-LS	1	LS	1	101071900	autori_scopus_preferred-name_erc.tsv	2026-09-29 19:45:24.767000	57202863096	0	LS	394	3116	523538	32	1.0269576379974326
6abc15542297e265fbeda38f	47661058900	Facchini S.	Silvia	Facchini	Silvia Facchini	1	SYG-LS	1	LS	1	101071900	autori_scopus_preferred-name_erc.tsv	2026-09-29 19:45:24.767000	47661058900	1	LS	394	1022	523538	787	77.00587084148728
6abc15542297e265fbed9fc8	52663445700	Di Lorenzo F.	Flaviana	Di Lorenzo	Flaviana Di Lorenzo	1	PE5	1	PE	1	101039841	autori_scopus_preferred-name_erc.tsv	2026-09-29 19:45:24.187000	52663445700	1	PE	1546	2871	1178468	2808	97.80564263322884
6abc15542297e265fbed9fc8	52663445700	Di Lorenzo F.	Flaviana	Di Lorenzo	Flaviana Di Lorenzo	1	PE5	1	PE	1	101039841	autori_scopus_preferred-name_erc.tsv	2026-09-29 19:45:24.187000	57194904117	0	PE	1546	320	1178468	42	13.125
6abc15552297e265fbeda50a	57194904117	Di Lorenzo G.	Giorgia	Di Lorenzo	Giorgia Di Lorenzo	1	LS4	1	LS	1	101045285	autori_scopus_preferred-name_erc.tsv	2026-09-29 19:45:25.074000	52663445700	0	LS	394	2871	523538	313	10.902124695228144
6abc15552297e265fbeda50a	57194904117	Di Lorenzo G.	Giorgia	Di Lorenzo	Giorgia Di Lorenzo	1	LS4	1	LS	1	101045285	autori_scopus_preferred-name_erc.tsv	2026-09-29 19:45:25.074000	57194904117	1	LS	394	320	523538	241	75.3125
6abc15542297e265fbed9fc9	57213546755	Szabó M.	M. Gy	Szabó	G. M. Szabó	1	PE9	1	PE	1	101052347	autori_scopus_preferred-name_erc.tsv	2026-09-29 19:45:24.188000	57213546755	1	PE	1546	2432	1178468	2392	98.35526315789474
6abc15542297e265fbed9fc9	57213546755	Szabó M.	M. Gy	Szabó	G. M. Szabó	1	PE9	1	PE	1	101052347	autori_scopus_preferred-name_erc.tsv	2026-09-29 19:45:24.188000	44761456100	0	PE	1546	308	1178468	39	12.662337662337661
6abc15542297e265fbeda039	44761456100	Szabó B.	Botond T.	Szabó	Botond Szabó	1	PE1	1	PE	1	101041064	autori_scopus_preferred-name_erc.tsv	2026-09-29 19:45:24.284000	57213546755	0	PE	1546	2432	1178468	2392	98.35526315789474
6abc15542297e265fbeda039	44761456100	Szabó B.	Botond T.	Szabó	Botond Szabó	1	PE1	1	PE	1	101041064	autori_scopus_preferred-name_erc.tsv	2026-09-29 19:45:24.284000	44761456100	1	PE	1546	308	1178468	39	12.662337662337661
6abc15542297e265fbed9fd4	55329004700	Manara C.	Carlo Felice	Manara	Carlo F. Manara	1	PE9	1	PE	4	101076613 - 101039651 - 101098309 - 101104656	autori_scopus_preferred-name_erc.tsv	2026-09-29 19:45:24.198000	55329004700	1	PE	1546	4105	1178468	4026	98.07551766138856
6abc15542297e265fbed9fd4	55329004700	Manara C.	Carlo Felice	Manara	Carlo F. Manara	1	PE9	1	PE	4	101076613 - 101039651 - 101098309 - 101104656	autori_scopus_preferred-name_erc.tsv	2026-09-29 19:45:24.198000	57200563408	0	PE	1546	1301	1178468	253	19.446579554189086
6abc15542297e265fbeda1a6	57200563408	Manara S.	Serena	Manara	Serena Manara	1	LS8	1	LS	2	101045015 - 101060218	autori_scopus_preferred-name_erc.tsv	2026-09-29 19:45:24.489000	55329004700	0	LS	394	4105	523538	30	0.730816077953715
6abc15542297e265fbeda1a6	57200563408	Manara S.	Serena	Manara	Serena Manara	1	LS8	1	LS	2	101045015 - 101060218	autori_scopus_preferred-name_erc.tsv	2026-09-29 19:45:24.489000	57200563408	1	LS	394	1301	523538	1117	85.85703305149885
6abc15542297e265fbed9fd6	55945624800	Arnaboldi S.	Serena	Arnaboldi	Serena Arnaboldi	1	PE4	1	PE	1	101040798	autori_scopus_preferred-name_erc.tsv	2026-09-29 19:45:24.200000	55945624800	1	PE	1546	2268	1178468	1729	76.23456790123457
6abc15542297e265fbed9fd6	55945624800	Arnaboldi S.	Serena	Arnaboldi	Serena Arnaboldi	1	PE4	1	PE	1	101040798	autori_scopus_preferred-name_erc.tsv	2026-09-29 19:45:24.200000	56275157900	0	PE	1546	3402	1178468	2306	67.78365667254556
6abc15542297e265fbeda44d	56275157900	Arnaboldi M.	Magda	Arnaboldi	Magda Arnaboldi	1	PE9	1	PE	1	101055318	autori_scopus_preferred-name_erc.tsv	2026-09-29 19:45:24.927000	55945624800	0	PE	1546	2268	1178468	1729	76.23456790123457
6abc15542297e265fbeda44d	56275157900	Arnaboldi M.	Magda	Arnaboldi	Magda Arnaboldi	1	PE9	1	PE	1	101055318	autori_scopus_preferred-name_erc.tsv	2026-09-29 19:45:24.927000	56275157900	1	PE	1546	3402	1178468	2306	67.78365667254556
6abc15542297e265fbed9fe4	57216593054	Giordano G.	Giulia	Giordano	Giulia Giordano	1	PE7	1	PE	1	101076926	autori_scopus_preferred-name_erc.tsv	2026-09-29 19:45:24.211000	57216593054	1	PE	1546	2701	1178468	2196	81.30322102924843
6abc15542297e265fbed9fe4	57216593054	Giordano G.	Giulia	Giordano	Giulia Giordano	1	PE7	1	PE	1	101076926	autori_scopus_preferred-name_erc.tsv	2026-09-29 19:45:24.211000	56806349200	0	PE	1546	10567	1178468	10420	98.60887669158701
6abc15542297e265fbed9fe4	57216593054	Giordano G.	Giulia	Giordano	Giulia Giordano	1	PE7	1	PE	1	101076926	autori_scopus_preferred-name_erc.tsv	2026-09-29 19:45:24.211000	57196834241	0	PE	1546	618	1178468	95	15.372168284789645
6abc15542297e265fbed9fe4	57216593054	Giordano G.	Giulia	Giordano	Giulia Giordano	1	PE7	1	PE	1	101076926	autori_scopus_preferred-name_erc.tsv	2026-09-29 19:45:24.211000	57203142562	0	PE	1546	705	1178468	690	97.87234042553192
6abc15542297e265fbed9fe4	57216593054	Giordano G.	Giulia	Giordano	Giulia Giordano	1	PE7	1	PE	1	101076926	autori_scopus_preferred-name_erc.tsv	2026-09-29 19:45:24.211000	57204645152	0	PE	1546	3973	1178468	2454	61.7669267556003
6abc15542297e265fbeda187	56806349200	Giordano F.	Francesco	Giordano	F. Giordano	1	PE9	1	PE	1	101076343	autori_scopus_preferred-name_erc.tsv	2026-09-29 19:45:24.476000	57216593054	0	PE	1546	2701	1178468	2196	81.30322102924843
6abc15542297e265fbeda187	56806349200	Giordano F.	Francesco	Giordano	F. Giordano	1	PE9	1	PE	1	101076343	autori_scopus_preferred-name_erc.tsv	2026-09-29 19:45:24.476000	56806349200	1	PE	1546	10567	1178468	10420	98.60887669158701
6abc15542297e265fbeda187	56806349200	Giordano F.	Francesco	Giordano	F. Giordano	1	PE9	1	PE	1	101076343	autori_scopus_preferred-name_erc.tsv	2026-09-29 19:45:24.476000	57196834241	0	PE	1546	618	1178468	95	15.372168284789645
6abc15542297e265fbeda187	56806349200	Giordano F.	Francesco	Giordano	F. Giordano	1	PE9	1	PE	1	101076343	autori_scopus_preferred-name_erc.tsv	2026-09-29 19:45:24.476000	57203142562	0	PE	1546	705	1178468	690	97.87234042553192
6abc15542297e265fbeda187	56806349200	Giordano F.	Francesco	Giordano	F. Giordano	1	PE9	1	PE	1	101076343	autori_scopus_preferred-name_erc.tsv	2026-09-29 19:45:24.476000	57204645152	0	PE	1546	3973	1178468	2454	61.7669267556003
6abc15552297e265fbeda51f	57196834241	Giordano F.	Francesca	Giordano	Francesca Giordano	1	LS8	1	LS	2	101045015 - 101060218	autori_scopus_preferred-name_erc.tsv	2026-09-29 19:45:25.091000	57216593054	0	LS	394	2701	523538	231	8.552388004442799
6abc15552297e265fbeda51f	57196834241	Giordano F.	Francesca	Giordano	Francesca Giordano	1	LS8	1	LS	2	101045015 - 101060218	autori_scopus_preferred-name_erc.tsv	2026-09-29 19:45:25.091000	56806349200	0	LS	394	10567	523538	52	0.4920980410712596
6abc15552297e265fbeda51f	57196834241	Giordano F.	Francesca	Giordano	Francesca Giordano	1	LS8	1	LS	2	101045015 - 101060218	autori_scopus_preferred-name_erc.tsv	2026-09-29 19:45:25.091000	57196834241	1	LS	394	618	523538	318	51.45631067961165
6abc15552297e265fbeda51f	57196834241	Giordano F.	Francesca	Giordano	Francesca Giordano	1	LS8	1	LS	2	101045015 - 101060218	autori_scopus_preferred-name_erc.tsv	2026-09-29 19:45:25.091000	57203142562	0	LS	394	705	523538	22	3.120567375886525
6abc15552297e265fbeda51f	57196834241	Giordano F.	Francesca	Giordano	Francesca Giordano	1	LS8	1	LS	2	101045015 - 101060218	autori_scopus_preferred-name_erc.tsv	2026-09-29 19:45:25.091000	57204645152	0	LS	394	3973	523538	72	1.8122325698464634
6abc15552297e265fbeda564	57203142562	Giordano G.	Goffredo	Giordano	Goffredo Giordano	1	PE8	1	PE	1	101039198	autori_scopus_preferred-name_erc.tsv	2026-09-29 19:45:25.140000	57216593054	0	PE	1546	2701	1178468	2196	81.30322102924843
6abc15552297e265fbeda564	57203142562	Giordano G.	Goffredo	Giordano	Goffredo Giordano	1	PE8	1	PE	1	101039198	autori_scopus_preferred-name_erc.tsv	2026-09-29 19:45:25.140000	56806349200	0	PE	1546	10567	1178468	10420	98.60887669158701
6abc15552297e265fbeda564	57203142562	Giordano G.	Goffredo	Giordano	Goffredo Giordano	1	PE8	1	PE	1	101039198	autori_scopus_preferred-name_erc.tsv	2026-09-29 19:45:25.140000	57196834241	0	PE	1546	618	1178468	95	15.372168284789645
6abc15552297e265fbeda564	57203142562	Giordano G.	Goffredo	Giordano	Goffredo Giordano	1	PE8	1	PE	1	101039198	autori_scopus_preferred-name_erc.tsv	2026-09-29 19:45:25.140000	57203142562	1	PE	1546	705	1178468	690	97.87234042553192
6abc15552297e265fbeda564	57203142562	Giordano G.	Goffredo	Giordano	Goffredo Giordano	1	PE8	1	PE	1	101039198	autori_scopus_preferred-name_erc.tsv	2026-09-29 19:45:25.140000	57204645152	0	PE	1546	3973	1178468	2454	61.7669267556003
6abc15552297e265fbeda57f	57204645152	Giordano G.	Girolamo	Giordano	Girolamo Giordano	1	PE5	1	PE	1	101054004	autori_scopus_preferred-name_erc.tsv	2026-09-29 19:45:25.164000	57216593054	0	PE	1546	2701	1178468	2196	81.30322102924843
6abc15552297e265fbeda57f	57204645152	Giordano G.	Girolamo	Giordano	Girolamo Giordano	1	PE5	1	PE	1	101054004	autori_scopus_preferred-name_erc.tsv	2026-09-29 19:45:25.164000	56806349200	0	PE	1546	10567	1178468	10420	98.60887669158701
6abc15552297e265fbeda57f	57204645152	Giordano G.	Girolamo	Giordano	Girolamo Giordano	1	PE5	1	PE	1	101054004	autori_scopus_preferred-name_erc.tsv	2026-09-29 19:45:25.164000	57196834241	0	PE	1546	618	1178468	95	15.372168284789645
6abc15552297e265fbeda57f	57204645152	Giordano G.	Girolamo	Giordano	Girolamo Giordano	1	PE5	1	PE	1	101054004	autori_scopus_preferred-name_erc.tsv	2026-09-29 19:45:25.164000	57203142562	0	PE	1546	705	1178468	690	97.87234042553192
6abc15552297e265fbeda57f	57204645152	Giordano G.	Girolamo	Giordano	Girolamo Giordano	1	PE5	1	PE	1	101054004	autori_scopus_preferred-name_erc.tsv	2026-09-29 19:45:25.164000	57204645152	1	PE	1546	3973	1178468	2454	61.7669267556003
6abc15542297e265fbed9fe8	7004019407	Lodato G.	Giuseppe	Lodato	Giuseppe Lodato	1	PE9	1	PE	3	101039651 - 101076613 - 101104656	autori_scopus_preferred-name_erc.tsv	2026-09-29 19:45:24.215000	7004019407	1	PE	1546	6999	1178468	6626	94.67066723817689
6abc15542297e265fbed9fe8	7004019407	Lodato G.	Giuseppe	Lodato	Giuseppe Lodato	1	PE9	1	PE	3	101039651 - 101076613 - 101104656	autori_scopus_preferred-name_erc.tsv	2026-09-29 19:45:24.215000	36021173000	0	PE	1546	912	1178468	101	11.074561403508772
6abc15542297e265fbeda34e	36021173000	Lodato S.	Simona	Lodato	Simona Lodato	1	LS5	1	LS	1	101043003	autori_scopus_preferred-name_erc.tsv	2026-09-29 19:45:24.724000	7004019407	0	LS	394	6999	523538	38	0.5429347049578511
6abc15542297e265fbeda34e	36021173000	Lodato S.	Simona	Lodato	Simona Lodato	1	LS5	1	LS	1	101043003	autori_scopus_preferred-name_erc.tsv	2026-09-29 19:45:24.724000	36021173000	1	LS	394	912	523538	631	69.18859649122807
6abc15542297e265fbed9ffe	57197815917	Pinto F.	Federica	Pinto	Federica Pinto	1	LS8	1	LS	1	101045015	autori_scopus_preferred-name_erc.tsv	2026-09-29 19:45:24.234000	57197815917	1	LS	394	698	523538	588	84.2406876790831
6abc15542297e265fbed9ffe	57197815917	Pinto F.	Federica	Pinto	Federica Pinto	1	LS8	1	LS	1	101045015	autori_scopus_preferred-name_erc.tsv	2026-09-29 19:45:24.234000	57195271004	0	LS	394	129	523538	5	3.875968992248062
6abc15542297e265fbed9ffe	57197815917	Pinto F.	Federica	Pinto	Federica Pinto	1	LS8	1	LS	1	101045015	autori_scopus_preferred-name_erc.tsv	2026-09-29 19:45:24.234000	58859358000	0	LS	394	1251	523538	30	2.3980815347721824
6abc15552297e265fbeda50e	57195271004	Pinto D.	Diogo E.P.	Pinto	Diogo E. P. Pinto	1	PE3	1	PE	1	101040035	autori_scopus_preferred-name_erc.tsv	2026-09-29 19:45:25.076000	57197815917	0	PE	1546	698	1178468	153	21.91977077363897
6abc15552297e265fbeda50e	57195271004	Pinto D.	Diogo E.P.	Pinto	Diogo E. P. Pinto	1	PE3	1	PE	1	101040035	autori_scopus_preferred-name_erc.tsv	2026-09-29 19:45:25.076000	57195271004	1	PE	1546	129	1178468	129	100.0
6abc15552297e265fbeda50e	57195271004	Pinto D.	Diogo E.P.	Pinto	Diogo E. P. Pinto	1	PE3	1	PE	1	101040035	autori_scopus_preferred-name_erc.tsv	2026-09-29 19:45:25.076000	58859358000	0	PE	1546	1251	1178468	157	12.54996003197442
6abc15552297e265fbeda729	58859358000	Pinto J.	Joaquim G.	Pinto	Joaquim G. Pinto	1	SH6	1	SH	1	101052653	autori_scopus_preferred-name_erc.tsv	2026-09-29 19:45:25.504000	57197815917	0	SH	189	698	194212	63	9.025787965616045
6abc15552297e265fbeda729	58859358000	Pinto J.	Joaquim G.	Pinto	Joaquim G. Pinto	1	SH6	1	SH	1	101052653	autori_scopus_preferred-name_erc.tsv	2026-09-29 19:45:25.504000	57195271004	0	SH	189	129	194212	2	1.550387596899225
6abc15552297e265fbeda729	58859358000	Pinto J.	Joaquim G.	Pinto	Joaquim G. Pinto	1	SH6	1	SH	1	101052653	autori_scopus_preferred-name_erc.tsv	2026-09-29 19:45:25.504000	58859358000	1	SH	189	1251	194212	44	3.5171862509992007
6abc15542297e265fbeda2fc	26324486200	Singh D.	Deepak	Singh	Deepak Singh	1	PE5	1	PE	1	101040025	autori_scopus_preferred-name_erc.tsv	2026-09-29 19:45:24.652000	26324486200	1	PE	1546	99	1178468	74	74.74747474747475
6abc15542297e265fbeda2fc	26324486200	Singh D.	Deepak	Singh	Deepak Singh	1	PE5	1	PE	1	101040025	autori_scopus_preferred-name_erc.tsv	2026-09-29 19:45:24.652000	57898515400	0	PE	1546	1397	1178468	584	41.80386542591267
6abc15552297e265fbeda6c2	57898515400	Singh M.	Mandeep	Singh	Mandeep Singh	1	PE8	1	PE	1	101061820	autori_scopus_preferred-name_erc.tsv	2026-09-29 19:45:25.410000	26324486200	0	PE	1546	99	1178468	74	74.74747474747475
6abc15552297e265fbeda6c2	57898515400	Singh M.	Mandeep	Singh	Mandeep Singh	1	PE8	1	PE	1	101061820	autori_scopus_preferred-name_erc.tsv	2026-09-29 19:45:25.410000	57898515400	1	PE	1546	1397	1178468	584	41.80386542591267
6abc15542297e265fbeda002	57224195115	Carbone C.	Chiara	Carbone	Chiara Carbone	1	SH4	1	SH	1	101042625	autori_scopus_preferred-name_erc.tsv	2026-09-29 19:45:24.237000	57224195115	1	SH	189	240	194212	240	100.0
6abc15542297e265fbeda002	57224195115	Carbone C.	Chiara	Carbone	Chiara Carbone	1	SH4	1	SH	1	101042625	autori_scopus_preferred-name_erc.tsv	2026-09-29 19:45:24.237000	7005260033	0	SH	189	1004	194212	4	0.398406374501992
6abc15542297e265fbeda002	57224195115	Carbone C.	Chiara	Carbone	Chiara Carbone	1	SH4	1	SH	1	101042625	autori_scopus_preferred-name_erc.tsv	2026-09-29 19:45:24.237000	57878631100	0	SH	189	233	194212	18	7.725321888412018
6abc15542297e265fbeda23e	7005260033	Carbone F.	Fabrizio	Carbone	Fabrizio Carbone	1	PE2	1	PE	1	101101048	autori_scopus_preferred-name_erc.tsv	2026-09-29 19:45:24.546000	57224195115	0	PE	1546	240	1178468	24	10.0
6abc15542297e265fbeda23e	7005260033	Carbone F.	Fabrizio	Carbone	Fabrizio Carbone	1	PE2	1	PE	1	101101048	autori_scopus_preferred-name_erc.tsv	2026-09-29 19:45:24.546000	7005260033	1	PE	1546	1004	1178468	702	69.9203187250996
6abc15542297e265fbeda23e	7005260033	Carbone F.	Fabrizio	Carbone	Fabrizio Carbone	1	PE2	1	PE	1	101101048	autori_scopus_preferred-name_erc.tsv	2026-09-29 19:45:24.546000	57878631100	0	PE	1546	233	1178468	26	11.158798283261802
6abc15552297e265fbeda6c0	57878631100	Carbone E.	Erika	Carbone	Erika Carbone	1	LS1	1	LS	1	101041298	autori_scopus_preferred-name_erc.tsv	2026-09-29 19:45:25.408000	57224195115	0	LS	394	240	523538	107	44.583333333333336
6abc15552297e265fbeda6c0	57878631100	Carbone E.	Erika	Carbone	Erika Carbone	1	LS1	1	LS	1	101041298	autori_scopus_preferred-name_erc.tsv	2026-09-29 19:45:25.408000	7005260033	0	LS	394	1004	523538	28	2.788844621513944
6abc15552297e265fbeda6c0	57878631100	Carbone E.	Erika	Carbone	Erika Carbone	1	LS1	1	LS	1	101041298	autori_scopus_preferred-name_erc.tsv	2026-09-29 19:45:25.408000	57878631100	1	LS	394	233	523538	197	84.54935622317596
6abc15542297e265fbeda00d	36460968600	Gatti T.	T.	Gatti	Teresa Gatti	1	PE11	1	PE	1	101041229	autori_scopus_preferred-name_erc.tsv	2026-09-29 19:45:24.246000	36460968600	1	PE	1546	2777	1178468	2457	88.47677349657904
6abc15542297e265fbeda00d	36460968600	Gatti T.	T.	Gatti	Teresa Gatti	1	PE11	1	PE	1	101041229	autori_scopus_preferred-name_erc.tsv	2026-09-29 19:45:24.246000	57219563056	0	PE	1546	1113	1178468	38	3.4141958670260557
6abc15552297e265fbeda61f	57219563056	Gatti D.	Daniele	Gatti	Daniele Gatti	1	SH4	1	SH	1	101087053	autori_scopus_preferred-name_erc.tsv	2026-09-29 19:45:25.270000	36460968600	0	SH	189	2777	194212	27	0.9722722362261434
6abc15552297e265fbeda61f	57219563056	Gatti D.	Daniele	Gatti	Daniele Gatti	1	SH4	1	SH	1	101087053	autori_scopus_preferred-name_erc.tsv	2026-09-29 19:45:25.270000	57219563056	1	SH	189	1113	194212	427	38.36477987421384
6abc15542297e265fbeda00f	54991922900	Natali M.	Mirco	Natali	Mirco Natali	1	PE5	1	PE	4	101077698 - 101040025 - 101106125 - 101105828	autori_scopus_preferred-name_erc.tsv	2026-09-29 19:45:24.248000	54991922900	1	PE	1546	2863	1178468	1751	61.1596227733147
6abc15542297e265fbeda00f	54991922900	Natali M.	Mirco	Natali	Mirco Natali	1	PE5	1	PE	4	101077698 - 101040025 - 101106125 - 101105828	autori_scopus_preferred-name_erc.tsv	2026-09-29 19:45:24.248000	58883046200	0	PE	1546	0	1178468	0	0
6abc15542297e265fbeda210	58883046200	Natali D.	Daniele	Natali	Daniele Natali	1	PE8	1	PE	1	101039467	autori_scopus_preferred-name_erc.tsv	2026-09-29 19:45:24.530000	54991922900	0	PE	1546	2863	1178468	1751	61.1596227733147
6abc15542297e265fbeda210	58883046200	Natali D.	Daniele	Natali	Daniele Natali	1	PE8	1	PE	1	101039467	autori_scopus_preferred-name_erc.tsv	2026-09-29 19:45:24.530000	58883046200	1	PE	1546	0	1178468	0	0
6abc15542297e265fbeda013	56856637200	Fabiani C.	Claudia	Fabiani	Claudia Fabiani	1	PE8	1	PE	1	101041255	autori_scopus_preferred-name_erc.tsv	2026-09-29 19:45:24.251000	56856637200	1	PE	1546	3531	1178468	3531	100.0
6abc15542297e265fbeda013	56856637200	Fabiani C.	Claudia	Fabiani	Claudia Fabiani	1	PE8	1	PE	1	101041255	autori_scopus_preferred-name_erc.tsv	2026-09-29 19:45:24.251000	24073172400	0	PE	1546	2436	1178468	2347	96.34646962233168
6abc15542297e265fbeda09c	24073172400	Fabiani S.	Sergio	Fabiani	Sergio Fabiani	1	PE9	1	PE	1	101076343	autori_scopus_preferred-name_erc.tsv	2026-09-29 19:45:24.355000	56856637200	0	PE	1546	3531	1178468	3531	100.0
6abc15542297e265fbeda09c	24073172400	Fabiani S.	Sergio	Fabiani	Sergio Fabiani	1	PE9	1	PE	1	101076343	autori_scopus_preferred-name_erc.tsv	2026-09-29 19:45:24.355000	24073172400	1	PE	1546	2436	1178468	2347	96.34646962233168
6abc15542297e265fbeda019	57214531455	Esposito M.	Massimilliano	Esposito	M. Esposito	1	PE9	1	PE	1	101052347	autori_scopus_preferred-name_erc.tsv	2026-09-29 19:45:24.257000	57214531455	1	PE	1546	4076	1178468	4075	99.97546614327773
6abc15542297e265fbeda019	57214531455	Esposito M.	Massimilliano	Esposito	M. Esposito	1	PE9	1	PE	1	101052347	autori_scopus_preferred-name_erc.tsv	2026-09-29 19:45:24.257000	35276925200	0	PE	1546	1143	1178468	217	18.985126859142607
6abc15542297e265fbeda019	57214531455	Esposito M.	Massimilliano	Esposito	M. Esposito	1	PE9	1	PE	1	101052347	autori_scopus_preferred-name_erc.tsv	2026-09-29 19:45:24.257000	57209463887	0	PE	1546	380	1178468	17	4.473684210526316
6abc15542297e265fbeda019	57214531455	Esposito M.	Massimilliano	Esposito	M. Esposito	1	PE9	1	PE	1	101052347	autori_scopus_preferred-name_erc.tsv	2026-09-29 19:45:24.257000	57217173071	0	PE	1546	216	1178468	16	7.4074074074074066
6abc15542297e265fbeda32b	35276925200	Esposito I.	Iréne	Esposito	Irene Esposito	1	PE8	1	PE	1	101040383	autori_scopus_preferred-name_erc.tsv	2026-09-29 19:45:24.694000	57214531455	0	PE	1546	4076	1178468	4075	99.97546614327773
6abc15542297e265fbeda32b	35276925200	Esposito I.	Iréne	Esposito	Irene Esposito	1	PE8	1	PE	1	101040383	autori_scopus_preferred-name_erc.tsv	2026-09-29 19:45:24.694000	35276925200	1	PE	1546	1143	1178468	217	18.985126859142607
6abc15542297e265fbeda32b	35276925200	Esposito I.	Iréne	Esposito	Irene Esposito	1	PE8	1	PE	1	101040383	autori_scopus_preferred-name_erc.tsv	2026-09-29 19:45:24.694000	57209463887	0	PE	1546	380	1178468	17	4.473684210526316
6abc15542297e265fbeda32b	35276925200	Esposito I.	Iréne	Esposito	Irene Esposito	1	PE8	1	PE	1	101040383	autori_scopus_preferred-name_erc.tsv	2026-09-29 19:45:24.694000	57217173071	0	PE	1546	216	1178468	16	7.4074074074074066
6abc15552297e265fbeda5b0	57209463887	Esposito C.	Carmen Mariarosaria	Esposito	Carmen Esposito	1	SH6	1	SH	2	101065320 - 101077348	autori_scopus_preferred-name_erc.tsv	2026-09-29 19:45:25.206000	57214531455	0	SH	189	4076	194212	30	0.7360157016683023
6abc15552297e265fbeda5b0	57209463887	Esposito C.	Carmen Mariarosaria	Esposito	Carmen Esposito	1	SH6	1	SH	2	101065320 - 101077348	autori_scopus_preferred-name_erc.tsv	2026-09-29 19:45:25.206000	35276925200	0	SH	189	1143	194212	39	3.4120734908136483
6abc15552297e265fbeda5b0	57209463887	Esposito C.	Carmen Mariarosaria	Esposito	Carmen Esposito	1	SH6	1	SH	2	101065320 - 101077348	autori_scopus_preferred-name_erc.tsv	2026-09-29 19:45:25.206000	57209463887	1	SH	189	380	194212	220	57.89473684210527
6abc15552297e265fbeda5b0	57209463887	Esposito C.	Carmen Mariarosaria	Esposito	Carmen Esposito	1	SH6	1	SH	2	101065320 - 101077348	autori_scopus_preferred-name_erc.tsv	2026-09-29 19:45:25.206000	57217173071	0	SH	189	216	194212	12	5.555555555555555
6abc15552297e265fbeda5fd	57217173071	Esposito F.	Federica	Esposito	Federica Esposito	1	LS8	1	LS	1	101045015	autori_scopus_preferred-name_erc.tsv	2026-09-29 19:45:25.253000	57214531455	0	LS	394	4076	523538	55	1.3493621197252208
6abc15552297e265fbeda5fd	57217173071	Esposito F.	Federica	Esposito	Federica Esposito	1	LS8	1	LS	1	101045015	autori_scopus_preferred-name_erc.tsv	2026-09-29 19:45:25.253000	35276925200	0	LS	394	1143	523538	405	35.43307086614173
6abc15552297e265fbeda5fd	57217173071	Esposito F.	Federica	Esposito	Federica Esposito	1	LS8	1	LS	1	101045015	autori_scopus_preferred-name_erc.tsv	2026-09-29 19:45:25.253000	57209463887	0	LS	394	380	523538	19	5.0
6abc15552297e265fbeda5fd	57217173071	Esposito F.	Federica	Esposito	Federica Esposito	1	LS8	1	LS	1	101045015	autori_scopus_preferred-name_erc.tsv	2026-09-29 19:45:25.253000	57217173071	1	LS	394	216	523538	216	100.0
6abc15542297e265fbeda049	56038545500	Rodríguez A.	Alex	Rodríguez	Alex Rodriguez	1	PE4	1	PE	1	101043272	autori_scopus_preferred-name_erc.tsv	2026-09-29 19:45:24.297000	56038545500	1	PE	1546	1708	1178468	1577	92.33021077283372
6abc15542297e265fbeda049	56038545500	Rodríguez A.	Alex	Rodríguez	Alex Rodriguez	1	PE4	1	PE	1	101043272	autori_scopus_preferred-name_erc.tsv	2026-09-29 19:45:24.297000	58897772900	0	PE	1546	0	1178468	0	0
6abc15552297e265fbeda72e	58897772900	Rodríguez R.	Ricardo I.	Rodríguez	Ricardo I. Rodríguez	1	PE5	1	PE	3	101040025 - 101106125 - 101105828	autori_scopus_preferred-name_erc.tsv	2026-09-29 19:45:25.508000	56038545500	0	PE	1546	1708	1178468	1577	92.33021077283372
6abc15552297e265fbeda72e	58897772900	Rodríguez R.	Ricardo I.	Rodríguez	Ricardo I. Rodríguez	1	PE5	1	PE	3	101040025 - 101106125 - 101105828	autori_scopus_preferred-name_erc.tsv	2026-09-29 19:45:25.508000	58897772900	1	PE	1546	0	1178468	0	0
6abc15542297e265fbeda04a	56089514300	Cutolo A.	A.	Cutolo	Arsenio Cutolo	1	PE8	1	PE	1	101052956	autori_scopus_preferred-name_erc.tsv	2026-09-29 19:45:24.298000	56089514300	1	PE	1546	1636	1178468	1507	92.11491442542787
6abc15542297e265fbeda04a	56089514300	Cutolo A.	A.	Cutolo	Arsenio Cutolo	1	PE8	1	PE	1	101052956	autori_scopus_preferred-name_erc.tsv	2026-09-29 19:45:24.298000	57211005005	0	PE	1546	1148	1178468	97	8.449477351916377
6abc15542297e265fbeda1c5	57211005005	Cutolo E.	Edoardo Andrea	Cutolo	Edoardo Andrea Cutolo	1	LS9	1	LS	1	101053983	autori_scopus_preferred-name_erc.tsv	2026-09-29 19:45:24.502000	56089514300	0	LS	394	1636	523538	82	5.012224938875306
6abc15542297e265fbeda1c5	57211005005	Cutolo E.	Edoardo Andrea	Cutolo	Edoardo Andrea Cutolo	1	LS9	1	LS	1	101053983	autori_scopus_preferred-name_erc.tsv	2026-09-29 19:45:24.502000	57211005005	1	LS	394	1148	523538	1008	87.8048780487805
6abc15542297e265fbeda05c	57194782748	Biagi N.	Nicola	Biagi	Nicola Biagi	1	PE7	1	PE	1	101077917	autori_scopus_preferred-name_erc.tsv	2026-09-29 19:45:24.313000	57194782748	1	PE	1546	502	1178468	502	100.0
6abc15542297e265fbeda05c	57194782748	Biagi N.	Nicola	Biagi	Nicola Biagi	1	PE7	1	PE	1	101077917	autori_scopus_preferred-name_erc.tsv	2026-09-29 19:45:24.313000	7003861327	0	PE	1546	4426	1178468	4284	96.79168549480343
6abc15552297e265fbeda83c	7003861327	Biagi S.	Simone	Biagi	S. Biagi	1	PE9	1	PE	1	101076343	autori_scopus_preferred-name_erc.tsv	2026-09-29 19:45:25.736000	57194782748	0	PE	1546	502	1178468	502	100.0
6abc15552297e265fbeda83c	7003861327	Biagi S.	Simone	Biagi	S. Biagi	1	PE9	1	PE	1	101076343	autori_scopus_preferred-name_erc.tsv	2026-09-29 19:45:25.736000	7003861327	1	PE	1546	4426	1178468	4284	96.79168549480343
6abc15542297e265fbeda05d	57199326106	Antonelli L.	Lucio Angelo	Antonelli	Lucio Angelo Antonelli	1	PE9	1	PE	1	101076343	autori_scopus_preferred-name_erc.tsv	2026-09-29 19:45:24.314000	57199326106	1	PE	1546	12712	1178468	12535	98.60761485210826
6abc15542297e265fbeda05d	57199326106	Antonelli L.	Lucio Angelo	Antonelli	Lucio Angelo Antonelli	1	PE9	1	PE	1	101076343	autori_scopus_preferred-name_erc.tsv	2026-09-29 19:45:24.314000	35095999100	0	PE	1546	24671	1178468	23325	94.54420169429694
6abc15542297e265fbeda05d	57199326106	Antonelli L.	Lucio Angelo	Antonelli	Lucio Angelo Antonelli	1	PE9	1	PE	1	101076343	autori_scopus_preferred-name_erc.tsv	2026-09-29 19:45:24.314000	7003984798	0	PE	1546	1945	1178468	539	27.712082262210796
6abc15542297e265fbeda311	35095999100	Antonelli M.	Mario	Antonelli	M. Antonelli	1	PE2	1	PE	1	101089007	autori_scopus_preferred-name_erc.tsv	2026-09-29 19:45:24.671000	57199326106	0	PE	1546	12712	1178468	12535	98.60761485210826
6abc15542297e265fbeda311	35095999100	Antonelli M.	Mario	Antonelli	M. Antonelli	1	PE2	1	PE	1	101089007	autori_scopus_preferred-name_erc.tsv	2026-09-29 19:45:24.671000	35095999100	1	PE	1546	24671	1178468	23325	94.54420169429694
6abc15542297e265fbeda311	35095999100	Antonelli M.	Mario	Antonelli	M. Antonelli	1	PE2	1	PE	1	101089007	autori_scopus_preferred-name_erc.tsv	2026-09-29 19:45:24.671000	7003984798	0	PE	1546	1945	1178468	539	27.712082262210796
6abc15552297e265fbeda845	7003984798	Antonelli C.	Cristian	Antonelli	Cristian Antonelli	1	PE7	1	PE	1	101077917	autori_scopus_preferred-name_erc.tsv	2026-09-29 19:45:25.744000	57199326106	0	PE	1546	12712	1178468	12535	98.60761485210826
6abc15552297e265fbeda845	7003984798	Antonelli C.	Cristian	Antonelli	Cristian Antonelli	1	PE7	1	PE	1	101077917	autori_scopus_preferred-name_erc.tsv	2026-09-29 19:45:25.744000	35095999100	0	PE	1546	24671	1178468	23325	94.54420169429694
6abc15552297e265fbeda845	7003984798	Antonelli C.	Cristian	Antonelli	Cristian Antonelli	1	PE7	1	PE	1	101077917	autori_scopus_preferred-name_erc.tsv	2026-09-29 19:45:25.744000	7003984798	1	PE	1546	1945	1178468	539	27.712082262210796
6abc15542297e265fbeda05e	57200755004	Wang M.	Mengjiao	Wang	Mengjiao Wang	1	PE11	1	PE	1	101041229	autori_scopus_preferred-name_erc.tsv	2026-09-29 19:45:24.315000	57200755004	1	PE	1546	807	1178468	654	81.04089219330855
6abc15542297e265fbeda05e	57200755004	Wang M.	Mengjiao	Wang	Mengjiao Wang	1	PE11	1	PE	1	101041229	autori_scopus_preferred-name_erc.tsv	2026-09-29 19:45:24.315000	57224735774	0	PE	1546	362	1178468	71	19.613259668508288
6abc15552297e265fbeda665	57224735774	Wang Q.	Qiuran	Wang	Qiuran Wang	1	SH4	1	SH	1	101096728	autori_scopus_preferred-name_erc.tsv	2026-09-29 19:45:25.329000	57200755004	0	SH	189	807	194212	6	0.7434944237918215
6abc15552297e265fbeda665	57224735774	Wang Q.	Qiuran	Wang	Qiuran Wang	1	SH4	1	SH	1	101096728	autori_scopus_preferred-name_erc.tsv	2026-09-29 19:45:25.329000	57224735774	1	SH	189	362	194212	362	100.0
6abc15542297e265fbeda064	57214470766	Gamba R.	Rossella	Gamba	Rossella Gamba	1	PE9	1	PE	1	101043372	autori_scopus_preferred-name_erc.tsv	2026-09-29 19:45:24.320000	57214470766	1	PE	1546	616	1178468	611	99.18831168831169
6abc15542297e265fbeda064	57214470766	Gamba R.	Rossella	Gamba	Rossella Gamba	1	PE9	1	PE	1	101043372	autori_scopus_preferred-name_erc.tsv	2026-09-29 19:45:24.320000	23392458000	0	PE	1546	3800	1178468	137	3.605263157894737
6abc15542297e265fbeda12a	23392458000	Gamba M.	Marco	Gamba	Marco Gamba	1	SH4	1	SH	1	101041885	autori_scopus_preferred-name_erc.tsv	2026-09-29 19:45:24.428000	57214470766	0	SH	189	616	194212	4	0.6493506493506493
6abc15542297e265fbeda12a	23392458000	Gamba M.	Marco	Gamba	Marco Gamba	1	SH4	1	SH	1	101041885	autori_scopus_preferred-name_erc.tsv	2026-09-29 19:45:24.428000	23392458000	1	SH	189	3800	194212	2097	55.184210526315795
6abc15542297e265fbeda06f	57427422000	Ricci L.	Liviana	Ricci	Liviana Ricci	1	LS8	1	LS	1	101045015	autori_scopus_preferred-name_erc.tsv	2026-09-29 19:45:24.330000	57427422000	1	LS	394	245	523538	179	73.06122448979592
6abc15542297e265fbeda06f	57427422000	Ricci L.	Liviana	Ricci	Liviana Ricci	1	LS8	1	LS	1	101045015	autori_scopus_preferred-name_erc.tsv	2026-09-29 19:45:24.330000	57218589809	0	LS	394	284	523538	12	4.225352112676056
6abc15542297e265fbeda06f	57427422000	Ricci L.	Liviana	Ricci	Liviana Ricci	1	LS8	1	LS	1	101045015	autori_scopus_preferred-name_erc.tsv	2026-09-29 19:45:24.330000	57209088804	0	LS	394	1378	523538	133	9.65166908563135
6abc15542297e265fbeda1df	57218589809	Ricci S.	Saverio	Ricci	Saverio Ricci	1	PE7	1	PE	1	101042585	autori_scopus_preferred-name_erc.tsv	2026-09-29 19:45:24.512000	57427422000	0	PE	1546	245	1178468	51	20.816326530612244
6abc15542297e265fbeda1df	57218589809	Ricci S.	Saverio	Ricci	Saverio Ricci	1	PE7	1	PE	1	101042585	autori_scopus_preferred-name_erc.tsv	2026-09-29 19:45:24.512000	57218589809	1	PE	1546	284	1178468	284	100.0
6abc15542297e265fbeda1df	57218589809	Ricci S.	Saverio	Ricci	Saverio Ricci	1	PE7	1	PE	1	101042585	autori_scopus_preferred-name_erc.tsv	2026-09-29 19:45:24.512000	57209088804	0	PE	1546	1378	1178468	113	8.200290275761974
6abc15552297e265fbeda5ad	57209088804	Ricci S.	Stefano	Ricci	Stefano Ricci	1	SH6	1	SH	1	101077348	autori_scopus_preferred-name_erc.tsv	2026-09-29 19:45:25.203000	57427422000	0	SH	189	245	194212	20	8.16326530612245
6abc15552297e265fbeda5ad	57209088804	Ricci S.	Stefano	Ricci	Stefano Ricci	1	SH6	1	SH	1	101077348	autori_scopus_preferred-name_erc.tsv	2026-09-29 19:45:25.203000	57218589809	0	SH	189	284	194212	17	5.985915492957746
6abc15552297e265fbeda5ad	57209088804	Ricci S.	Stefano	Ricci	Stefano Ricci	1	SH6	1	SH	1	101077348	autori_scopus_preferred-name_erc.tsv	2026-09-29 19:45:25.203000	57209088804	1	SH	189	1378	194212	1246	90.42089985486213
6abc15542297e265fbeda072	58003585600	Calcaterra S.	Stefano	Calcaterra	Stefano Calcaterra	1	PE7	1	PE	1	101097569	autori_scopus_preferred-name_erc.tsv	2026-09-29 19:45:24.332000	58003585600	1	PE	1546	100	1178468	100	100.0
6abc15542297e265fbeda072	58003585600	Calcaterra S.	Stefano	Calcaterra	Stefano Calcaterra	1	PE7	1	PE	1	101097569	autori_scopus_preferred-name_erc.tsv	2026-09-29 19:45:24.332000	58730345300	0	PE	1546	52	1178468	1	1.9230769230769231
6abc15552297e265fbeda71a	58730345300	Calcaterra M.	Matteo	Calcaterra	Matteo Calcaterra	1	SH7	1	SH	2	101044703 - 101056873	autori_scopus_preferred-name_erc.tsv	2026-09-29 19:45:25.490000	58003585600	0	SH	189	100	194212	0	0.0
6abc15552297e265fbeda71a	58730345300	Calcaterra M.	Matteo	Calcaterra	Matteo Calcaterra	1	SH7	1	SH	2	101044703 - 101056873	autori_scopus_preferred-name_erc.tsv	2026-09-29 19:45:25.490000	58730345300	1	SH	189	52	194212	26	50.0
6abc15542297e265fbeda07a	6603679093	Isella G.	Giovanni	Isella	Giovanni Isella	1	PE7	1	PE	1	101097569	autori_scopus_preferred-name_erc.tsv	2026-09-29 19:45:24.339000	6603679093	1	PE	1546	5033	1178468	3388	67.31571627260084
6abc15542297e265fbeda07a	6603679093	Isella G.	Giovanni	Isella	Giovanni Isella	1	PE7	1	PE	1	101097569	autori_scopus_preferred-name_erc.tsv	2026-09-29 19:45:24.339000	8699469900	0	PE	1546	1879	1178468	1864	99.20170303352847
6abc15542297e265fbeda255	8699469900	Isella A.	Andrea	Isella	Andrea Isella	1	PE9	1	PE	1	101076613	autori_scopus_preferred-name_erc.tsv	2026-09-29 19:45:24.554000	6603679093	0	PE	1546	5033	1178468	3388	67.31571627260084
6abc15542297e265fbeda255	8699469900	Isella A.	Andrea	Isella	Andrea Isella	1	PE9	1	PE	1	101076613	autori_scopus_preferred-name_erc.tsv	2026-09-29 19:45:24.554000	8699469900	1	PE	1546	1879	1178468	1864	99.20170303352847
6abc15542297e265fbeda089	7006063472	Raimondi M.	Manuela Teresa	Raimondi	Manuela Teresa Raimondi	1	PE8	1	PE	2	101068512 - 101053122	autori_scopus_preferred-name_erc.tsv	2026-09-29 19:45:24.347000	7006063472	1	PE	1546	4886	1178468	3108	63.61031518624641
6abc15542297e265fbeda089	7006063472	Raimondi M.	Manuela Teresa	Raimondi	Manuela Teresa Raimondi	1	PE8	1	PE	2	101068512 - 101053122	autori_scopus_preferred-name_erc.tsv	2026-09-29 19:45:24.347000	57222326454	0	PE	1546	666	1178468	29	4.354354354354354
6abc15552297e265fbeda653	57222326454	Raimondi T.	Teresa	Raimondi	Teresa Raimondi	1	SH4	1	SH	1	101041885	autori_scopus_preferred-name_erc.tsv	2026-09-29 19:45:25.316000	7006063472	0	SH	189	4886	194212	90	1.8419975440032748
6abc15552297e265fbeda653	57222326454	Raimondi T.	Teresa	Raimondi	Teresa Raimondi	1	SH4	1	SH	1	101041885	autori_scopus_preferred-name_erc.tsv	2026-09-29 19:45:25.316000	57222326454	1	SH	189	666	194212	607	91.14114114114115
6abc15542297e265fbeda093	16029615600	Schiattarella G.	Gabriele Giacomo	Schiattarella	Gabriele G. Schiattarella	1	LS4	1	LS	1	101078307	autori_scopus_preferred-name_erc.tsv	2026-09-29 19:45:24.351000	16029615600	1	LS	394	3912	523538	1440	36.809815950920246
6abc15542297e265fbeda093	16029615600	Schiattarella G.	Gabriele Giacomo	Schiattarella	Gabriele G. Schiattarella	1	LS4	1	LS	1	101078307	autori_scopus_preferred-name_erc.tsv	2026-09-29 19:45:24.351000	57190862946	0	LS	394	488	523538	56	11.475409836065573
6abc15542297e265fbeda193	57190862946	Schiattarella C.	Chiara	Schiattarella	Chiara Schiattarella	1	PE7	1	PE	1	101081567	autori_scopus_preferred-name_erc.tsv	2026-09-29 19:45:24.481000	16029615600	0	PE	1546	3912	1178468	294	7.515337423312883
6abc15542297e265fbeda193	57190862946	Schiattarella C.	Chiara	Schiattarella	Chiara Schiattarella	1	PE7	1	PE	1	101081567	autori_scopus_preferred-name_erc.tsv	2026-09-29 19:45:24.481000	57190862946	1	PE	1546	488	1178468	225	46.10655737704918
6abc15542297e265fbeda098	22836019000	Salvato M.	Mara	Salvato	Mara Salvato	1	PE9	1	PE	2	101086378 - 101045437	autori_scopus_preferred-name_erc.tsv	2026-09-29 19:45:24.354000	22836019000	1	PE	1546	10192	1178468	9690	95.074568288854
6abc15542297e265fbeda098	22836019000	Salvato M.	Mara	Salvato	Mara Salvato	1	PE9	1	PE	2	101086378 - 101045437	autori_scopus_preferred-name_erc.tsv	2026-09-29 19:45:24.354000	57211158383	0	PE	1546	382	1178468	117	30.628272251308903
6abc15552297e265fbeda5bb	57211158383	Salvato E.	Erica	Salvato	Erica Salvato	1	PE7	1	PE	1	101076926	autori_scopus_preferred-name_erc.tsv	2026-09-29 19:45:25.216000	22836019000	0	PE	1546	10192	1178468	9690	95.074568288854
6abc15552297e265fbeda5bb	57211158383	Salvato E.	Erica	Salvato	Erica Salvato	1	PE7	1	PE	1	101076926	autori_scopus_preferred-name_erc.tsv	2026-09-29 19:45:25.216000	57211158383	1	PE	1546	382	1178468	117	30.628272251308903
6abc15552297e265fbeda4b7	57189469058	Liu Z.	Zheming	Liu	Zheming Liu	1	PE11	1	PE	1	101041229	autori_scopus_preferred-name_erc.tsv	2026-09-29 19:45:25.008000	57189469058	1	PE	1546	281	1178468	281	100.0
6abc15552297e265fbeda4b7	57189469058	Liu Z.	Zheming	Liu	Zheming Liu	1	PE11	1	PE	1	101041229	autori_scopus_preferred-name_erc.tsv	2026-09-29 19:45:25.008000	57201201897	0	PE	1546	116	1178468	116	100.0
6abc15552297e265fbeda53f	57201201897	Liu Y.	Ying	Liu	Ying Liu	1	PE5	1	PE	1	101095974	autori_scopus_preferred-name_erc.tsv	2026-09-29 19:45:25.106000	57189469058	0	PE	1546	281	1178468	281	100.0
6abc15552297e265fbeda53f	57201201897	Liu Y.	Ying	Liu	Ying Liu	1	PE5	1	PE	1	101095974	autori_scopus_preferred-name_erc.tsv	2026-09-29 19:45:25.106000	57201201897	1	PE	1546	116	1178468	116	100.0
6abc15542297e265fbeda0c5	56284355200	Romano C.	C.	Romano	Claudia Romano	1	PE10	1	PE	1	101044772	autori_scopus_preferred-name_erc.tsv	2026-09-29 19:45:24.378000	56284355200	1	PE	1546	3693	1178468	2918	79.01435147576497
6abc15542297e265fbeda0c5	56284355200	Romano C.	C.	Romano	Claudia Romano	1	PE10	1	PE	1	101044772	autori_scopus_preferred-name_erc.tsv	2026-09-29 19:45:24.378000	57195250950	0	PE	1546	1647	1178468	658	39.95142683667274
6abc15552297e265fbeda50d	57195250950	Romano V.	Valentino	Romano	Valentino Romano	1	PE11	1	PE	1	101055097	autori_scopus_preferred-name_erc.tsv	2026-09-29 19:45:25.076000	56284355200	0	PE	1546	3693	1178468	2918	79.01435147576497
6abc15552297e265fbeda50d	57195250950	Romano V.	Valentino	Romano	Valentino Romano	1	PE11	1	PE	1	101055097	autori_scopus_preferred-name_erc.tsv	2026-09-29 19:45:25.076000	57195250950	1	PE	1546	1647	1178468	658	39.95142683667274
6abc15542297e265fbeda0d3	57193119619	Brunetti G.	Gianfranco F.	Brunetti	G. Brunetti	1	PE9	1	PE	1	101086378	autori_scopus_preferred-name_erc.tsv	2026-09-29 19:45:24.385000	57193119619	1	PE	1546	6537	1178468	6080	93.00902554688695
6abc15542297e265fbeda0d3	57193119619	Brunetti G.	Gianfranco F.	Brunetti	G. Brunetti	1	PE9	1	PE	1	101086378	autori_scopus_preferred-name_erc.tsv	2026-09-29 19:45:24.385000	57338928700	0	PE	1546	54	1178468	21	38.88888888888889
6abc15552297e265fbeda688	57338928700	Brunetti I.	Irene	Brunetti	Irene Brunetti	1	PE7	1	PE	1	101097876	autori_scopus_preferred-name_erc.tsv	2026-09-29 19:45:25.357000	57193119619	0	PE	1546	6537	1178468	6080	93.00902554688695
6abc15552297e265fbeda688	57338928700	Brunetti I.	Irene	Brunetti	Irene Brunetti	1	PE7	1	PE	1	101097876	autori_scopus_preferred-name_erc.tsv	2026-09-29 19:45:25.357000	57338928700	1	PE	1546	54	1178468	21	38.88888888888889
6abc15542297e265fbeda0d4	57194286495	Mecozzi B.	Beniamino	Mecozzi	Beniamino Mecozzi	1	SH6	1	SH	1	101052653	autori_scopus_preferred-name_erc.tsv	2026-09-29 19:45:24.385000	57194286495	1	SH	189	2597	194212	2508	96.57296881016558
6abc15542297e265fbeda0d4	57194286495	Mecozzi B.	Beniamino	Mecozzi	Beniamino Mecozzi	1	SH6	1	SH	1	101052653	autori_scopus_preferred-name_erc.tsv	2026-09-29 19:45:24.385000	57203628230	0	SH	189	1995	194212	16	0.8020050125313283
6abc15552297e265fbeda56f	57203628230	Mecozzi A.	A.	Mecozzi	Antonio Mecozzi	1	PE7	1	PE	1	101077917	autori_scopus_preferred-name_erc.tsv	2026-09-29 19:45:25.149000	57194286495	0	PE	1546	2597	1178468	271	10.435117443203696
6abc15552297e265fbeda56f	57203628230	Mecozzi A.	A.	Mecozzi	Antonio Mecozzi	1	PE7	1	PE	1	101077917	autori_scopus_preferred-name_erc.tsv	2026-09-29 19:45:25.149000	57203628230	1	PE	1546	1995	1178468	485	24.31077694235589
6abc15542297e265fbeda0e9	57477394000	Corti M.	Mattia	Corti	Mattia Corti	1	SYG-PE	1	PE	1	101115663	autori_scopus_preferred-name_erc.tsv	2026-09-29 19:45:24.395000	57477394000	1	PE	1546	182	1178468	182	100.0
6abc15542297e265fbeda0e9	57477394000	Corti M.	Mattia	Corti	Mattia Corti	1	SYG-PE	1	PE	1	101115663	autori_scopus_preferred-name_erc.tsv	2026-09-29 19:45:24.395000	56581966700	0	PE	1546	531	1178468	149	28.06026365348399
6abc15542297e265fbeda0e9	57477394000	Corti M.	Mattia	Corti	Mattia Corti	1	SYG-PE	1	PE	1	101115663	autori_scopus_preferred-name_erc.tsv	2026-09-29 19:45:24.395000	7006220309	0	PE	1546	4568	1178468	3251	71.16900175131349
6abc15542297e265fbeda470	56581966700	Corti V.	Vasco	Corti	Vasco Corti	1	PE5	1	PE	3	101040025 - 101106125 - 101105828	autori_scopus_preferred-name_erc.tsv	2026-09-29 19:45:24.955000	57477394000	0	PE	1546	182	1178468	182	100.0
6abc15542297e265fbeda470	56581966700	Corti V.	Vasco	Corti	Vasco Corti	1	PE5	1	PE	3	101040025 - 101106125 - 101105828	autori_scopus_preferred-name_erc.tsv	2026-09-29 19:45:24.955000	56581966700	1	PE	1546	531	1178468	149	28.06026365348399
6abc15542297e265fbeda470	56581966700	Corti V.	Vasco	Corti	Vasco Corti	1	PE5	1	PE	3	101040025 - 101106125 - 101105828	autori_scopus_preferred-name_erc.tsv	2026-09-29 19:45:24.955000	7006220309	0	PE	1546	4568	1178468	3251	71.16900175131349
6abc15552297e265fbeda88d	7006220309	Corti G.	Giacomo	Corti	Giacomo Corti	1	PE10	1	PE	2	101087245 - 101119486	autori_scopus_preferred-name_erc.tsv	2026-09-29 19:45:25.803000	57477394000	0	PE	1546	182	1178468	182	100.0
6abc15552297e265fbeda88d	7006220309	Corti G.	Giacomo	Corti	Giacomo Corti	1	PE10	1	PE	2	101087245 - 101119486	autori_scopus_preferred-name_erc.tsv	2026-09-29 19:45:25.803000	56581966700	0	PE	1546	531	1178468	149	28.06026365348399
6abc15552297e265fbeda88d	7006220309	Corti G.	Giacomo	Corti	Giacomo Corti	1	PE10	1	PE	2	101087245 - 101119486	autori_scopus_preferred-name_erc.tsv	2026-09-29 19:45:25.803000	7006220309	1	PE	1546	4568	1178468	3251	71.16900175131349
6abc15542297e265fbeda0ec	57668086600	Kim D.	Dawoon E.	Kim	Dawoon E. Kim	1	PE9	1	PE	1	101076343	autori_scopus_preferred-name_erc.tsv	2026-09-29 19:45:24.396000	57668086600	1	PE	1546	739	1178468	715	96.75236806495265
6abc15542297e265fbeda0ec	57668086600	Kim D.	Dawoon E.	Kim	Dawoon E. Kim	1	PE9	1	PE	1	101076343	autori_scopus_preferred-name_erc.tsv	2026-09-29 19:45:24.396000	58290088200	0	PE	1546	49	1178468	49	100.0
6abc15542297e265fbeda208	58290088200	Kim S.	Sung-hwan	Kim	Sung-Hwan Kim	1	PE6	1	PE	1	101039208	autori_scopus_preferred-name_erc.tsv	2026-09-29 19:45:24.528000	57668086600	0	PE	1546	739	1178468	715	96.75236806495265
6abc15542297e265fbeda208	58290088200	Kim S.	Sung-hwan	Kim	Sung-Hwan Kim	1	PE6	1	PE	1	101039208	autori_scopus_preferred-name_erc.tsv	2026-09-29 19:45:24.528000	58290088200	1	PE	1546	49	1178468	49	100.0
6abc15542297e265fbeda10d	7402527192	Costa E.	Enrico	Costa	Enrico Costa	1	PE9	1	PE	1	101076343	autori_scopus_preferred-name_erc.tsv	2026-09-29 19:45:24.415000	7402527192	1	PE	1546	6075	1178468	5877	96.74074074074073
6abc15542297e265fbeda10d	7402527192	Costa E.	Enrico	Costa	Enrico Costa	1	PE9	1	PE	1	101076343	autori_scopus_preferred-name_erc.tsv	2026-09-29 19:45:24.415000	57102696600	0	PE	1546	249	1178468	249	100.0
6abc15542297e265fbeda18c	57102696600	Costa P.	Paolo	Costa	Paolo Costa	1	PE5	1	PE	3	101040025 - 101106125 - 101105828	autori_scopus_preferred-name_erc.tsv	2026-09-29 19:45:24.478000	7402527192	0	PE	1546	6075	1178468	5877	96.74074074074073
6abc15542297e265fbeda18c	57102696600	Costa P.	Paolo	Costa	Paolo Costa	1	PE5	1	PE	3	101040025 - 101106125 - 101105828	autori_scopus_preferred-name_erc.tsv	2026-09-29 19:45:24.478000	57102696600	1	PE	1546	249	1178468	249	100.0
6abc15542297e265fbeda114	10040033000	Monaco G.	Giulio	Monaco	Giulio Monaco	1	PE3	1	PE	1	101053167	autori_scopus_preferred-name_erc.tsv	2026-09-29 19:45:24.418000	10040033000	1	PE	1546	4061	1178468	2408	59.295739965525726
6abc15542297e265fbeda114	10040033000	Monaco G.	Giulio	Monaco	Giulio Monaco	1	PE3	1	PE	1	101053167	autori_scopus_preferred-name_erc.tsv	2026-09-29 19:45:24.418000	59227903300	0	PE	1546	0	1178468	0	0
6abc15542297e265fbeda114	10040033000	Monaco G.	Giulio	Monaco	Giulio Monaco	1	PE3	1	PE	1	101053167	autori_scopus_preferred-name_erc.tsv	2026-09-29 19:45:24.418000	7006221760	0	PE	1546	4534	1178468	3730	82.26731363034848
6abc15552297e265fbeda753	59227903300	Monaco M.	Mariagrazia	Monaco	Mariagrazia Monaco	1	LS4	1	LS	1	101045285	autori_scopus_preferred-name_erc.tsv	2026-09-29 19:45:25.539000	10040033000	0	LS	394	4061	523538	72	1.7729623245506032
6abc15552297e265fbeda753	59227903300	Monaco M.	Mariagrazia	Monaco	Mariagrazia Monaco	1	LS4	1	LS	1	101045285	autori_scopus_preferred-name_erc.tsv	2026-09-29 19:45:25.539000	59227903300	1	LS	394	0	523538	0	0
6abc15552297e265fbeda753	59227903300	Monaco M.	Mariagrazia	Monaco	Mariagrazia Monaco	1	LS4	1	LS	1	101045285	autori_scopus_preferred-name_erc.tsv	2026-09-29 19:45:25.539000	7006221760	0	LS	394	4534	523538	18	0.3970004411116012
6abc15552297e265fbeda88e	7006221760	Monaco P.	Pierluigi	Monaco	Pierluigi Monaco	1	PE9	1	PE	1	101042299	autori_scopus_preferred-name_erc.tsv	2026-09-29 19:45:25.804000	10040033000	0	PE	1546	4061	1178468	2408	59.295739965525726
6abc15552297e265fbeda88e	7006221760	Monaco P.	Pierluigi	Monaco	Pierluigi Monaco	1	PE9	1	PE	1	101042299	autori_scopus_preferred-name_erc.tsv	2026-09-29 19:45:25.804000	59227903300	0	PE	1546	0	1178468	0	0
6abc15552297e265fbeda88e	7006221760	Monaco P.	Pierluigi	Monaco	Pierluigi Monaco	1	PE9	1	PE	1	101042299	autori_scopus_preferred-name_erc.tsv	2026-09-29 19:45:25.804000	7006221760	1	PE	1546	4534	1178468	3730	82.26731363034848
6abc15542297e265fbeda11c	15047667100	Galbusera F.	F.	Galbusera	Fabio Galbusera	1	PE8	1	PE	1	101044828	autori_scopus_preferred-name_erc.tsv	2026-09-29 19:45:24.422000	15047667100	1	PE	1546	5835	1178468	386	6.615252784918595
6abc15542297e265fbeda11c	15047667100	Galbusera F.	F.	Galbusera	Fabio Galbusera	1	PE8	1	PE	1	101044828	autori_scopus_preferred-name_erc.tsv	2026-09-29 19:45:24.422000	58863173900	0	PE	1546	48	1178468	0	0.0
6abc15552297e265fbeda72a	58863173900	Galbusera A.	Alessia	Galbusera	Alessia Galbusera	1	SH6	1	SH	2	101065320 - 101077348	autori_scopus_preferred-name_erc.tsv	2026-09-29 19:45:25.505000	15047667100	0	SH	189	5835	194212	146	2.5021422450728363
6abc15552297e265fbeda72a	58863173900	Galbusera A.	Alessia	Galbusera	Alessia Galbusera	1	SH6	1	SH	2	101065320 - 101077348	autori_scopus_preferred-name_erc.tsv	2026-09-29 19:45:25.505000	58863173900	1	SH	189	48	194212	0	0.0
6abc15542297e265fbeda136	27568039400	Santini P.	Paola	Santini	Paola Santini	1	PE9	1	PE	1	101053208	autori_scopus_preferred-name_erc.tsv	2026-09-29 19:45:24.433000	27568039400	1	PE	1546	6722	1178468	6452	95.98333829217495
6abc15542297e265fbeda136	27568039400	Santini P.	Paola	Santini	Paola Santini	1	PE9	1	PE	1	101053208	autori_scopus_preferred-name_erc.tsv	2026-09-29 19:45:24.433000	7006198153	0	PE	1546	2017	1178468	1968	97.57064947942489
6abc15552297e265fbeda88c	7006198153	Santini P.	Paolo	Santini	P. Santini	1	SYG-PE	1	PE	1	101071533	autori_scopus_preferred-name_erc.tsv	2026-09-29 19:45:25.802000	27568039400	0	PE	1546	6722	1178468	6452	95.98333829217495
6abc15552297e265fbeda88c	7006198153	Santini P.	Paolo	Santini	P. Santini	1	SYG-PE	1	PE	1	101071533	autori_scopus_preferred-name_erc.tsv	2026-09-29 19:45:25.802000	7006198153	1	PE	1546	2017	1178468	1968	97.57064947942489
6abc15542297e265fbeda139	35148174600	Paggi M.	Marco	Paggi	M. Paggi	1	PE8	1	PE	1	101052956	autori_scopus_preferred-name_erc.tsv	2026-09-29 19:45:24.434000	35148174600	1	PE	1546	5842	1178468	2688	46.01163984936665
6abc15542297e265fbeda139	35148174600	Paggi M.	Marco	Paggi	M. Paggi	1	PE8	1	PE	1	101052956	autori_scopus_preferred-name_erc.tsv	2026-09-29 19:45:24.434000	36933029700	0	PE	1546	4006	1178468	3814	95.20718921617573
6abc15542297e265fbeda376	36933029700	Paggi A.	Alessandro	Paggi	Alessandro Paggi	1	PE9	1	PE	1	101076343	autori_scopus_preferred-name_erc.tsv	2026-09-29 19:45:24.745000	35148174600	0	PE	1546	5842	1178468	2688	46.01163984936665
6abc15542297e265fbeda376	36933029700	Paggi A.	Alessandro	Paggi	Alessandro Paggi	1	PE9	1	PE	1	101076343	autori_scopus_preferred-name_erc.tsv	2026-09-29 19:45:24.745000	36933029700	1	PE	1546	4006	1178468	3814	95.20718921617573
6abc15542297e265fbeda147	36893312700	Martinelli C.	Chiara	Martinelli	Chiara Martinelli	1	PE8	1	PE	2	101068512 - 101053122	autori_scopus_preferred-name_erc.tsv	2026-09-29 19:45:24.440000	36893312700	1	PE	1546	2631	1178468	1788	67.95895096921323
6abc15542297e265fbeda147	36893312700	Martinelli C.	Chiara	Martinelli	Chiara Martinelli	1	PE8	1	PE	2	101068512 - 101053122	autori_scopus_preferred-name_erc.tsv	2026-09-29 19:45:24.440000	57208149448	0	PE	1546	437	1178468	437	100.0
6abc15542297e265fbeda147	36893312700	Martinelli C.	Chiara	Martinelli	Chiara Martinelli	1	PE8	1	PE	2	101068512 - 101053122	autori_scopus_preferred-name_erc.tsv	2026-09-29 19:45:24.440000	57190342916	0	PE	1546	1400	1178468	245	17.5
6abc15542297e265fbeda1bd	57208149448	Martinelli A.	Alessandro	Martinelli	Alessandro Martinelli	1	PE3	1	PE	1	101053167	autori_scopus_preferred-name_erc.tsv	2026-09-29 19:45:24.499000	36893312700	0	PE	1546	2631	1178468	1788	67.95895096921323
6abc15542297e265fbeda1bd	57208149448	Martinelli A.	Alessandro	Martinelli	Alessandro Martinelli	1	PE3	1	PE	1	101053167	autori_scopus_preferred-name_erc.tsv	2026-09-29 19:45:24.499000	57208149448	1	PE	1546	437	1178468	437	100.0
6abc15542297e265fbeda1bd	57208149448	Martinelli A.	Alessandro	Martinelli	Alessandro Martinelli	1	PE3	1	PE	1	101053167	autori_scopus_preferred-name_erc.tsv	2026-09-29 19:45:24.499000	57190342916	0	PE	1546	1400	1178468	245	17.5
6abc15552297e265fbeda4c7	57190342916	Martinelli I.	Ilaria	Martinelli	Ilaria Martinelli	1	SH4	1	SH	1	101042625	autori_scopus_preferred-name_erc.tsv	2026-09-29 19:45:25.019000	36893312700	0	SH	189	2631	194212	44	1.6723679209426074
6abc15552297e265fbeda4c7	57190342916	Martinelli I.	Ilaria	Martinelli	Ilaria Martinelli	1	SH4	1	SH	1	101042625	autori_scopus_preferred-name_erc.tsv	2026-09-29 19:45:25.019000	57208149448	0	SH	189	437	194212	2	0.4576659038901602
6abc15552297e265fbeda4c7	57190342916	Martinelli I.	Ilaria	Martinelli	Ilaria Martinelli	1	SH4	1	SH	1	101042625	autori_scopus_preferred-name_erc.tsv	2026-09-29 19:45:25.019000	57190342916	1	SH	189	1400	194212	1066	76.14285714285714
6abc15542297e265fbeda148	37003280500	Vacca G.	Giuseppe	Vacca	Giuseppe Vacca	1	SYG-PE	1	PE	1	101115663	autori_scopus_preferred-name_erc.tsv	2026-09-29 19:45:24.440000	37003280500	1	PE	1546	631	1178468	571	90.49128367670365
6abc15542297e265fbeda148	37003280500	Vacca G.	Giuseppe	Vacca	Giuseppe Vacca	1	SYG-PE	1	PE	1	101115663	autori_scopus_preferred-name_erc.tsv	2026-09-29 19:45:24.440000	57217795988	0	PE	1546	1084	1178468	59	5.442804428044281
6abc15552297e265fbeda605	57217795988	Vacca A.	Antonio	Vacca	Antonio Vacca	1	LS4	1	LS	1	101078307	autori_scopus_preferred-name_erc.tsv	2026-09-29 19:45:25.256000	37003280500	0	LS	394	631	523538	6	0.9508716323296356
6abc15552297e265fbeda605	57217795988	Vacca A.	Antonio	Vacca	Antonio Vacca	1	LS4	1	LS	1	101078307	autori_scopus_preferred-name_erc.tsv	2026-09-29 19:45:25.256000	57217795988	1	LS	394	1084	523538	238	21.95571955719557
6abc15542297e265fbeda149	37018396300	Marchetti R.	Roberta	Marchetti	Roberta Marchetti	1	PE5	1	PE	1	101039841	autori_scopus_preferred-name_erc.tsv	2026-09-29 19:45:24.441000	37018396300	1	PE	1546	2050	1178468	2050	100.0
6abc15542297e265fbeda149	37018396300	Marchetti R.	Roberta	Marchetti	Roberta Marchetti	1	PE5	1	PE	1	101039841	autori_scopus_preferred-name_erc.tsv	2026-09-29 19:45:24.441000	57193493644	0	PE	1546	815	1178468	760	93.25153374233128
6abc15542297e265fbeda149	37018396300	Marchetti R.	Roberta	Marchetti	Roberta Marchetti	1	PE5	1	PE	1	101039841	autori_scopus_preferred-name_erc.tsv	2026-09-29 19:45:24.441000	7103204997	0	PE	1546	11837	1178468	781	6.597955563064965
6abc15552297e265fbeda4ee	57193493644	Marchetti F.	Filippo	Marchetti	Filippo Marchetti	1	PE4	1	PE	2	101112805 - 101088032	autori_scopus_preferred-name_erc.tsv	2026-09-29 19:45:25.052000	37018396300	0	PE	1546	2050	1178468	2050	100.0
6abc15552297e265fbeda4ee	57193493644	Marchetti F.	Filippo	Marchetti	Filippo Marchetti	1	PE4	1	PE	2	101112805 - 101088032	autori_scopus_preferred-name_erc.tsv	2026-09-29 19:45:25.052000	57193493644	1	PE	1546	815	1178468	760	93.25153374233128
6abc15552297e265fbeda4ee	57193493644	Marchetti F.	Filippo	Marchetti	Filippo Marchetti	1	PE4	1	PE	2	101112805 - 101088032	autori_scopus_preferred-name_erc.tsv	2026-09-29 19:45:25.052000	7103204997	0	PE	1546	11837	1178468	781	6.597955563064965
6abc15552297e265fbeda8b5	7103204997	Marchetti P.	P.	Marchetti	Piero Marchetti	1	LS4	1	LS	1	101043671	autori_scopus_preferred-name_erc.tsv	2026-09-29 19:45:25.839000	37018396300	0	LS	394	2050	523538	221	10.78048780487805
6abc15552297e265fbeda8b5	7103204997	Marchetti P.	P.	Marchetti	Piero Marchetti	1	LS4	1	LS	1	101043671	autori_scopus_preferred-name_erc.tsv	2026-09-29 19:45:25.839000	57193493644	0	LS	394	815	523538	164	20.12269938650307
6abc15552297e265fbeda8b5	7103204997	Marchetti P.	P.	Marchetti	Piero Marchetti	1	LS4	1	LS	1	101043671	autori_scopus_preferred-name_erc.tsv	2026-09-29 19:45:25.839000	7103204997	1	LS	394	11837	523538	2631	22.226915603615783
6abc15542297e265fbeda14a	37040936100	Tanzi L.	Luca	Tanzi	Luca Tanzi	1	PE2	1	PE	1	101055319	autori_scopus_preferred-name_erc.tsv	2026-09-29 19:45:24.441000	37040936100	1	PE	1546	529	1178468	474	89.60302457466919
6abc15542297e265fbeda14a	37040936100	Tanzi L.	Luca	Tanzi	Luca Tanzi	1	PE2	1	PE	1	101055319	autori_scopus_preferred-name_erc.tsv	2026-09-29 19:45:24.441000	57223193616	0	PE	1546	234	1178468	23	9.82905982905983
6abc15552297e265fbeda65c	57223193616	Tanzi A.	Adele	Tanzi	Adele Tanzi	1	LS7	1	LS	1	101045467	autori_scopus_preferred-name_erc.tsv	2026-09-29 19:45:25.323000	37040936100	0	LS	394	529	523538	12	2.2684310018903595
6abc15552297e265fbeda65c	57223193616	Tanzi A.	Adele	Tanzi	Adele Tanzi	1	LS7	1	LS	1	101045467	autori_scopus_preferred-name_erc.tsv	2026-09-29 19:45:25.323000	57223193616	1	LS	394	234	523538	234	100.0
6abc15542297e265fbeda158	55246218600	Huang R.	Ruojun	Huang	Ruojun Huang	1	PE1	1	PE	1	101053472	autori_scopus_preferred-name_erc.tsv	2026-09-29 19:45:24.449000	55246218600	1	PE	1546	109	1178468	109	100.0
6abc15542297e265fbeda158	55246218600	Huang R.	Ruojun	Huang	Ruojun Huang	1	PE1	1	PE	1	101053472	autori_scopus_preferred-name_erc.tsv	2026-09-29 19:45:24.449000	57211634315	0	PE	1546	737	1178468	193	26.187245590230663
6abc15542297e265fbeda1c9	57211634315	Huang K.	Kun D.	Huang	Kun D. Huang	1	LS8	1	LS	1	101045015	autori_scopus_preferred-name_erc.tsv	2026-09-29 19:45:24.503000	55246218600	0	LS	394	109	523538	1	0.9174311926605505
6abc15542297e265fbeda1c9	57211634315	Huang K.	Kun D.	Huang	Kun D. Huang	1	LS8	1	LS	1	101045015	autori_scopus_preferred-name_erc.tsv	2026-09-29 19:45:24.503000	57211634315	1	LS	394	737	523538	737	100.0
6abc15542297e265fbeda15c	55375394900	Rinaldi L.	Luca	Rinaldi	Luca Rinaldi	1	SH4	1	SH	1	101087053	autori_scopus_preferred-name_erc.tsv	2026-09-29 19:45:24.451000	55375394900	1	SH	189	2718	194212	1269	46.688741721854306
6abc15542297e265fbeda15c	55375394900	Rinaldi L.	Luca	Rinaldi	Luca Rinaldi	1	SH4	1	SH	1	101087053	autori_scopus_preferred-name_erc.tsv	2026-09-29 19:45:24.451000	8325324100	0	SH	189	968	194212	9	0.9297520661157025
6abc15552297e265fbeda8ce	8325324100	Rinaldi A.	Alessandra	Rinaldi	Alessandra Rinaldi	1	LS9	1	LS	1	101040462	autori_scopus_preferred-name_erc.tsv	2026-09-29 19:45:25.860000	55375394900	0	LS	394	2718	523538	416	15.305371596762326
6abc15552297e265fbeda8ce	8325324100	Rinaldi A.	Alessandra	Rinaldi	Alessandra Rinaldi	1	LS9	1	LS	1	101040462	autori_scopus_preferred-name_erc.tsv	2026-09-29 19:45:25.860000	8325324100	1	LS	394	968	523538	39	4.028925619834711
6abc15542297e265fbeda162	55697020400	Conte R.	Riccardo	Conte	Riccardo Conte	1	PE4	1	PE	1	101081361	autori_scopus_preferred-name_erc.tsv	2026-09-29 19:45:24.454000	55697020400	1	PE	1546	1642	1178468	1177	71.68087697929354
6abc15542297e265fbeda162	55697020400	Conte R.	Riccardo	Conte	Riccardo Conte	1	PE4	1	PE	1	101081361	autori_scopus_preferred-name_erc.tsv	2026-09-29 19:45:24.454000	56268146200	0	PE	1546	526	1178468	417	79.27756653992395
6abc15542297e265fbeda447	56268146200	Conte A.	Adriano Mosca	Conte	Adriano Mosca Conte	1	PE3	1	PE	1	101066434	autori_scopus_preferred-name_erc.tsv	2026-09-29 19:45:24.921000	55697020400	0	PE	1546	1642	1178468	1177	71.68087697929354
6abc15542297e265fbeda447	56268146200	Conte A.	Adriano Mosca	Conte	Adriano Mosca Conte	1	PE3	1	PE	1	101066434	autori_scopus_preferred-name_erc.tsv	2026-09-29 19:45:24.921000	56268146200	1	PE	1546	526	1178468	417	79.27756653992395
6abc15542297e265fbeda16f	56195219500	Camargo F.	Franco V.A.	Camargo	Franco V. A. Camargo	1	LS9	1	LS	1	101053983	autori_scopus_preferred-name_erc.tsv	2026-09-29 19:45:24.463000	56195219500	1	LS	394	1088	523538	373	34.283088235294116
6abc15542297e265fbeda16f	56195219500	Camargo F.	Franco V.A.	Camargo	Franco V. A. Camargo	1	LS9	1	LS	1	101053983	autori_scopus_preferred-name_erc.tsv	2026-09-29 19:45:24.463000	59304306700	0	LS	394	0	523538	0	0
6abc15552297e265fbeda762	59304306700	Camargo F.	Franco V.A.	Camargo	Franco V. A. Camargo	1	PE4	1	PE	2	101047137 - 101076859	autori_scopus_preferred-name_erc.tsv	2026-09-29 19:45:25.552000	56195219500	0	PE	1546	1088	1178468	652	59.92647058823529
6abc15552297e265fbeda762	59304306700	Camargo F.	Franco V.A.	Camargo	Franco V. A. Camargo	1	PE4	1	PE	2	101047137 - 101076859	autori_scopus_preferred-name_erc.tsv	2026-09-29 19:45:25.552000	59304306700	1	PE	1546	0	1178468	0	0
6abc15542297e265fbeda179	56394720500	Venturi D.	Daniele	Venturi	Daniele Venturi	1	PE6	1	PE	2	101096871 - 101054911	autori_scopus_preferred-name_erc.tsv	2026-09-29 19:45:24.469000	56394720500	1	PE	1546	1811	1178468	376	20.762009939260075
6abc15542297e265fbeda179	56394720500	Venturi D.	Daniele	Venturi	Daniele Venturi	1	PE6	1	PE	2	101096871 - 101054911	autori_scopus_preferred-name_erc.tsv	2026-09-29 19:45:24.469000	57201649820	0	PE	1546	2006	1178468	2006	100.0
6abc15552297e265fbeda548	57201649820	Venturi G.	Giacomo	Venturi	G. Venturi	1	PE9	1	PE	1	101040751	autori_scopus_preferred-name_erc.tsv	2026-09-29 19:45:25.115000	56394720500	0	PE	1546	1811	1178468	376	20.762009939260075
6abc15552297e265fbeda548	57201649820	Venturi G.	Giacomo	Venturi	G. Venturi	1	PE9	1	PE	1	101040751	autori_scopus_preferred-name_erc.tsv	2026-09-29 19:45:25.115000	57201649820	1	PE	1546	2006	1178468	2006	100.0
6abc15542297e265fbeda181	56638659600	Filippini T.	Tommaso	Filippini	Tommaso Filippini	1	SH4	1	SH	1	101042625	autori_scopus_preferred-name_erc.tsv	2026-09-29 19:45:24.473000	56638659600	1	SH	189	7864	194212	7005	89.07680569684638
6abc15542297e265fbeda181	56638659600	Filippini T.	Tommaso	Filippini	Tommaso Filippini	1	SH4	1	SH	1	101042625	autori_scopus_preferred-name_erc.tsv	2026-09-29 19:45:24.473000	54402939800	0	SH	189	1633	194212	7	0.4286589099816289
6abc15542297e265fbeda181	56638659600	Filippini T.	Tommaso	Filippini	Tommaso Filippini	1	SH4	1	SH	1	101042625	autori_scopus_preferred-name_erc.tsv	2026-09-29 19:45:24.473000	57192251704	0	SH	189	1186	194212	18	1.5177065767284992
6abc15542297e265fbeda399	54402939800	Filippini G.	Giacomo	Filippini	Giacomo Filippini	1	PE5	1	PE	1	101039578	autori_scopus_preferred-name_erc.tsv	2026-09-29 19:45:24.776000	56638659600	0	PE	1546	7864	1178468	484	6.154628687690742
6abc15542297e265fbeda399	54402939800	Filippini G.	Giacomo	Filippini	Giacomo Filippini	1	PE5	1	PE	1	101039578	autori_scopus_preferred-name_erc.tsv	2026-09-29 19:45:24.776000	54402939800	1	PE	1546	1633	1178468	1118	68.46295162278015
6abc15542297e265fbeda399	54402939800	Filippini G.	Giacomo	Filippini	Giacomo Filippini	1	PE5	1	PE	1	101039578	autori_scopus_preferred-name_erc.tsv	2026-09-29 19:45:24.776000	57192251704	0	PE	1546	1186	1178468	1186	100.0
6abc15552297e265fbeda4d8	57192251704	Filippini F.	Francesco	Filippini	F. Filippini	1	PE9	1	PE	1	101076343	autori_scopus_preferred-name_erc.tsv	2026-09-29 19:45:25.034000	56638659600	0	PE	1546	7864	1178468	484	6.154628687690742
6abc15552297e265fbeda4d8	57192251704	Filippini F.	Francesco	Filippini	F. Filippini	1	PE9	1	PE	1	101076343	autori_scopus_preferred-name_erc.tsv	2026-09-29 19:45:25.034000	54402939800	0	PE	1546	1633	1178468	1118	68.46295162278015
6abc15552297e265fbeda4d8	57192251704	Filippini F.	Francesco	Filippini	F. Filippini	1	PE9	1	PE	1	101076343	autori_scopus_preferred-name_erc.tsv	2026-09-29 19:45:25.034000	57192251704	1	PE	1546	1186	1178468	1186	100.0
6abc15542297e265fbeda18d	57188624879	Capone F.	Federico	Capone	Federico Capone	1	LS4	1	LS	1	101078307	autori_scopus_preferred-name_erc.tsv	2026-09-29 19:45:24.479000	57188624879	1	LS	394	640	523538	217	33.90625
6abc15542297e265fbeda18d	57188624879	Capone F.	Federico	Capone	Federico Capone	1	LS4	1	LS	1	101078307	autori_scopus_preferred-name_erc.tsv	2026-09-29 19:45:24.479000	35434659900	0	LS	394	3947	523538	31	0.7854066379528756
6abc15542297e265fbeda336	35434659900	Capone A.	Antonio	Capone	A. Capone	1	PE9	1	PE	1	101076343	autori_scopus_preferred-name_erc.tsv	2026-09-29 19:45:24.703000	57188624879	0	PE	1546	640	1178468	55	8.59375
6abc15542297e265fbeda336	35434659900	Capone A.	Antonio	Capone	A. Capone	1	PE9	1	PE	1	101076343	autori_scopus_preferred-name_erc.tsv	2026-09-29 19:45:24.703000	35434659900	1	PE	1546	3947	1178468	3765	95.38890296427667
6abc15542297e265fbeda19a	57193874792	Calabro A.	Antonello	Calabro	Antonello Calabró	1	PE9	1	PE	1	101053208	autori_scopus_preferred-name_erc.tsv	2026-09-29 19:45:24.484000	57193874792	1	PE	1546	3817	1178468	3647	95.54624050301284
6abc15542297e265fbeda19a	57193874792	Calabro A.	Antonello	Calabro	Antonello Calabró	1	PE9	1	PE	1	101053208	autori_scopus_preferred-name_erc.tsv	2026-09-29 19:45:24.484000	57202022068	0	PE	1546	307	1178468	99	32.24755700325733
6abc15552297e265fbeda54e	57202022068	Calabro L.	Laura	Calabro	Laura Calabrò	1	PE10	1	PE	1	101044772	autori_scopus_preferred-name_erc.tsv	2026-09-29 19:45:25.120000	57193874792	0	PE	1546	3817	1178468	3647	95.54624050301284
6abc15552297e265fbeda54e	57202022068	Calabro L.	Laura	Calabro	Laura Calabrò	1	PE10	1	PE	1	101044772	autori_scopus_preferred-name_erc.tsv	2026-09-29 19:45:25.120000	57202022068	1	PE	1546	307	1178468	99	32.24755700325733
6abc15542297e265fbeda1a0	57195808631	Russo S.	Simone	Russo	Simone Russo	1	SYG-LS	1	LS	1	101071900	autori_scopus_preferred-name_erc.tsv	2026-09-29 19:45:24.487000	57195808631	1	LS	394	531	523538	525	98.87005649717514
6abc15542297e265fbeda1a0	57195808631	Russo S.	Simone	Russo	Simone Russo	1	SYG-LS	1	LS	1	101071900	autori_scopus_preferred-name_erc.tsv	2026-09-29 19:45:24.487000	57194018820	0	LS	394	833	523538	762	91.47659063625451
6abc15552297e265fbeda4fc	57194018820	Russo L.	Luca	Russo	Luca Russo	1	LS7	1	LS	1	101077710	autori_scopus_preferred-name_erc.tsv	2026-09-29 19:45:25.064000	57195808631	0	LS	394	531	523538	525	98.87005649717514
6abc15552297e265fbeda4fc	57194018820	Russo L.	Luca	Russo	Luca Russo	1	LS7	1	LS	1	101077710	autori_scopus_preferred-name_erc.tsv	2026-09-29 19:45:25.064000	57194018820	1	LS	394	833	523538	762	91.47659063625451
6abc15542297e265fbeda1ab	57201496275	Bonetti L.	Lorenzo	Bonetti	Lorenzo Bonetti	1	PE8	1	PE	1	101039467	autori_scopus_preferred-name_erc.tsv	2026-09-29 19:45:24.491000	57201496275	1	PE	1546	1241	1178468	290	23.3682514101531
6abc15542297e265fbeda1ab	57201496275	Bonetti L.	Lorenzo	Bonetti	Lorenzo Bonetti	1	PE8	1	PE	1	101039467	autori_scopus_preferred-name_erc.tsv	2026-09-29 19:45:24.491000	57216803267	0	PE	1546	390	1178468	390	100.0
6abc15542297e265fbeda1d7	57216803267	Bonetti G.	Giorgia	Bonetti	Giorgia Bonetti	1	PE4	1	PE	1	101040798	autori_scopus_preferred-name_erc.tsv	2026-09-29 19:45:24.508000	57201496275	0	PE	1546	1241	1178468	290	23.3682514101531
6abc15542297e265fbeda1d7	57216803267	Bonetti G.	Giorgia	Bonetti	Giorgia Bonetti	1	PE4	1	PE	1	101040798	autori_scopus_preferred-name_erc.tsv	2026-09-29 19:45:24.508000	57216803267	1	PE	1546	390	1178468	390	100.0
6abc15542297e265fbeda1b9	57204970253	Pignatti C.	Clemente	Pignatti	Clemente Pignatti	1	SH3	1	SH	1	101039655	autori_scopus_preferred-name_erc.tsv	2026-09-29 19:45:24.497000	57204970253	1	SH	189	0	194212	0	0
6abc15542297e265fbeda1b9	57204970253	Pignatti C.	Clemente	Pignatti	Clemente Pignatti	1	SH3	1	SH	1	101039655	autori_scopus_preferred-name_erc.tsv	2026-09-29 19:45:24.497000	6603840161	0	SH	189	2508	194212	87	3.4688995215311005
6abc15552297e265fbeda7f2	6603840161	Pignatti S.	Stefano	Pignatti	Stefano Pignatti	1	LS9	1	LS	1	101086622	autori_scopus_preferred-name_erc.tsv	2026-09-29 19:45:25.682000	57204970253	0	LS	394	0	523538	0	0
6abc15552297e265fbeda7f2	6603840161	Pignatti S.	Stefano	Pignatti	Stefano Pignatti	1	LS9	1	LS	1	101086622	autori_scopus_preferred-name_erc.tsv	2026-09-29 19:45:25.682000	6603840161	1	LS	394	2508	523538	242	9.649122807017543
6abc15542297e265fbeda1d8	57216891177	Scuderi S.	Sarah Adriana	Scuderi	Sarah Adriana Scuderi	1	LS4	1	LS	1	101052444	autori_scopus_preferred-name_erc.tsv	2026-09-29 19:45:24.509000	57216891177	1	LS	394	2109	523538	396	18.776671408250355
6abc15542297e265fbeda1d8	57216891177	Scuderi S.	Sarah Adriana	Scuderi	Sarah Adriana Scuderi	1	LS4	1	LS	1	101052444	autori_scopus_preferred-name_erc.tsv	2026-09-29 19:45:24.509000	36338222000	0	LS	394	89	523538	24	26.96629213483146
6abc15542297e265fbeda35c	36338222000	Scuderi C.	Cristina	Scuderi	Cristina Scuderi	1	LS8	1	LS	1	101045015	autori_scopus_preferred-name_erc.tsv	2026-09-29 19:45:24.729000	57216891177	0	LS	394	2109	523538	396	18.776671408250355
6abc15542297e265fbeda35c	36338222000	Scuderi C.	Cristina	Scuderi	Cristina Scuderi	1	LS8	1	LS	1	101045015	autori_scopus_preferred-name_erc.tsv	2026-09-29 19:45:24.729000	36338222000	1	LS	394	89	523538	24	26.96629213483146
6abc15542297e265fbeda1e6	57221150686	Mandelli V.	Veronica	Mandelli	Veronica Mandelli	1	SH4	1	SH	1	101087263	autori_scopus_preferred-name_erc.tsv	2026-09-29 19:45:24.515000	57221150686	1	SH	189	231	194212	231	100.0
6abc15542297e265fbeda1e6	57221150686	Mandelli V.	Veronica	Mandelli	Veronica Mandelli	1	SH4	1	SH	1	101087263	autori_scopus_preferred-name_erc.tsv	2026-09-29 19:45:24.515000	58358365900	0	SH	189	236	194212	2	0.847457627118644
6abc15552297e265fbeda6ef	58358365900	Mandelli G.	Giacomo	Mandelli	Giacomo Mandelli	1	PE4	1	PE	1	101081361	autori_scopus_preferred-name_erc.tsv	2026-09-29 19:45:25.451000	57221150686	0	PE	1546	231	1178468	22	9.523809523809524
6abc15552297e265fbeda6ef	58358365900	Mandelli G.	Giacomo	Mandelli	Giacomo Mandelli	1	PE4	1	PE	1	101081361	autori_scopus_preferred-name_erc.tsv	2026-09-29 19:45:25.451000	58358365900	1	PE	1546	236	1178468	236	100.0
6abc15542297e265fbeda206	58095137400	Cocchi S.	Sebastiano	Cocchi	Sebastiano Cocchi	1	PE7	1	PE	1	101077917	autori_scopus_preferred-name_erc.tsv	2026-09-29 19:45:24.527000	58095137400	1	PE	1546	58	1178468	47	81.03448275862068
6abc15542297e265fbeda206	58095137400	Cocchi S.	Sebastiano	Cocchi	Sebastiano Cocchi	1	PE7	1	PE	1	101077917	autori_scopus_preferred-name_erc.tsv	2026-09-29 19:45:24.527000	56576467500	0	PE	1546	914	1178468	680	74.39824945295405
6abc15542297e265fbeda46f	56576467500	Cocchi M.	Massimo	Cocchi	Massimo Cocchi	1	PE9	1	PE	1	101076343	autori_scopus_preferred-name_erc.tsv	2026-09-29 19:45:24.954000	58095137400	0	PE	1546	58	1178468	47	81.03448275862068
6abc15542297e265fbeda46f	56576467500	Cocchi M.	Massimo	Cocchi	Massimo Cocchi	1	PE9	1	PE	1	101076343	autori_scopus_preferred-name_erc.tsv	2026-09-29 19:45:24.954000	56576467500	1	PE	1546	914	1178468	680	74.39824945295405
6abc15542297e265fbeda20c	58500461500	Marchini F.	F.	Marchini	Francesco Marchini	1	PE8	1	PE	1	101041255	autori_scopus_preferred-name_erc.tsv	2026-09-29 19:45:24.529000	58500461500	1	PE	1546	131	1178468	131	100.0
6abc15542297e265fbeda20c	58500461500	Marchini F.	F.	Marchini	Francesco Marchini	1	PE8	1	PE	1	101041255	autori_scopus_preferred-name_erc.tsv	2026-09-29 19:45:24.529000	55075943300	0	PE	1546	1274	1178468	1204	94.5054945054945
6abc15542297e265fbeda3ad	55075943300	Marchini A.	Alessandro	Marchini	Alessandro Marchini	1	PE9	1	PE	1	101076343	autori_scopus_preferred-name_erc.tsv	2026-09-29 19:45:24.793000	58500461500	0	PE	1546	131	1178468	131	100.0
6abc15542297e265fbeda3ad	55075943300	Marchini A.	Alessandro	Marchini	Alessandro Marchini	1	PE9	1	PE	1	101076343	autori_scopus_preferred-name_erc.tsv	2026-09-29 19:45:24.793000	55075943300	1	PE	1546	1274	1178468	1204	94.5054945054945
6abc15542297e265fbeda218	59274086600	Valente S.	Stefano	Valente	Stefano Valente	1	PE5	1	PE	1	101039578	autori_scopus_preferred-name_erc.tsv	2026-09-29 19:45:24.533000	59274086600	1	PE	1546	109	1178468	90	82.56880733944955
6abc15542297e265fbeda218	59274086600	Valente S.	Stefano	Valente	Stefano Valente	1	PE5	1	PE	1	101039578	autori_scopus_preferred-name_erc.tsv	2026-09-29 19:45:24.533000	57190488065	0	PE	1546	1528	1178468	75	4.908376963350785
6abc15552297e265fbeda4c8	57190488065	Valente D.	Daria	Valente	Daria Valente	1	SH4	1	SH	1	101041885	autori_scopus_preferred-name_erc.tsv	2026-09-29 19:45:25.020000	59274086600	0	SH	189	109	194212	0	0.0
6abc15552297e265fbeda4c8	57190488065	Valente D.	Daria	Valente	Daria Valente	1	SH4	1	SH	1	101041885	autori_scopus_preferred-name_erc.tsv	2026-09-29 19:45:25.020000	57190488065	1	SH	189	1528	194212	1297	84.88219895287958
6abc15542297e265fbeda219	59302925800	Paduano A.	Angelo	Paduano	Angelo Paduano	1	PE8	1	PE	1	101075903	autori_scopus_preferred-name_erc.tsv	2026-09-29 19:45:24.533000	59302925800	1	PE	1546	0	1178468	0	0
6abc15542297e265fbeda219	59302925800	Paduano A.	Angelo	Paduano	Angelo Paduano	1	PE8	1	PE	1	101075903	autori_scopus_preferred-name_erc.tsv	2026-09-29 19:45:24.533000	7003751883	0	PE	1546	6410	1178468	4421	68.97035881435258
6abc15552297e265fbeda834	7003751883	Paduano L.	Luigi	Paduano	Luigi Paduano	1	PE5	1	PE	1	101039841	autori_scopus_preferred-name_erc.tsv	2026-09-29 19:45:25.728000	59302925800	0	PE	1546	0	1178468	0	0
6abc15552297e265fbeda834	7003751883	Paduano L.	Luigi	Paduano	Luigi Paduano	1	PE5	1	PE	1	101039841	autori_scopus_preferred-name_erc.tsv	2026-09-29 19:45:25.728000	7003751883	1	PE	1546	6410	1178468	4421	68.97035881435258
6abc15542297e265fbeda235	7003853565	Treu T.	Tommaso L.	Treu	Tommaso Treu	1	PE9	1	PE	1	101053208	autori_scopus_preferred-name_erc.tsv	2026-09-29 19:45:24.543000	7003853565	1	PE	1546	5954	1178468	5398	90.66174000671818
6abc15542297e265fbeda235	7003853565	Treu T.	Tommaso L.	Treu	Tommaso Treu	1	PE9	1	PE	1	101053208	autori_scopus_preferred-name_erc.tsv	2026-09-29 19:45:24.543000	25923619600	0	PE	1546	4567	1178468	4366	95.59886139697832
6abc15542297e265fbeda2f9	25923619600	Treu L.	Laura	Treu	Laura Treu	1	PE8	1	PE	1	101098064	autori_scopus_preferred-name_erc.tsv	2026-09-29 19:45:24.649000	7003853565	0	PE	1546	5954	1178468	5398	90.66174000671818
6abc15542297e265fbeda2f9	25923619600	Treu L.	Laura	Treu	Laura Treu	1	PE8	1	PE	1	101098064	autori_scopus_preferred-name_erc.tsv	2026-09-29 19:45:24.649000	25923619600	1	PE	1546	4567	1178468	4366	95.59886139697832
6abc15542297e265fbeda239	7004450805	Sala E.	Evis	Sala	Evis Sala	1	LS7	1	LS	1	101077710	autori_scopus_preferred-name_erc.tsv	2026-09-29 19:45:24.544000	7004450805	1	LS	394	2998	523538	1063	35.456971314209476
6abc15542297e265fbeda239	7004450805	Sala E.	Evis	Sala	Evis Sala	1	LS7	1	LS	1	101077710	autori_scopus_preferred-name_erc.tsv	2026-09-29 19:45:24.544000	55907556200	0	LS	394	1716	523538	14	0.8158508158508158
6abc15542297e265fbeda40f	55907556200	Sala B.	Benedetto	Sala	Benedetto Sala	1	SH6	1	SH	1	101052653	autori_scopus_preferred-name_erc.tsv	2026-09-29 19:45:24.875000	7004450805	0	SH	189	2998	194212	72	2.401601067378252
6abc15542297e265fbeda40f	55907556200	Sala B.	Benedetto	Sala	Benedetto Sala	1	SH6	1	SH	1	101052653	autori_scopus_preferred-name_erc.tsv	2026-09-29 19:45:24.875000	55907556200	1	SH	189	1716	194212	1188	69.23076923076923
6abc15542297e265fbeda241	7005924048	De Angelis A.	Alessandro D.	De Angelis	A. De Angelis	1	PE9	1	PE	1	101076343	autori_scopus_preferred-name_erc.tsv	2026-09-29 19:45:24.547000	7005924048	1	PE	1546	13619	1178468	13009	95.52096336001175
6abc15542297e265fbeda241	7005924048	De Angelis A.	Alessandro D.	De Angelis	A. De Angelis	1	PE9	1	PE	1	101076343	autori_scopus_preferred-name_erc.tsv	2026-09-29 19:45:24.547000	35572110200	0	PE	1546	3893	1178468	3156	81.0685846390958
6abc15542297e265fbeda241	7005924048	De Angelis A.	Alessandro D.	De Angelis	A. De Angelis	1	PE9	1	PE	1	101076343	autori_scopus_preferred-name_erc.tsv	2026-09-29 19:45:24.547000	57201851771	0	PE	1546	877	1178468	789	89.96579247434435
6abc15542297e265fbeda33f	35572110200	De Angelis C.	Costantino	De Angelis	Costantino De Angelis	1	PE7	1	PE	1	101044797	autori_scopus_preferred-name_erc.tsv	2026-09-29 19:45:24.711000	7005924048	0	PE	1546	13619	1178468	13009	95.52096336001175
6abc15542297e265fbeda33f	35572110200	De Angelis C.	Costantino	De Angelis	Costantino De Angelis	1	PE7	1	PE	1	101044797	autori_scopus_preferred-name_erc.tsv	2026-09-29 19:45:24.711000	35572110200	1	PE	1546	3893	1178468	3156	81.0685846390958
6abc15542297e265fbeda33f	35572110200	De Angelis C.	Costantino	De Angelis	Costantino De Angelis	1	PE7	1	PE	1	101044797	autori_scopus_preferred-name_erc.tsv	2026-09-29 19:45:24.711000	57201851771	0	PE	1546	877	1178468	789	89.96579247434435
6abc15552297e265fbeda54c	57201851771	De Angelis D.	Dario	De Angelis	Dario De Angelis	1	PE4	1	PE	1	101095012	autori_scopus_preferred-name_erc.tsv	2026-09-29 19:45:25.118000	7005924048	0	PE	1546	13619	1178468	13009	95.52096336001175
6abc15552297e265fbeda54c	57201851771	De Angelis D.	Dario	De Angelis	Dario De Angelis	1	PE4	1	PE	1	101095012	autori_scopus_preferred-name_erc.tsv	2026-09-29 19:45:25.118000	35572110200	0	PE	1546	3893	1178468	3156	81.0685846390958
6abc15552297e265fbeda54c	57201851771	De Angelis D.	Dario	De Angelis	Dario De Angelis	1	PE4	1	PE	1	101095012	autori_scopus_preferred-name_erc.tsv	2026-09-29 19:45:25.118000	57201851771	1	PE	1546	877	1178468	789	89.96579247434435
6abc15542297e265fbeda250	7401962189	Schneider C.	Claus Michael	Schneider	Claus Michael Schneider	1	SYG-PE	1	PE	1	101071259	autori_scopus_preferred-name_erc.tsv	2026-09-29 19:45:24.552000	7401962189	1	PE	1546	1321	1178468	1140	86.29825889477668
6abc15542297e265fbeda250	7401962189	Schneider C.	Claus Michael	Schneider	Claus Michael Schneider	1	SYG-PE	1	PE	1	101071259	autori_scopus_preferred-name_erc.tsv	2026-09-29 19:45:24.552000	56188182400	0	PE	1546	7992	1178468	7597	95.05755755755756
6abc15542297e265fbeda438	56188182400	Schneider R.	Raffaella	Schneider	R Schneider	1	PE9	1	PE	1	101088676	autori_scopus_preferred-name_erc.tsv	2026-09-29 19:45:24.909000	7401962189	0	PE	1546	1321	1178468	1140	86.29825889477668
6abc15542297e265fbeda438	56188182400	Schneider R.	Raffaella	Schneider	R Schneider	1	PE9	1	PE	1	101088676	autori_scopus_preferred-name_erc.tsv	2026-09-29 19:45:24.909000	56188182400	1	PE	1546	7992	1178468	7597	95.05755755755756
6abc15542297e265fbeda252	8212471500	Cassano R.	R.	Cassano	R. Cassano	1	PE9	1	PE	1	101086378	autori_scopus_preferred-name_erc.tsv	2026-09-29 19:45:24.553000	8212471500	1	PE	1546	3211	1178468	3071	95.63998754282154
6abc15542297e265fbeda252	8212471500	Cassano R.	R.	Cassano	R. Cassano	1	PE9	1	PE	1	101086378	autori_scopus_preferred-name_erc.tsv	2026-09-29 19:45:24.553000	59349928300	0	PE	1546	0	1178468	0	0
6abc15552297e265fbeda76d	59349928300	Cassano B.	Blanca	Cassano	Blanca Cassano	1	PE8	1	PE	1	101040383	autori_scopus_preferred-name_erc.tsv	2026-09-29 19:45:25.561000	8212471500	0	PE	1546	3211	1178468	3071	95.63998754282154
6abc15552297e265fbeda76d	59349928300	Cassano B.	Blanca	Cassano	Blanca Cassano	1	PE8	1	PE	1	101040383	autori_scopus_preferred-name_erc.tsv	2026-09-29 19:45:25.561000	59349928300	1	PE	1546	0	1178468	0	0
6abc15542297e265fbeda253	8387869900	Vitiello M.	Miriam Serena	Vitiello	Miriam S Vitiello	1	PE7	1	PE	1	101081567	autori_scopus_preferred-name_erc.tsv	2026-09-29 19:45:24.553000	8387869900	1	PE	1546	3917	1178468	3334	85.1161603267807
6abc15542297e265fbeda253	8387869900	Vitiello M.	Miriam Serena	Vitiello	Miriam S Vitiello	1	PE7	1	PE	1	101081567	autori_scopus_preferred-name_erc.tsv	2026-09-29 19:45:24.553000	7005142905	0	PE	1546	2518	1178468	759	30.142970611596503
6abc15552297e265fbeda873	7005142905	Vitiello M.	Mariateresa	Vitiello	Mariateresa Vitiello	1	PE5	1	PE	1	101039841	autori_scopus_preferred-name_erc.tsv	2026-09-29 19:45:25.782000	8387869900	0	PE	1546	3917	1178468	3334	85.1161603267807
6abc15552297e265fbeda873	7005142905	Vitiello M.	Mariateresa	Vitiello	Mariateresa Vitiello	1	PE5	1	PE	1	101039841	autori_scopus_preferred-name_erc.tsv	2026-09-29 19:45:25.782000	7005142905	1	PE	1546	2518	1178468	759	30.142970611596503
6abc15542297e265fbeda2a1	16300846100	Conti I.	Irene	Conti	Irene Conti	1	PE4	1	PE	1	101043272	autori_scopus_preferred-name_erc.tsv	2026-09-29 19:45:24.587000	16300846100	1	PE	1546	2343	1178468	2339	99.82927870251814
6abc15542297e265fbeda2a1	16300846100	Conti I.	Irene	Conti	Irene Conti	1	PE4	1	PE	1	101043272	autori_scopus_preferred-name_erc.tsv	2026-09-29 19:45:24.587000	8583299000	0	PE	1546	313	1178468	44	14.057507987220447
6abc15552297e265fbeda8e1	8583299000	Conti P.	Pierangelo	Conti	Pierangelo Conti	1	LS7	1	LS	1	101088370	autori_scopus_preferred-name_erc.tsv	2026-09-29 19:45:25.871000	16300846100	0	LS	394	2343	523538	427	18.224498506188645
6abc15552297e265fbeda8e1	8583299000	Conti P.	Pierangelo	Conti	Pierangelo Conti	1	LS7	1	LS	1	101088370	autori_scopus_preferred-name_erc.tsv	2026-09-29 19:45:25.871000	8583299000	1	LS	394	313	523538	0	0.0
6abc15542297e265fbeda2a7	16642191800	Botta P.	Paolo	Botta	Paolo Botta	1	LS5	1	LS	1	101055340	autori_scopus_preferred-name_erc.tsv	2026-09-29 19:45:24.591000	16642191800	1	LS	394	100	523538	100	100.0
6abc15542297e265fbeda2a7	16642191800	Botta P.	Paolo	Botta	Paolo Botta	1	LS5	1	LS	1	101055340	autori_scopus_preferred-name_erc.tsv	2026-09-29 19:45:24.591000	24723441600	0	LS	394	3615	523538	2066	57.150760719225445
6abc15542297e265fbeda2e2	24723441600	Botta L.	Lorenzo	Botta	Lorenzo Botta	1	LS9	1	LS	1	101054658	autori_scopus_preferred-name_erc.tsv	2026-09-29 19:45:24.628000	16642191800	0	LS	394	100	523538	100	100.0
6abc15542297e265fbeda2e2	24723441600	Botta L.	Lorenzo	Botta	Lorenzo Botta	1	LS9	1	LS	1	101054658	autori_scopus_preferred-name_erc.tsv	2026-09-29 19:45:24.628000	24723441600	1	LS	394	3615	523538	2066	57.150760719225445
6abc15542297e265fbeda2ae	19638894400	Marino G.	Gianluca	Marino	Gianluca Marino	1	SH6	1	SH	1	101052653	autori_scopus_preferred-name_erc.tsv	2026-09-29 19:45:24.598000	19638894400	1	SH	189	598	194212	142	23.745819397993312
6abc15542297e265fbeda2ae	19638894400	Marino G.	Gianluca	Marino	Gianluca Marino	1	SH6	1	SH	1	101052653	autori_scopus_preferred-name_erc.tsv	2026-09-29 19:45:24.598000	55980341800	0	SH	189	3910	194212	64	1.6368286445012785
6abc15542297e265fbeda2ae	19638894400	Marino G.	Gianluca	Marino	Gianluca Marino	1	SH6	1	SH	1	101052653	autori_scopus_preferred-name_erc.tsv	2026-09-29 19:45:24.598000	7202998420	0	SH	189	814	194212	7	0.85995085995086
6abc15542297e265fbeda41a	55980341800	Marino A.	Attilio	Marino	Attilio Marino	1	PE8	1	PE	1	101146025	autori_scopus_preferred-name_erc.tsv	2026-09-29 19:45:24.884000	19638894400	0	PE	1546	598	1178468	255	42.642140468227424
6abc15542297e265fbeda41a	55980341800	Marino A.	Attilio	Marino	Attilio Marino	1	PE8	1	PE	1	101146025	autori_scopus_preferred-name_erc.tsv	2026-09-29 19:45:24.884000	55980341800	1	PE	1546	3910	1178468	3800	97.18670076726342
6abc15542297e265fbeda41a	55980341800	Marino A.	Attilio	Marino	Attilio Marino	1	PE8	1	PE	1	101146025	autori_scopus_preferred-name_erc.tsv	2026-09-29 19:45:24.884000	7202998420	0	PE	1546	814	1178468	803	98.64864864864865
6abc15552297e265fbeda8bd	7202998420	Marino G.	Giuseppe	Marino	G. Marino	1	PE9	1	PE	1	101052347	autori_scopus_preferred-name_erc.tsv	2026-09-29 19:45:25.846000	19638894400	0	PE	1546	598	1178468	255	42.642140468227424
6abc15552297e265fbeda8bd	7202998420	Marino G.	Giuseppe	Marino	G. Marino	1	PE9	1	PE	1	101052347	autori_scopus_preferred-name_erc.tsv	2026-09-29 19:45:25.846000	55980341800	0	PE	1546	3910	1178468	3800	97.18670076726342
6abc15552297e265fbeda8bd	7202998420	Marino G.	Giuseppe	Marino	G. Marino	1	PE9	1	PE	1	101052347	autori_scopus_preferred-name_erc.tsv	2026-09-29 19:45:25.846000	7202998420	1	PE	1546	814	1178468	803	98.64864864864865
6abc15542297e265fbeda2b5	22951956900	Rusconi R.	Roberto	Rusconi	Roberto Rusconi	1	LS8	1	LS	1	101045015	autori_scopus_preferred-name_erc.tsv	2026-09-29 19:45:24.605000	22951956900	1	LS	394	1445	523538	211	14.602076124567473
6abc15542297e265fbeda2b5	22951956900	Rusconi R.	Roberto	Rusconi	Roberto Rusconi	1	LS8	1	LS	1	101045015	autori_scopus_preferred-name_erc.tsv	2026-09-29 19:45:24.605000	57966564200	0	LS	394	44	523538	0	0.0
6abc15552297e265fbeda6cc	57966564200	Rusconi M.	Martina	Rusconi	Martina Rusconi	1	PE8	1	PE	1	101089265	autori_scopus_preferred-name_erc.tsv	2026-09-29 19:45:25.419000	22951956900	0	PE	1546	1445	1178468	231	15.986159169550174
6abc15552297e265fbeda6cc	57966564200	Rusconi M.	Martina	Rusconi	Martina Rusconi	1	PE8	1	PE	1	101089265	autori_scopus_preferred-name_erc.tsv	2026-09-29 19:45:25.419000	57966564200	1	PE	1546	44	1178468	23	52.27272727272727
6abc15542297e265fbeda2ca	23767226900	Luongo L.	Livio	Luongo	Livio Luongo	1	LS4	1	LS	1	101045285	autori_scopus_preferred-name_erc.tsv	2026-09-29 19:45:24.614000	23767226900	1	LS	394	6044	523538	841	13.914626075446723
6abc15542297e265fbeda2ca	23767226900	Luongo L.	Livio	Luongo	Livio Luongo	1	LS4	1	LS	1	101045285	autori_scopus_preferred-name_erc.tsv	2026-09-29 19:45:24.614000	57296133700	0	LS	394	109	523538	0	0.0
6abc15552297e265fbeda682	57296133700	Luongo E.	Eliseo	Luongo	Eliseo Luongo	1	PE1	1	PE	1	101053472	autori_scopus_preferred-name_erc.tsv	2026-09-29 19:45:25.354000	23767226900	0	PE	1546	6044	1178468	357	5.906684315023163
6abc15552297e265fbeda682	57296133700	Luongo E.	Eliseo	Luongo	Eliseo Luongo	1	PE1	1	PE	1	101053472	autori_scopus_preferred-name_erc.tsv	2026-09-29 19:45:25.354000	57296133700	1	PE	1546	109	1178468	64	58.71559633027523
6abc15542297e265fbeda2f1	25635583100	Botti L.	Lorenzo Alessio	Botti	Lorenzo Botti	1	LS7	1	LS	1	101088370	autori_scopus_preferred-name_erc.tsv	2026-09-29 19:45:24.642000	25635583100	1	LS	394	1065	523538	15	1.4084507042253522
6abc15542297e265fbeda2f1	25635583100	Botti L.	Lorenzo Alessio	Botti	Lorenzo Botti	1	LS7	1	LS	1	101088370	autori_scopus_preferred-name_erc.tsv	2026-09-29 19:45:24.642000	57190044602	0	LS	394	383	523538	1	0.26109660574412535
6abc15542297e265fbeda2f1	25635583100	Botti L.	Lorenzo Alessio	Botti	Lorenzo Botti	1	LS7	1	LS	1	101088370	autori_scopus_preferred-name_erc.tsv	2026-09-29 19:45:24.642000	57209618946	0	LS	394	247	523538	22	8.906882591093117
6abc15552297e265fbeda4bf	57190044602	Botti M.	Michele	Botti	Michele Botti	1	SYG-PE	1	PE	1	101115663	autori_scopus_preferred-name_erc.tsv	2026-09-29 19:45:25.012000	25635583100	0	PE	1546	1065	1178468	436	40.93896713615023
6abc15552297e265fbeda4bf	57190044602	Botti M.	Michele	Botti	Michele Botti	1	SYG-PE	1	PE	1	101115663	autori_scopus_preferred-name_erc.tsv	2026-09-29 19:45:25.012000	57190044602	1	PE	1546	383	1178468	373	97.38903394255874
6abc15552297e265fbeda4bf	57190044602	Botti M.	Michele	Botti	Michele Botti	1	SYG-PE	1	PE	1	101115663	autori_scopus_preferred-name_erc.tsv	2026-09-29 19:45:25.012000	57209618946	0	PE	1546	247	1178468	247	100.0
6abc15552297e265fbeda5b2	57209618946	Botti G.	Giacomo	Botti	Giacomo Botti	1	PE4	1	PE	1	101081361	autori_scopus_preferred-name_erc.tsv	2026-09-29 19:45:25.208000	25635583100	0	PE	1546	1065	1178468	436	40.93896713615023
6abc15552297e265fbeda5b2	57209618946	Botti G.	Giacomo	Botti	Giacomo Botti	1	PE4	1	PE	1	101081361	autori_scopus_preferred-name_erc.tsv	2026-09-29 19:45:25.208000	57190044602	0	PE	1546	383	1178468	373	97.38903394255874
6abc15552297e265fbeda5b2	57209618946	Botti G.	Giacomo	Botti	Giacomo Botti	1	PE4	1	PE	1	101081361	autori_scopus_preferred-name_erc.tsv	2026-09-29 19:45:25.208000	57209618946	1	PE	1546	247	1178468	247	100.0
6abc15542297e265fbeda2f6	25821783000	Castelli I.	Ivano Eligio	Castelli	Ivano E. Castelli	1	PE8	1	PE	1	101041255	autori_scopus_preferred-name_erc.tsv	2026-09-29 19:45:24.647000	25821783000	1	PE	1546	753	1178468	318	42.23107569721115
6abc15542297e265fbeda2f6	25821783000	Castelli I.	Ivano Eligio	Castelli	Ivano E. Castelli	1	PE8	1	PE	1	101041255	autori_scopus_preferred-name_erc.tsv	2026-09-29 19:45:24.647000	58890441500	0	PE	1546	639	1178468	639	100.0
6abc15552297e265fbeda72c	58890441500	Castelli M.	Matteo	Castelli	Matteo Castelli	1	PE4	1	PE	2	101112805 - 101088032	autori_scopus_preferred-name_erc.tsv	2026-09-29 19:45:25.506000	25821783000	0	PE	1546	753	1178468	318	42.23107569721115
6abc15552297e265fbeda72c	58890441500	Castelli M.	Matteo	Castelli	Matteo Castelli	1	PE4	1	PE	2	101112805 - 101088032	autori_scopus_preferred-name_erc.tsv	2026-09-29 19:45:25.506000	58890441500	1	PE	1546	639	1178468	639	100.0
6abc15542297e265fbeda317	35188911400	Greco S.	Simona	Greco	Simona Greco	1	LS7	1	LS	1	101054460	autori_scopus_preferred-name_erc.tsv	2026-09-29 19:45:24.676000	35188911400	1	LS	394	3113	523538	2655	85.28750401541922
6abc15542297e265fbeda317	35188911400	Greco S.	Simona	Greco	Simona Greco	1	LS7	1	LS	1	101054460	autori_scopus_preferred-name_erc.tsv	2026-09-29 19:45:24.676000	57207823228	0	LS	394	1619	523538	64	3.953057442865967
6abc15552297e265fbeda599	57207823228	Greco G.	Gabriele	Greco	Gabriele Greco	1	PE8	1	PE	1	101086644	autori_scopus_preferred-name_erc.tsv	2026-09-29 19:45:25.185000	35188911400	0	PE	1546	3113	1178468	365	11.725024092515259
6abc15552297e265fbeda599	57207823228	Greco G.	Gabriele	Greco	Gabriele Greco	1	PE8	1	PE	1	101086644	autori_scopus_preferred-name_erc.tsv	2026-09-29 19:45:25.185000	57207823228	1	PE	1546	1619	1178468	835	51.57504632489191
6abc15542297e265fbeda31d	35226936400	Albert J.	Justin E.	Albert	J. Albert	1	PE2	1	PE	1	101089007	autori_scopus_preferred-name_erc.tsv	2026-09-29 19:45:24.682000	35226936400	1	PE	1546	20290	1178468	20194	99.52686052242484
6abc15542297e265fbeda31d	35226936400	Albert J.	Justin E.	Albert	J. Albert	1	PE2	1	PE	1	101089007	autori_scopus_preferred-name_erc.tsv	2026-09-29 19:45:24.682000	56382023100	0	PE	1546	5160	1178468	5119	99.20542635658914
6abc15542297e265fbeda452	56382023100	Albert A.	Andrea M.	Albert	A. Albert	1	PE9	1	PE	1	101076343	autori_scopus_preferred-name_erc.tsv	2026-09-29 19:45:24.930000	35226936400	0	PE	1546	20290	1178468	20194	99.52686052242484
6abc15542297e265fbeda452	56382023100	Albert A.	Andrea M.	Albert	A. Albert	1	PE9	1	PE	1	101076343	autori_scopus_preferred-name_erc.tsv	2026-09-29 19:45:24.930000	56382023100	1	PE	1546	5160	1178468	5119	99.20542635658914
6abc15542297e265fbeda33e	35565483100	Mariani P.	Pierpaolo	Mariani	Pier Paolo Mariani	1	PE7	1	PE	1	101118089	autori_scopus_preferred-name_erc.tsv	2026-09-29 19:45:24.710000	35565483100	1	PE	1546	1298	1178468	150	11.556240369799692
6abc15542297e265fbeda33e	35565483100	Mariani P.	Pierpaolo	Mariani	Pier Paolo Mariani	1	PE7	1	PE	1	101118089	autori_scopus_preferred-name_erc.tsv	2026-09-29 19:45:24.710000	58067948000	0	PE	1546	47	1178468	47	100.0
6abc15552297e265fbeda6d6	58067948000	Mariani F.	Francesca	Mariani	Francesca Mariani	1	PE2	1	PE	1	101040024	autori_scopus_preferred-name_erc.tsv	2026-09-29 19:45:25.428000	35565483100	0	PE	1546	1298	1178468	150	11.556240369799692
6abc15552297e265fbeda6d6	58067948000	Mariani F.	Francesca	Mariani	Francesca Mariani	1	PE2	1	PE	1	101040024	autori_scopus_preferred-name_erc.tsv	2026-09-29 19:45:25.428000	58067948000	1	PE	1546	47	1178468	47	100.0
6abc15542297e265fbeda343	35745690800	Crippa A.	Alessandro	Crippa	Alessandro Crippa	1	SH4	1	SH	1	101087263	autori_scopus_preferred-name_erc.tsv	2026-09-29 19:45:24.714000	35745690800	1	SH	189	1361	194212	1127	82.80675973548861
6abc15542297e265fbeda343	35745690800	Crippa A.	Alessandro	Crippa	Alessandro Crippa	1	SH4	1	SH	1	101087263	autori_scopus_preferred-name_erc.tsv	2026-09-29 19:45:24.714000	57219561802	0	SH	189	361	194212	15	4.1551246537396125
6abc15552297e265fbeda61e	57219561802	Crippa M.	Martina	Crippa	Martina Crippa	1	PE4	1	PE	1	101053661	autori_scopus_preferred-name_erc.tsv	2026-09-29 19:45:25.269000	35745690800	0	PE	1546	1361	1178468	52	3.8207200587803087
6abc15552297e265fbeda61e	57219561802	Crippa M.	Martina	Crippa	Martina Crippa	1	PE4	1	PE	1	101053661	autori_scopus_preferred-name_erc.tsv	2026-09-29 19:45:25.269000	57219561802	1	PE	1546	361	1178468	308	85.3185595567867
6abc15542297e265fbeda34d	36010058800	Passerini L.	Laura	Passerini	Laura Passerini	1	LS7	1	LS	1	101044032	autori_scopus_preferred-name_erc.tsv	2026-09-29 19:45:24.723000	36010058800	1	LS	394	1430	523538	955	66.78321678321679
6abc15542297e265fbeda34d	36010058800	Passerini L.	Laura	Passerini	Laura Passerini	1	LS7	1	LS	1	101044032	autori_scopus_preferred-name_erc.tsv	2026-09-29 19:45:24.723000	7006983227	0	LS	394	3299	523538	386	11.70051530766899
6abc15552297e265fbeda89a	7006983227	Passerini A.	Andrea	Passerini	Andrea Passerini	1	LS8	1	LS	1	101045015	autori_scopus_preferred-name_erc.tsv	2026-09-29 19:45:25.814000	36010058800	0	LS	394	1430	523538	955	66.78321678321679
6abc15552297e265fbeda89a	7006983227	Passerini A.	Andrea	Passerini	Andrea Passerini	1	LS8	1	LS	1	101045015	autori_scopus_preferred-name_erc.tsv	2026-09-29 19:45:25.814000	7006983227	1	LS	394	3299	523538	386	11.70051530766899
6abc15542297e265fbeda377	36943101100	Villa A.	Anna	Villa	Anna Villa	1	LS7	1	LS	1	101044032	autori_scopus_preferred-name_erc.tsv	2026-09-29 19:45:24.746000	36943101100	1	LS	394	6055	523538	1762	29.099917423616844
6abc15542297e265fbeda377	36943101100	Villa A.	Anna	Villa	Anna Villa	1	LS7	1	LS	1	101044032	autori_scopus_preferred-name_erc.tsv	2026-09-29 19:45:24.746000	7004574612	0	LS	394	35	523538	0	0.0
6abc15552297e265fbeda865	7004574612	Villa C.	Corrado	Villa	C. Villa	1	PE7	1	PE	1	101054098	autori_scopus_preferred-name_erc.tsv	2026-09-29 19:45:25.771000	36943101100	0	PE	1546	6055	1178468	661	10.91659785301404
6abc15552297e265fbeda865	7004574612	Villa C.	Corrado	Villa	C. Villa	1	PE7	1	PE	1	101054098	autori_scopus_preferred-name_erc.tsv	2026-09-29 19:45:25.771000	7004574612	1	PE	1546	35	1178468	26	74.28571428571429
6abc15542297e265fbeda380	37080145300	Castiglioni E.	Elisabetta	Castiglioni	Elisabetta Castiglioni	1	SH6	1	SH	1	101054883	autori_scopus_preferred-name_erc.tsv	2026-09-29 19:45:24.754000	37080145300	1	SH	189	989	194212	639	64.61071789686552
6abc15542297e265fbeda380	37080145300	Castiglioni E.	Elisabetta	Castiglioni	Elisabetta Castiglioni	1	SH6	1	SH	1	101054883	autori_scopus_preferred-name_erc.tsv	2026-09-29 19:45:24.754000	59281425400	0	SH	189	0	194212	0	0
6abc15552297e265fbeda75d	59281425400	Castiglioni I.	Ilaria	Castiglioni	Ilaria Castiglioni	1	LS2	1	LS	1	101088408	autori_scopus_preferred-name_erc.tsv	2026-09-29 19:45:25.547000	37080145300	0	LS	394	989	523538	11	1.1122345803842264
6abc15552297e265fbeda75d	59281425400	Castiglioni I.	Ilaria	Castiglioni	Ilaria Castiglioni	1	LS2	1	LS	1	101088408	autori_scopus_preferred-name_erc.tsv	2026-09-29 19:45:25.547000	59281425400	1	LS	394	0	523538	0	0
6abc15542297e265fbeda382	37116505500	Bertero A.	Alessandro	Bertero	Alessandro Bertero	1	LS1	1	LS	1	101076026	autori_scopus_preferred-name_erc.tsv	2026-09-29 19:45:24.756000	37116505500	1	LS	394	661	523538	173	26.172465960665658
6abc15542297e265fbeda382	37116505500	Bertero A.	Alessandro	Bertero	Alessandro Bertero	1	LS1	1	LS	1	101076026	autori_scopus_preferred-name_erc.tsv	2026-09-29 19:45:24.756000	57189520921	0	LS	394	2054	523538	907	44.15774099318403
6abc15552297e265fbeda4ba	57189520921	Bertero E.	Edoardo	Bertero	Edoardo Bertero	1	LS7	1	LS	1	101054460	autori_scopus_preferred-name_erc.tsv	2026-09-29 19:45:25.009000	37116505500	0	LS	394	661	523538	173	26.172465960665658
6abc15552297e265fbeda4ba	57189520921	Bertero E.	Edoardo	Bertero	Edoardo Bertero	1	LS7	1	LS	1	101054460	autori_scopus_preferred-name_erc.tsv	2026-09-29 19:45:25.009000	57189520921	1	LS	394	2054	523538	907	44.15774099318403
6abc15542297e265fbeda383	38162613300	Scharff S.	Sebastian	Scharff	Sebastian Scharff	1	SH6	1	SH	1	101043954	autori_scopus_preferred-name_erc.tsv	2026-09-29 19:45:24.757000	38162613300	1	SH	189	133	194212	15	11.278195488721805
6abc15542297e265fbeda383	38162613300	Scharff S.	Sebastian	Scharff	Sebastian Scharff	1	SH6	1	SH	1	101043954	autori_scopus_preferred-name_erc.tsv	2026-09-29 19:45:24.757000	57195200228	0	SH	189	172	194212	9	5.232558139534884
6abc15552297e265fbeda50c	57195200228	Scharff R.	Rob B.N.	Scharff	Rob Bernardus Nicolaas Scharff	1	PE8	1	PE	1	101039198	autori_scopus_preferred-name_erc.tsv	2026-09-29 19:45:25.075000	38162613300	0	PE	1546	133	1178468	0	0.0
6abc15552297e265fbeda50c	57195200228	Scharff R.	Rob B.N.	Scharff	Rob Bernardus Nicolaas Scharff	1	PE8	1	PE	1	101039198	autori_scopus_preferred-name_erc.tsv	2026-09-29 19:45:25.075000	57195200228	1	PE	1546	172	1178468	57	33.13953488372093
6abc15542297e265fbeda38a	43761202200	Grassi E.	Elisa Stellaria	Grassi	Elisa Stellaria Grassi	1	LS1	1	LS	1	101041298	autori_scopus_preferred-name_erc.tsv	2026-09-29 19:45:24.763000	43761202200	1	LS	394	996	523538	884	88.75502008032129
6abc15542297e265fbeda38a	43761202200	Grassi E.	Elisa Stellaria	Grassi	Elisa Stellaria Grassi	1	LS1	1	LS	1	101041298	autori_scopus_preferred-name_erc.tsv	2026-09-29 19:45:24.763000	58418445400	0	LS	394	28	523538	5	17.857142857142858
6abc15542297e265fbeda38a	43761202200	Grassi E.	Elisa Stellaria	Grassi	Elisa Stellaria Grassi	1	LS1	1	LS	1	101041298	autori_scopus_preferred-name_erc.tsv	2026-09-29 19:45:24.763000	7101807658	0	LS	394	8016	523538	5075	63.31087824351297
6abc15552297e265fbeda6f3	58418445400	Grassi F.	Federica	Grassi	Federica Grassi	1	PE5	1	PE	1	101040025	autori_scopus_preferred-name_erc.tsv	2026-09-29 19:45:25.454000	43761202200	0	PE	1546	996	1178468	88	8.835341365461847
6abc15552297e265fbeda6f3	58418445400	Grassi F.	Federica	Grassi	Federica Grassi	1	PE5	1	PE	1	101040025	autori_scopus_preferred-name_erc.tsv	2026-09-29 19:45:25.454000	58418445400	1	PE	1546	28	1178468	28	100.0
6abc15552297e265fbeda6f3	58418445400	Grassi F.	Federica	Grassi	Federica Grassi	1	PE5	1	PE	1	101040025	autori_scopus_preferred-name_erc.tsv	2026-09-29 19:45:25.454000	7101807658	0	PE	1546	8016	1178468	570	7.110778443113773
6abc15552297e265fbeda8a2	7101807658	Grassi C.	Claudio	Grassi	Claudio Grassi	1	LS5	1	LS	1	101078163	autori_scopus_preferred-name_erc.tsv	2026-09-29 19:45:25.821000	43761202200	0	LS	394	996	523538	884	88.75502008032129
6abc15552297e265fbeda8a2	7101807658	Grassi C.	Claudio	Grassi	Claudio Grassi	1	LS5	1	LS	1	101078163	autori_scopus_preferred-name_erc.tsv	2026-09-29 19:45:25.821000	58418445400	0	LS	394	28	523538	5	17.857142857142858
6abc15552297e265fbeda8a2	7101807658	Grassi C.	Claudio	Grassi	Claudio Grassi	1	LS5	1	LS	1	101078163	autori_scopus_preferred-name_erc.tsv	2026-09-29 19:45:25.821000	7101807658	1	LS	394	8016	523538	5075	63.31087824351297
6abc15542297e265fbeda390	50261110100	Barbieri L.	Letizia	Barbieri	Letizia Barbieri	1	PE4	1	PE	2	101094131 - 101092725	autori_scopus_preferred-name_erc.tsv	2026-09-29 19:45:24.768000	50261110100	1	PE	1546	607	1178468	607	100.0
6abc15542297e265fbeda390	50261110100	Barbieri L.	Letizia	Barbieri	Letizia Barbieri	1	PE4	1	PE	2	101094131 - 101092725	autori_scopus_preferred-name_erc.tsv	2026-09-29 19:45:24.768000	58993960400	0	PE	1546	0	1178468	0	0
6abc15552297e265fbeda739	58993960400	Barbieri M.	Marianna	Barbieri	Marianna Barbieri	1	PE5	1	PE	1	101077698	autori_scopus_preferred-name_erc.tsv	2026-09-29 19:45:25.518000	50261110100	0	PE	1546	607	1178468	607	100.0
6abc15552297e265fbeda739	58993960400	Barbieri M.	Marianna	Barbieri	Marianna Barbieri	1	PE5	1	PE	1	101077698	autori_scopus_preferred-name_erc.tsv	2026-09-29 19:45:25.518000	58993960400	1	PE	1546	0	1178468	0	0
6abc15542297e265fbeda39f	54789225100	Saraceno C.	Claudia	Saraceno	Claudia Saraceno	1	LS7	1	LS	1	101053962	autori_scopus_preferred-name_erc.tsv	2026-09-29 19:45:24.780000	54789225100	1	LS	394	1642	523538	1110	67.60048721071864
6abc15542297e265fbeda39f	54789225100	Saraceno C.	Claudia	Saraceno	Claudia Saraceno	1	LS7	1	LS	1	101053962	autori_scopus_preferred-name_erc.tsv	2026-09-29 19:45:24.780000	58567265800	0	LS	394	77	523538	77	100.0
6abc15552297e265fbeda702	58567265800	Saraceno P.	Piermarco	Saraceno	Piermarco Saraceno	1	LS9	1	LS	1	101053983	autori_scopus_preferred-name_erc.tsv	2026-09-29 19:45:25.468000	54789225100	0	LS	394	1642	523538	1110	67.60048721071864
6abc15552297e265fbeda702	58567265800	Saraceno P.	Piermarco	Saraceno	Piermarco Saraceno	1	LS9	1	LS	1	101053983	autori_scopus_preferred-name_erc.tsv	2026-09-29 19:45:25.468000	58567265800	1	LS	394	77	523538	77	100.0
6abc15542297e265fbeda3ae	55077809800	Papini R.	Riccardo	Papini	R. Papini	1	PE9	1	PE	1	101052347	autori_scopus_preferred-name_erc.tsv	2026-09-29 19:45:24.794000	55077809800	1	PE	1546	886	1178468	876	98.87133182844244
6abc15542297e265fbeda3ae	55077809800	Papini R.	Riccardo	Papini	R. Papini	1	PE9	1	PE	1	101052347	autori_scopus_preferred-name_erc.tsv	2026-09-29 19:45:24.794000	57219761993	0	PE	1546	34	1178468	34	100.0
6abc15552297e265fbeda62d	57219761993	Papini A.	Andrea	Papini	Andrea Papini	1	PE1	1	PE	1	101053472	autori_scopus_preferred-name_erc.tsv	2026-09-29 19:45:25.282000	55077809800	0	PE	1546	886	1178468	876	98.87133182844244
6abc15552297e265fbeda62d	57219761993	Papini A.	Andrea	Papini	Andrea Papini	1	PE1	1	PE	1	101053472	autori_scopus_preferred-name_erc.tsv	2026-09-29 19:45:25.282000	57219761993	1	PE	1546	34	1178468	34	100.0
6abc15542297e265fbeda3c1	55338295100	Stella M.	Martina	Stella	Martina Stella	1	PE4	1	PE	1	101043272	autori_scopus_preferred-name_erc.tsv	2026-09-29 19:45:24.810000	55338295100	1	PE	1546	364	1178468	211	57.96703296703297
6abc15542297e265fbeda3c1	55338295100	Stella M.	Martina	Stella	Martina Stella	1	PE4	1	PE	1	101043272	autori_scopus_preferred-name_erc.tsv	2026-09-29 19:45:24.810000	7101770170	0	PE	1546	7973	1178468	7397	92.77561770977047
6abc15552297e265fbeda8a1	7101770170	Stella L.	Luigi	Stella	Luigi Stella	1	PE9	1	PE	1	101076343	autori_scopus_preferred-name_erc.tsv	2026-09-29 19:45:25.820000	55338295100	0	PE	1546	364	1178468	211	57.96703296703297
6abc15552297e265fbeda8a1	7101770170	Stella L.	Luigi	Stella	Luigi Stella	1	PE9	1	PE	1	101076343	autori_scopus_preferred-name_erc.tsv	2026-09-29 19:45:25.820000	7101770170	1	PE	1546	7973	1178468	7397	92.77561770977047
6abc15542297e265fbeda41b	55984908600	Sartori B.	Barbara	Sartori	Barbara Sartori	1	PE11	1	PE	1	101041229	autori_scopus_preferred-name_erc.tsv	2026-09-29 19:45:24.885000	55984908600	1	PE	1546	809	1178468	580	71.69344870210136
6abc15542297e265fbeda41b	55984908600	Sartori B.	Barbara	Sartori	Barbara Sartori	1	PE11	1	PE	1	101041229	autori_scopus_preferred-name_erc.tsv	2026-09-29 19:45:24.885000	58717862900	0	PE	1546	39	1178468	10	25.64102564102564
6abc15542297e265fbeda41b	55984908600	Sartori B.	Barbara	Sartori	Barbara Sartori	1	PE11	1	PE	1	101041229	autori_scopus_preferred-name_erc.tsv	2026-09-29 19:45:24.885000	6603820829	0	PE	1546	2590	1178468	66	2.5482625482625485
6abc15552297e265fbeda716	58717862900	Sartori P.	Paolo	Sartori	Paolo Sartori	1	PE8	1	PE	1	101069436	autori_scopus_preferred-name_erc.tsv	2026-09-29 19:45:25.487000	55984908600	0	PE	1546	809	1178468	580	71.69344870210136
6abc15552297e265fbeda716	58717862900	Sartori P.	Paolo	Sartori	Paolo Sartori	1	PE8	1	PE	1	101069436	autori_scopus_preferred-name_erc.tsv	2026-09-29 19:45:25.487000	58717862900	1	PE	1546	39	1178468	10	25.64102564102564
6abc15552297e265fbeda716	58717862900	Sartori P.	Paolo	Sartori	Paolo Sartori	1	PE8	1	PE	1	101069436	autori_scopus_preferred-name_erc.tsv	2026-09-29 19:45:25.487000	6603820829	0	PE	1546	2590	1178468	66	2.5482625482625485
6abc15552297e265fbeda7f1	6603820829	Sartori I.	Ivana	Sartori	Ivana Sartori	1	SYG-LS	1	LS	1	101071900	autori_scopus_preferred-name_erc.tsv	2026-09-29 19:45:25.681000	55984908600	0	LS	394	809	523538	115	14.215080346106305
6abc15552297e265fbeda7f1	6603820829	Sartori I.	Ivana	Sartori	Ivana Sartori	1	SYG-LS	1	LS	1	101071900	autori_scopus_preferred-name_erc.tsv	2026-09-29 19:45:25.681000	58717862900	0	LS	394	39	523538	2	5.128205128205128
6abc15552297e265fbeda7f1	6603820829	Sartori I.	Ivana	Sartori	Ivana Sartori	1	SYG-LS	1	LS	1	101071900	autori_scopus_preferred-name_erc.tsv	2026-09-29 19:45:25.681000	6603820829	1	LS	394	2590	523538	2068	79.84555984555985
6abc15542297e265fbeda436	56181497000	Capelli R.	Riccardo	Capelli	Riccardo Capelli	1	PE4	1	PE	1	101053661	autori_scopus_preferred-name_erc.tsv	2026-09-29 19:45:24.907000	56181497000	1	PE	1546	1808	1178468	1321	73.0641592920354
6abc15542297e265fbeda436	56181497000	Capelli R.	Riccardo	Capelli	Riccardo Capelli	1	PE4	1	PE	1	101053661	autori_scopus_preferred-name_erc.tsv	2026-09-29 19:45:24.907000	7004511670	0	PE	1546	1438	1178468	938	65.22948539638386
6abc15552297e265fbeda861	7004511670	Capelli R.	Raffaella	Capelli	Raffaella Capelli	1	PE7	1	PE	1	101055379	autori_scopus_preferred-name_erc.tsv	2026-09-29 19:45:25.769000	56181497000	0	PE	1546	1808	1178468	1321	73.0641592920354
6abc15552297e265fbeda861	7004511670	Capelli R.	Raffaella	Capelli	Raffaella Capelli	1	PE7	1	PE	1	101055379	autori_scopus_preferred-name_erc.tsv	2026-09-29 19:45:25.769000	7004511670	1	PE	1546	1438	1178468	938	65.22948539638386
6abc15542297e265fbeda44c	56274915100	Lombardi M.	Marco	Lombardi	Marco Lombardi	1	PE9	1	PE	1	101055318	autori_scopus_preferred-name_erc.tsv	2026-09-29 19:45:24.926000	56274915100	1	PE	1546	3100	1178468	2524	81.41935483870968
6abc15542297e265fbeda44c	56274915100	Lombardi M.	Marco	Lombardi	Marco Lombardi	1	PE9	1	PE	1	101055318	autori_scopus_preferred-name_erc.tsv	2026-09-29 19:45:24.926000	58571153400	0	PE	1546	0	1178468	0	0
6abc15552297e265fbeda703	58571153400	Lombardi G.	Giovanni	Lombardi	Giovanni Lombardi	1	PE7	1	PE	1	101077917	autori_scopus_preferred-name_erc.tsv	2026-09-29 19:45:25.469000	56274915100	0	PE	1546	3100	1178468	2524	81.41935483870968
6abc15552297e265fbeda703	58571153400	Lombardi G.	Giovanni	Lombardi	Giovanni Lombardi	1	PE7	1	PE	1	101077917	autori_scopus_preferred-name_erc.tsv	2026-09-29 19:45:25.469000	58571153400	1	PE	1546	0	1178468	0	0
6abc15542297e265fbeda458	56397823600	Caputo C.	Claudio	Caputo	C. Caputo	1	PE2	1	PE	1	101115353	autori_scopus_preferred-name_erc.tsv	2026-09-29 19:45:24.936000	56397823600	1	PE	1546	8518	1178468	8507	99.8708617046255
6abc15542297e265fbeda458	56397823600	Caputo C.	Claudio	Caputo	C. Caputo	1	PE2	1	PE	1	101115353	autori_scopus_preferred-name_erc.tsv	2026-09-29 19:45:24.936000	58476390600	0	PE	1546	486	1178468	182	37.4485596707819
6abc15542297e265fbeda458	56397823600	Caputo C.	Claudio	Caputo	C. Caputo	1	PE2	1	PE	1	101115353	autori_scopus_preferred-name_erc.tsv	2026-09-29 19:45:24.936000	7102895151	0	PE	1546	1227	1178468	834	67.97066014669927
6abc15552297e265fbeda6f5	58476390600	Caputo M.	Mariapia	Caputo	Mariapia Caputo	1	PE8	1	PE	1	101040383	autori_scopus_preferred-name_erc.tsv	2026-09-29 19:45:25.456000	56397823600	0	PE	1546	8518	1178468	8507	99.8708617046255
6abc15552297e265fbeda6f5	58476390600	Caputo M.	Mariapia	Caputo	Mariapia Caputo	1	PE8	1	PE	1	101040383	autori_scopus_preferred-name_erc.tsv	2026-09-29 19:45:25.456000	58476390600	1	PE	1546	486	1178468	182	37.4485596707819
6abc15552297e265fbeda6f5	58476390600	Caputo M.	Mariapia	Caputo	Mariapia Caputo	1	PE8	1	PE	1	101040383	autori_scopus_preferred-name_erc.tsv	2026-09-29 19:45:25.456000	7102895151	0	PE	1546	1227	1178468	834	67.97066014669927
6abc15552297e265fbeda8b1	7102895151	Caputo M.	Marco	Caputo	Marco Caputo	1	PE3	1	PE	1	101117424	autori_scopus_preferred-name_erc.tsv	2026-09-29 19:45:25.835000	56397823600	0	PE	1546	8518	1178468	8507	99.8708617046255
6abc15552297e265fbeda8b1	7102895151	Caputo M.	Marco	Caputo	Marco Caputo	1	PE3	1	PE	1	101117424	autori_scopus_preferred-name_erc.tsv	2026-09-29 19:45:25.835000	58476390600	0	PE	1546	486	1178468	182	37.4485596707819
6abc15552297e265fbeda8b1	7102895151	Caputo M.	Marco	Caputo	Marco Caputo	1	PE3	1	PE	1	101117424	autori_scopus_preferred-name_erc.tsv	2026-09-29 19:45:25.835000	7102895151	1	PE	1546	1227	1178468	834	67.97066014669927
6abc15542297e265fbeda459	56400444300	Donati G.	Greta	Donati	Greta Donati	1	PE5	1	PE	1	101039841	autori_scopus_preferred-name_erc.tsv	2026-09-29 19:45:24.937000	56400444300	1	PE	1546	1510	1178468	1068	70.72847682119206
6abc15542297e265fbeda459	56400444300	Donati G.	Greta	Donati	Greta Donati	1	PE5	1	PE	1	101039841	autori_scopus_preferred-name_erc.tsv	2026-09-29 19:45:24.937000	7003921934	0	PE	1546	3641	1178468	799	21.94452073606152
6abc15552297e265fbeda83e	7003921934	Donati C.	Claudio	Donati	Claudio Donati	1	LS8	1	LS	1	101045015	autori_scopus_preferred-name_erc.tsv	2026-09-29 19:45:25.738000	56400444300	0	LS	394	1510	523538	401	26.556291390728475
6abc15552297e265fbeda83e	7003921934	Donati C.	Claudio	Donati	Claudio Donati	1	LS8	1	LS	1	101045015	autori_scopus_preferred-name_erc.tsv	2026-09-29 19:45:25.738000	7003921934	1	LS	394	3641	523538	2010	55.20461411700083
6abc15542297e265fbeda45f	56423307400	Prato M.	Maurizio	Prato	Maurizio Prato	1	PE5	1	PE	1	101039578	autori_scopus_preferred-name_erc.tsv	2026-09-29 19:45:24.942000	56423307400	1	PE	1546	23069	1178468	10237	44.3755689453379
6abc15542297e265fbeda45f	56423307400	Prato M.	Maurizio	Prato	Maurizio Prato	1	PE5	1	PE	1	101039578	autori_scopus_preferred-name_erc.tsv	2026-09-29 19:45:24.942000	57208455894	0	PE	1546	13045	1178468	7081	54.281333844384825
6abc15542297e265fbeda45f	56423307400	Prato M.	Maurizio	Prato	Maurizio Prato	1	PE5	1	PE	1	101039578	autori_scopus_preferred-name_erc.tsv	2026-09-29 19:45:24.942000	57302838900	0	PE	1546	60	1178468	6	10.0
6abc15552297e265fbeda5a4	57208455894	Prato M.	Mirko	Prato	Mirko Prato	1	PE11	1	PE	1	101044020	autori_scopus_preferred-name_erc.tsv	2026-09-29 19:45:25.195000	56423307400	0	PE	1546	23069	1178468	10237	44.3755689453379
6abc15552297e265fbeda5a4	57208455894	Prato M.	Mirko	Prato	Mirko Prato	1	PE11	1	PE	1	101044020	autori_scopus_preferred-name_erc.tsv	2026-09-29 19:45:25.195000	57208455894	1	PE	1546	13045	1178468	7081	54.281333844384825
6abc15552297e265fbeda5a4	57208455894	Prato M.	Mirko	Prato	Mirko Prato	1	PE11	1	PE	1	101044020	autori_scopus_preferred-name_erc.tsv	2026-09-29 19:45:25.195000	57302838900	0	PE	1546	60	1178468	6	10.0
6abc15552297e265fbeda683	57302838900	Prato O.	Ornella	Prato	Ornella Prato	1	SH6	1	SH	2	101055195 - 101071707	autori_scopus_preferred-name_erc.tsv	2026-09-29 19:45:25.354000	56423307400	0	SH	189	23069	194212	257	1.1140491568771944
6abc15552297e265fbeda683	57302838900	Prato O.	Ornella	Prato	Ornella Prato	1	SH6	1	SH	2	101055195 - 101071707	autori_scopus_preferred-name_erc.tsv	2026-09-29 19:45:25.354000	57208455894	0	SH	189	13045	194212	453	3.472594863932541
6abc15552297e265fbeda683	57302838900	Prato O.	Ornella	Prato	Ornella Prato	1	SH6	1	SH	2	101055195 - 101071707	autori_scopus_preferred-name_erc.tsv	2026-09-29 19:45:25.354000	57302838900	1	SH	189	60	194212	60	100.0
6abc15542297e265fbeda47a	56670371400	Fumagalli I.	Ivan	Fumagalli	Ivan Fumagalli	1	SYG-PE	1	PE	1	101115663	autori_scopus_preferred-name_erc.tsv	2026-09-29 19:45:24.964000	56670371400	1	PE	1546	616	1178468	524	85.06493506493507
6abc15542297e265fbeda47a	56670371400	Fumagalli I.	Ivan	Fumagalli	Ivan Fumagalli	1	SYG-PE	1	PE	1	101115663	autori_scopus_preferred-name_erc.tsv	2026-09-29 19:45:24.964000	7005453483	0	PE	1546	1744	1178468	280	16.055045871559635
6abc15552297e265fbeda87b	7005453483	Fumagalli S.	Stefano	Fumagalli	Stefano Fumagalli	1	LS6	1	LS	1	101054805	autori_scopus_preferred-name_erc.tsv	2026-09-29 19:45:25.789000	56670371400	0	LS	394	616	523538	25	4.058441558441558
6abc15552297e265fbeda87b	7005453483	Fumagalli S.	Stefano	Fumagalli	Stefano Fumagalli	1	LS6	1	LS	1	101054805	autori_scopus_preferred-name_erc.tsv	2026-09-29 19:45:25.789000	7005453483	1	LS	394	1744	523538	563	32.28211009174312
6abc15542297e265fbeda486	56830260800	Rosso F.	Federica	Rosso	Federica Rosso	1	PE8	1	PE	1	101041255	autori_scopus_preferred-name_erc.tsv	2026-09-29 19:45:24.974000	56830260800	1	PE	1546	2038	1178468	916	44.94602551521099
6abc15542297e265fbeda486	56830260800	Rosso F.	Federica	Rosso	Federica Rosso	1	PE8	1	PE	1	101041255	autori_scopus_preferred-name_erc.tsv	2026-09-29 19:45:24.974000	57207774702	0	PE	1546	877	1178468	499	56.89851767388826
6abc15552297e265fbeda596	57207774702	Rosso C.	Cristian	Rosso	Cristian Rosso	1	PE5	1	PE	1	101040025	autori_scopus_preferred-name_erc.tsv	2026-09-29 19:45:25.182000	56830260800	0	PE	1546	2038	1178468	916	44.94602551521099
6abc15552297e265fbeda596	57207774702	Rosso C.	Cristian	Rosso	Cristian Rosso	1	PE5	1	PE	1	101040025	autori_scopus_preferred-name_erc.tsv	2026-09-29 19:45:25.182000	57207774702	1	PE	1546	877	1178468	499	56.89851767388826
6abc15542297e265fbeda495	56956669800	Zanella G.	Giacomo	Zanella	Giacomo Zanella	1	PE1	1	PE	1	101076564	autori_scopus_preferred-name_erc.tsv	2026-09-29 19:45:24.987000	56956669800	1	PE	1546	426	1178468	74	17.370892018779344
6abc15542297e265fbeda495	56956669800	Zanella G.	Giacomo	Zanella	Giacomo Zanella	1	PE1	1	PE	1	101076564	autori_scopus_preferred-name_erc.tsv	2026-09-29 19:45:24.987000	57201412747	0	PE	1546	2178	1178468	265	12.167125803489439
6abc15552297e265fbeda543	57201412747	Zanella A.	Alberto	Zanella	Alberto, Zanella	1	PE7	1	PE	1	101078411	autori_scopus_preferred-name_erc.tsv	2026-09-29 19:45:25.110000	56956669800	0	PE	1546	426	1178468	74	17.370892018779344
6abc15552297e265fbeda543	57201412747	Zanella A.	Alberto	Zanella	Alberto, Zanella	1	PE7	1	PE	1	101078411	autori_scopus_preferred-name_erc.tsv	2026-09-29 19:45:25.110000	57201412747	1	PE	1546	2178	1178468	265	12.167125803489439
6abc15542297e265fbeda49f	57070087300	Distefano N.	Natalia	Distefano	Natalia Distefano	1	SH7	1	SH	1	101039222	autori_scopus_preferred-name_erc.tsv	2026-09-29 19:45:24.995000	57070087300	1	SH	189	978	194212	32	3.2719836400818
6abc15542297e265fbeda49f	57070087300	Distefano N.	Natalia	Distefano	Natalia Distefano	1	SH7	1	SH	1	101039222	autori_scopus_preferred-name_erc.tsv	2026-09-29 19:45:24.995000	9433557800	0	SH	189	3399	194212	27	0.7943512797881729
6abc15552297e265fbeda8f4	9433557800	Distefano C.	Carla	Distefano	C. Distefano	1	PE9	1	PE	1	101076343	autori_scopus_preferred-name_erc.tsv	2026-09-29 19:45:25.884000	57070087300	0	PE	1546	978	1178468	9	0.9202453987730062
6abc15552297e265fbeda8f4	9433557800	Distefano C.	Carla	Distefano	C. Distefano	1	PE9	1	PE	1	101076343	autori_scopus_preferred-name_erc.tsv	2026-09-29 19:45:25.884000	9433557800	1	PE	1546	3399	1178468	3307	97.29332156516622
6abc15542297e265fbeda4a2	57114750700	Riccardi E.	Elisa	Riccardi	Elisa Riccardi	1	PE7	1	PE	1	101081567	autori_scopus_preferred-name_erc.tsv	2026-09-29 19:45:24.998000	57114750700	1	PE	1546	350	1178468	350	100.0
6abc15542297e265fbeda4a2	57114750700	Riccardi E.	Elisa	Riccardi	Elisa Riccardi	1	PE7	1	PE	1	101081567	autori_scopus_preferred-name_erc.tsv	2026-09-29 19:45:24.998000	57807559600	0	PE	1546	47	1178468	25	53.191489361702125
6abc15552297e265fbeda6bb	57807559600	Riccardi B.	Brian	Riccardi	Brian Riccardi	1	PE6	1	PE	1	101039208	autori_scopus_preferred-name_erc.tsv	2026-09-29 19:45:25.403000	57114750700	0	PE	1546	350	1178468	350	100.0
6abc15552297e265fbeda6bb	57807559600	Riccardi B.	Brian	Riccardi	Brian Riccardi	1	PE6	1	PE	1	101039208	autori_scopus_preferred-name_erc.tsv	2026-09-29 19:45:25.403000	57807559600	1	PE	1546	47	1178468	25	53.191489361702125
6abc15552297e265fbeda4db	57192318084	Corrias M.	Maria Valeria	Corrias	Maria Valeria Corrias	1	LS8	1	LS	1	101045015	autori_scopus_preferred-name_erc.tsv	2026-09-29 19:45:25.037000	57192318084	1	LS	394	2677	523538	2021	75.49495704146433
6abc15552297e265fbeda4db	57192318084	Corrias M.	Maria Valeria	Corrias	Maria Valeria Corrias	1	LS8	1	LS	1	101045015	autori_scopus_preferred-name_erc.tsv	2026-09-29 19:45:25.037000	57222762966	0	LS	394	216	523538	5	2.314814814814815
6abc15552297e265fbeda658	57222762966	Corrias N.	Nicola	Corrias	Nicola Corrias	1	PE7	1	PE	1	101077917	autori_scopus_preferred-name_erc.tsv	2026-09-29 19:45:25.319000	57192318084	0	PE	1546	2677	1178468	300	11.206574523720583
6abc15552297e265fbeda658	57222762966	Corrias N.	Nicola	Corrias	Nicola Corrias	1	PE7	1	PE	1	101077917	autori_scopus_preferred-name_erc.tsv	2026-09-29 19:45:25.319000	57222762966	1	PE	1546	216	1178468	137	63.42592592592593
6abc15552297e265fbeda4f3	57193613731	de Simone M.	Marta	de Simone	M. De Simone	1	PE9	1	PE	1	101098309	autori_scopus_preferred-name_erc.tsv	2026-09-29 19:45:25.056000	57193613731	1	PE	1546	1186	1178468	1166	98.31365935919055
6abc15552297e265fbeda4f3	57193613731	de Simone M.	Marta	de Simone	M. De Simone	1	PE9	1	PE	1	101098309	autori_scopus_preferred-name_erc.tsv	2026-09-29 19:45:25.056000	57435288800	0	PE	1546	3659	1178468	3573	97.64963104673407
6abc15552297e265fbeda697	57435288800	de Simone M.	Monica	de Simone	Monica de Simone	1	PE4	1	PE	1	101095012	autori_scopus_preferred-name_erc.tsv	2026-09-29 19:45:25.370000	57193613731	0	PE	1546	1186	1178468	1166	98.31365935919055
6abc15552297e265fbeda697	57435288800	de Simone M.	Monica	de Simone	Monica de Simone	1	PE4	1	PE	1	101095012	autori_scopus_preferred-name_erc.tsv	2026-09-29 19:45:25.370000	57435288800	1	PE	1546	3659	1178468	3573	97.64963104673407
6abc15552297e265fbeda512	57195475054	Del Vecchio A.	Alessandro D.	Del Vecchio	Alessandro Del Vecchio	1	PE7	1	PE	1	101118089	autori_scopus_preferred-name_erc.tsv	2026-09-29 19:45:25.079000	57195475054	1	PE	1546	820	1178468	771	94.02439024390243
6abc15552297e265fbeda512	57195475054	Del Vecchio A.	Alessandro D.	Del Vecchio	Alessandro Del Vecchio	1	PE7	1	PE	1	101118089	autori_scopus_preferred-name_erc.tsv	2026-09-29 19:45:25.079000	57213093829	0	PE	1546	1394	1178468	54	3.873744619799139
6abc15552297e265fbeda5d8	57213093829	Del Vecchio M.	Maria	Del Vecchio	Maria Del Vecchio	1	SYG-LS	1	LS	1	101071900	autori_scopus_preferred-name_erc.tsv	2026-09-29 19:45:25.234000	57195475054	0	LS	394	820	523538	45	5.487804878048781
6abc15552297e265fbeda5d8	57213093829	Del Vecchio M.	Maria	Del Vecchio	Maria Del Vecchio	1	SYG-LS	1	LS	1	101071900	autori_scopus_preferred-name_erc.tsv	2026-09-29 19:45:25.234000	57213093829	1	LS	394	1394	523538	1323	94.90674318507891
6abc15552297e265fbeda524	57198798056	Sun P.	Peihao	Sun	Peihao Sun	1	PE3	1	PE	1	101053167	autori_scopus_preferred-name_erc.tsv	2026-09-29 19:45:25.094000	57198798056	1	PE	1546	181	1178468	126	69.61325966850829
6abc15552297e265fbeda524	57198798056	Sun P.	Peihao	Sun	Peihao Sun	1	PE3	1	PE	1	101053167	autori_scopus_preferred-name_erc.tsv	2026-09-29 19:45:25.094000	57212083420	0	PE	1546	557	1178468	519	93.17773788150808
6abc15552297e265fbeda5cc	57212083420	Sun Y.	Yifan	Sun	Y. Sun	1	PE7	1	PE	1	101081871	autori_scopus_preferred-name_erc.tsv	2026-09-29 19:45:25.226000	57198798056	0	PE	1546	181	1178468	126	69.61325966850829
6abc15552297e265fbeda5cc	57212083420	Sun Y.	Yifan	Sun	Y. Sun	1	PE7	1	PE	1	101081871	autori_scopus_preferred-name_erc.tsv	2026-09-29 19:45:25.226000	57212083420	1	PE	1546	557	1178468	519	93.17773788150808
6abc15552297e265fbeda59e	57208220408	Rossi B.	Barbara	Rossi	Barbara Rossi	1	LS6	1	LS	1	101069397	autori_scopus_preferred-name_erc.tsv	2026-09-29 19:45:25.189000	57208220408	1	LS	394	2371	523538	2304	97.17418810628426
6abc15552297e265fbeda59e	57208220408	Rossi B.	Barbara	Rossi	Barbara Rossi	1	LS6	1	LS	1	101069397	autori_scopus_preferred-name_erc.tsv	2026-09-29 19:45:25.189000	57225778410	0	LS	394	60	523538	2	3.3333333333333335
6abc15552297e265fbeda59e	57208220408	Rossi B.	Barbara	Rossi	Barbara Rossi	1	LS6	1	LS	1	101069397	autori_scopus_preferred-name_erc.tsv	2026-09-29 19:45:25.189000	59212806900	0	LS	394	0	523538	0	0
6abc15552297e265fbeda66e	57225778410	Rossi M.	Marco	Rossi	Marco Rossi	1	PE8	1	PE	1	101052956	autori_scopus_preferred-name_erc.tsv	2026-09-29 19:45:25.338000	57208220408	0	PE	1546	2371	1178468	258	10.881484605651623
6abc15552297e265fbeda66e	57225778410	Rossi M.	Marco	Rossi	Marco Rossi	1	PE8	1	PE	1	101052956	autori_scopus_preferred-name_erc.tsv	2026-09-29 19:45:25.338000	57225778410	1	PE	1546	60	1178468	46	76.66666666666667
6abc15552297e265fbeda66e	57225778410	Rossi M.	Marco	Rossi	Marco Rossi	1	PE8	1	PE	1	101052956	autori_scopus_preferred-name_erc.tsv	2026-09-29 19:45:25.338000	59212806900	0	PE	1546	0	1178468	0	0
6abc15552297e265fbeda750	59212806900	Rossi G.	Greta	Rossi	Greta Rossi	1	PE5	1	PE	1	101077698	autori_scopus_preferred-name_erc.tsv	2026-09-29 19:45:25.536000	57208220408	0	PE	1546	2371	1178468	258	10.881484605651623
6abc15552297e265fbeda750	59212806900	Rossi G.	Greta	Rossi	Greta Rossi	1	PE5	1	PE	1	101077698	autori_scopus_preferred-name_erc.tsv	2026-09-29 19:45:25.536000	57225778410	0	PE	1546	60	1178468	46	76.66666666666667
6abc15552297e265fbeda750	59212806900	Rossi G.	Greta	Rossi	Greta Rossi	1	PE5	1	PE	1	101077698	autori_scopus_preferred-name_erc.tsv	2026-09-29 19:45:25.536000	59212806900	1	PE	1546	0	1178468	0	0
6abc15552297e265fbeda5a0	57208295241	Leonardi S.	Salvatore	Leonardi	Salvatore Leonardi	1	SH7	1	SH	1	101039222	autori_scopus_preferred-name_erc.tsv	2026-09-29 19:45:25.191000	57208295241	1	SH	189	978	194212	32	3.2719836400818
6abc15552297e265fbeda5a0	57208295241	Leonardi S.	Salvatore	Leonardi	Salvatore Leonardi	1	SH7	1	SH	1	101039222	autori_scopus_preferred-name_erc.tsv	2026-09-29 19:45:25.191000	58488163200	0	SH	189	142	194212	2	1.4084507042253522
6abc15552297e265fbeda6f6	58488163200	Leonardi P.	Pietro	Leonardi	P. Leonardi	1	PE9	1	PE	1	101052347	autori_scopus_preferred-name_erc.tsv	2026-09-29 19:45:25.457000	57208295241	0	PE	1546	978	1178468	9	0.9202453987730062
6abc15552297e265fbeda6f6	58488163200	Leonardi P.	Pietro	Leonardi	P. Leonardi	1	PE9	1	PE	1	101052347	autori_scopus_preferred-name_erc.tsv	2026-09-29 19:45:25.457000	58488163200	1	PE	1546	142	1178468	125	88.02816901408451
6abc15552297e265fbeda5c3	57211559733	Angelini G.	Gabriele	Angelini	Gabriele Angelini	1	LS6	1	LS	1	101069397	autori_scopus_preferred-name_erc.tsv	2026-09-29 19:45:25.220000	57211559733	1	LS	394	469	523538	469	100.0
6abc15552297e265fbeda5c3	57211559733	Angelini G.	Gabriele	Angelini	Gabriele Angelini	1	LS6	1	LS	1	101069397	autori_scopus_preferred-name_erc.tsv	2026-09-29 19:45:25.220000	7006878358	0	LS	394	1218	523538	50	4.105090311986864
6abc15552297e265fbeda897	7006878358	Angelini R.	Roberta	Angelini	Roberta Angelini	1	PE3	1	PE	1	101066434	autori_scopus_preferred-name_erc.tsv	2026-09-29 19:45:25.812000	57211559733	0	PE	1546	469	1178468	42	8.955223880597014
6abc15552297e265fbeda897	7006878358	Angelini R.	Roberta	Angelini	Roberta Angelini	1	PE3	1	PE	1	101066434	autori_scopus_preferred-name_erc.tsv	2026-09-29 19:45:25.812000	7006878358	1	PE	1546	1218	1178468	993	81.5270935960591
6abc15552297e265fbeda5c9	57211902060	Marini G.	Giovanni	Marini	Giovanni Marini	1	PE4	1	PE	1	101052708	autori_scopus_preferred-name_erc.tsv	2026-09-29 19:45:25.223000	57211902060	1	PE	1546	655	1178468	494	75.41984732824427
6abc15552297e265fbeda5c9	57211902060	Marini G.	Giovanni	Marini	Giovanni Marini	1	PE4	1	PE	1	101052708	autori_scopus_preferred-name_erc.tsv	2026-09-29 19:45:25.223000	57219792324	0	PE	1546	153	1178468	140	91.50326797385621
6abc15552297e265fbeda630	57219792324	Marini I.	I.	Marini	I. Marini	1	PE9	1	PE	1	101045437	autori_scopus_preferred-name_erc.tsv	2026-09-29 19:45:25.284000	57211902060	0	PE	1546	655	1178468	494	75.41984732824427
6abc15552297e265fbeda630	57219792324	Marini I.	I.	Marini	I. Marini	1	PE9	1	PE	1	101045437	autori_scopus_preferred-name_erc.tsv	2026-09-29 19:45:25.284000	57219792324	1	PE	1546	153	1178468	140	91.50326797385621
6abc15552297e265fbeda5ed	57216393463	De Luca G.	Giuseppe	De Luca	Giuseppe De Luca	1	LS1	1	LS	1	101040138	autori_scopus_preferred-name_erc.tsv	2026-09-29 19:45:25.246000	57216393463	1	LS	394	126	523538	126	100.0
6abc15552297e265fbeda5ed	57216393463	De Luca G.	Giuseppe	De Luca	Giuseppe De Luca	1	LS1	1	LS	1	101040138	autori_scopus_preferred-name_erc.tsv	2026-09-29 19:45:25.246000	57222390136	0	LS	394	766	523538	17	2.219321148825065
6abc15552297e265fbeda654	57222390136	de Luca C.	Claudia	de Luca	Claudia De Luca	1	SH4	1	SH	1	101042625	autori_scopus_preferred-name_erc.tsv	2026-09-29 19:45:25.317000	57216393463	0	SH	189	126	194212	2	1.5873015873015872
6abc15552297e265fbeda654	57222390136	de Luca C.	Claudia	de Luca	Claudia De Luca	1	SH4	1	SH	1	101042625	autori_scopus_preferred-name_erc.tsv	2026-09-29 19:45:25.317000	57222390136	1	SH	189	766	194212	499	65.14360313315926
6abc15552297e265fbeda61b	57219456152	Perrone M.	Mattia	Perrone	Mattia Perrone	1	PE4	1	PE	1	101053661	autori_scopus_preferred-name_erc.tsv	2026-09-29 19:45:25.266000	57219456152	1	PE	1546	202	1178468	202	100.0
6abc15552297e265fbeda61b	57219456152	Perrone M.	Mattia	Perrone	Mattia Perrone	1	PE4	1	PE	1	101053661	autori_scopus_preferred-name_erc.tsv	2026-09-29 19:45:25.266000	57449060900	0	PE	1546	445	1178468	19	4.269662921348314
6abc15552297e265fbeda699	57449060900	Perrone M.	Michela	Perrone	Michela Perrone	1	LS4	1	LS	1	101045285	autori_scopus_preferred-name_erc.tsv	2026-09-29 19:45:25.372000	57219456152	0	LS	394	202	523538	35	17.326732673267326
6abc15552297e265fbeda699	57449060900	Perrone M.	Michela	Perrone	Michela Perrone	1	LS4	1	LS	1	101045285	autori_scopus_preferred-name_erc.tsv	2026-09-29 19:45:25.372000	57449060900	1	LS	394	445	523538	102	22.92134831460674
6abc15552297e265fbeda64f	57222110808	Franco S.	Silvia	Franco	Silvia Franco	1	PE3	1	PE	1	101066434	autori_scopus_preferred-name_erc.tsv	2026-09-29 19:45:25.312000	57222110808	1	PE	1546	524	1178468	506	96.56488549618321
6abc15552297e265fbeda64f	57222110808	Franco S.	Silvia	Franco	Silvia Franco	1	PE3	1	PE	1	101066434	autori_scopus_preferred-name_erc.tsv	2026-09-29 19:45:25.312000	8719813200	0	PE	1546	816	1178468	559	68.50490196078431
6abc15552297e265fbeda8e6	8719813200	Franco E.	Elisa	Franco	Elisa Franco	1	PE7	1	PE	1	101076926	autori_scopus_preferred-name_erc.tsv	2026-09-29 19:45:25.873000	57222110808	0	PE	1546	524	1178468	506	96.56488549618321
6abc15552297e265fbeda8e6	8719813200	Franco E.	Elisa	Franco	Elisa Franco	1	PE7	1	PE	1	101076926	autori_scopus_preferred-name_erc.tsv	2026-09-29 19:45:25.873000	8719813200	1	PE	1546	816	1178468	559	68.50490196078431
6abc15552297e265fbeda657	57222632363	Giovanelli J.	Joseph	Giovanelli	Joseph Giovanelli	1	PE6	1	PE	1	101041029	autori_scopus_preferred-name_erc.tsv	2026-09-29 19:45:25.319000	57222632363	1	PE	1546	138	1178468	19	13.768115942028986
6abc15552297e265fbeda657	57222632363	Giovanelli J.	Joseph	Giovanelli	Joseph Giovanelli	1	PE6	1	PE	1	101041029	autori_scopus_preferred-name_erc.tsv	2026-09-29 19:45:25.319000	59343058600	0	PE	1546	0	1178468	0	0
6abc15552297e265fbeda769	59343058600	Giovanelli G.	Giulia	Giovanelli	Giulia Giovanelli	1	PE7	1	PE	1	101055379	autori_scopus_preferred-name_erc.tsv	2026-09-29 19:45:25.558000	57222632363	0	PE	1546	138	1178468	19	13.768115942028986
6abc15552297e265fbeda769	59343058600	Giovanelli G.	Giulia	Giovanelli	Giulia Giovanelli	1	PE7	1	PE	1	101055379	autori_scopus_preferred-name_erc.tsv	2026-09-29 19:45:25.558000	59343058600	1	PE	1546	0	1178468	0	0
6abc15552297e265fbeda69c	57462792400	Pastore F.	Francesco	Pastore	Francesco Pastore	1	LS5	1	LS	1	101078163	autori_scopus_preferred-name_erc.tsv	2026-09-29 19:45:25.375000	57462792400	1	LS	394	392	523538	341	86.98979591836735
6abc15552297e265fbeda69c	57462792400	Pastore F.	Francesco	Pastore	Francesco Pastore	1	LS5	1	LS	1	101078163	autori_scopus_preferred-name_erc.tsv	2026-09-29 19:45:25.375000	7101941822	0	LS	394	4119	523538	2062	50.0606943432872
6abc15552297e265fbeda8a4	7101941822	Pastore A.	Annalisa	Pastore	Annalisa Pastore	1	LS1	1	LS	1	101040138	autori_scopus_preferred-name_erc.tsv	2026-09-29 19:45:25.823000	57462792400	0	LS	394	392	523538	341	86.98979591836735
6abc15552297e265fbeda8a4	7101941822	Pastore A.	Annalisa	Pastore	Annalisa Pastore	1	LS1	1	LS	1	101040138	autori_scopus_preferred-name_erc.tsv	2026-09-29 19:45:25.823000	7101941822	1	LS	394	4119	523538	2062	50.0606943432872
6abc15552297e265fbeda6bf	57844180000	Vicentini F.	Francesco	Vicentini	Francesco Vicentini	1	PE5	1	PE	1	101039578	autori_scopus_preferred-name_erc.tsv	2026-09-29 19:45:25.407000	57844180000	1	PE	1546	124	1178468	80	64.51612903225806
6abc15552297e265fbeda6bf	57844180000	Vicentini F.	Francesco	Vicentini	Francesco Vicentini	1	PE5	1	PE	1	101039578	autori_scopus_preferred-name_erc.tsv	2026-09-29 19:45:25.407000	58736473300	0	PE	1546	0	1178468	0	0
6abc15552297e265fbeda71b	58736473300	Vicentini D.	Daniela	Vicentini	Daniela Vicentini	1	LS8	1	LS	1	101045015	autori_scopus_preferred-name_erc.tsv	2026-09-29 19:45:25.491000	57844180000	0	LS	394	124	523538	6	4.838709677419355
6abc15552297e265fbeda71b	58736473300	Vicentini D.	Daniela	Vicentini	Daniela Vicentini	1	LS8	1	LS	1	101045015	autori_scopus_preferred-name_erc.tsv	2026-09-29 19:45:25.491000	58736473300	1	LS	394	0	523538	0	0
6abc15552297e265fbeda783	6506468475	Mannucci B.	Barbara	Mannucci	Barbara Mannucci	1	LS1	1	LS	1	101094471	autori_scopus_preferred-name_erc.tsv	2026-09-29 19:45:25.582000	6506468475	1	LS	394	1678	523538	173	10.30989272943981
6abc15552297e265fbeda783	6506468475	Mannucci B.	Barbara	Mannucci	Barbara Mannucci	1	LS1	1	LS	1	101094471	autori_scopus_preferred-name_erc.tsv	2026-09-29 19:45:25.582000	6701685211	0	LS	394	9253	523538	23	0.248568031989625
6abc15552297e265fbeda80c	6701685211	Mannucci F.	Filippo	Mannucci	F. Mannucci	1	PE9	1	PE	1	101040751	autori_scopus_preferred-name_erc.tsv	2026-09-29 19:45:25.698000	6506468475	0	PE	1546	1678	1178468	187	11.144219308700833
6abc15552297e265fbeda80c	6701685211	Mannucci F.	Filippo	Mannucci	F. Mannucci	1	PE9	1	PE	1	101040751	autori_scopus_preferred-name_erc.tsv	2026-09-29 19:45:25.698000	6701685211	1	PE	1546	9253	1178468	8832	95.45012428401598
6abc15552297e265fbeda7fa	6604013253	Busonero F.	Fabio	Busonero	Fabio Busonero	1	LS8	1	LS	2	101045015 - 101060218	autori_scopus_preferred-name_erc.tsv	2026-09-29 19:45:25.689000	6604013253	1	LS	394	1783	523538	1299	72.85473920358946
6abc15552297e265fbeda7fa	6604013253	Busonero F.	Fabio	Busonero	Fabio Busonero	1	LS8	1	LS	2	101045015 - 101060218	autori_scopus_preferred-name_erc.tsv	2026-09-29 19:45:25.689000	8657599600	0	LS	394	2158	523538	42	1.9462465245597778
6abc15552297e265fbeda8e4	8657599600	Busonero D.	D.	Busonero	D. Busonero	1	PE9	1	PE	1	101055318	autori_scopus_preferred-name_erc.tsv	2026-09-29 19:45:25.872000	6604013253	0	PE	1546	1783	1178468	187	10.487941671340439
6abc15552297e265fbeda8e4	8657599600	Busonero D.	D.	Busonero	D. Busonero	1	PE9	1	PE	1	101055318	autori_scopus_preferred-name_erc.tsv	2026-09-29 19:45:25.872000	8657599600	1	PE	1546	2158	1178468	1958	90.7321594068582
6abc15552297e265fbeda800	6701404489	Menna E.	Enzo	Menna	Enzo Menna	1	PE11	1	PE	1	101041229	autori_scopus_preferred-name_erc.tsv	2026-09-29 19:45:25.691000	6701404489	1	PE	1546	3065	1178468	2059	67.17781402936379
6abc15552297e265fbeda800	6701404489	Menna E.	Enzo	Menna	Enzo Menna	1	PE11	1	PE	1	101041229	autori_scopus_preferred-name_erc.tsv	2026-09-29 19:45:25.691000	6701404490	0	PE	1546	2207	1178468	170	7.702763932940643
6abc15552297e265fbeda801	6701404490	Menna E.	Elisabetta	Menna	Elisabetta Menna	1	LS4	1	LS	1	101055323	autori_scopus_preferred-name_erc.tsv	2026-09-29 19:45:25.692000	6701404489	0	LS	394	3065	523538	283	9.233278955954322
6abc15552297e265fbeda801	6701404490	Menna E.	Elisabetta	Menna	Elisabetta Menna	1	LS4	1	LS	1	101055323	autori_scopus_preferred-name_erc.tsv	2026-09-29 19:45:25.692000	6701404490	1	LS	394	2207	523538	1472	66.69687358405075
