_id	scopus_author_id	indexed_name	given_name	surname	name_in_project_dataset	n_panels	panels	n_domains	domains	n_projects	projects	source_file	imported_at	auid	match	unit	n_people_unit	n_references_author	n_references_unit	n_overlap	percentage
6abc03bb2297e265fbed8caf	25723154100	Gandolfi D.	Davide	Gandolfi	Davide Gandolfi	1	PE9	1	PE	1	101052347	autori_scopus_preferred-name_erc.tsv	2026-09-29 18:30:19.748000	25723154100	1	PE9	519	4745	151153	4745	100.0
6abc03bb2297e265fbed8caf	25723154100	Gandolfi D.	Davide	Gandolfi	Davide Gandolfi	1	PE9	1	PE	1	101052347	autori_scopus_preferred-name_erc.tsv	2026-09-29 18:30:19.748000	57220063229	0	PE9	519	252	151153	9	3.571428571428571
6abc03bc2297e265fbed8eea	57220063229	Gandolfi M.	Michele	Gandolfi	Michele Gandolfi	1	PE4	1	PE	1	101081361	autori_scopus_preferred-name_erc.tsv	2026-09-29 18:30:20.257000	25723154100	0	PE4	118	4745	55310	45	0.9483667017913594
6abc03bc2297e265fbed8eea	57220063229	Gandolfi M.	Michele	Gandolfi	Michele Gandolfi	1	PE4	1	PE	1	101081361	autori_scopus_preferred-name_erc.tsv	2026-09-29 18:30:20.257000	57220063229	1	PE4	118	252	55310	252	100.0
6abc03bb2297e265fbed8cb1	55951218500	Davies M.	Melvyn B.	Davies	Melvyn B. Davies	1	PE9	1	PE	1	101052347	autori_scopus_preferred-name_erc.tsv	2026-09-29 18:30:19.750000	55951218500	1	PE9	519	4506	151153	4485	99.53395472703063
6abc03bb2297e265fbed8cb1	55951218500	Davies M.	Melvyn B.	Davies	Melvyn B. Davies	1	PE9	1	PE	1	101052347	autori_scopus_preferred-name_erc.tsv	2026-09-29 18:30:19.750000	56911604400	0	PE9	519	803	151153	22	2.73972602739726
6abc03bc2297e265fbed9197	56911604400	Davies A.	Alexander Giles	Davies	A Giles Davies	1	PE7	1	PE	1	101081567	autori_scopus_preferred-name_erc.tsv	2026-09-29 18:30:20.746000	55951218500	0	PE7	123	4506	36114	7	0.1553484243231247
6abc03bc2297e265fbed9197	56911604400	Davies A.	Alexander Giles	Davies	A Giles Davies	1	PE7	1	PE	1	101081567	autori_scopus_preferred-name_erc.tsv	2026-09-29 18:30:20.746000	56911604400	1	PE7	123	803	36114	803	100.0
6abc03bb2297e265fbed8cc0	56521280600	Bonfanti A.	Andrea	Bonfanti	Andrea Bonfanti	1	PE9	1	PE	1	101052347	autori_scopus_preferred-name_erc.tsv	2026-09-29 18:30:19.763000	56521280600	1	PE9	519	1975	151153	1975	100.0
6abc03bb2297e265fbed8cc0	56521280600	Bonfanti A.	Andrea	Bonfanti	Andrea Bonfanti	1	PE9	1	PE	1	101052347	autori_scopus_preferred-name_erc.tsv	2026-09-29 18:30:19.763000	55367411500	0	PE9	519	293	151153	2	0.6825938566552902
6abc03bc2297e265fbed90d1	55367411500	Bonfanti A.	Andrea Giovanni	Bonfanti	A. Bonfanti	1	PE7	1	PE	1	101054098	autori_scopus_preferred-name_erc.tsv	2026-09-29 18:30:20.643000	56521280600	0	PE7	123	1975	36114	7	0.35443037974683544
6abc03bc2297e265fbed90d1	55367411500	Bonfanti A.	Andrea Giovanni	Bonfanti	A. Bonfanti	1	PE7	1	PE	1	101054098	autori_scopus_preferred-name_erc.tsv	2026-09-29 18:30:20.643000	55367411500	1	PE7	123	293	36114	67	22.866894197952217
6abc03bb2297e265fbed8cc5	57202863096	Facchini S.	Stefano	Facchini	Stefano Facchini	1	PE9	1	PE	3	101076613 - 101039651 - 101104656	autori_scopus_preferred-name_erc.tsv	2026-09-29 18:30:19.769000	57202863096	1	PE9	519	2507	151153	2414	96.29038691663342
6abc03bb2297e265fbed8cc5	57202863096	Facchini S.	Stefano	Facchini	Stefano Facchini	1	PE9	1	PE	3	101076613 - 101039651 - 101104656	autori_scopus_preferred-name_erc.tsv	2026-09-29 18:30:19.769000	47661058900	0	PE9	519	599	151153	3	0.5008347245409015
6abc03bc2297e265fbed9095	47661058900	Facchini S.	Silvia	Facchini	Silvia Facchini	1	SYG-LS	1	LS	1	101071900	autori_scopus_preferred-name_erc.tsv	2026-09-29 18:30:20.593000	57202863096	0	SYG-LS	47	2507	27374	5	0.1994415636218588
6abc03bc2297e265fbed9095	47661058900	Facchini S.	Silvia	Facchini	Silvia Facchini	1	SYG-LS	1	LS	1	101071900	autori_scopus_preferred-name_erc.tsv	2026-09-29 18:30:20.593000	47661058900	1	SYG-LS	47	599	27374	599	100.0
6abc03bb2297e265fbed8cce	52663445700	Di Lorenzo F.	Flaviana	Di Lorenzo	Flaviana Di Lorenzo	1	PE5	1	PE	1	101039841	autori_scopus_preferred-name_erc.tsv	2026-09-29 18:30:19.777000	52663445700	1	PE5	116	1474	47818	1435	97.35413839891451
6abc03bb2297e265fbed8cce	52663445700	Di Lorenzo F.	Flaviana	Di Lorenzo	Flaviana Di Lorenzo	1	PE5	1	PE	1	101039841	autori_scopus_preferred-name_erc.tsv	2026-09-29 18:30:19.777000	57194904117	0	PE5	116	320	47818	10	3.125
6abc03bc2297e265fbed9210	57194904117	Di Lorenzo G.	Giorgia	Di Lorenzo	Giorgia Di Lorenzo	1	LS4	1	LS	1	101045285	autori_scopus_preferred-name_erc.tsv	2026-09-29 18:30:20.789000	52663445700	0	LS4	61	1474	38578	26	1.7639077340569878
6abc03bc2297e265fbed9210	57194904117	Di Lorenzo G.	Giorgia	Di Lorenzo	Giorgia Di Lorenzo	1	LS4	1	LS	1	101045285	autori_scopus_preferred-name_erc.tsv	2026-09-29 18:30:20.789000	57194904117	1	LS4	61	320	38578	234	73.125
6abc03bb2297e265fbed8ccf	57213546755	Szabó M.	M. Gy	Szabó	G. M. Szabó	1	PE9	1	PE	1	101052347	autori_scopus_preferred-name_erc.tsv	2026-09-29 18:30:19.778000	57213546755	1	PE9	519	2199	151153	2199	100.0
6abc03bb2297e265fbed8ccf	57213546755	Szabó M.	M. Gy	Szabó	G. M. Szabó	1	PE9	1	PE	1	101052347	autori_scopus_preferred-name_erc.tsv	2026-09-29 18:30:19.778000	44761456100	0	PE9	519	308	151153	15	4.870129870129871
6abc03bb2297e265fbed8d3f	44761456100	Szabó B.	Botond T.	Szabó	Botond Szabó	1	PE1	1	PE	1	101041064	autori_scopus_preferred-name_erc.tsv	2026-09-29 18:30:19.878000	57213546755	0	PE1	23	2199	5131	0	0.0
6abc03bb2297e265fbed8d3f	44761456100	Szabó B.	Botond T.	Szabó	Botond Szabó	1	PE1	1	PE	1	101041064	autori_scopus_preferred-name_erc.tsv	2026-09-29 18:30:19.878000	44761456100	1	PE1	23	308	5131	8	2.5974025974025974
6abc03bb2297e265fbed8cda	55329004700	Manara C.	Carlo Felice	Manara	Carlo F. Manara	1	PE9	1	PE	4	101076613 - 101039651 - 101098309 - 101104656	autori_scopus_preferred-name_erc.tsv	2026-09-29 18:30:19.787000	55329004700	1	PE9	519	2744	151153	2670	97.30320699708454
6abc03bb2297e265fbed8cda	55329004700	Manara C.	Carlo Felice	Manara	Carlo F. Manara	1	PE9	1	PE	4	101076613 - 101039651 - 101098309 - 101104656	autori_scopus_preferred-name_erc.tsv	2026-09-29 18:30:19.787000	57200563408	0	PE9	519	826	151153	5	0.6053268765133172
6abc03bc2297e265fbed8eac	57200563408	Manara S.	Serena	Manara	Serena Manara	1	LS8	1	LS	2	101045015 - 101060218	autori_scopus_preferred-name_erc.tsv	2026-09-29 18:30:20.204000	55329004700	0	LS8	85	2744	44172	2	0.0728862973760933
6abc03bc2297e265fbed8eac	57200563408	Manara S.	Serena	Manara	Serena Manara	1	LS8	1	LS	2	101045015 - 101060218	autori_scopus_preferred-name_erc.tsv	2026-09-29 18:30:20.204000	57200563408	1	LS8	85	826	44172	615	74.45520581113801
6abc03bb2297e265fbed8cdc	55945624800	Arnaboldi S.	Serena	Arnaboldi	Serena Arnaboldi	1	PE4	1	PE	1	101040798	autori_scopus_preferred-name_erc.tsv	2026-09-29 18:30:19.789000	55945624800	1	PE4	118	1556	55310	1143	73.45758354755783
6abc03bb2297e265fbed8cdc	55945624800	Arnaboldi S.	Serena	Arnaboldi	Serena Arnaboldi	1	PE4	1	PE	1	101040798	autori_scopus_preferred-name_erc.tsv	2026-09-29 18:30:19.789000	56275157900	0	PE4	118	952	55310	6	0.6302521008403361
6abc03bc2297e265fbed9153	56275157900	Arnaboldi M.	Magda	Arnaboldi	Magda Arnaboldi	1	PE9	1	PE	1	101055318	autori_scopus_preferred-name_erc.tsv	2026-09-29 18:30:20.710000	55945624800	0	PE9	519	1556	151153	7	0.4498714652956298
6abc03bc2297e265fbed9153	56275157900	Arnaboldi M.	Magda	Arnaboldi	Magda Arnaboldi	1	PE9	1	PE	1	101055318	autori_scopus_preferred-name_erc.tsv	2026-09-29 18:30:20.710000	56275157900	1	PE9	519	952	151153	652	68.4873949579832
6abc03bb2297e265fbed8cea	57216593054	Giordano G.	Giulia	Giordano	Giulia Giordano	1	PE7	1	PE	1	101076926	autori_scopus_preferred-name_erc.tsv	2026-09-29 18:30:19.801000	57216593054	1	PE7	123	1796	36114	1239	68.98663697104676
6abc03bb2297e265fbed8cea	57216593054	Giordano G.	Giulia	Giordano	Giulia Giordano	1	PE7	1	PE	1	101076926	autori_scopus_preferred-name_erc.tsv	2026-09-29 18:30:19.801000	56806349200	0	PE7	123	3248	36114	19	0.5849753694581281
6abc03bb2297e265fbed8cea	57216593054	Giordano G.	Giulia	Giordano	Giulia Giordano	1	PE7	1	PE	1	101076926	autori_scopus_preferred-name_erc.tsv	2026-09-29 18:30:19.801000	57196834241	0	PE7	123	330	36114	2	0.6060606060606061
6abc03bb2297e265fbed8cea	57216593054	Giordano G.	Giulia	Giordano	Giulia Giordano	1	PE7	1	PE	1	101076926	autori_scopus_preferred-name_erc.tsv	2026-09-29 18:30:19.801000	57203142562	0	PE7	123	648	36114	5	0.7716049382716049
6abc03bb2297e265fbed8cea	57216593054	Giordano G.	Giulia	Giordano	Giulia Giordano	1	PE7	1	PE	1	101076926	autori_scopus_preferred-name_erc.tsv	2026-09-29 18:30:19.801000	57204645152	0	PE7	123	1471	36114	3	0.20394289598912305
6abc03bc2297e265fbed8e8d	56806349200	Giordano F.	Francesco	Giordano	F. Giordano	1	PE9	1	PE	1	101076343	autori_scopus_preferred-name_erc.tsv	2026-09-29 18:30:20.178000	57216593054	0	PE9	519	1796	151153	13	0.7238307349665924
6abc03bc2297e265fbed8e8d	56806349200	Giordano F.	Francesco	Giordano	F. Giordano	1	PE9	1	PE	1	101076343	autori_scopus_preferred-name_erc.tsv	2026-09-29 18:30:20.178000	56806349200	1	PE9	519	3248	151153	3227	99.35344827586206
6abc03bc2297e265fbed8e8d	56806349200	Giordano F.	Francesco	Giordano	F. Giordano	1	PE9	1	PE	1	101076343	autori_scopus_preferred-name_erc.tsv	2026-09-29 18:30:20.178000	57196834241	0	PE9	519	330	151153	1	0.30303030303030304
6abc03bc2297e265fbed8e8d	56806349200	Giordano F.	Francesco	Giordano	F. Giordano	1	PE9	1	PE	1	101076343	autori_scopus_preferred-name_erc.tsv	2026-09-29 18:30:20.178000	57203142562	0	PE9	519	648	151153	1	0.15432098765432098
6abc03bc2297e265fbed8e8d	56806349200	Giordano F.	Francesco	Giordano	F. Giordano	1	PE9	1	PE	1	101076343	autori_scopus_preferred-name_erc.tsv	2026-09-29 18:30:20.178000	57204645152	0	PE9	519	1471	151153	2	0.13596193065941536
6abc03bc2297e265fbed9225	57196834241	Giordano F.	Francesca	Giordano	Francesca Giordano	1	LS8	1	LS	2	101045015 - 101060218	autori_scopus_preferred-name_erc.tsv	2026-09-29 18:30:20.798000	57216593054	0	LS8	85	1796	44172	28	1.55902004454343
6abc03bc2297e265fbed9225	57196834241	Giordano F.	Francesca	Giordano	Francesca Giordano	1	LS8	1	LS	2	101045015 - 101060218	autori_scopus_preferred-name_erc.tsv	2026-09-29 18:30:20.798000	56806349200	0	LS8	85	3248	44172	7	0.21551724137931033
6abc03bc2297e265fbed9225	57196834241	Giordano F.	Francesca	Giordano	Francesca Giordano	1	LS8	1	LS	2	101045015 - 101060218	autori_scopus_preferred-name_erc.tsv	2026-09-29 18:30:20.798000	57196834241	1	LS8	85	330	44172	212	64.24242424242425
6abc03bc2297e265fbed9225	57196834241	Giordano F.	Francesca	Giordano	Francesca Giordano	1	LS8	1	LS	2	101045015 - 101060218	autori_scopus_preferred-name_erc.tsv	2026-09-29 18:30:20.798000	57203142562	0	LS8	85	648	44172	0	0.0
6abc03bc2297e265fbed9225	57196834241	Giordano F.	Francesca	Giordano	Francesca Giordano	1	LS8	1	LS	2	101045015 - 101060218	autori_scopus_preferred-name_erc.tsv	2026-09-29 18:30:20.798000	57204645152	0	LS8	85	1471	44172	0	0.0
6abc03bc2297e265fbed926a	57203142562	Giordano G.	Goffredo	Giordano	Goffredo Giordano	1	PE8	1	PE	1	101039198	autori_scopus_preferred-name_erc.tsv	2026-09-29 18:30:20.826000	57216593054	0	PE8	200	1796	100990	70	3.8975501113585747
6abc03bc2297e265fbed926a	57203142562	Giordano G.	Goffredo	Giordano	Goffredo Giordano	1	PE8	1	PE	1	101039198	autori_scopus_preferred-name_erc.tsv	2026-09-29 18:30:20.826000	56806349200	0	PE8	200	3248	100990	25	0.7697044334975369
6abc03bc2297e265fbed926a	57203142562	Giordano G.	Goffredo	Giordano	Goffredo Giordano	1	PE8	1	PE	1	101039198	autori_scopus_preferred-name_erc.tsv	2026-09-29 18:30:20.826000	57196834241	0	PE8	200	330	100990	30	9.090909090909092
6abc03bc2297e265fbed926a	57203142562	Giordano G.	Goffredo	Giordano	Goffredo Giordano	1	PE8	1	PE	1	101039198	autori_scopus_preferred-name_erc.tsv	2026-09-29 18:30:20.826000	57203142562	1	PE8	200	648	100990	648	100.0
6abc03bc2297e265fbed926a	57203142562	Giordano G.	Goffredo	Giordano	Goffredo Giordano	1	PE8	1	PE	1	101039198	autori_scopus_preferred-name_erc.tsv	2026-09-29 18:30:20.826000	57204645152	0	PE8	200	1471	100990	35	2.379333786539769
6abc03bc2297e265fbed9285	57204645152	Giordano G.	Girolamo	Giordano	Girolamo Giordano	1	PE5	1	PE	1	101054004	autori_scopus_preferred-name_erc.tsv	2026-09-29 18:30:20.841000	57216593054	0	PE5	116	1796	47818	11	0.6124721603563474
6abc03bc2297e265fbed9285	57204645152	Giordano G.	Girolamo	Giordano	Girolamo Giordano	1	PE5	1	PE	1	101054004	autori_scopus_preferred-name_erc.tsv	2026-09-29 18:30:20.841000	56806349200	0	PE5	116	3248	47818	6	0.18472906403940886
6abc03bc2297e265fbed9285	57204645152	Giordano G.	Girolamo	Giordano	Girolamo Giordano	1	PE5	1	PE	1	101054004	autori_scopus_preferred-name_erc.tsv	2026-09-29 18:30:20.841000	57196834241	0	PE5	116	330	47818	35	10.606060606060606
6abc03bc2297e265fbed9285	57204645152	Giordano G.	Girolamo	Giordano	Girolamo Giordano	1	PE5	1	PE	1	101054004	autori_scopus_preferred-name_erc.tsv	2026-09-29 18:30:20.841000	57203142562	0	PE5	116	648	47818	10	1.5432098765432098
6abc03bc2297e265fbed9285	57204645152	Giordano G.	Girolamo	Giordano	Girolamo Giordano	1	PE5	1	PE	1	101054004	autori_scopus_preferred-name_erc.tsv	2026-09-29 18:30:20.841000	57204645152	1	PE5	116	1471	47818	1378	93.67777022433718
6abc03bb2297e265fbed8cee	7004019407	Lodato G.	Giuseppe	Lodato	Giuseppe Lodato	1	PE9	1	PE	3	101039651 - 101076613 - 101104656	autori_scopus_preferred-name_erc.tsv	2026-09-29 18:30:19.804000	7004019407	1	PE9	519	4716	151153	4438	94.10517387616623
6abc03bb2297e265fbed8cee	7004019407	Lodato G.	Giuseppe	Lodato	Giuseppe Lodato	1	PE9	1	PE	3	101039651 - 101076613 - 101104656	autori_scopus_preferred-name_erc.tsv	2026-09-29 18:30:19.804000	36021173000	0	PE9	519	666	151153	2	0.3003003003003003
6abc03bc2297e265fbed9054	36021173000	Lodato S.	Simona	Lodato	Simona Lodato	1	LS5	1	LS	1	101043003	autori_scopus_preferred-name_erc.tsv	2026-09-29 18:30:20.556000	7004019407	0	LS5	31	4716	15079	4	0.08481764206955046
6abc03bc2297e265fbed9054	36021173000	Lodato S.	Simona	Lodato	Simona Lodato	1	LS5	1	LS	1	101043003	autori_scopus_preferred-name_erc.tsv	2026-09-29 18:30:20.556000	36021173000	1	LS5	31	666	15079	348	52.25225225225225
6abc03bb2297e265fbed8d04	57197815917	Pinto F.	Federica	Pinto	Federica Pinto	1	LS8	1	LS	1	101045015	autori_scopus_preferred-name_erc.tsv	2026-09-29 18:30:19.823000	57197815917	1	LS8	85	546	44172	546	100.0
6abc03bb2297e265fbed8d04	57197815917	Pinto F.	Federica	Pinto	Federica Pinto	1	LS8	1	LS	1	101045015	autori_scopus_preferred-name_erc.tsv	2026-09-29 18:30:19.823000	57195271004	0	LS8	85	129	44172	0	0.0
6abc03bb2297e265fbed8d04	57197815917	Pinto F.	Federica	Pinto	Federica Pinto	1	LS8	1	LS	1	101045015	autori_scopus_preferred-name_erc.tsv	2026-09-29 18:30:19.823000	58859358000	0	LS8	85	1048	44172	9	0.8587786259541985
6abc03bc2297e265fbed9214	57195271004	Pinto D.	Diogo E.P.	Pinto	Diogo E. P. Pinto	1	PE3	1	PE	1	101040035	autori_scopus_preferred-name_erc.tsv	2026-09-29 18:30:20.790000	57197815917	0	PE3	33	546	19656	30	5.4945054945054945
6abc03bc2297e265fbed9214	57195271004	Pinto D.	Diogo E.P.	Pinto	Diogo E. P. Pinto	1	PE3	1	PE	1	101040035	autori_scopus_preferred-name_erc.tsv	2026-09-29 18:30:20.790000	57195271004	1	PE3	33	129	19656	129	100.0
6abc03bc2297e265fbed9214	57195271004	Pinto D.	Diogo E.P.	Pinto	Diogo E. P. Pinto	1	PE3	1	PE	1	101040035	autori_scopus_preferred-name_erc.tsv	2026-09-29 18:30:20.790000	58859358000	0	PE3	33	1048	19656	1	0.09541984732824427
6abc03bc2297e265fbed942f	58859358000	Pinto J.	Joaquim G.	Pinto	Joaquim G. Pinto	1	SH6	1	SH	1	101052653	autori_scopus_preferred-name_erc.tsv	2026-09-29 18:30:20.981000	57197815917	0	SH6	49	546	26183	26	4.761904761904762
6abc03bc2297e265fbed942f	58859358000	Pinto J.	Joaquim G.	Pinto	Joaquim G. Pinto	1	SH6	1	SH	1	101052653	autori_scopus_preferred-name_erc.tsv	2026-09-29 18:30:20.981000	57195271004	0	SH6	49	129	26183	0	0.0
6abc03bc2297e265fbed942f	58859358000	Pinto J.	Joaquim G.	Pinto	Joaquim G. Pinto	1	SH6	1	SH	1	101052653	autori_scopus_preferred-name_erc.tsv	2026-09-29 18:30:20.981000	58859358000	1	SH6	49	1048	26183	5	0.4770992366412214
6abc03bc2297e265fbed9002	26324486200	Singh D.	Deepak	Singh	Deepak Singh	1	PE5	1	PE	1	101040025	autori_scopus_preferred-name_erc.tsv	2026-09-29 18:30:20.505000	26324486200	1	PE5	116	99	47818	73	73.73737373737373
6abc03bc2297e265fbed9002	26324486200	Singh D.	Deepak	Singh	Deepak Singh	1	PE5	1	PE	1	101040025	autori_scopus_preferred-name_erc.tsv	2026-09-29 18:30:20.505000	57898515400	0	PE5	116	883	47818	20	2.2650056625141564
6abc03bc2297e265fbed93c8	57898515400	Singh M.	Mandeep	Singh	Mandeep Singh	1	PE8	1	PE	1	101061820	autori_scopus_preferred-name_erc.tsv	2026-09-29 18:30:20.954000	26324486200	0	PE8	200	99	100990	2	2.0202020202020203
6abc03bc2297e265fbed93c8	57898515400	Singh M.	Mandeep	Singh	Mandeep Singh	1	PE8	1	PE	1	101061820	autori_scopus_preferred-name_erc.tsv	2026-09-29 18:30:20.954000	57898515400	1	PE8	200	883	100990	42	4.756511891279728
6abc03bb2297e265fbed8d08	57224195115	Carbone C.	Chiara	Carbone	Chiara Carbone	1	SH4	1	SH	1	101042625	autori_scopus_preferred-name_erc.tsv	2026-09-29 18:30:19.827000	57224195115	1	SH4	82	240	47006	240	100.0
6abc03bb2297e265fbed8d08	57224195115	Carbone C.	Chiara	Carbone	Chiara Carbone	1	SH4	1	SH	1	101042625	autori_scopus_preferred-name_erc.tsv	2026-09-29 18:30:19.827000	7005260033	0	SH4	82	392	47006	1	0.25510204081632654
6abc03bb2297e265fbed8d08	57224195115	Carbone C.	Chiara	Carbone	Chiara Carbone	1	SH4	1	SH	1	101042625	autori_scopus_preferred-name_erc.tsv	2026-09-29 18:30:19.827000	57878631100	0	SH4	82	233	47006	12	5.150214592274678
6abc03bc2297e265fbed8f44	7005260033	Carbone F.	Fabrizio	Carbone	Fabrizio Carbone	1	PE2	1	PE	1	101101048	autori_scopus_preferred-name_erc.tsv	2026-09-29 18:30:20.339000	57224195115	0	PE2	198	240	59032	0	0.0
6abc03bc2297e265fbed8f44	7005260033	Carbone F.	Fabrizio	Carbone	Fabrizio Carbone	1	PE2	1	PE	1	101101048	autori_scopus_preferred-name_erc.tsv	2026-09-29 18:30:20.339000	7005260033	1	PE2	198	392	59032	360	91.83673469387756
6abc03bc2297e265fbed8f44	7005260033	Carbone F.	Fabrizio	Carbone	Fabrizio Carbone	1	PE2	1	PE	1	101101048	autori_scopus_preferred-name_erc.tsv	2026-09-29 18:30:20.339000	57878631100	0	PE2	198	233	59032	0	0.0
6abc03bc2297e265fbed93c6	57878631100	Carbone E.	Erika	Carbone	Erika Carbone	1	LS1	1	LS	1	101041298	autori_scopus_preferred-name_erc.tsv	2026-09-29 18:30:20.953000	57224195115	0	LS1	23	240	13730	8	3.3333333333333335
6abc03bc2297e265fbed93c6	57878631100	Carbone E.	Erika	Carbone	Erika Carbone	1	LS1	1	LS	1	101041298	autori_scopus_preferred-name_erc.tsv	2026-09-29 18:30:20.953000	7005260033	0	LS1	23	392	13730	0	0.0
6abc03bc2297e265fbed93c6	57878631100	Carbone E.	Erika	Carbone	Erika Carbone	1	LS1	1	LS	1	101041298	autori_scopus_preferred-name_erc.tsv	2026-09-29 18:30:20.953000	57878631100	1	LS1	23	233	13730	192	82.40343347639485
6abc03bb2297e265fbed8d13	36460968600	Gatti T.	T.	Gatti	Teresa Gatti	1	PE11	1	PE	1	101041229	autori_scopus_preferred-name_erc.tsv	2026-09-29 18:30:19.837000	36460968600	1	PE11	52	1757	26404	1727	98.29254410927717
6abc03bb2297e265fbed8d13	36460968600	Gatti T.	T.	Gatti	Teresa Gatti	1	PE11	1	PE	1	101041229	autori_scopus_preferred-name_erc.tsv	2026-09-29 18:30:19.837000	57219563056	0	PE11	52	1113	26404	2	0.17969451931716085
6abc03bc2297e265fbed9325	57219563056	Gatti D.	Daniele	Gatti	Daniele Gatti	1	SH4	1	SH	1	101087053	autori_scopus_preferred-name_erc.tsv	2026-09-29 18:30:20.909000	36460968600	0	SH4	82	1757	47006	7	0.398406374501992
6abc03bc2297e265fbed9325	57219563056	Gatti D.	Daniele	Gatti	Daniele Gatti	1	SH4	1	SH	1	101087053	autori_scopus_preferred-name_erc.tsv	2026-09-29 18:30:20.909000	57219563056	1	SH4	82	1113	47006	371	33.33333333333333
6abc03bb2297e265fbed8d15	54991922900	Natali M.	Mirco	Natali	Mirco Natali	1	PE5	1	PE	4	101077698 - 101040025 - 101106125 - 101105828	autori_scopus_preferred-name_erc.tsv	2026-09-29 18:30:19.839000	54991922900	1	PE5	116	1310	47818	647	49.38931297709924
6abc03bb2297e265fbed8d15	54991922900	Natali M.	Mirco	Natali	Mirco Natali	1	PE5	1	PE	4	101077698 - 101040025 - 101106125 - 101105828	autori_scopus_preferred-name_erc.tsv	2026-09-29 18:30:19.839000	58883046200	0	PE5	116	0	47818	0	0
6abc03bc2297e265fbed8f16	58883046200	Natali D.	Daniele	Natali	Daniele Natali	1	PE8	1	PE	1	101039467	autori_scopus_preferred-name_erc.tsv	2026-09-29 18:30:20.298000	54991922900	0	PE8	200	1310	100990	75	5.7251908396946565
6abc03bc2297e265fbed8f16	58883046200	Natali D.	Daniele	Natali	Daniele Natali	1	PE8	1	PE	1	101039467	autori_scopus_preferred-name_erc.tsv	2026-09-29 18:30:20.298000	58883046200	1	PE8	200	0	100990	0	0
6abc03bb2297e265fbed8d19	56856637200	Fabiani C.	Claudia	Fabiani	Claudia Fabiani	1	PE8	1	PE	1	101041255	autori_scopus_preferred-name_erc.tsv	2026-09-29 18:30:19.843000	56856637200	1	PE8	200	2553	100990	2553	100.0
6abc03bb2297e265fbed8d19	56856637200	Fabiani C.	Claudia	Fabiani	Claudia Fabiani	1	PE8	1	PE	1	101041255	autori_scopus_preferred-name_erc.tsv	2026-09-29 18:30:19.843000	24073172400	0	PE8	200	1770	100990	5	0.2824858757062147
6abc03bb2297e265fbed8da2	24073172400	Fabiani S.	Sergio	Fabiani	Sergio Fabiani	1	PE9	1	PE	1	101076343	autori_scopus_preferred-name_erc.tsv	2026-09-29 18:30:19.966000	56856637200	0	PE9	519	2553	151153	17	0.6658832745789268
6abc03bb2297e265fbed8da2	24073172400	Fabiani S.	Sergio	Fabiani	Sergio Fabiani	1	PE9	1	PE	1	101076343	autori_scopus_preferred-name_erc.tsv	2026-09-29 18:30:19.966000	24073172400	1	PE9	519	1770	151153	1770	100.0
6abc03bb2297e265fbed8d1f	57214531455	Esposito M.	Massimilliano	Esposito	M. Esposito	1	PE9	1	PE	1	101052347	autori_scopus_preferred-name_erc.tsv	2026-09-29 18:30:19.848000	57214531455	1	PE9	519	2083	151153	2083	100.0
6abc03bb2297e265fbed8d1f	57214531455	Esposito M.	Massimilliano	Esposito	M. Esposito	1	PE9	1	PE	1	101052347	autori_scopus_preferred-name_erc.tsv	2026-09-29 18:30:19.848000	35276925200	0	PE9	519	517	151153	0	0.0
6abc03bb2297e265fbed8d1f	57214531455	Esposito M.	Massimilliano	Esposito	M. Esposito	1	PE9	1	PE	1	101052347	autori_scopus_preferred-name_erc.tsv	2026-09-29 18:30:19.848000	57209463887	0	PE9	519	313	151153	1	0.3194888178913738
6abc03bb2297e265fbed8d1f	57214531455	Esposito M.	Massimilliano	Esposito	M. Esposito	1	PE9	1	PE	1	101052347	autori_scopus_preferred-name_erc.tsv	2026-09-29 18:30:19.848000	57217173071	0	PE9	519	216	151153	0	0.0
6abc03bc2297e265fbed9031	35276925200	Esposito I.	Iréne	Esposito	Irene Esposito	1	PE8	1	PE	1	101040383	autori_scopus_preferred-name_erc.tsv	2026-09-29 18:30:20.546000	57214531455	0	PE8	200	2083	100990	14	0.672107537205953
6abc03bc2297e265fbed9031	35276925200	Esposito I.	Iréne	Esposito	Irene Esposito	1	PE8	1	PE	1	101040383	autori_scopus_preferred-name_erc.tsv	2026-09-29 18:30:20.546000	35276925200	1	PE8	200	517	100990	159	30.754352030947775
6abc03bc2297e265fbed9031	35276925200	Esposito I.	Iréne	Esposito	Irene Esposito	1	PE8	1	PE	1	101040383	autori_scopus_preferred-name_erc.tsv	2026-09-29 18:30:20.546000	57209463887	0	PE8	200	313	100990	5	1.5974440894568689
6abc03bc2297e265fbed9031	35276925200	Esposito I.	Iréne	Esposito	Irene Esposito	1	PE8	1	PE	1	101040383	autori_scopus_preferred-name_erc.tsv	2026-09-29 18:30:20.546000	57217173071	0	PE8	200	216	100990	9	4.166666666666666
6abc03bc2297e265fbed92b6	57209463887	Esposito C.	Carmen Mariarosaria	Esposito	Carmen Esposito	1	SH6	1	SH	2	101065320 - 101077348	autori_scopus_preferred-name_erc.tsv	2026-09-29 18:30:20.869000	57214531455	0	SH6	49	2083	26183	5	0.2400384061449832
6abc03bc2297e265fbed92b6	57209463887	Esposito C.	Carmen Mariarosaria	Esposito	Carmen Esposito	1	SH6	1	SH	2	101065320 - 101077348	autori_scopus_preferred-name_erc.tsv	2026-09-29 18:30:20.869000	35276925200	0	SH6	49	517	26183	1	0.19342359767891684
6abc03bc2297e265fbed92b6	57209463887	Esposito C.	Carmen Mariarosaria	Esposito	Carmen Esposito	1	SH6	1	SH	2	101065320 - 101077348	autori_scopus_preferred-name_erc.tsv	2026-09-29 18:30:20.869000	57209463887	1	SH6	49	313	26183	210	67.0926517571885
6abc03bc2297e265fbed92b6	57209463887	Esposito C.	Carmen Mariarosaria	Esposito	Carmen Esposito	1	SH6	1	SH	2	101065320 - 101077348	autori_scopus_preferred-name_erc.tsv	2026-09-29 18:30:20.869000	57217173071	0	SH6	49	216	26183	4	1.8518518518518516
6abc03bc2297e265fbed9303	57217173071	Esposito F.	Federica	Esposito	Federica Esposito	1	LS8	1	LS	1	101045015	autori_scopus_preferred-name_erc.tsv	2026-09-29 18:30:20.901000	57214531455	0	LS8	85	2083	44172	5	0.2400384061449832
6abc03bc2297e265fbed9303	57217173071	Esposito F.	Federica	Esposito	Federica Esposito	1	LS8	1	LS	1	101045015	autori_scopus_preferred-name_erc.tsv	2026-09-29 18:30:20.901000	35276925200	0	LS8	85	517	44172	63	12.18568665377176
6abc03bc2297e265fbed9303	57217173071	Esposito F.	Federica	Esposito	Federica Esposito	1	LS8	1	LS	1	101045015	autori_scopus_preferred-name_erc.tsv	2026-09-29 18:30:20.901000	57209463887	0	LS8	85	313	44172	4	1.2779552715654952
6abc03bc2297e265fbed9303	57217173071	Esposito F.	Federica	Esposito	Federica Esposito	1	LS8	1	LS	1	101045015	autori_scopus_preferred-name_erc.tsv	2026-09-29 18:30:20.901000	57217173071	1	LS8	85	216	44172	153	70.83333333333334
6abc03bb2297e265fbed8d4f	56038545500	Rodríguez A.	Alex	Rodríguez	Alex Rodriguez	1	PE4	1	PE	1	101043272	autori_scopus_preferred-name_erc.tsv	2026-09-29 18:30:19.892000	56038545500	1	PE4	118	1257	55310	1027	81.7024661893397
6abc03bb2297e265fbed8d4f	56038545500	Rodríguez A.	Alex	Rodríguez	Alex Rodriguez	1	PE4	1	PE	1	101043272	autori_scopus_preferred-name_erc.tsv	2026-09-29 18:30:19.892000	58897772900	0	PE4	118	0	55310	0	0
6abc03bc2297e265fbed9434	58897772900	Rodríguez R.	Ricardo I.	Rodríguez	Ricardo I. Rodríguez	1	PE5	1	PE	3	101040025 - 101106125 - 101105828	autori_scopus_preferred-name_erc.tsv	2026-09-29 18:30:20.982000	56038545500	0	PE5	116	1257	47818	85	6.762132060461417
6abc03bc2297e265fbed9434	58897772900	Rodríguez R.	Ricardo I.	Rodríguez	Ricardo I. Rodríguez	1	PE5	1	PE	3	101040025 - 101106125 - 101105828	autori_scopus_preferred-name_erc.tsv	2026-09-29 18:30:20.982000	58897772900	1	PE5	116	0	47818	0	0
6abc03bb2297e265fbed8d50	56089514300	Cutolo A.	A.	Cutolo	Arsenio Cutolo	1	PE8	1	PE	1	101052956	autori_scopus_preferred-name_erc.tsv	2026-09-29 18:30:19.893000	56089514300	1	PE8	200	1062	100990	926	87.1939736346516
6abc03bb2297e265fbed8d50	56089514300	Cutolo A.	A.	Cutolo	Arsenio Cutolo	1	PE8	1	PE	1	101052956	autori_scopus_preferred-name_erc.tsv	2026-09-29 18:30:19.893000	57211005005	0	PE8	200	1148	100990	8	0.6968641114982579
6abc03bc2297e265fbed8ecb	57211005005	Cutolo E.	Edoardo Andrea	Cutolo	Edoardo Andrea Cutolo	1	LS9	1	LS	1	101053983	autori_scopus_preferred-name_erc.tsv	2026-09-29 18:30:20.231000	56089514300	0	LS9	22	1062	14097	0	0.0
6abc03bc2297e265fbed8ecb	57211005005	Cutolo E.	Edoardo Andrea	Cutolo	Edoardo Andrea Cutolo	1	LS9	1	LS	1	101053983	autori_scopus_preferred-name_erc.tsv	2026-09-29 18:30:20.231000	57211005005	1	LS9	22	1148	14097	982	85.54006968641114
6abc03bb2297e265fbed8d62	57194782748	Biagi N.	Nicola	Biagi	Nicola Biagi	1	PE7	1	PE	1	101077917	autori_scopus_preferred-name_erc.tsv	2026-09-29 18:30:19.908000	57194782748	1	PE7	123	443	36114	443	100.0
6abc03bb2297e265fbed8d62	57194782748	Biagi N.	Nicola	Biagi	Nicola Biagi	1	PE7	1	PE	1	101077917	autori_scopus_preferred-name_erc.tsv	2026-09-29 18:30:19.908000	7003861327	0	PE7	123	2546	36114	17	0.6677140612725845
6abc03bd2297e265fbed9542	7003861327	Biagi S.	Simone	Biagi	S. Biagi	1	PE9	1	PE	1	101076343	autori_scopus_preferred-name_erc.tsv	2026-09-29 18:30:21.048000	57194782748	0	PE9	519	443	151153	6	1.3544018058690745
6abc03bd2297e265fbed9542	7003861327	Biagi S.	Simone	Biagi	S. Biagi	1	PE9	1	PE	1	101076343	autori_scopus_preferred-name_erc.tsv	2026-09-29 18:30:21.048000	7003861327	1	PE9	519	2546	151153	1568	61.586802827965435
6abc03bb2297e265fbed8d63	57199326106	Antonelli L.	Lucio Angelo	Antonelli	Lucio Angelo Antonelli	1	PE9	1	PE	1	101076343	autori_scopus_preferred-name_erc.tsv	2026-09-29 18:30:19.909000	57199326106	1	PE9	519	4738	151153	4700	99.19797382861967
6abc03bb2297e265fbed8d63	57199326106	Antonelli L.	Lucio Angelo	Antonelli	Lucio Angelo Antonelli	1	PE9	1	PE	1	101076343	autori_scopus_preferred-name_erc.tsv	2026-09-29 18:30:19.909000	35095999100	0	PE9	519	8217	151153	497	6.048436168918097
6abc03bb2297e265fbed8d63	57199326106	Antonelli L.	Lucio Angelo	Antonelli	Lucio Angelo Antonelli	1	PE9	1	PE	1	101076343	autori_scopus_preferred-name_erc.tsv	2026-09-29 18:30:19.909000	7003984798	0	PE9	519	1139	151153	9	0.7901668129938543
6abc03bc2297e265fbed9017	35095999100	Antonelli M.	Mario	Antonelli	M. Antonelli	1	PE2	1	PE	1	101089007	autori_scopus_preferred-name_erc.tsv	2026-09-29 18:30:20.524000	57199326106	0	PE2	198	4738	59032	1032	21.78134233853947
6abc03bc2297e265fbed9017	35095999100	Antonelli M.	Mario	Antonelli	M. Antonelli	1	PE2	1	PE	1	101089007	autori_scopus_preferred-name_erc.tsv	2026-09-29 18:30:20.524000	35095999100	1	PE2	198	8217	59032	8180	99.54971400754533
6abc03bc2297e265fbed9017	35095999100	Antonelli M.	Mario	Antonelli	M. Antonelli	1	PE2	1	PE	1	101089007	autori_scopus_preferred-name_erc.tsv	2026-09-29 18:30:20.524000	7003984798	0	PE2	198	1139	59032	55	4.8287971905179985
6abc03bd2297e265fbed954b	7003984798	Antonelli C.	Cristian	Antonelli	Cristian Antonelli	1	PE7	1	PE	1	101077917	autori_scopus_preferred-name_erc.tsv	2026-09-29 18:30:21.055000	57199326106	0	PE7	123	4738	36114	17	0.3588011819333052
6abc03bd2297e265fbed954b	7003984798	Antonelli C.	Cristian	Antonelli	Cristian Antonelli	1	PE7	1	PE	1	101077917	autori_scopus_preferred-name_erc.tsv	2026-09-29 18:30:21.055000	35095999100	0	PE7	123	8217	36114	19	0.23122794207131558
6abc03bd2297e265fbed954b	7003984798	Antonelli C.	Cristian	Antonelli	Cristian Antonelli	1	PE7	1	PE	1	101077917	autori_scopus_preferred-name_erc.tsv	2026-09-29 18:30:21.055000	7003984798	1	PE7	123	1139	36114	248	21.773485513608428
6abc03bb2297e265fbed8d64	57200755004	Wang M.	Mengjiao	Wang	Mengjiao Wang	1	PE11	1	PE	1	101041229	autori_scopus_preferred-name_erc.tsv	2026-09-29 18:30:19.910000	57200755004	1	PE11	52	567	26404	477	84.12698412698413
6abc03bb2297e265fbed8d64	57200755004	Wang M.	Mengjiao	Wang	Mengjiao Wang	1	PE11	1	PE	1	101041229	autori_scopus_preferred-name_erc.tsv	2026-09-29 18:30:19.910000	57224735774	0	PE11	52	362	26404	2	0.5524861878453038
6abc03bc2297e265fbed936b	57224735774	Wang Q.	Qiuran	Wang	Qiuran Wang	1	SH4	1	SH	1	101096728	autori_scopus_preferred-name_erc.tsv	2026-09-29 18:30:20.927000	57200755004	0	SH4	82	567	47006	3	0.5291005291005291
6abc03bc2297e265fbed936b	57224735774	Wang Q.	Qiuran	Wang	Qiuran Wang	1	SH4	1	SH	1	101096728	autori_scopus_preferred-name_erc.tsv	2026-09-29 18:30:20.927000	57224735774	1	SH4	82	362	47006	362	100.0
6abc03bb2297e265fbed8d6a	57214470766	Gamba R.	Rossella	Gamba	Rossella Gamba	1	PE9	1	PE	1	101043372	autori_scopus_preferred-name_erc.tsv	2026-09-29 18:30:19.915000	57214470766	1	PE9	519	616	151153	605	98.21428571428571
6abc03bb2297e265fbed8d6a	57214470766	Gamba R.	Rossella	Gamba	Rossella Gamba	1	PE9	1	PE	1	101043372	autori_scopus_preferred-name_erc.tsv	2026-09-29 18:30:19.915000	23392458000	0	PE9	519	2318	151153	24	1.0353753235547885
6abc03bc2297e265fbed8e30	23392458000	Gamba M.	Marco	Gamba	Marco Gamba	1	SH4	1	SH	1	101041885	autori_scopus_preferred-name_erc.tsv	2026-09-29 18:30:20.097000	57214470766	0	SH4	82	616	47006	2	0.3246753246753247
6abc03bc2297e265fbed8e30	23392458000	Gamba M.	Marco	Gamba	Marco Gamba	1	SH4	1	SH	1	101041885	autori_scopus_preferred-name_erc.tsv	2026-09-29 18:30:20.097000	23392458000	1	SH4	82	2318	47006	1431	61.734253666954274
6abc03bb2297e265fbed8d75	57427422000	Ricci L.	Liviana	Ricci	Liviana Ricci	1	LS8	1	LS	1	101045015	autori_scopus_preferred-name_erc.tsv	2026-09-29 18:30:19.925000	57427422000	1	LS8	85	245	44172	168	68.57142857142857
6abc03bb2297e265fbed8d75	57427422000	Ricci L.	Liviana	Ricci	Liviana Ricci	1	LS8	1	LS	1	101045015	autori_scopus_preferred-name_erc.tsv	2026-09-29 18:30:19.925000	57218589809	0	LS8	85	284	44172	1	0.35211267605633806
6abc03bb2297e265fbed8d75	57427422000	Ricci L.	Liviana	Ricci	Liviana Ricci	1	LS8	1	LS	1	101045015	autori_scopus_preferred-name_erc.tsv	2026-09-29 18:30:19.925000	57209088804	0	LS8	85	723	44172	61	8.437067773167358
6abc03bc2297e265fbed8ee5	57218589809	Ricci S.	Saverio	Ricci	Saverio Ricci	1	PE7	1	PE	1	101042585	autori_scopus_preferred-name_erc.tsv	2026-09-29 18:30:20.253000	57427422000	0	PE7	123	245	36114	0	0.0
6abc03bc2297e265fbed8ee5	57218589809	Ricci S.	Saverio	Ricci	Saverio Ricci	1	PE7	1	PE	1	101042585	autori_scopus_preferred-name_erc.tsv	2026-09-29 18:30:20.253000	57218589809	1	PE7	123	284	36114	256	90.14084507042254
6abc03bc2297e265fbed8ee5	57218589809	Ricci S.	Saverio	Ricci	Saverio Ricci	1	PE7	1	PE	1	101042585	autori_scopus_preferred-name_erc.tsv	2026-09-29 18:30:20.253000	57209088804	0	PE7	123	723	36114	3	0.4149377593360996
6abc03bc2297e265fbed92b3	57209088804	Ricci S.	Stefano	Ricci	Stefano Ricci	1	SH6	1	SH	1	101077348	autori_scopus_preferred-name_erc.tsv	2026-09-29 18:30:20.867000	57427422000	0	SH6	49	245	26183	13	5.3061224489795915
6abc03bc2297e265fbed92b3	57209088804	Ricci S.	Stefano	Ricci	Stefano Ricci	1	SH6	1	SH	1	101077348	autori_scopus_preferred-name_erc.tsv	2026-09-29 18:30:20.867000	57218589809	0	SH6	49	284	26183	0	0.0
6abc03bc2297e265fbed92b3	57209088804	Ricci S.	Stefano	Ricci	Stefano Ricci	1	SH6	1	SH	1	101077348	autori_scopus_preferred-name_erc.tsv	2026-09-29 18:30:20.867000	57209088804	1	SH6	49	723	26183	598	82.71092669432917
6abc03bb2297e265fbed8d78	58003585600	Calcaterra S.	Stefano	Calcaterra	Stefano Calcaterra	1	PE7	1	PE	1	101097569	autori_scopus_preferred-name_erc.tsv	2026-09-29 18:30:19.928000	58003585600	1	PE7	123	100	36114	100	100.0
6abc03bb2297e265fbed8d78	58003585600	Calcaterra S.	Stefano	Calcaterra	Stefano Calcaterra	1	PE7	1	PE	1	101097569	autori_scopus_preferred-name_erc.tsv	2026-09-29 18:30:19.928000	58730345300	0	PE7	123	52	36114	0	0.0
6abc03bc2297e265fbed9420	58730345300	Calcaterra M.	Matteo	Calcaterra	Matteo Calcaterra	1	SH7	1	SH	2	101044703 - 101056873	autori_scopus_preferred-name_erc.tsv	2026-09-29 18:30:20.978000	58003585600	0	SH7	23	100	20339	0	0.0
6abc03bc2297e265fbed9420	58730345300	Calcaterra M.	Matteo	Calcaterra	Matteo Calcaterra	1	SH7	1	SH	2	101044703 - 101056873	autori_scopus_preferred-name_erc.tsv	2026-09-29 18:30:20.978000	58730345300	1	SH7	23	52	20339	22	42.30769230769231
6abc03bb2297e265fbed8d80	6603679093	Isella G.	Giovanni	Isella	Giovanni Isella	1	PE7	1	PE	1	101097569	autori_scopus_preferred-name_erc.tsv	2026-09-29 18:30:19.935000	6603679093	1	PE7	123	1263	36114	773	61.20348376880443
6abc03bb2297e265fbed8d80	6603679093	Isella G.	Giovanni	Isella	Giovanni Isella	1	PE7	1	PE	1	101097569	autori_scopus_preferred-name_erc.tsv	2026-09-29 18:30:19.935000	8699469900	0	PE7	123	593	36114	3	0.5059021922428331
6abc03bc2297e265fbed8f5b	8699469900	Isella A.	Andrea	Isella	Andrea Isella	1	PE9	1	PE	1	101076613	autori_scopus_preferred-name_erc.tsv	2026-09-29 18:30:20.360000	6603679093	0	PE9	519	1263	151153	9	0.7125890736342043
6abc03bc2297e265fbed8f5b	8699469900	Isella A.	Andrea	Isella	Andrea Isella	1	PE9	1	PE	1	101076613	autori_scopus_preferred-name_erc.tsv	2026-09-29 18:30:20.360000	8699469900	1	PE9	519	593	151153	593	100.0
6abc03bb2297e265fbed8d8f	7006063472	Raimondi M.	Manuela Teresa	Raimondi	Manuela Teresa Raimondi	1	PE8	1	PE	2	101068512 - 101053122	autori_scopus_preferred-name_erc.tsv	2026-09-29 18:30:19.948000	7006063472	1	PE8	200	2537	100990	2365	93.22033898305084
6abc03bb2297e265fbed8d8f	7006063472	Raimondi M.	Manuela Teresa	Raimondi	Manuela Teresa Raimondi	1	PE8	1	PE	2	101068512 - 101053122	autori_scopus_preferred-name_erc.tsv	2026-09-29 18:30:19.948000	57222326454	0	PE8	200	666	100990	6	0.9009009009009009
6abc03bc2297e265fbed9359	57222326454	Raimondi T.	Teresa	Raimondi	Teresa Raimondi	1	SH4	1	SH	1	101041885	autori_scopus_preferred-name_erc.tsv	2026-09-29 18:30:20.923000	7006063472	0	SH4	82	2537	47006	28	1.103665746945211
6abc03bc2297e265fbed9359	57222326454	Raimondi T.	Teresa	Raimondi	Teresa Raimondi	1	SH4	1	SH	1	101041885	autori_scopus_preferred-name_erc.tsv	2026-09-29 18:30:20.923000	57222326454	1	SH4	82	666	47006	600	90.09009009009009
6abc03bb2297e265fbed8d99	16029615600	Schiattarella G.	Gabriele Giacomo	Schiattarella	Gabriele G. Schiattarella	1	LS4	1	LS	1	101078307	autori_scopus_preferred-name_erc.tsv	2026-09-29 18:30:19.956000	16029615600	1	LS4	61	1830	38578	98	5.355191256830602
6abc03bb2297e265fbed8d99	16029615600	Schiattarella G.	Gabriele Giacomo	Schiattarella	Gabriele G. Schiattarella	1	LS4	1	LS	1	101078307	autori_scopus_preferred-name_erc.tsv	2026-09-29 18:30:19.956000	57190862946	0	LS4	61	239	38578	3	1.2552301255230125
6abc03bc2297e265fbed8e99	57190862946	Schiattarella C.	Chiara	Schiattarella	Chiara Schiattarella	1	PE7	1	PE	1	101081567	autori_scopus_preferred-name_erc.tsv	2026-09-29 18:30:20.189000	16029615600	0	PE7	123	1830	36114	6	0.32786885245901637
6abc03bc2297e265fbed8e99	57190862946	Schiattarella C.	Chiara	Schiattarella	Chiara Schiattarella	1	PE7	1	PE	1	101081567	autori_scopus_preferred-name_erc.tsv	2026-09-29 18:30:20.189000	57190862946	1	PE7	123	239	36114	15	6.2761506276150625
6abc03bb2297e265fbed8d9e	22836019000	Salvato M.	Mara	Salvato	Mara Salvato	1	PE9	1	PE	2	101086378 - 101045437	autori_scopus_preferred-name_erc.tsv	2026-09-29 18:30:19.961000	22836019000	1	PE9	519	2938	151153	2817	95.88155207624234
6abc03bb2297e265fbed8d9e	22836019000	Salvato M.	Mara	Salvato	Mara Salvato	1	PE9	1	PE	2	101086378 - 101045437	autori_scopus_preferred-name_erc.tsv	2026-09-29 18:30:19.961000	57211158383	0	PE9	519	358	151153	9	2.5139664804469275
6abc03bc2297e265fbed92c1	57211158383	Salvato E.	Erica	Salvato	Erica Salvato	1	PE7	1	PE	1	101076926	autori_scopus_preferred-name_erc.tsv	2026-09-29 18:30:20.875000	22836019000	0	PE7	123	2938	36114	11	0.37440435670524164
6abc03bc2297e265fbed92c1	57211158383	Salvato E.	Erica	Salvato	Erica Salvato	1	PE7	1	PE	1	101076926	autori_scopus_preferred-name_erc.tsv	2026-09-29 18:30:20.875000	57211158383	1	PE7	123	358	36114	79	22.067039106145252
6abc03bc2297e265fbed91bd	57189469058	Liu Z.	Zheming	Liu	Zheming Liu	1	PE11	1	PE	1	101041229	autori_scopus_preferred-name_erc.tsv	2026-09-29 18:30:20.759000	57189469058	1	PE11	52	281	26404	184	65.48042704626334
6abc03bc2297e265fbed91bd	57189469058	Liu Z.	Zheming	Liu	Zheming Liu	1	PE11	1	PE	1	101041229	autori_scopus_preferred-name_erc.tsv	2026-09-29 18:30:20.759000	57201201897	0	PE11	52	116	26404	38	32.758620689655174
6abc03bc2297e265fbed9245	57201201897	Liu Y.	Ying	Liu	Ying Liu	1	PE5	1	PE	1	101095974	autori_scopus_preferred-name_erc.tsv	2026-09-29 18:30:20.815000	57189469058	0	PE5	116	281	47818	158	56.22775800711744
6abc03bc2297e265fbed9245	57201201897	Liu Y.	Ying	Liu	Ying Liu	1	PE5	1	PE	1	101095974	autori_scopus_preferred-name_erc.tsv	2026-09-29 18:30:20.815000	57201201897	1	PE5	116	116	47818	116	100.0
6abc03bc2297e265fbed8dcb	56284355200	Romano C.	C.	Romano	Claudia Romano	1	PE10	1	PE	1	101044772	autori_scopus_preferred-name_erc.tsv	2026-09-29 18:30:20.003000	56284355200	1	PE10	63	1930	43045	1618	83.83419689119171
6abc03bc2297e265fbed8dcb	56284355200	Romano C.	C.	Romano	Claudia Romano	1	PE10	1	PE	1	101044772	autori_scopus_preferred-name_erc.tsv	2026-09-29 18:30:20.003000	57195250950	0	PE10	63	1251	43045	20	1.5987210231814548
6abc03bc2297e265fbed9213	57195250950	Romano V.	Valentino	Romano	Valentino Romano	1	PE11	1	PE	1	101055097	autori_scopus_preferred-name_erc.tsv	2026-09-29 18:30:20.790000	56284355200	0	PE11	52	1930	26404	18	0.932642487046632
6abc03bc2297e265fbed9213	57195250950	Romano V.	Valentino	Romano	Valentino Romano	1	PE11	1	PE	1	101055097	autori_scopus_preferred-name_erc.tsv	2026-09-29 18:30:20.790000	57195250950	1	PE11	52	1251	26404	195	15.587529976019185
6abc03bc2297e265fbed8dd9	57193119619	Brunetti G.	Gianfranco F.	Brunetti	G. Brunetti	1	PE9	1	PE	1	101086378	autori_scopus_preferred-name_erc.tsv	2026-09-29 18:30:20.017000	57193119619	1	PE9	519	3311	151153	3303	99.75838115372999
6abc03bc2297e265fbed8dd9	57193119619	Brunetti G.	Gianfranco F.	Brunetti	G. Brunetti	1	PE9	1	PE	1	101086378	autori_scopus_preferred-name_erc.tsv	2026-09-29 18:30:20.017000	57338928700	0	PE9	519	54	151153	0	0.0
6abc03bc2297e265fbed938e	57338928700	Brunetti I.	Irene	Brunetti	Irene Brunetti	1	PE7	1	PE	1	101097876	autori_scopus_preferred-name_erc.tsv	2026-09-29 18:30:20.936000	57193119619	0	PE7	123	3311	36114	9	0.2718212020537602
6abc03bc2297e265fbed938e	57338928700	Brunetti I.	Irene	Brunetti	Irene Brunetti	1	PE7	1	PE	1	101097876	autori_scopus_preferred-name_erc.tsv	2026-09-29 18:30:20.936000	57338928700	1	PE7	123	54	36114	0	0.0
6abc03bc2297e265fbed8dda	57194286495	Mecozzi B.	Beniamino	Mecozzi	Beniamino Mecozzi	1	SH6	1	SH	1	101052653	autori_scopus_preferred-name_erc.tsv	2026-09-29 18:30:20.018000	57194286495	1	SH6	49	2404	26183	2269	94.38435940099833
6abc03bc2297e265fbed8dda	57194286495	Mecozzi B.	Beniamino	Mecozzi	Beniamino Mecozzi	1	SH6	1	SH	1	101052653	autori_scopus_preferred-name_erc.tsv	2026-09-29 18:30:20.018000	57203628230	0	SH6	49	992	26183	0	0.0
6abc03bc2297e265fbed9275	57203628230	Mecozzi A.	A.	Mecozzi	Antonio Mecozzi	1	PE7	1	PE	1	101077917	autori_scopus_preferred-name_erc.tsv	2026-09-29 18:30:20.830000	57194286495	0	PE7	123	2404	36114	0	0.0
6abc03bc2297e265fbed9275	57203628230	Mecozzi A.	A.	Mecozzi	Antonio Mecozzi	1	PE7	1	PE	1	101077917	autori_scopus_preferred-name_erc.tsv	2026-09-29 18:30:20.830000	57203628230	1	PE7	123	992	36114	277	27.923387096774192
6abc03bc2297e265fbed8def	57477394000	Corti M.	Mattia	Corti	Mattia Corti	1	SYG-PE	1	PE	1	101115663	autori_scopus_preferred-name_erc.tsv	2026-09-29 18:30:20.037000	57477394000	1	SYG-PE	78	182	42748	182	100.0
6abc03bc2297e265fbed8def	57477394000	Corti M.	Mattia	Corti	Mattia Corti	1	SYG-PE	1	PE	1	101115663	autori_scopus_preferred-name_erc.tsv	2026-09-29 18:30:20.037000	56581966700	0	SYG-PE	78	205	42748	10	4.878048780487805
6abc03bc2297e265fbed8def	57477394000	Corti M.	Mattia	Corti	Mattia Corti	1	SYG-PE	1	PE	1	101115663	autori_scopus_preferred-name_erc.tsv	2026-09-29 18:30:20.037000	7006220309	0	SYG-PE	78	1721	42748	21	1.220220801859384
6abc03bc2297e265fbed9176	56581966700	Corti V.	Vasco	Corti	Vasco Corti	1	PE5	1	PE	3	101040025 - 101106125 - 101105828	autori_scopus_preferred-name_erc.tsv	2026-09-29 18:30:20.727000	57477394000	0	PE5	116	182	47818	1	0.5494505494505495
6abc03bc2297e265fbed9176	56581966700	Corti V.	Vasco	Corti	Vasco Corti	1	PE5	1	PE	3	101040025 - 101106125 - 101105828	autori_scopus_preferred-name_erc.tsv	2026-09-29 18:30:20.727000	56581966700	1	PE5	116	205	47818	118	57.56097560975609
6abc03bc2297e265fbed9176	56581966700	Corti V.	Vasco	Corti	Vasco Corti	1	PE5	1	PE	3	101040025 - 101106125 - 101105828	autori_scopus_preferred-name_erc.tsv	2026-09-29 18:30:20.727000	7006220309	0	PE5	116	1721	47818	0	0.0
6abc03bd2297e265fbed9593	7006220309	Corti G.	Giacomo	Corti	Giacomo Corti	1	PE10	1	PE	2	101087245 - 101119486	autori_scopus_preferred-name_erc.tsv	2026-09-29 18:30:21.095000	57477394000	0	PE10	63	182	43045	1	0.5494505494505495
6abc03bd2297e265fbed9593	7006220309	Corti G.	Giacomo	Corti	Giacomo Corti	1	PE10	1	PE	2	101087245 - 101119486	autori_scopus_preferred-name_erc.tsv	2026-09-29 18:30:21.095000	56581966700	0	PE10	63	205	43045	0	0.0
6abc03bd2297e265fbed9593	7006220309	Corti G.	Giacomo	Corti	Giacomo Corti	1	PE10	1	PE	2	101087245 - 101119486	autori_scopus_preferred-name_erc.tsv	2026-09-29 18:30:21.095000	7006220309	1	PE10	63	1721	43045	1627	94.53805926786751
6abc03bc2297e265fbed8df2	57668086600	Kim D.	Dawoon E.	Kim	Dawoon E. Kim	1	PE9	1	PE	1	101076343	autori_scopus_preferred-name_erc.tsv	2026-09-29 18:30:20.040000	57668086600	1	PE9	519	739	151153	703	95.12855209742895
6abc03bc2297e265fbed8df2	57668086600	Kim D.	Dawoon E.	Kim	Dawoon E. Kim	1	PE9	1	PE	1	101076343	autori_scopus_preferred-name_erc.tsv	2026-09-29 18:30:20.040000	58290088200	0	PE9	519	49	151153	0	0.0
6abc03bc2297e265fbed8f0e	58290088200	Kim S.	Sung-hwan	Kim	Sung-Hwan Kim	1	PE6	1	PE	1	101039208	autori_scopus_preferred-name_erc.tsv	2026-09-29 18:30:20.291000	57668086600	0	PE6	23	739	5452	0	0.0
6abc03bc2297e265fbed8f0e	58290088200	Kim S.	Sung-hwan	Kim	Sung-Hwan Kim	1	PE6	1	PE	1	101039208	autori_scopus_preferred-name_erc.tsv	2026-09-29 18:30:20.291000	58290088200	1	PE6	23	49	5452	49	100.0
6abc03bc2297e265fbed8e13	7402527192	Costa E.	Enrico	Costa	Enrico Costa	1	PE9	1	PE	1	101076343	autori_scopus_preferred-name_erc.tsv	2026-09-29 18:30:20.071000	7402527192	1	PE9	519	2506	151153	2506	100.0
6abc03bc2297e265fbed8e13	7402527192	Costa E.	Enrico	Costa	Enrico Costa	1	PE9	1	PE	1	101076343	autori_scopus_preferred-name_erc.tsv	2026-09-29 18:30:20.071000	57102696600	0	PE9	519	249	151153	1	0.4016064257028112
6abc03bc2297e265fbed8e92	57102696600	Costa P.	Paolo	Costa	Paolo Costa	1	PE5	1	PE	3	101040025 - 101106125 - 101105828	autori_scopus_preferred-name_erc.tsv	2026-09-29 18:30:20.183000	7402527192	0	PE5	116	2506	47818	2	0.07980845969672785
6abc03bc2297e265fbed8e92	57102696600	Costa P.	Paolo	Costa	Paolo Costa	1	PE5	1	PE	3	101040025 - 101106125 - 101105828	autori_scopus_preferred-name_erc.tsv	2026-09-29 18:30:20.183000	57102696600	1	PE5	116	249	47818	249	100.0
6abc03bc2297e265fbed8e1a	10040033000	Monaco G.	Giulio	Monaco	Giulio Monaco	1	PE3	1	PE	1	101053167	autori_scopus_preferred-name_erc.tsv	2026-09-29 18:30:20.078000	10040033000	1	PE3	33	1122	19656	583	51.9607843137255
6abc03bc2297e265fbed8e1a	10040033000	Monaco G.	Giulio	Monaco	Giulio Monaco	1	PE3	1	PE	1	101053167	autori_scopus_preferred-name_erc.tsv	2026-09-29 18:30:20.078000	59227903300	0	PE3	33	0	19656	0	0
6abc03bc2297e265fbed8e1a	10040033000	Monaco G.	Giulio	Monaco	Giulio Monaco	1	PE3	1	PE	1	101053167	autori_scopus_preferred-name_erc.tsv	2026-09-29 18:30:20.078000	7006221760	0	PE3	33	1232	19656	0	0.0
6abc03bc2297e265fbed9459	59227903300	Monaco M.	Mariagrazia	Monaco	Mariagrazia Monaco	1	LS4	1	LS	1	101045285	autori_scopus_preferred-name_erc.tsv	2026-09-29 18:30:20.993000	10040033000	0	LS4	61	1122	38578	2	0.17825311942959002
6abc03bc2297e265fbed9459	59227903300	Monaco M.	Mariagrazia	Monaco	Mariagrazia Monaco	1	LS4	1	LS	1	101045285	autori_scopus_preferred-name_erc.tsv	2026-09-29 18:30:20.993000	59227903300	1	LS4	61	0	38578	0	0
6abc03bc2297e265fbed9459	59227903300	Monaco M.	Mariagrazia	Monaco	Mariagrazia Monaco	1	LS4	1	LS	1	101045285	autori_scopus_preferred-name_erc.tsv	2026-09-29 18:30:20.993000	7006221760	0	LS4	61	1232	38578	1	0.08116883116883117
6abc03bd2297e265fbed9594	7006221760	Monaco P.	Pierluigi	Monaco	Pierluigi Monaco	1	PE9	1	PE	1	101042299	autori_scopus_preferred-name_erc.tsv	2026-09-29 18:30:21.096000	10040033000	0	PE9	519	1122	151153	10	0.8912655971479502
6abc03bd2297e265fbed9594	7006221760	Monaco P.	Pierluigi	Monaco	Pierluigi Monaco	1	PE9	1	PE	1	101042299	autori_scopus_preferred-name_erc.tsv	2026-09-29 18:30:21.096000	59227903300	0	PE9	519	0	151153	0	0
6abc03bd2297e265fbed9594	7006221760	Monaco P.	Pierluigi	Monaco	Pierluigi Monaco	1	PE9	1	PE	1	101042299	autori_scopus_preferred-name_erc.tsv	2026-09-29 18:30:21.096000	7006221760	1	PE9	519	1232	151153	880	71.42857142857143
6abc03bc2297e265fbed8e22	15047667100	Galbusera F.	F.	Galbusera	Fabio Galbusera	1	PE8	1	PE	1	101044828	autori_scopus_preferred-name_erc.tsv	2026-09-29 18:30:20.085000	15047667100	1	PE8	200	2200	100990	35	1.5909090909090908
6abc03bc2297e265fbed8e22	15047667100	Galbusera F.	F.	Galbusera	Fabio Galbusera	1	PE8	1	PE	1	101044828	autori_scopus_preferred-name_erc.tsv	2026-09-29 18:30:20.085000	58863173900	0	PE8	200	48	100990	0	0.0
6abc03bc2297e265fbed9430	58863173900	Galbusera A.	Alessia	Galbusera	Alessia Galbusera	1	SH6	1	SH	2	101065320 - 101077348	autori_scopus_preferred-name_erc.tsv	2026-09-29 18:30:20.982000	15047667100	0	SH6	49	2200	26183	20	0.9090909090909091
6abc03bc2297e265fbed9430	58863173900	Galbusera A.	Alessia	Galbusera	Alessia Galbusera	1	SH6	1	SH	2	101065320 - 101077348	autori_scopus_preferred-name_erc.tsv	2026-09-29 18:30:20.982000	58863173900	1	SH6	49	48	26183	0	0.0
6abc03bc2297e265fbed8e3c	27568039400	Santini P.	Paola	Santini	Paola Santini	1	PE9	1	PE	1	101053208	autori_scopus_preferred-name_erc.tsv	2026-09-29 18:30:20.108000	27568039400	1	PE9	519	2609	151153	2566	98.35185894978919
6abc03bc2297e265fbed8e3c	27568039400	Santini P.	Paola	Santini	Paola Santini	1	PE9	1	PE	1	101053208	autori_scopus_preferred-name_erc.tsv	2026-09-29 18:30:20.108000	7006198153	0	PE9	519	512	151153	11	2.1484375
6abc03bd2297e265fbed9592	7006198153	Santini P.	Paolo	Santini	P. Santini	1	SYG-PE	1	PE	1	101071533	autori_scopus_preferred-name_erc.tsv	2026-09-29 18:30:21.094000	27568039400	0	SYG-PE	78	2609	42748	510	19.547719432732848
6abc03bd2297e265fbed9592	7006198153	Santini P.	Paolo	Santini	P. Santini	1	SYG-PE	1	PE	1	101071533	autori_scopus_preferred-name_erc.tsv	2026-09-29 18:30:21.094000	7006198153	1	SYG-PE	78	512	42748	512	100.0
6abc03bc2297e265fbed8e3f	35148174600	Paggi M.	Marco	Paggi	M. Paggi	1	PE8	1	PE	1	101052956	autori_scopus_preferred-name_erc.tsv	2026-09-29 18:30:20.111000	35148174600	1	PE8	200	2427	100990	930	38.31891223733004
6abc03bc2297e265fbed8e3f	35148174600	Paggi M.	Marco	Paggi	M. Paggi	1	PE8	1	PE	1	101052956	autori_scopus_preferred-name_erc.tsv	2026-09-29 18:30:20.111000	36933029700	0	PE8	200	2419	100990	1	0.0413393964448119
6abc03bc2297e265fbed907c	36933029700	Paggi A.	Alessandro	Paggi	Alessandro Paggi	1	PE9	1	PE	1	101076343	autori_scopus_preferred-name_erc.tsv	2026-09-29 18:30:20.575000	35148174600	0	PE9	519	2427	151153	6	0.2472187886279357
6abc03bc2297e265fbed907c	36933029700	Paggi A.	Alessandro	Paggi	Alessandro Paggi	1	PE9	1	PE	1	101076343	autori_scopus_preferred-name_erc.tsv	2026-09-29 18:30:20.575000	36933029700	1	PE9	519	2419	151153	2240	92.60024803637867
6abc03bc2297e265fbed8e4d	36893312700	Martinelli C.	Chiara	Martinelli	Chiara Martinelli	1	PE8	1	PE	2	101068512 - 101053122	autori_scopus_preferred-name_erc.tsv	2026-09-29 18:30:20.123000	36893312700	1	PE8	200	1660	100990	1172	70.60240963855422
6abc03bc2297e265fbed8e4d	36893312700	Martinelli C.	Chiara	Martinelli	Chiara Martinelli	1	PE8	1	PE	2	101068512 - 101053122	autori_scopus_preferred-name_erc.tsv	2026-09-29 18:30:20.123000	57208149448	0	PE8	200	386	100990	12	3.1088082901554404
6abc03bc2297e265fbed8e4d	36893312700	Martinelli C.	Chiara	Martinelli	Chiara Martinelli	1	PE8	1	PE	2	101068512 - 101053122	autori_scopus_preferred-name_erc.tsv	2026-09-29 18:30:20.123000	57190342916	0	PE8	200	1029	100990	82	7.968901846452867
6abc03bc2297e265fbed8ec3	57208149448	Martinelli A.	Alessandro	Martinelli	Alessandro Martinelli	1	PE3	1	PE	1	101053167	autori_scopus_preferred-name_erc.tsv	2026-09-29 18:30:20.224000	36893312700	0	PE3	33	1660	19656	37	2.2289156626506026
6abc03bc2297e265fbed8ec3	57208149448	Martinelli A.	Alessandro	Martinelli	Alessandro Martinelli	1	PE3	1	PE	1	101053167	autori_scopus_preferred-name_erc.tsv	2026-09-29 18:30:20.224000	57208149448	1	PE3	33	386	19656	355	91.96891191709845
6abc03bc2297e265fbed8ec3	57208149448	Martinelli A.	Alessandro	Martinelli	Alessandro Martinelli	1	PE3	1	PE	1	101053167	autori_scopus_preferred-name_erc.tsv	2026-09-29 18:30:20.224000	57190342916	0	PE3	33	1029	19656	5	0.4859086491739553
6abc03bc2297e265fbed91cd	57190342916	Martinelli I.	Ilaria	Martinelli	Ilaria Martinelli	1	SH4	1	SH	1	101042625	autori_scopus_preferred-name_erc.tsv	2026-09-29 18:30:20.764000	36893312700	0	SH4	82	1660	47006	12	0.7228915662650602
6abc03bc2297e265fbed91cd	57190342916	Martinelli I.	Ilaria	Martinelli	Ilaria Martinelli	1	SH4	1	SH	1	101042625	autori_scopus_preferred-name_erc.tsv	2026-09-29 18:30:20.764000	57208149448	0	SH4	82	386	47006	1	0.2590673575129534
6abc03bc2297e265fbed91cd	57190342916	Martinelli I.	Ilaria	Martinelli	Ilaria Martinelli	1	SH4	1	SH	1	101042625	autori_scopus_preferred-name_erc.tsv	2026-09-29 18:30:20.764000	57190342916	1	SH4	82	1029	47006	917	89.1156462585034
6abc03bc2297e265fbed8e4e	37003280500	Vacca G.	Giuseppe	Vacca	Giuseppe Vacca	1	SYG-PE	1	PE	1	101115663	autori_scopus_preferred-name_erc.tsv	2026-09-29 18:30:20.124000	37003280500	1	SYG-PE	78	483	42748	450	93.16770186335404
6abc03bc2297e265fbed8e4e	37003280500	Vacca G.	Giuseppe	Vacca	Giuseppe Vacca	1	SYG-PE	1	PE	1	101115663	autori_scopus_preferred-name_erc.tsv	2026-09-29 18:30:20.124000	57217795988	0	SYG-PE	78	1084	42748	6	0.5535055350553505
6abc03bc2297e265fbed930b	57217795988	Vacca A.	Antonio	Vacca	Antonio Vacca	1	LS4	1	LS	1	101078307	autori_scopus_preferred-name_erc.tsv	2026-09-29 18:30:20.903000	37003280500	0	LS4	61	483	38578	3	0.6211180124223602
6abc03bc2297e265fbed930b	57217795988	Vacca A.	Antonio	Vacca	Antonio Vacca	1	LS4	1	LS	1	101078307	autori_scopus_preferred-name_erc.tsv	2026-09-29 18:30:20.903000	57217795988	1	LS4	61	1084	38578	50	4.612546125461255
6abc03bc2297e265fbed8e4f	37018396300	Marchetti R.	Roberta	Marchetti	Roberta Marchetti	1	PE5	1	PE	1	101039841	autori_scopus_preferred-name_erc.tsv	2026-09-29 18:30:20.125000	37018396300	1	PE5	116	970	47818	970	100.0
6abc03bc2297e265fbed8e4f	37018396300	Marchetti R.	Roberta	Marchetti	Roberta Marchetti	1	PE5	1	PE	1	101039841	autori_scopus_preferred-name_erc.tsv	2026-09-29 18:30:20.125000	57193493644	0	PE5	116	483	47818	44	9.109730848861282
6abc03bc2297e265fbed8e4f	37018396300	Marchetti R.	Roberta	Marchetti	Roberta Marchetti	1	PE5	1	PE	1	101039841	autori_scopus_preferred-name_erc.tsv	2026-09-29 18:30:20.125000	7103204997	0	PE5	116	3537	47818	40	1.130901894260673
6abc03bc2297e265fbed91f4	57193493644	Marchetti F.	Filippo	Marchetti	Filippo Marchetti	1	PE4	1	PE	2	101112805 - 101088032	autori_scopus_preferred-name_erc.tsv	2026-09-29 18:30:20.781000	37018396300	0	PE4	118	970	55310	52	5.360824742268041
6abc03bc2297e265fbed91f4	57193493644	Marchetti F.	Filippo	Marchetti	Filippo Marchetti	1	PE4	1	PE	2	101112805 - 101088032	autori_scopus_preferred-name_erc.tsv	2026-09-29 18:30:20.781000	57193493644	1	PE4	118	483	55310	437	90.47619047619048
6abc03bc2297e265fbed91f4	57193493644	Marchetti F.	Filippo	Marchetti	Filippo Marchetti	1	PE4	1	PE	2	101112805 - 101088032	autori_scopus_preferred-name_erc.tsv	2026-09-29 18:30:20.781000	7103204997	0	PE4	118	3537	55310	31	0.8764489680520215
6abc03bd2297e265fbed95bb	7103204997	Marchetti P.	P.	Marchetti	Piero Marchetti	1	LS4	1	LS	1	101043671	autori_scopus_preferred-name_erc.tsv	2026-09-29 18:30:21.130000	37018396300	0	LS4	61	970	38578	18	1.8556701030927836
6abc03bd2297e265fbed95bb	7103204997	Marchetti P.	P.	Marchetti	Piero Marchetti	1	LS4	1	LS	1	101043671	autori_scopus_preferred-name_erc.tsv	2026-09-29 18:30:21.130000	57193493644	0	LS4	61	483	38578	23	4.761904761904762
6abc03bd2297e265fbed95bb	7103204997	Marchetti P.	P.	Marchetti	Piero Marchetti	1	LS4	1	LS	1	101043671	autori_scopus_preferred-name_erc.tsv	2026-09-29 18:30:21.130000	7103204997	1	LS4	61	3537	38578	472	13.34464235227594
6abc03bc2297e265fbed8e50	37040936100	Tanzi L.	Luca	Tanzi	Luca Tanzi	1	PE2	1	PE	1	101055319	autori_scopus_preferred-name_erc.tsv	2026-09-29 18:30:20.126000	37040936100	1	PE2	198	83	59032	83	100.0
6abc03bc2297e265fbed8e50	37040936100	Tanzi L.	Luca	Tanzi	Luca Tanzi	1	PE2	1	PE	1	101055319	autori_scopus_preferred-name_erc.tsv	2026-09-29 18:30:20.126000	57223193616	0	PE2	198	234	59032	0	0.0
6abc03bc2297e265fbed9362	57223193616	Tanzi A.	Adele	Tanzi	Adele Tanzi	1	LS7	1	LS	1	101045467	autori_scopus_preferred-name_erc.tsv	2026-09-29 18:30:20.925000	37040936100	0	LS7	98	83	79924	0	0.0
6abc03bc2297e265fbed9362	57223193616	Tanzi A.	Adele	Tanzi	Adele Tanzi	1	LS7	1	LS	1	101045467	autori_scopus_preferred-name_erc.tsv	2026-09-29 18:30:20.925000	57223193616	1	LS7	98	234	79924	234	100.0
6abc03bc2297e265fbed8e5e	55246218600	Huang R.	Ruojun	Huang	Ruojun Huang	1	PE1	1	PE	1	101053472	autori_scopus_preferred-name_erc.tsv	2026-09-29 18:30:20.139000	55246218600	1	PE1	23	109	5131	109	100.0
6abc03bc2297e265fbed8e5e	55246218600	Huang R.	Ruojun	Huang	Ruojun Huang	1	PE1	1	PE	1	101053472	autori_scopus_preferred-name_erc.tsv	2026-09-29 18:30:20.139000	57211634315	0	PE1	23	681	5131	0	0.0
6abc03bc2297e265fbed8ecf	57211634315	Huang K.	Kun D.	Huang	Kun D. Huang	1	LS8	1	LS	1	101045015	autori_scopus_preferred-name_erc.tsv	2026-09-29 18:30:20.235000	55246218600	0	LS8	85	109	44172	0	0.0
6abc03bc2297e265fbed8ecf	57211634315	Huang K.	Kun D.	Huang	Kun D. Huang	1	LS8	1	LS	1	101045015	autori_scopus_preferred-name_erc.tsv	2026-09-29 18:30:20.235000	57211634315	1	LS8	85	681	44172	681	100.0
6abc03bc2297e265fbed8e62	55375394900	Rinaldi L.	Luca	Rinaldi	Luca Rinaldi	1	SH4	1	SH	1	101087053	autori_scopus_preferred-name_erc.tsv	2026-09-29 18:30:20.141000	55375394900	1	SH4	82	1735	47006	807	46.512968299711815
6abc03bc2297e265fbed8e62	55375394900	Rinaldi L.	Luca	Rinaldi	Luca Rinaldi	1	SH4	1	SH	1	101087053	autori_scopus_preferred-name_erc.tsv	2026-09-29 18:30:20.141000	8325324100	0	SH4	82	461	47006	1	0.21691973969631237
6abc03bd2297e265fbed95d4	8325324100	Rinaldi A.	Alessandra	Rinaldi	Alessandra Rinaldi	1	LS9	1	LS	1	101040462	autori_scopus_preferred-name_erc.tsv	2026-09-29 18:30:21.149000	55375394900	0	LS9	22	1735	14097	5	0.2881844380403458
6abc03bd2297e265fbed95d4	8325324100	Rinaldi A.	Alessandra	Rinaldi	Alessandra Rinaldi	1	LS9	1	LS	1	101040462	autori_scopus_preferred-name_erc.tsv	2026-09-29 18:30:21.149000	8325324100	1	LS9	22	461	14097	1	0.21691973969631237
6abc03bc2297e265fbed8e68	55697020400	Conte R.	Riccardo	Conte	Riccardo Conte	1	PE4	1	PE	1	101081361	autori_scopus_preferred-name_erc.tsv	2026-09-29 18:30:20.147000	55697020400	1	PE4	118	1149	55310	724	63.01131418624891
6abc03bc2297e265fbed8e68	55697020400	Conte R.	Riccardo	Conte	Riccardo Conte	1	PE4	1	PE	1	101081361	autori_scopus_preferred-name_erc.tsv	2026-09-29 18:30:20.147000	56268146200	0	PE4	118	143	55310	26	18.181818181818183
6abc03bc2297e265fbed914d	56268146200	Conte A.	Adriano Mosca	Conte	Adriano Mosca Conte	1	PE3	1	PE	1	101066434	autori_scopus_preferred-name_erc.tsv	2026-09-29 18:30:20.708000	55697020400	0	PE3	33	1149	19656	42	3.6553524804177546
6abc03bc2297e265fbed914d	56268146200	Conte A.	Adriano Mosca	Conte	Adriano Mosca Conte	1	PE3	1	PE	1	101066434	autori_scopus_preferred-name_erc.tsv	2026-09-29 18:30:20.708000	56268146200	1	PE3	33	143	19656	75	52.44755244755245
6abc03bc2297e265fbed8e75	56195219500	Camargo F.	Franco V.A.	Camargo	Franco V. A. Camargo	1	LS9	1	LS	1	101053983	autori_scopus_preferred-name_erc.tsv	2026-09-29 18:30:20.158000	56195219500	1	LS9	22	832	14097	282	33.894230769230774
6abc03bc2297e265fbed8e75	56195219500	Camargo F.	Franco V.A.	Camargo	Franco V. A. Camargo	1	LS9	1	LS	1	101053983	autori_scopus_preferred-name_erc.tsv	2026-09-29 18:30:20.158000	59304306700	0	LS9	22	0	14097	0	0
6abc03bc2297e265fbed9468	59304306700	Camargo F.	Franco V.A.	Camargo	Franco V. A. Camargo	1	PE4	1	PE	2	101047137 - 101076859	autori_scopus_preferred-name_erc.tsv	2026-09-29 18:30:20.996000	56195219500	0	PE4	118	832	55310	263	31.610576923076923
6abc03bc2297e265fbed9468	59304306700	Camargo F.	Franco V.A.	Camargo	Franco V. A. Camargo	1	PE4	1	PE	2	101047137 - 101076859	autori_scopus_preferred-name_erc.tsv	2026-09-29 18:30:20.996000	59304306700	1	PE4	118	0	55310	0	0
6abc03bc2297e265fbed8e7f	56394720500	Venturi D.	Daniele	Venturi	Daniele Venturi	1	PE6	1	PE	2	101096871 - 101054911	autori_scopus_preferred-name_erc.tsv	2026-09-29 18:30:20.167000	56394720500	1	PE6	23	800	5452	264	33.0
6abc03bc2297e265fbed8e7f	56394720500	Venturi D.	Daniele	Venturi	Daniele Venturi	1	PE6	1	PE	2	101096871 - 101054911	autori_scopus_preferred-name_erc.tsv	2026-09-29 18:30:20.167000	57201649820	0	PE6	23	1696	5452	0	0.0
6abc03bc2297e265fbed924e	57201649820	Venturi G.	Giacomo	Venturi	G. Venturi	1	PE9	1	PE	1	101040751	autori_scopus_preferred-name_erc.tsv	2026-09-29 18:30:20.819000	56394720500	0	PE9	519	800	151153	0	0.0
6abc03bc2297e265fbed924e	57201649820	Venturi G.	Giacomo	Venturi	G. Venturi	1	PE9	1	PE	1	101040751	autori_scopus_preferred-name_erc.tsv	2026-09-29 18:30:20.819000	57201649820	1	PE9	519	1696	151153	1696	100.0
6abc03bc2297e265fbed8e87	56638659600	Filippini T.	Tommaso	Filippini	Tommaso Filippini	1	SH4	1	SH	1	101042625	autori_scopus_preferred-name_erc.tsv	2026-09-29 18:30:20.173000	56638659600	1	SH4	82	5919	47006	5075	85.74083460043926
6abc03bc2297e265fbed8e87	56638659600	Filippini T.	Tommaso	Filippini	Tommaso Filippini	1	SH4	1	SH	1	101042625	autori_scopus_preferred-name_erc.tsv	2026-09-29 18:30:20.173000	54402939800	0	SH4	82	1490	47006	1	0.06711409395973154
6abc03bc2297e265fbed8e87	56638659600	Filippini T.	Tommaso	Filippini	Tommaso Filippini	1	SH4	1	SH	1	101042625	autori_scopus_preferred-name_erc.tsv	2026-09-29 18:30:20.173000	57192251704	0	SH4	82	1186	47006	7	0.5902192242833052
6abc03bc2297e265fbed909f	54402939800	Filippini G.	Giacomo	Filippini	Giacomo Filippini	1	PE5	1	PE	1	101039578	autori_scopus_preferred-name_erc.tsv	2026-09-29 18:30:20.603000	56638659600	0	PE5	116	5919	47818	32	0.5406318634904544
6abc03bc2297e265fbed909f	54402939800	Filippini G.	Giacomo	Filippini	Giacomo Filippini	1	PE5	1	PE	1	101039578	autori_scopus_preferred-name_erc.tsv	2026-09-29 18:30:20.603000	54402939800	1	PE5	116	1490	47818	429	28.79194630872483
6abc03bc2297e265fbed909f	54402939800	Filippini G.	Giacomo	Filippini	Giacomo Filippini	1	PE5	1	PE	1	101039578	autori_scopus_preferred-name_erc.tsv	2026-09-29 18:30:20.603000	57192251704	0	PE5	116	1186	47818	6	0.5059021922428331
6abc03bc2297e265fbed91de	57192251704	Filippini F.	Francesco	Filippini	F. Filippini	1	PE9	1	PE	1	101076343	autori_scopus_preferred-name_erc.tsv	2026-09-29 18:30:20.772000	56638659600	0	PE9	519	5919	151153	9	0.15205271160669032
6abc03bc2297e265fbed91de	57192251704	Filippini F.	Francesco	Filippini	F. Filippini	1	PE9	1	PE	1	101076343	autori_scopus_preferred-name_erc.tsv	2026-09-29 18:30:20.772000	54402939800	0	PE9	519	1490	151153	10	0.6711409395973155
6abc03bc2297e265fbed91de	57192251704	Filippini F.	Francesco	Filippini	F. Filippini	1	PE9	1	PE	1	101076343	autori_scopus_preferred-name_erc.tsv	2026-09-29 18:30:20.772000	57192251704	1	PE9	519	1186	151153	1186	100.0
6abc03bc2297e265fbed8e93	57188624879	Capone F.	Federico	Capone	Federico Capone	1	LS4	1	LS	1	101078307	autori_scopus_preferred-name_erc.tsv	2026-09-29 18:30:20.184000	57188624879	1	LS4	61	610	38578	43	7.049180327868852
6abc03bc2297e265fbed8e93	57188624879	Capone F.	Federico	Capone	Federico Capone	1	LS4	1	LS	1	101078307	autori_scopus_preferred-name_erc.tsv	2026-09-29 18:30:20.184000	35434659900	0	LS4	61	1612	38578	6	0.37220843672456577
6abc03bc2297e265fbed903c	35434659900	Capone A.	Antonio	Capone	A. Capone	1	PE9	1	PE	1	101076343	autori_scopus_preferred-name_erc.tsv	2026-09-29 18:30:20.549000	57188624879	0	PE9	519	610	151153	0	0.0
6abc03bc2297e265fbed903c	35434659900	Capone A.	Antonio	Capone	A. Capone	1	PE9	1	PE	1	101076343	autori_scopus_preferred-name_erc.tsv	2026-09-29 18:30:20.549000	35434659900	1	PE9	519	1612	151153	1612	100.0
6abc03bc2297e265fbed8ea0	57193874792	Calabro A.	Antonello	Calabro	Antonello Calabró	1	PE9	1	PE	1	101053208	autori_scopus_preferred-name_erc.tsv	2026-09-29 18:30:20.194000	57193874792	1	PE9	519	3522	151153	3325	94.40658716638274
6abc03bc2297e265fbed8ea0	57193874792	Calabro A.	Antonello	Calabro	Antonello Calabró	1	PE9	1	PE	1	101053208	autori_scopus_preferred-name_erc.tsv	2026-09-29 18:30:20.194000	57202022068	0	PE9	519	307	151153	0	0.0
6abc03bc2297e265fbed9254	57202022068	Calabro L.	Laura	Calabro	Laura Calabrò	1	PE10	1	PE	1	101044772	autori_scopus_preferred-name_erc.tsv	2026-09-29 18:30:20.821000	57193874792	0	PE10	63	3522	43045	17	0.4826802952867689
6abc03bc2297e265fbed9254	57202022068	Calabro L.	Laura	Calabro	Laura Calabrò	1	PE10	1	PE	1	101044772	autori_scopus_preferred-name_erc.tsv	2026-09-29 18:30:20.821000	57202022068	1	PE10	63	307	43045	54	17.58957654723127
6abc03bc2297e265fbed8ea6	57195808631	Russo S.	Simone	Russo	Simone Russo	1	SYG-LS	1	LS	1	101071900	autori_scopus_preferred-name_erc.tsv	2026-09-29 18:30:20.199000	57195808631	1	SYG-LS	47	474	27374	474	100.0
6abc03bc2297e265fbed8ea6	57195808631	Russo S.	Simone	Russo	Simone Russo	1	SYG-LS	1	LS	1	101071900	autori_scopus_preferred-name_erc.tsv	2026-09-29 18:30:20.199000	57194018820	0	SYG-LS	47	782	27374	17	2.1739130434782608
6abc03bc2297e265fbed9202	57194018820	Russo L.	Luca	Russo	Luca Russo	1	LS7	1	LS	1	101077710	autori_scopus_preferred-name_erc.tsv	2026-09-29 18:30:20.785000	57195808631	0	LS7	98	474	79924	38	8.016877637130802
6abc03bc2297e265fbed9202	57194018820	Russo L.	Luca	Russo	Luca Russo	1	LS7	1	LS	1	101077710	autori_scopus_preferred-name_erc.tsv	2026-09-29 18:30:20.785000	57194018820	1	LS7	98	782	79924	710	90.7928388746803
6abc03bc2297e265fbed8eb1	57201496275	Bonetti L.	Lorenzo	Bonetti	Lorenzo Bonetti	1	PE8	1	PE	1	101039467	autori_scopus_preferred-name_erc.tsv	2026-09-29 18:30:20.208000	57201496275	1	PE8	200	1001	100990	120	11.988011988011989
6abc03bc2297e265fbed8eb1	57201496275	Bonetti L.	Lorenzo	Bonetti	Lorenzo Bonetti	1	PE8	1	PE	1	101039467	autori_scopus_preferred-name_erc.tsv	2026-09-29 18:30:20.208000	57216803267	0	PE8	200	390	100990	23	5.897435897435897
6abc03bc2297e265fbed8edd	57216803267	Bonetti G.	Giorgia	Bonetti	Giorgia Bonetti	1	PE4	1	PE	1	101040798	autori_scopus_preferred-name_erc.tsv	2026-09-29 18:30:20.246000	57201496275	0	PE4	118	1001	55310	20	1.998001998001998
6abc03bc2297e265fbed8edd	57216803267	Bonetti G.	Giorgia	Bonetti	Giorgia Bonetti	1	PE4	1	PE	1	101040798	autori_scopus_preferred-name_erc.tsv	2026-09-29 18:30:20.246000	57216803267	1	PE4	118	390	55310	390	100.0
6abc03bc2297e265fbed8ebf	57204970253	Pignatti C.	Clemente	Pignatti	Clemente Pignatti	1	SH3	1	SH	1	101039655	autori_scopus_preferred-name_erc.tsv	2026-09-29 18:30:20.221000	57204970253	1	SH3	10	0	3893	0	0
6abc03bc2297e265fbed8ebf	57204970253	Pignatti C.	Clemente	Pignatti	Clemente Pignatti	1	SH3	1	SH	1	101039655	autori_scopus_preferred-name_erc.tsv	2026-09-29 18:30:20.221000	6603840161	0	SH3	10	1040	3893	1	0.09615384615384616
6abc03bd2297e265fbed94f8	6603840161	Pignatti S.	Stefano	Pignatti	Stefano Pignatti	1	LS9	1	LS	1	101086622	autori_scopus_preferred-name_erc.tsv	2026-09-29 18:30:21.026000	57204970253	0	LS9	22	0	14097	0	0
6abc03bd2297e265fbed94f8	6603840161	Pignatti S.	Stefano	Pignatti	Stefano Pignatti	1	LS9	1	LS	1	101086622	autori_scopus_preferred-name_erc.tsv	2026-09-29 18:30:21.026000	6603840161	1	LS9	22	1040	14097	54	5.1923076923076925
6abc03bc2297e265fbed8ede	57216891177	Scuderi S.	Sarah Adriana	Scuderi	Sarah Adriana Scuderi	1	LS4	1	LS	1	101052444	autori_scopus_preferred-name_erc.tsv	2026-09-29 18:30:20.247000	57216891177	1	LS4	61	2109	38578	152	7.207207207207207
6abc03bc2297e265fbed8ede	57216891177	Scuderi S.	Sarah Adriana	Scuderi	Sarah Adriana Scuderi	1	LS4	1	LS	1	101052444	autori_scopus_preferred-name_erc.tsv	2026-09-29 18:30:20.247000	36338222000	0	LS4	61	0	38578	0	0
6abc03bc2297e265fbed9062	36338222000	Scuderi C.	Cristina	Scuderi	Cristina Scuderi	1	LS8	1	LS	1	101045015	autori_scopus_preferred-name_erc.tsv	2026-09-29 18:30:20.559000	57216891177	0	LS8	85	2109	44172	51	2.418207681365576
6abc03bc2297e265fbed9062	36338222000	Scuderi C.	Cristina	Scuderi	Cristina Scuderi	1	LS8	1	LS	1	101045015	autori_scopus_preferred-name_erc.tsv	2026-09-29 18:30:20.559000	36338222000	1	LS8	85	0	44172	0	0
6abc03bc2297e265fbed8eec	57221150686	Mandelli V.	Veronica	Mandelli	Veronica Mandelli	1	SH4	1	SH	1	101087263	autori_scopus_preferred-name_erc.tsv	2026-09-29 18:30:20.259000	57221150686	1	SH4	82	231	47006	231	100.0
6abc03bc2297e265fbed8eec	57221150686	Mandelli V.	Veronica	Mandelli	Veronica Mandelli	1	SH4	1	SH	1	101087263	autori_scopus_preferred-name_erc.tsv	2026-09-29 18:30:20.259000	58358365900	0	SH4	82	236	47006	1	0.423728813559322
6abc03bc2297e265fbed93f5	58358365900	Mandelli G.	Giacomo	Mandelli	Giacomo Mandelli	1	PE4	1	PE	1	101081361	autori_scopus_preferred-name_erc.tsv	2026-09-29 18:30:20.968000	57221150686	0	PE4	118	231	55310	7	3.0303030303030303
6abc03bc2297e265fbed93f5	58358365900	Mandelli G.	Giacomo	Mandelli	Giacomo Mandelli	1	PE4	1	PE	1	101081361	autori_scopus_preferred-name_erc.tsv	2026-09-29 18:30:20.968000	58358365900	1	PE4	118	236	55310	236	100.0
6abc03bc2297e265fbed8f0c	58095137400	Cocchi S.	Sebastiano	Cocchi	Sebastiano Cocchi	1	PE7	1	PE	1	101077917	autori_scopus_preferred-name_erc.tsv	2026-09-29 18:30:20.289000	58095137400	1	PE7	123	58	36114	43	74.13793103448276
6abc03bc2297e265fbed8f0c	58095137400	Cocchi S.	Sebastiano	Cocchi	Sebastiano Cocchi	1	PE7	1	PE	1	101077917	autori_scopus_preferred-name_erc.tsv	2026-09-29 18:30:20.289000	56576467500	0	PE7	123	244	36114	1	0.4098360655737705
6abc03bc2297e265fbed9175	56576467500	Cocchi M.	Massimo	Cocchi	Massimo Cocchi	1	PE9	1	PE	1	101076343	autori_scopus_preferred-name_erc.tsv	2026-09-29 18:30:20.726000	58095137400	0	PE9	519	58	151153	2	3.4482758620689653
6abc03bc2297e265fbed9175	56576467500	Cocchi M.	Massimo	Cocchi	Massimo Cocchi	1	PE9	1	PE	1	101076343	autori_scopus_preferred-name_erc.tsv	2026-09-29 18:30:20.726000	56576467500	1	PE9	519	244	151153	244	100.0
6abc03bc2297e265fbed8f12	58500461500	Marchini F.	F.	Marchini	Francesco Marchini	1	PE8	1	PE	1	101041255	autori_scopus_preferred-name_erc.tsv	2026-09-29 18:30:20.294000	58500461500	1	PE8	200	131	100990	131	100.0
6abc03bc2297e265fbed8f12	58500461500	Marchini F.	F.	Marchini	Francesco Marchini	1	PE8	1	PE	1	101041255	autori_scopus_preferred-name_erc.tsv	2026-09-29 18:30:20.294000	55075943300	0	PE8	200	984	100990	5	0.5081300813008129
6abc03bc2297e265fbed90b3	55075943300	Marchini A.	Alessandro	Marchini	Alessandro Marchini	1	PE9	1	PE	1	101076343	autori_scopus_preferred-name_erc.tsv	2026-09-29 18:30:20.616000	58500461500	0	PE9	519	131	151153	0	0.0
6abc03bc2297e265fbed90b3	55075943300	Marchini A.	Alessandro	Marchini	Alessandro Marchini	1	PE9	1	PE	1	101076343	autori_scopus_preferred-name_erc.tsv	2026-09-29 18:30:20.616000	55075943300	1	PE9	519	984	151153	946	96.13821138211382
6abc03bc2297e265fbed8f1e	59274086600	Valente S.	Stefano	Valente	Stefano Valente	1	PE5	1	PE	1	101039578	autori_scopus_preferred-name_erc.tsv	2026-09-29 18:30:20.305000	59274086600	1	PE5	116	74	47818	74	100.0
6abc03bc2297e265fbed8f1e	59274086600	Valente S.	Stefano	Valente	Stefano Valente	1	PE5	1	PE	1	101039578	autori_scopus_preferred-name_erc.tsv	2026-09-29 18:30:20.305000	57190488065	0	PE5	116	1250	47818	8	0.64
6abc03bc2297e265fbed91ce	57190488065	Valente D.	Daria	Valente	Daria Valente	1	SH4	1	SH	1	101041885	autori_scopus_preferred-name_erc.tsv	2026-09-29 18:30:20.765000	59274086600	0	SH4	82	74	47006	0	0.0
6abc03bc2297e265fbed91ce	57190488065	Valente D.	Daria	Valente	Daria Valente	1	SH4	1	SH	1	101041885	autori_scopus_preferred-name_erc.tsv	2026-09-29 18:30:20.765000	57190488065	1	SH4	82	1250	47006	1044	83.52000000000001
6abc03bc2297e265fbed8f1f	59302925800	Paduano A.	Angelo	Paduano	Angelo Paduano	1	PE8	1	PE	1	101075903	autori_scopus_preferred-name_erc.tsv	2026-09-29 18:30:20.306000	59302925800	1	PE8	200	0	100990	0	0
6abc03bc2297e265fbed8f1f	59302925800	Paduano A.	Angelo	Paduano	Angelo Paduano	1	PE8	1	PE	1	101075903	autori_scopus_preferred-name_erc.tsv	2026-09-29 18:30:20.306000	7003751883	0	PE8	200	2022	100990	64	3.165182987141444
6abc03bd2297e265fbed953a	7003751883	Paduano L.	Luigi	Paduano	Luigi Paduano	1	PE5	1	PE	1	101039841	autori_scopus_preferred-name_erc.tsv	2026-09-29 18:30:21.044000	59302925800	0	PE5	116	0	47818	0	0
6abc03bd2297e265fbed953a	7003751883	Paduano L.	Luigi	Paduano	Luigi Paduano	1	PE5	1	PE	1	101039841	autori_scopus_preferred-name_erc.tsv	2026-09-29 18:30:21.044000	7003751883	1	PE5	116	2022	47818	1152	56.97329376854599
6abc03bc2297e265fbed8f3b	7003853565	Treu T.	Tommaso L.	Treu	Tommaso Treu	1	PE9	1	PE	1	101053208	autori_scopus_preferred-name_erc.tsv	2026-09-29 18:30:20.330000	7003853565	1	PE9	519	3014	151153	2552	84.67153284671532
6abc03bc2297e265fbed8f3b	7003853565	Treu T.	Tommaso L.	Treu	Tommaso Treu	1	PE9	1	PE	1	101053208	autori_scopus_preferred-name_erc.tsv	2026-09-29 18:30:20.330000	25923619600	0	PE9	519	2734	151153	31	1.1338697878566204
6abc03bc2297e265fbed8fff	25923619600	Treu L.	Laura	Treu	Laura Treu	1	PE8	1	PE	1	101098064	autori_scopus_preferred-name_erc.tsv	2026-09-29 18:30:20.502000	7003853565	0	PE8	200	3014	100990	13	0.43132050431320507
6abc03bc2297e265fbed8fff	25923619600	Treu L.	Laura	Treu	Laura Treu	1	PE8	1	PE	1	101098064	autori_scopus_preferred-name_erc.tsv	2026-09-29 18:30:20.502000	25923619600	1	PE8	200	2734	100990	2618	95.75713240673007
6abc03bc2297e265fbed8f3f	7004450805	Sala E.	Evis	Sala	Evis Sala	1	LS7	1	LS	1	101077710	autori_scopus_preferred-name_erc.tsv	2026-09-29 18:30:20.333000	7004450805	1	LS7	98	2388	79924	723	30.27638190954774
6abc03bc2297e265fbed8f3f	7004450805	Sala E.	Evis	Sala	Evis Sala	1	LS7	1	LS	1	101077710	autori_scopus_preferred-name_erc.tsv	2026-09-29 18:30:20.333000	55907556200	0	LS7	98	540	79924	0	0.0
6abc03bc2297e265fbed9115	55907556200	Sala B.	Benedetto	Sala	Benedetto Sala	1	SH6	1	SH	1	101052653	autori_scopus_preferred-name_erc.tsv	2026-09-29 18:30:20.686000	7004450805	0	SH6	49	2388	26183	8	0.33500837520938026
6abc03bc2297e265fbed9115	55907556200	Sala B.	Benedetto	Sala	Benedetto Sala	1	SH6	1	SH	1	101052653	autori_scopus_preferred-name_erc.tsv	2026-09-29 18:30:20.686000	55907556200	1	SH6	49	540	26183	397	73.51851851851852
6abc03bc2297e265fbed8f47	7005924048	De Angelis A.	Alessandro D.	De Angelis	A. De Angelis	1	PE9	1	PE	1	101076343	autori_scopus_preferred-name_erc.tsv	2026-09-29 18:30:20.342000	7005924048	1	PE9	519	3122	151153	3042	97.4375400384369
6abc03bc2297e265fbed8f47	7005924048	De Angelis A.	Alessandro D.	De Angelis	A. De Angelis	1	PE9	1	PE	1	101076343	autori_scopus_preferred-name_erc.tsv	2026-09-29 18:30:20.342000	35572110200	0	PE9	519	1960	151153	49	2.5
6abc03bc2297e265fbed8f47	7005924048	De Angelis A.	Alessandro D.	De Angelis	A. De Angelis	1	PE9	1	PE	1	101076343	autori_scopus_preferred-name_erc.tsv	2026-09-29 18:30:20.342000	57201851771	0	PE9	519	825	151153	11	1.3333333333333335
6abc03bc2297e265fbed9045	35572110200	De Angelis C.	Costantino	De Angelis	Costantino De Angelis	1	PE7	1	PE	1	101044797	autori_scopus_preferred-name_erc.tsv	2026-09-29 18:30:20.552000	7005924048	0	PE7	123	3122	36114	14	0.4484304932735426
6abc03bc2297e265fbed9045	35572110200	De Angelis C.	Costantino	De Angelis	Costantino De Angelis	1	PE7	1	PE	1	101044797	autori_scopus_preferred-name_erc.tsv	2026-09-29 18:30:20.552000	35572110200	1	PE7	123	1960	36114	1588	81.0204081632653
6abc03bc2297e265fbed9045	35572110200	De Angelis C.	Costantino	De Angelis	Costantino De Angelis	1	PE7	1	PE	1	101044797	autori_scopus_preferred-name_erc.tsv	2026-09-29 18:30:20.552000	57201851771	0	PE7	123	825	36114	69	8.363636363636363
6abc03bc2297e265fbed9252	57201851771	De Angelis D.	Dario	De Angelis	Dario De Angelis	1	PE4	1	PE	1	101095012	autori_scopus_preferred-name_erc.tsv	2026-09-29 18:30:20.820000	7005924048	0	PE4	118	3122	55310	18	0.5765534913516976
6abc03bc2297e265fbed9252	57201851771	De Angelis D.	Dario	De Angelis	Dario De Angelis	1	PE4	1	PE	1	101095012	autori_scopus_preferred-name_erc.tsv	2026-09-29 18:30:20.820000	35572110200	0	PE4	118	1960	55310	946	48.26530612244898
6abc03bc2297e265fbed9252	57201851771	De Angelis D.	Dario	De Angelis	Dario De Angelis	1	PE4	1	PE	1	101095012	autori_scopus_preferred-name_erc.tsv	2026-09-29 18:30:20.820000	57201851771	1	PE4	118	825	55310	635	76.96969696969697
6abc03bc2297e265fbed8f56	7401962189	Schneider C.	Claus Michael	Schneider	Claus Michael Schneider	1	SYG-PE	1	PE	1	101071259	autori_scopus_preferred-name_erc.tsv	2026-09-29 18:30:20.356000	7401962189	1	SYG-PE	78	747	42748	646	86.47925033467202
6abc03bc2297e265fbed8f56	7401962189	Schneider C.	Claus Michael	Schneider	Claus Michael Schneider	1	SYG-PE	1	PE	1	101071259	autori_scopus_preferred-name_erc.tsv	2026-09-29 18:30:20.356000	56188182400	0	SYG-PE	78	4662	42748	2593	55.619905619905616
6abc03bc2297e265fbed913e	56188182400	Schneider R.	Raffaella	Schneider	R Schneider	1	PE9	1	PE	1	101088676	autori_scopus_preferred-name_erc.tsv	2026-09-29 18:30:20.703000	7401962189	0	PE9	519	747	151153	13	1.7402945113788488
6abc03bc2297e265fbed913e	56188182400	Schneider R.	Raffaella	Schneider	R Schneider	1	PE9	1	PE	1	101088676	autori_scopus_preferred-name_erc.tsv	2026-09-29 18:30:20.703000	56188182400	1	PE9	519	4662	151153	4459	95.64564564564564
6abc03bc2297e265fbed8f58	8212471500	Cassano R.	R.	Cassano	R. Cassano	1	PE9	1	PE	1	101086378	autori_scopus_preferred-name_erc.tsv	2026-09-29 18:30:20.357000	8212471500	1	PE9	519	1528	151153	1528	100.0
6abc03bc2297e265fbed8f58	8212471500	Cassano R.	R.	Cassano	R. Cassano	1	PE9	1	PE	1	101086378	autori_scopus_preferred-name_erc.tsv	2026-09-29 18:30:20.357000	59349928300	0	PE9	519	0	151153	0	0
6abc03bc2297e265fbed9473	59349928300	Cassano B.	Blanca	Cassano	Blanca Cassano	1	PE8	1	PE	1	101040383	autori_scopus_preferred-name_erc.tsv	2026-09-29 18:30:20.998000	8212471500	0	PE8	200	1528	100990	5	0.32722513089005234
6abc03bc2297e265fbed9473	59349928300	Cassano B.	Blanca	Cassano	Blanca Cassano	1	PE8	1	PE	1	101040383	autori_scopus_preferred-name_erc.tsv	2026-09-29 18:30:20.998000	59349928300	1	PE8	200	0	100990	0	0
6abc03bc2297e265fbed8f59	8387869900	Vitiello M.	Miriam Serena	Vitiello	Miriam S Vitiello	1	PE7	1	PE	1	101081567	autori_scopus_preferred-name_erc.tsv	2026-09-29 18:30:20.358000	8387869900	1	PE7	123	1794	36114	1513	84.33667781493868
6abc03bc2297e265fbed8f59	8387869900	Vitiello M.	Miriam Serena	Vitiello	Miriam S Vitiello	1	PE7	1	PE	1	101081567	autori_scopus_preferred-name_erc.tsv	2026-09-29 18:30:20.358000	7005142905	0	PE7	123	372	36114	2	0.5376344086021506
6abc03bd2297e265fbed9579	7005142905	Vitiello M.	Mariateresa	Vitiello	Mariateresa Vitiello	1	PE5	1	PE	1	101039841	autori_scopus_preferred-name_erc.tsv	2026-09-29 18:30:21.086000	8387869900	0	PE5	116	1794	47818	16	0.8918617614269788
6abc03bd2297e265fbed9579	7005142905	Vitiello M.	Mariateresa	Vitiello	Mariateresa Vitiello	1	PE5	1	PE	1	101039841	autori_scopus_preferred-name_erc.tsv	2026-09-29 18:30:21.086000	7005142905	1	PE5	116	372	47818	253	68.01075268817203
6abc03bc2297e265fbed8fa7	16300846100	Conti I.	Irene	Conti	Irene Conti	1	PE4	1	PE	1	101043272	autori_scopus_preferred-name_erc.tsv	2026-09-29 18:30:20.428000	16300846100	1	PE4	118	1773	55310	1773	100.0
6abc03bc2297e265fbed8fa7	16300846100	Conti I.	Irene	Conti	Irene Conti	1	PE4	1	PE	1	101043272	autori_scopus_preferred-name_erc.tsv	2026-09-29 18:30:20.428000	8583299000	0	PE4	118	132	55310	0	0.0
6abc03bd2297e265fbed95e7	8583299000	Conti P.	Pierangelo	Conti	Pierangelo Conti	1	LS7	1	LS	1	101088370	autori_scopus_preferred-name_erc.tsv	2026-09-29 18:30:21.166000	16300846100	0	LS7	98	1773	79924	2	0.1128031584884377
6abc03bd2297e265fbed95e7	8583299000	Conti P.	Pierangelo	Conti	Pierangelo Conti	1	LS7	1	LS	1	101088370	autori_scopus_preferred-name_erc.tsv	2026-09-29 18:30:21.166000	8583299000	1	LS7	98	132	79924	0	0.0
6abc03bc2297e265fbed8fad	16642191800	Botta P.	Paolo	Botta	Paolo Botta	1	LS5	1	LS	1	101055340	autori_scopus_preferred-name_erc.tsv	2026-09-29 18:30:20.432000	16642191800	1	LS5	31	100	15079	100	100.0
6abc03bc2297e265fbed8fad	16642191800	Botta P.	Paolo	Botta	Paolo Botta	1	LS5	1	LS	1	101055340	autori_scopus_preferred-name_erc.tsv	2026-09-29 18:30:20.432000	24723441600	0	LS5	31	1580	15079	6	0.37974683544303794
6abc03bc2297e265fbed8fe8	24723441600	Botta L.	Lorenzo	Botta	Lorenzo Botta	1	LS9	1	LS	1	101054658	autori_scopus_preferred-name_erc.tsv	2026-09-29 18:30:20.482000	16642191800	0	LS9	22	100	14097	0	0.0
6abc03bc2297e265fbed8fe8	24723441600	Botta L.	Lorenzo	Botta	Lorenzo Botta	1	LS9	1	LS	1	101054658	autori_scopus_preferred-name_erc.tsv	2026-09-29 18:30:20.482000	24723441600	1	LS9	22	1580	14097	1032	65.31645569620254
6abc03bc2297e265fbed8fb4	19638894400	Marino G.	Gianluca	Marino	Gianluca Marino	1	SH6	1	SH	1	101052653	autori_scopus_preferred-name_erc.tsv	2026-09-29 18:30:20.437000	19638894400	1	SH6	49	241	26183	56	23.236514522821576
6abc03bc2297e265fbed8fb4	19638894400	Marino G.	Gianluca	Marino	Gianluca Marino	1	SH6	1	SH	1	101052653	autori_scopus_preferred-name_erc.tsv	2026-09-29 18:30:20.437000	55980341800	0	SH6	49	2265	26183	2	0.08830022075055188
6abc03bc2297e265fbed8fb4	19638894400	Marino G.	Gianluca	Marino	Gianluca Marino	1	SH6	1	SH	1	101052653	autori_scopus_preferred-name_erc.tsv	2026-09-29 18:30:20.437000	7202998420	0	SH6	49	535	26183	4	0.7476635514018692
6abc03bc2297e265fbed9120	55980341800	Marino A.	Attilio	Marino	Attilio Marino	1	PE8	1	PE	1	101146025	autori_scopus_preferred-name_erc.tsv	2026-09-29 18:30:20.691000	19638894400	0	PE8	200	241	100990	0	0.0
6abc03bc2297e265fbed9120	55980341800	Marino A.	Attilio	Marino	Attilio Marino	1	PE8	1	PE	1	101146025	autori_scopus_preferred-name_erc.tsv	2026-09-29 18:30:20.691000	55980341800	1	PE8	200	2265	100990	2221	98.05739514348785
6abc03bc2297e265fbed9120	55980341800	Marino A.	Attilio	Marino	Attilio Marino	1	PE8	1	PE	1	101146025	autori_scopus_preferred-name_erc.tsv	2026-09-29 18:30:20.691000	7202998420	0	PE8	200	535	100990	5	0.9345794392523363
6abc03bd2297e265fbed95c3	7202998420	Marino G.	Giuseppe	Marino	G. Marino	1	PE9	1	PE	1	101052347	autori_scopus_preferred-name_erc.tsv	2026-09-29 18:30:21.137000	19638894400	0	PE9	519	241	151153	6	2.4896265560165975
6abc03bd2297e265fbed95c3	7202998420	Marino G.	Giuseppe	Marino	G. Marino	1	PE9	1	PE	1	101052347	autori_scopus_preferred-name_erc.tsv	2026-09-29 18:30:21.137000	55980341800	0	PE9	519	2265	151153	3	0.13245033112582782
6abc03bd2297e265fbed95c3	7202998420	Marino G.	Giuseppe	Marino	G. Marino	1	PE9	1	PE	1	101052347	autori_scopus_preferred-name_erc.tsv	2026-09-29 18:30:21.137000	7202998420	1	PE9	519	535	151153	535	100.0
6abc03bc2297e265fbed8fbb	22951956900	Rusconi R.	Roberto	Rusconi	Roberto Rusconi	1	LS8	1	LS	1	101045015	autori_scopus_preferred-name_erc.tsv	2026-09-29 18:30:20.444000	22951956900	1	LS8	85	899	44172	121	13.459399332591767
6abc03bc2297e265fbed8fbb	22951956900	Rusconi R.	Roberto	Rusconi	Roberto Rusconi	1	LS8	1	LS	1	101045015	autori_scopus_preferred-name_erc.tsv	2026-09-29 18:30:20.444000	57966564200	0	LS8	85	44	44172	0	0.0
6abc03bc2297e265fbed93d2	57966564200	Rusconi M.	Martina	Rusconi	Martina Rusconi	1	PE8	1	PE	1	101089265	autori_scopus_preferred-name_erc.tsv	2026-09-29 18:30:20.956000	22951956900	0	PE8	200	899	100990	35	3.8932146829810903
6abc03bc2297e265fbed93d2	57966564200	Rusconi M.	Martina	Rusconi	Martina Rusconi	1	PE8	1	PE	1	101089265	autori_scopus_preferred-name_erc.tsv	2026-09-29 18:30:20.956000	57966564200	1	PE8	200	44	100990	12	27.27272727272727
6abc03bc2297e265fbed8fd0	23767226900	Luongo L.	Livio	Luongo	Livio Luongo	1	LS4	1	LS	1	101045285	autori_scopus_preferred-name_erc.tsv	2026-09-29 18:30:20.462000	23767226900	1	LS4	61	2353	38578	114	4.844878878028049
6abc03bc2297e265fbed8fd0	23767226900	Luongo L.	Livio	Luongo	Livio Luongo	1	LS4	1	LS	1	101045285	autori_scopus_preferred-name_erc.tsv	2026-09-29 18:30:20.462000	57296133700	0	LS4	61	109	38578	0	0.0
6abc03bc2297e265fbed9388	57296133700	Luongo E.	Eliseo	Luongo	Eliseo Luongo	1	PE1	1	PE	1	101053472	autori_scopus_preferred-name_erc.tsv	2026-09-29 18:30:20.934000	23767226900	0	PE1	23	2353	5131	1	0.042498937526561836
6abc03bc2297e265fbed9388	57296133700	Luongo E.	Eliseo	Luongo	Eliseo Luongo	1	PE1	1	PE	1	101053472	autori_scopus_preferred-name_erc.tsv	2026-09-29 18:30:20.934000	57296133700	1	PE1	23	109	5131	55	50.45871559633027
6abc03bc2297e265fbed8ff7	25635583100	Botti L.	Lorenzo Alessio	Botti	Lorenzo Botti	1	LS7	1	LS	1	101088370	autori_scopus_preferred-name_erc.tsv	2026-09-29 18:30:20.495000	25635583100	1	LS7	98	424	79924	0	0.0
6abc03bc2297e265fbed8ff7	25635583100	Botti L.	Lorenzo Alessio	Botti	Lorenzo Botti	1	LS7	1	LS	1	101088370	autori_scopus_preferred-name_erc.tsv	2026-09-29 18:30:20.495000	57190044602	0	LS7	98	352	79924	0	0.0
6abc03bc2297e265fbed8ff7	25635583100	Botti L.	Lorenzo Alessio	Botti	Lorenzo Botti	1	LS7	1	LS	1	101088370	autori_scopus_preferred-name_erc.tsv	2026-09-29 18:30:20.495000	57209618946	0	LS7	98	207	79924	0	0.0
6abc03bc2297e265fbed91c5	57190044602	Botti M.	Michele	Botti	Michele Botti	1	SYG-PE	1	PE	1	101115663	autori_scopus_preferred-name_erc.tsv	2026-09-29 18:30:20.762000	25635583100	0	SYG-PE	78	424	42748	149	35.14150943396226
6abc03bc2297e265fbed91c5	57190044602	Botti M.	Michele	Botti	Michele Botti	1	SYG-PE	1	PE	1	101115663	autori_scopus_preferred-name_erc.tsv	2026-09-29 18:30:20.762000	57190044602	1	SYG-PE	78	352	42748	340	96.5909090909091
6abc03bc2297e265fbed91c5	57190044602	Botti M.	Michele	Botti	Michele Botti	1	SYG-PE	1	PE	1	101115663	autori_scopus_preferred-name_erc.tsv	2026-09-29 18:30:20.762000	57209618946	0	SYG-PE	78	207	42748	3	1.4492753623188406
6abc03bc2297e265fbed92b8	57209618946	Botti G.	Giacomo	Botti	Giacomo Botti	1	PE4	1	PE	1	101081361	autori_scopus_preferred-name_erc.tsv	2026-09-29 18:30:20.871000	25635583100	0	PE4	118	424	55310	1	0.2358490566037736
6abc03bc2297e265fbed92b8	57209618946	Botti G.	Giacomo	Botti	Giacomo Botti	1	PE4	1	PE	1	101081361	autori_scopus_preferred-name_erc.tsv	2026-09-29 18:30:20.871000	57190044602	0	PE4	118	352	55310	1	0.2840909090909091
6abc03bc2297e265fbed92b8	57209618946	Botti G.	Giacomo	Botti	Giacomo Botti	1	PE4	1	PE	1	101081361	autori_scopus_preferred-name_erc.tsv	2026-09-29 18:30:20.871000	57209618946	1	PE4	118	207	55310	207	100.0
6abc03bc2297e265fbed8ffc	25821783000	Castelli I.	Ivano Eligio	Castelli	Ivano E. Castelli	1	PE8	1	PE	1	101041255	autori_scopus_preferred-name_erc.tsv	2026-09-29 18:30:20.500000	25821783000	1	PE8	200	423	100990	141	33.33333333333333
6abc03bc2297e265fbed8ffc	25821783000	Castelli I.	Ivano Eligio	Castelli	Ivano E. Castelli	1	PE8	1	PE	1	101041255	autori_scopus_preferred-name_erc.tsv	2026-09-29 18:30:20.500000	58890441500	0	PE8	200	639	100990	41	6.416275430359937
6abc03bc2297e265fbed9432	58890441500	Castelli M.	Matteo	Castelli	Matteo Castelli	1	PE4	1	PE	2	101112805 - 101088032	autori_scopus_preferred-name_erc.tsv	2026-09-29 18:30:20.982000	25821783000	0	PE4	118	423	55310	51	12.056737588652481
6abc03bc2297e265fbed9432	58890441500	Castelli M.	Matteo	Castelli	Matteo Castelli	1	PE4	1	PE	2	101112805 - 101088032	autori_scopus_preferred-name_erc.tsv	2026-09-29 18:30:20.982000	58890441500	1	PE4	118	639	55310	639	100.0
6abc03bc2297e265fbed901d	35188911400	Greco S.	Simona	Greco	Simona Greco	1	LS7	1	LS	1	101054460	autori_scopus_preferred-name_erc.tsv	2026-09-29 18:30:20.530000	35188911400	1	LS7	98	1108	79924	1108	100.0
6abc03bc2297e265fbed901d	35188911400	Greco S.	Simona	Greco	Simona Greco	1	LS7	1	LS	1	101054460	autori_scopus_preferred-name_erc.tsv	2026-09-29 18:30:20.530000	57207823228	0	LS7	98	1495	79924	11	0.7357859531772575
6abc03bc2297e265fbed929f	57207823228	Greco G.	Gabriele	Greco	Gabriele Greco	1	PE8	1	PE	1	101086644	autori_scopus_preferred-name_erc.tsv	2026-09-29 18:30:20.855000	35188911400	0	PE8	200	1108	100990	78	7.039711191335741
6abc03bc2297e265fbed929f	57207823228	Greco G.	Gabriele	Greco	Gabriele Greco	1	PE8	1	PE	1	101086644	autori_scopus_preferred-name_erc.tsv	2026-09-29 18:30:20.855000	57207823228	1	PE8	200	1495	100990	299	20.0
6abc03bc2297e265fbed9023	35226936400	Albert J.	Justin E.	Albert	J. Albert	1	PE2	1	PE	1	101089007	autori_scopus_preferred-name_erc.tsv	2026-09-29 18:30:20.535000	35226936400	1	PE2	198	8038	59032	8038	100.0
6abc03bc2297e265fbed9023	35226936400	Albert J.	Justin E.	Albert	J. Albert	1	PE2	1	PE	1	101089007	autori_scopus_preferred-name_erc.tsv	2026-09-29 18:30:20.535000	56382023100	0	PE2	198	1782	59032	621	34.84848484848485
6abc03bc2297e265fbed9158	56382023100	Albert A.	Andrea M.	Albert	A. Albert	1	PE9	1	PE	1	101076343	autori_scopus_preferred-name_erc.tsv	2026-09-29 18:30:20.711000	35226936400	0	PE9	519	8038	151153	482	5.996516546404578
6abc03bc2297e265fbed9158	56382023100	Albert A.	Andrea M.	Albert	A. Albert	1	PE9	1	PE	1	101076343	autori_scopus_preferred-name_erc.tsv	2026-09-29 18:30:20.711000	56382023100	1	PE9	519	1782	151153	1782	100.0
6abc03bc2297e265fbed9044	35565483100	Mariani P.	Pierpaolo	Mariani	Pier Paolo Mariani	1	PE7	1	PE	1	101118089	autori_scopus_preferred-name_erc.tsv	2026-09-29 18:30:20.551000	35565483100	1	PE7	123	83	36114	0	0.0
6abc03bc2297e265fbed9044	35565483100	Mariani P.	Pierpaolo	Mariani	Pier Paolo Mariani	1	PE7	1	PE	1	101118089	autori_scopus_preferred-name_erc.tsv	2026-09-29 18:30:20.551000	58067948000	0	PE7	123	47	36114	0	0.0
6abc03bc2297e265fbed93dc	58067948000	Mariani F.	Francesca	Mariani	Francesca Mariani	1	PE2	1	PE	1	101040024	autori_scopus_preferred-name_erc.tsv	2026-09-29 18:30:20.959000	35565483100	0	PE2	198	83	59032	0	0.0
6abc03bc2297e265fbed93dc	58067948000	Mariani F.	Francesca	Mariani	Francesca Mariani	1	PE2	1	PE	1	101040024	autori_scopus_preferred-name_erc.tsv	2026-09-29 18:30:20.959000	58067948000	1	PE2	198	47	59032	47	100.0
6abc03bc2297e265fbed9049	35745690800	Crippa A.	Alessandro	Crippa	Alessandro Crippa	1	SH4	1	SH	1	101087263	autori_scopus_preferred-name_erc.tsv	2026-09-29 18:30:20.553000	35745690800	1	SH4	82	662	47006	530	80.06042296072508
6abc03bc2297e265fbed9049	35745690800	Crippa A.	Alessandro	Crippa	Alessandro Crippa	1	SH4	1	SH	1	101087263	autori_scopus_preferred-name_erc.tsv	2026-09-29 18:30:20.553000	57219561802	0	SH4	82	361	47006	7	1.9390581717451523
6abc03bc2297e265fbed9324	57219561802	Crippa M.	Martina	Crippa	Martina Crippa	1	PE4	1	PE	1	101053661	autori_scopus_preferred-name_erc.tsv	2026-09-29 18:30:20.909000	35745690800	0	PE4	118	662	55310	2	0.3021148036253776
6abc03bc2297e265fbed9324	57219561802	Crippa M.	Martina	Crippa	Martina Crippa	1	PE4	1	PE	1	101053661	autori_scopus_preferred-name_erc.tsv	2026-09-29 18:30:20.909000	57219561802	1	PE4	118	361	55310	274	75.90027700831024
6abc03bc2297e265fbed9053	36010058800	Passerini L.	Laura	Passerini	Laura Passerini	1	LS7	1	LS	1	101044032	autori_scopus_preferred-name_erc.tsv	2026-09-29 18:30:20.555000	36010058800	1	LS7	98	551	79924	438	79.491833030853
6abc03bc2297e265fbed9053	36010058800	Passerini L.	Laura	Passerini	Laura Passerini	1	LS7	1	LS	1	101044032	autori_scopus_preferred-name_erc.tsv	2026-09-29 18:30:20.555000	7006983227	0	LS7	98	1488	79924	37	2.486559139784946
6abc03bd2297e265fbed95a0	7006983227	Passerini A.	Andrea	Passerini	Andrea Passerini	1	LS8	1	LS	1	101045015	autori_scopus_preferred-name_erc.tsv	2026-09-29 18:30:21.106000	36010058800	0	LS8	85	551	44172	38	6.896551724137931
6abc03bd2297e265fbed95a0	7006983227	Passerini A.	Andrea	Passerini	Andrea Passerini	1	LS8	1	LS	1	101045015	autori_scopus_preferred-name_erc.tsv	2026-09-29 18:30:21.106000	7006983227	1	LS8	85	1488	44172	15	1.0080645161290323
6abc03bc2297e265fbed907d	36943101100	Villa A.	Anna	Villa	Anna Villa	1	LS7	1	LS	1	101044032	autori_scopus_preferred-name_erc.tsv	2026-09-29 18:30:20.575000	36943101100	1	LS7	98	2017	79924	450	22.310361923648983
6abc03bc2297e265fbed907d	36943101100	Villa A.	Anna	Villa	Anna Villa	1	LS7	1	LS	1	101044032	autori_scopus_preferred-name_erc.tsv	2026-09-29 18:30:20.575000	7004574612	0	LS7	98	22	79924	0	0.0
6abc03bd2297e265fbed956b	7004574612	Villa C.	Corrado	Villa	C. Villa	1	PE7	1	PE	1	101054098	autori_scopus_preferred-name_erc.tsv	2026-09-29 18:30:21.075000	36943101100	0	PE7	123	2017	36114	1	0.04957858205255329
6abc03bd2297e265fbed956b	7004574612	Villa C.	Corrado	Villa	C. Villa	1	PE7	1	PE	1	101054098	autori_scopus_preferred-name_erc.tsv	2026-09-29 18:30:21.075000	7004574612	1	PE7	123	22	36114	22	100.0
6abc03bc2297e265fbed9086	37080145300	Castiglioni E.	Elisabetta	Castiglioni	Elisabetta Castiglioni	1	SH6	1	SH	1	101054883	autori_scopus_preferred-name_erc.tsv	2026-09-29 18:30:20.582000	37080145300	1	SH6	49	376	26183	301	80.0531914893617
6abc03bc2297e265fbed9086	37080145300	Castiglioni E.	Elisabetta	Castiglioni	Elisabetta Castiglioni	1	SH6	1	SH	1	101054883	autori_scopus_preferred-name_erc.tsv	2026-09-29 18:30:20.582000	59281425400	0	SH6	49	0	26183	0	0
6abc03bc2297e265fbed9463	59281425400	Castiglioni I.	Ilaria	Castiglioni	Ilaria Castiglioni	1	LS2	1	LS	1	101088408	autori_scopus_preferred-name_erc.tsv	2026-09-29 18:30:20.995000	37080145300	0	LS2	-1	376	-1	-1	-1
6abc03bc2297e265fbed9463	59281425400	Castiglioni I.	Ilaria	Castiglioni	Ilaria Castiglioni	1	LS2	1	LS	1	101088408	autori_scopus_preferred-name_erc.tsv	2026-09-29 18:30:20.995000	59281425400	1	LS2	-1	0	-1	-1	-1
6abc03bc2297e265fbed9088	37116505500	Bertero A.	Alessandro	Bertero	Alessandro Bertero	1	LS1	1	LS	1	101076026	autori_scopus_preferred-name_erc.tsv	2026-09-29 18:30:20.584000	37116505500	1	LS1	23	448	13730	11	2.455357142857143
6abc03bc2297e265fbed9088	37116505500	Bertero A.	Alessandro	Bertero	Alessandro Bertero	1	LS1	1	LS	1	101076026	autori_scopus_preferred-name_erc.tsv	2026-09-29 18:30:20.584000	57189520921	0	LS1	23	1460	13730	22	1.5068493150684932
6abc03bc2297e265fbed91c0	57189520921	Bertero E.	Edoardo	Bertero	Edoardo Bertero	1	LS7	1	LS	1	101054460	autori_scopus_preferred-name_erc.tsv	2026-09-29 18:30:20.761000	37116505500	0	LS7	98	448	79924	61	13.616071428571427
6abc03bc2297e265fbed91c0	57189520921	Bertero E.	Edoardo	Bertero	Edoardo Bertero	1	LS7	1	LS	1	101054460	autori_scopus_preferred-name_erc.tsv	2026-09-29 18:30:20.761000	57189520921	1	LS7	98	1460	79924	513	35.136986301369866
6abc03bc2297e265fbed9089	38162613300	Scharff S.	Sebastian	Scharff	Sebastian Scharff	1	SH6	1	SH	1	101043954	autori_scopus_preferred-name_erc.tsv	2026-09-29 18:30:20.584000	38162613300	1	SH6	49	133	26183	14	10.526315789473683
6abc03bc2297e265fbed9089	38162613300	Scharff S.	Sebastian	Scharff	Sebastian Scharff	1	SH6	1	SH	1	101043954	autori_scopus_preferred-name_erc.tsv	2026-09-29 18:30:20.584000	57195200228	0	SH6	49	172	26183	0	0.0
6abc03bc2297e265fbed9212	57195200228	Scharff R.	Rob B.N.	Scharff	Rob Bernardus Nicolaas Scharff	1	PE8	1	PE	1	101039198	autori_scopus_preferred-name_erc.tsv	2026-09-29 18:30:20.789000	38162613300	0	PE8	200	133	100990	0	0.0
6abc03bc2297e265fbed9212	57195200228	Scharff R.	Rob B.N.	Scharff	Rob Bernardus Nicolaas Scharff	1	PE8	1	PE	1	101039198	autori_scopus_preferred-name_erc.tsv	2026-09-29 18:30:20.789000	57195200228	1	PE8	200	172	100990	52	30.23255813953488
6abc03bc2297e265fbed9090	43761202200	Grassi E.	Elisa Stellaria	Grassi	Elisa Stellaria Grassi	1	LS1	1	LS	1	101041298	autori_scopus_preferred-name_erc.tsv	2026-09-29 18:30:20.589000	43761202200	1	LS1	23	648	13730	519	80.0925925925926
6abc03bc2297e265fbed9090	43761202200	Grassi E.	Elisa Stellaria	Grassi	Elisa Stellaria Grassi	1	LS1	1	LS	1	101041298	autori_scopus_preferred-name_erc.tsv	2026-09-29 18:30:20.589000	58418445400	0	LS1	23	28	13730	3	10.714285714285714
6abc03bc2297e265fbed9090	43761202200	Grassi E.	Elisa Stellaria	Grassi	Elisa Stellaria Grassi	1	LS1	1	LS	1	101041298	autori_scopus_preferred-name_erc.tsv	2026-09-29 18:30:20.589000	7101807658	0	LS1	23	3966	13730	42	1.059001512859304
6abc03bc2297e265fbed93f9	58418445400	Grassi F.	Federica	Grassi	Federica Grassi	1	PE5	1	PE	1	101040025	autori_scopus_preferred-name_erc.tsv	2026-09-29 18:30:20.969000	43761202200	0	PE5	116	648	47818	10	1.5432098765432098
6abc03bc2297e265fbed93f9	58418445400	Grassi F.	Federica	Grassi	Federica Grassi	1	PE5	1	PE	1	101040025	autori_scopus_preferred-name_erc.tsv	2026-09-29 18:30:20.969000	58418445400	1	PE5	116	28	47818	28	100.0
6abc03bc2297e265fbed93f9	58418445400	Grassi F.	Federica	Grassi	Federica Grassi	1	PE5	1	PE	1	101040025	autori_scopus_preferred-name_erc.tsv	2026-09-29 18:30:20.969000	7101807658	0	PE5	116	3966	47818	45	1.13464447806354
6abc03bd2297e265fbed95a8	7101807658	Grassi C.	Claudio	Grassi	Claudio Grassi	1	LS5	1	LS	1	101078163	autori_scopus_preferred-name_erc.tsv	2026-09-29 18:30:21.113000	43761202200	0	LS5	31	648	15079	4	0.6172839506172839
6abc03bd2297e265fbed95a8	7101807658	Grassi C.	Claudio	Grassi	Claudio Grassi	1	LS5	1	LS	1	101078163	autori_scopus_preferred-name_erc.tsv	2026-09-29 18:30:21.113000	58418445400	0	LS5	31	28	15079	0	0.0
6abc03bd2297e265fbed95a8	7101807658	Grassi C.	Claudio	Grassi	Claudio Grassi	1	LS5	1	LS	1	101078163	autori_scopus_preferred-name_erc.tsv	2026-09-29 18:30:21.113000	7101807658	1	LS5	31	3966	15079	2571	64.82602118003025
6abc03bc2297e265fbed9096	50261110100	Barbieri L.	Letizia	Barbieri	Letizia Barbieri	1	PE4	1	PE	2	101094131 - 101092725	autori_scopus_preferred-name_erc.tsv	2026-09-29 18:30:20.594000	50261110100	1	PE4	118	199	55310	199	100.0
6abc03bc2297e265fbed9096	50261110100	Barbieri L.	Letizia	Barbieri	Letizia Barbieri	1	PE4	1	PE	2	101094131 - 101092725	autori_scopus_preferred-name_erc.tsv	2026-09-29 18:30:20.594000	58993960400	0	PE4	118	0	55310	0	0
6abc03bc2297e265fbed943f	58993960400	Barbieri M.	Marianna	Barbieri	Marianna Barbieri	1	PE5	1	PE	1	101077698	autori_scopus_preferred-name_erc.tsv	2026-09-29 18:30:20.985000	50261110100	0	PE5	116	199	47818	25	12.562814070351758
6abc03bc2297e265fbed943f	58993960400	Barbieri M.	Marianna	Barbieri	Marianna Barbieri	1	PE5	1	PE	1	101077698	autori_scopus_preferred-name_erc.tsv	2026-09-29 18:30:20.985000	58993960400	1	PE5	116	0	47818	0	0
6abc03bc2297e265fbed90a5	54789225100	Saraceno C.	Claudia	Saraceno	Claudia Saraceno	1	LS7	1	LS	1	101053962	autori_scopus_preferred-name_erc.tsv	2026-09-29 18:30:20.606000	54789225100	1	LS7	98	598	79924	598	100.0
6abc03bc2297e265fbed90a5	54789225100	Saraceno C.	Claudia	Saraceno	Claudia Saraceno	1	LS7	1	LS	1	101053962	autori_scopus_preferred-name_erc.tsv	2026-09-29 18:30:20.606000	58567265800	0	LS7	98	77	79924	0	0.0
6abc03bc2297e265fbed9408	58567265800	Saraceno P.	Piermarco	Saraceno	Piermarco Saraceno	1	LS9	1	LS	1	101053983	autori_scopus_preferred-name_erc.tsv	2026-09-29 18:30:20.972000	54789225100	0	LS9	22	598	14097	9	1.5050167224080269
6abc03bc2297e265fbed9408	58567265800	Saraceno P.	Piermarco	Saraceno	Piermarco Saraceno	1	LS9	1	LS	1	101053983	autori_scopus_preferred-name_erc.tsv	2026-09-29 18:30:20.972000	58567265800	1	LS9	22	77	14097	77	100.0
6abc03bc2297e265fbed90b4	55077809800	Papini R.	Riccardo	Papini	R. Papini	1	PE9	1	PE	1	101052347	autori_scopus_preferred-name_erc.tsv	2026-09-29 18:30:20.617000	55077809800	1	PE9	519	786	151153	786	100.0
6abc03bc2297e265fbed90b4	55077809800	Papini R.	Riccardo	Papini	R. Papini	1	PE9	1	PE	1	101052347	autori_scopus_preferred-name_erc.tsv	2026-09-29 18:30:20.617000	57219761993	0	PE9	519	34	151153	2	5.88235294117647
6abc03bc2297e265fbed9333	57219761993	Papini A.	Andrea	Papini	Andrea Papini	1	PE1	1	PE	1	101053472	autori_scopus_preferred-name_erc.tsv	2026-09-29 18:30:20.913000	55077809800	0	PE1	23	786	5131	0	0.0
6abc03bc2297e265fbed9333	57219761993	Papini A.	Andrea	Papini	Andrea Papini	1	PE1	1	PE	1	101053472	autori_scopus_preferred-name_erc.tsv	2026-09-29 18:30:20.913000	57219761993	1	PE1	23	34	5131	34	100.0
6abc03bc2297e265fbed90c7	55338295100	Stella M.	Martina	Stella	Martina Stella	1	PE4	1	PE	1	101043272	autori_scopus_preferred-name_erc.tsv	2026-09-29 18:30:20.633000	55338295100	1	PE4	118	364	55310	145	39.83516483516483
6abc03bc2297e265fbed90c7	55338295100	Stella M.	Martina	Stella	Martina Stella	1	PE4	1	PE	1	101043272	autori_scopus_preferred-name_erc.tsv	2026-09-29 18:30:20.633000	7101770170	0	PE4	118	1218	55310	6	0.49261083743842365
6abc03bd2297e265fbed95a7	7101770170	Stella L.	Luigi	Stella	Luigi Stella	1	PE9	1	PE	1	101076343	autori_scopus_preferred-name_erc.tsv	2026-09-29 18:30:21.113000	55338295100	0	PE9	519	364	151153	19	5.21978021978022
6abc03bd2297e265fbed95a7	7101770170	Stella L.	Luigi	Stella	Luigi Stella	1	PE9	1	PE	1	101076343	autori_scopus_preferred-name_erc.tsv	2026-09-29 18:30:21.113000	7101770170	1	PE9	519	1218	151153	1110	91.13300492610837
6abc03bc2297e265fbed9121	55984908600	Sartori B.	Barbara	Sartori	Barbara Sartori	1	PE11	1	PE	1	101041229	autori_scopus_preferred-name_erc.tsv	2026-09-29 18:30:20.692000	55984908600	1	PE11	52	396	26404	234	59.09090909090909
6abc03bc2297e265fbed9121	55984908600	Sartori B.	Barbara	Sartori	Barbara Sartori	1	PE11	1	PE	1	101041229	autori_scopus_preferred-name_erc.tsv	2026-09-29 18:30:20.692000	58717862900	0	PE11	52	39	26404	2	5.128205128205128
6abc03bc2297e265fbed9121	55984908600	Sartori B.	Barbara	Sartori	Barbara Sartori	1	PE11	1	PE	1	101041229	autori_scopus_preferred-name_erc.tsv	2026-09-29 18:30:20.692000	6603820829	0	PE11	52	1205	26404	0	0.0
6abc03bc2297e265fbed941c	58717862900	Sartori P.	Paolo	Sartori	Paolo Sartori	1	PE8	1	PE	1	101069436	autori_scopus_preferred-name_erc.tsv	2026-09-29 18:30:20.977000	55984908600	0	PE8	200	396	100990	56	14.14141414141414
6abc03bc2297e265fbed941c	58717862900	Sartori P.	Paolo	Sartori	Paolo Sartori	1	PE8	1	PE	1	101069436	autori_scopus_preferred-name_erc.tsv	2026-09-29 18:30:20.977000	58717862900	1	PE8	200	39	100990	6	15.384615384615385
6abc03bc2297e265fbed941c	58717862900	Sartori P.	Paolo	Sartori	Paolo Sartori	1	PE8	1	PE	1	101069436	autori_scopus_preferred-name_erc.tsv	2026-09-29 18:30:20.977000	6603820829	0	PE8	200	1205	100990	10	0.8298755186721992
6abc03bd2297e265fbed94f7	6603820829	Sartori I.	Ivana	Sartori	Ivana Sartori	1	SYG-LS	1	LS	1	101071900	autori_scopus_preferred-name_erc.tsv	2026-09-29 18:30:21.026000	55984908600	0	SYG-LS	47	396	27374	6	1.5151515151515151
6abc03bd2297e265fbed94f7	6603820829	Sartori I.	Ivana	Sartori	Ivana Sartori	1	SYG-LS	1	LS	1	101071900	autori_scopus_preferred-name_erc.tsv	2026-09-29 18:30:21.026000	58717862900	0	SYG-LS	47	39	27374	0	0.0
6abc03bd2297e265fbed94f7	6603820829	Sartori I.	Ivana	Sartori	Ivana Sartori	1	SYG-LS	1	LS	1	101071900	autori_scopus_preferred-name_erc.tsv	2026-09-29 18:30:21.026000	6603820829	1	SYG-LS	47	1205	27374	864	71.70124481327801
6abc03bc2297e265fbed913c	56181497000	Capelli R.	Riccardo	Capelli	Riccardo Capelli	1	PE4	1	PE	1	101053661	autori_scopus_preferred-name_erc.tsv	2026-09-29 18:30:20.702000	56181497000	1	PE4	118	1373	55310	906	65.98689002184996
6abc03bc2297e265fbed913c	56181497000	Capelli R.	Riccardo	Capelli	Riccardo Capelli	1	PE4	1	PE	1	101053661	autori_scopus_preferred-name_erc.tsv	2026-09-29 18:30:20.702000	7004511670	0	PE4	118	349	55310	31	8.882521489971348
6abc03bd2297e265fbed9567	7004511670	Capelli R.	Raffaella	Capelli	Raffaella Capelli	1	PE7	1	PE	1	101055379	autori_scopus_preferred-name_erc.tsv	2026-09-29 18:30:21.071000	56181497000	0	PE7	123	1373	36114	19	1.3838310269482883
6abc03bd2297e265fbed9567	7004511670	Capelli R.	Raffaella	Capelli	Raffaella Capelli	1	PE7	1	PE	1	101055379	autori_scopus_preferred-name_erc.tsv	2026-09-29 18:30:21.071000	7004511670	1	PE7	123	349	36114	252	72.20630372492836
6abc03bc2297e265fbed9152	56274915100	Lombardi M.	Marco	Lombardi	Marco Lombardi	1	PE9	1	PE	1	101055318	autori_scopus_preferred-name_erc.tsv	2026-09-29 18:30:20.710000	56274915100	1	PE9	519	534	151153	422	79.02621722846442
6abc03bc2297e265fbed9152	56274915100	Lombardi M.	Marco	Lombardi	Marco Lombardi	1	PE9	1	PE	1	101055318	autori_scopus_preferred-name_erc.tsv	2026-09-29 18:30:20.710000	58571153400	0	PE9	519	0	151153	0	0
6abc03bc2297e265fbed9409	58571153400	Lombardi G.	Giovanni	Lombardi	Giovanni Lombardi	1	PE7	1	PE	1	101077917	autori_scopus_preferred-name_erc.tsv	2026-09-29 18:30:20.973000	56274915100	0	PE7	123	534	36114	11	2.0599250936329585
6abc03bc2297e265fbed9409	58571153400	Lombardi G.	Giovanni	Lombardi	Giovanni Lombardi	1	PE7	1	PE	1	101077917	autori_scopus_preferred-name_erc.tsv	2026-09-29 18:30:20.973000	58571153400	1	PE7	123	0	36114	0	0
6abc03bc2297e265fbed915e	56397823600	Caputo C.	Claudio	Caputo	C. Caputo	1	PE2	1	PE	1	101115353	autori_scopus_preferred-name_erc.tsv	2026-09-29 18:30:20.714000	56397823600	1	PE2	198	7114	59032	7110	99.94377284228281
6abc03bc2297e265fbed915e	56397823600	Caputo C.	Claudio	Caputo	C. Caputo	1	PE2	1	PE	1	101115353	autori_scopus_preferred-name_erc.tsv	2026-09-29 18:30:20.714000	58476390600	0	PE2	198	486	59032	10	2.05761316872428
6abc03bc2297e265fbed915e	56397823600	Caputo C.	Claudio	Caputo	C. Caputo	1	PE2	1	PE	1	101115353	autori_scopus_preferred-name_erc.tsv	2026-09-29 18:30:20.714000	7102895151	0	PE2	198	412	59032	17	4.12621359223301
6abc03bc2297e265fbed93fb	58476390600	Caputo M.	Mariapia	Caputo	Mariapia Caputo	1	PE8	1	PE	1	101040383	autori_scopus_preferred-name_erc.tsv	2026-09-29 18:30:20.970000	56397823600	0	PE8	200	7114	100990	41	0.5763283666010683
6abc03bc2297e265fbed93fb	58476390600	Caputo M.	Mariapia	Caputo	Mariapia Caputo	1	PE8	1	PE	1	101040383	autori_scopus_preferred-name_erc.tsv	2026-09-29 18:30:20.970000	58476390600	1	PE8	200	486	100990	154	31.68724279835391
6abc03bc2297e265fbed93fb	58476390600	Caputo M.	Mariapia	Caputo	Mariapia Caputo	1	PE8	1	PE	1	101040383	autori_scopus_preferred-name_erc.tsv	2026-09-29 18:30:20.970000	7102895151	0	PE8	200	412	100990	26	6.310679611650485
6abc03bd2297e265fbed95b7	7102895151	Caputo M.	Marco	Caputo	Marco Caputo	1	PE3	1	PE	1	101117424	autori_scopus_preferred-name_erc.tsv	2026-09-29 18:30:21.127000	56397823600	0	PE3	33	7114	19656	4	0.056227157717177394
6abc03bd2297e265fbed95b7	7102895151	Caputo M.	Marco	Caputo	Marco Caputo	1	PE3	1	PE	1	101117424	autori_scopus_preferred-name_erc.tsv	2026-09-29 18:30:21.127000	58476390600	0	PE3	33	486	19656	10	2.05761316872428
6abc03bd2297e265fbed95b7	7102895151	Caputo M.	Marco	Caputo	Marco Caputo	1	PE3	1	PE	1	101117424	autori_scopus_preferred-name_erc.tsv	2026-09-29 18:30:21.127000	7102895151	1	PE3	33	412	19656	145	35.19417475728155
6abc03bc2297e265fbed915f	56400444300	Donati G.	Greta	Donati	Greta Donati	1	PE5	1	PE	1	101039841	autori_scopus_preferred-name_erc.tsv	2026-09-29 18:30:20.714000	56400444300	1	PE5	116	1095	47818	581	53.05936073059361
6abc03bc2297e265fbed915f	56400444300	Donati G.	Greta	Donati	Greta Donati	1	PE5	1	PE	1	101039841	autori_scopus_preferred-name_erc.tsv	2026-09-29 18:30:20.714000	7003921934	0	PE5	116	1486	47818	59	3.970390309555855
6abc03bd2297e265fbed9544	7003921934	Donati C.	Claudio	Donati	Claudio Donati	1	LS8	1	LS	1	101045015	autori_scopus_preferred-name_erc.tsv	2026-09-29 18:30:21.049000	56400444300	0	LS8	85	1095	44172	8	0.730593607305936
6abc03bd2297e265fbed9544	7003921934	Donati C.	Claudio	Donati	Claudio Donati	1	LS8	1	LS	1	101045015	autori_scopus_preferred-name_erc.tsv	2026-09-29 18:30:21.049000	7003921934	1	LS8	85	1486	44172	1017	68.43876177658143
6abc03bc2297e265fbed9165	56423307400	Prato M.	Maurizio	Prato	Maurizio Prato	1	PE5	1	PE	1	101039578	autori_scopus_preferred-name_erc.tsv	2026-09-29 18:30:20.716000	56423307400	1	PE5	116	6690	47818	1606	24.005979073243648
6abc03bc2297e265fbed9165	56423307400	Prato M.	Maurizio	Prato	Maurizio Prato	1	PE5	1	PE	1	101039578	autori_scopus_preferred-name_erc.tsv	2026-09-29 18:30:20.716000	57208455894	0	PE5	116	6020	47818	1138	18.903654485049834
6abc03bc2297e265fbed9165	56423307400	Prato M.	Maurizio	Prato	Maurizio Prato	1	PE5	1	PE	1	101039578	autori_scopus_preferred-name_erc.tsv	2026-09-29 18:30:20.716000	57302838900	0	PE5	116	60	47818	1	1.6666666666666667
6abc03bc2297e265fbed92aa	57208455894	Prato M.	Mirko	Prato	Mirko Prato	1	PE11	1	PE	1	101044020	autori_scopus_preferred-name_erc.tsv	2026-09-29 18:30:20.861000	56423307400	0	PE11	52	6690	26404	282	4.2152466367713
6abc03bc2297e265fbed92aa	57208455894	Prato M.	Mirko	Prato	Mirko Prato	1	PE11	1	PE	1	101044020	autori_scopus_preferred-name_erc.tsv	2026-09-29 18:30:20.861000	57208455894	1	PE11	52	6020	26404	1798	29.867109634551497
6abc03bc2297e265fbed92aa	57208455894	Prato M.	Mirko	Prato	Mirko Prato	1	PE11	1	PE	1	101044020	autori_scopus_preferred-name_erc.tsv	2026-09-29 18:30:20.861000	57302838900	0	PE11	52	60	26404	0	0.0
6abc03bc2297e265fbed9389	57302838900	Prato O.	Ornella	Prato	Ornella Prato	1	SH6	1	SH	2	101055195 - 101071707	autori_scopus_preferred-name_erc.tsv	2026-09-29 18:30:20.935000	56423307400	0	SH6	49	6690	26183	6	0.08968609865470852
6abc03bc2297e265fbed9389	57302838900	Prato O.	Ornella	Prato	Ornella Prato	1	SH6	1	SH	2	101055195 - 101071707	autori_scopus_preferred-name_erc.tsv	2026-09-29 18:30:20.935000	57208455894	0	SH6	49	6020	26183	8	0.132890365448505
6abc03bc2297e265fbed9389	57302838900	Prato O.	Ornella	Prato	Ornella Prato	1	SH6	1	SH	2	101055195 - 101071707	autori_scopus_preferred-name_erc.tsv	2026-09-29 18:30:20.935000	57302838900	1	SH6	49	60	26183	60	100.0
6abc03bc2297e265fbed9180	56670371400	Fumagalli I.	Ivan	Fumagalli	Ivan Fumagalli	1	SYG-PE	1	PE	1	101115663	autori_scopus_preferred-name_erc.tsv	2026-09-29 18:30:20.732000	56670371400	1	SYG-PE	78	484	42748	385	79.54545454545455
6abc03bc2297e265fbed9180	56670371400	Fumagalli I.	Ivan	Fumagalli	Ivan Fumagalli	1	SYG-PE	1	PE	1	101115663	autori_scopus_preferred-name_erc.tsv	2026-09-29 18:30:20.732000	7005453483	0	SYG-PE	78	630	42748	1	0.15873015873015872
6abc03bd2297e265fbed9581	7005453483	Fumagalli S.	Stefano	Fumagalli	Stefano Fumagalli	1	LS6	1	LS	1	101054805	autori_scopus_preferred-name_erc.tsv	2026-09-29 18:30:21.088000	56670371400	0	LS6	20	484	12192	0	0.0
6abc03bd2297e265fbed9581	7005453483	Fumagalli S.	Stefano	Fumagalli	Stefano Fumagalli	1	LS6	1	LS	1	101054805	autori_scopus_preferred-name_erc.tsv	2026-09-29 18:30:21.088000	7005453483	1	LS6	20	630	12192	68	10.793650793650794
6abc03bc2297e265fbed918c	56830260800	Rosso F.	Federica	Rosso	Federica Rosso	1	PE8	1	PE	1	101041255	autori_scopus_preferred-name_erc.tsv	2026-09-29 18:30:20.741000	56830260800	1	PE8	200	1149	100990	232	20.191470844212358
6abc03bc2297e265fbed918c	56830260800	Rosso F.	Federica	Rosso	Federica Rosso	1	PE8	1	PE	1	101041255	autori_scopus_preferred-name_erc.tsv	2026-09-29 18:30:20.741000	57207774702	0	PE8	200	719	100990	63	8.762169680111267
6abc03bc2297e265fbed929c	57207774702	Rosso C.	Cristian	Rosso	Cristian Rosso	1	PE5	1	PE	1	101040025	autori_scopus_preferred-name_erc.tsv	2026-09-29 18:30:20.854000	56830260800	0	PE5	116	1149	47818	2	0.17406440382941687
6abc03bc2297e265fbed929c	57207774702	Rosso C.	Cristian	Rosso	Cristian Rosso	1	PE5	1	PE	1	101040025	autori_scopus_preferred-name_erc.tsv	2026-09-29 18:30:20.854000	57207774702	1	PE5	116	719	47818	304	42.280945757997216
6abc03bc2297e265fbed919b	56956669800	Zanella G.	Giacomo	Zanella	Giacomo Zanella	1	PE1	1	PE	1	101076564	autori_scopus_preferred-name_erc.tsv	2026-09-29 18:30:20.747000	56956669800	1	PE1	23	320	5131	35	10.9375
6abc03bc2297e265fbed919b	56956669800	Zanella G.	Giacomo	Zanella	Giacomo Zanella	1	PE1	1	PE	1	101076564	autori_scopus_preferred-name_erc.tsv	2026-09-29 18:30:20.747000	57201412747	0	PE1	23	310	5131	5	1.6129032258064515
6abc03bc2297e265fbed9249	57201412747	Zanella A.	Alberto	Zanella	Alberto, Zanella	1	PE7	1	PE	1	101078411	autori_scopus_preferred-name_erc.tsv	2026-09-29 18:30:20.818000	56956669800	0	PE7	123	320	36114	4	1.25
6abc03bc2297e265fbed9249	57201412747	Zanella A.	Alberto	Zanella	Alberto, Zanella	1	PE7	1	PE	1	101078411	autori_scopus_preferred-name_erc.tsv	2026-09-29 18:30:20.818000	57201412747	1	PE7	123	310	36114	68	21.935483870967744
6abc03bc2297e265fbed91a5	57070087300	Distefano N.	Natalia	Distefano	Natalia Distefano	1	SH7	1	SH	1	101039222	autori_scopus_preferred-name_erc.tsv	2026-09-29 18:30:20.750000	57070087300	1	SH7	23	755	20339	5	0.6622516556291391
6abc03bc2297e265fbed91a5	57070087300	Distefano N.	Natalia	Distefano	Natalia Distefano	1	SH7	1	SH	1	101039222	autori_scopus_preferred-name_erc.tsv	2026-09-29 18:30:20.750000	9433557800	0	SH7	23	1351	20339	7	0.5181347150259068
6abc03bd2297e265fbed95fa	9433557800	Distefano C.	Carla	Distefano	C. Distefano	1	PE9	1	PE	1	101076343	autori_scopus_preferred-name_erc.tsv	2026-09-29 18:30:21.183000	57070087300	0	PE9	519	755	151153	1	0.13245033112582782
6abc03bd2297e265fbed95fa	9433557800	Distefano C.	Carla	Distefano	C. Distefano	1	PE9	1	PE	1	101076343	autori_scopus_preferred-name_erc.tsv	2026-09-29 18:30:21.183000	9433557800	1	PE9	519	1351	151153	1316	97.40932642487047
6abc03bc2297e265fbed91a8	57114750700	Riccardi E.	Elisa	Riccardi	Elisa Riccardi	1	PE7	1	PE	1	101081567	autori_scopus_preferred-name_erc.tsv	2026-09-29 18:30:20.750000	57114750700	1	PE7	123	350	36114	327	93.42857142857143
6abc03bc2297e265fbed91a8	57114750700	Riccardi E.	Elisa	Riccardi	Elisa Riccardi	1	PE7	1	PE	1	101081567	autori_scopus_preferred-name_erc.tsv	2026-09-29 18:30:20.750000	57807559600	0	PE7	123	47	36114	1	2.127659574468085
6abc03bc2297e265fbed93c1	57807559600	Riccardi B.	Brian	Riccardi	Brian Riccardi	1	PE6	1	PE	1	101039208	autori_scopus_preferred-name_erc.tsv	2026-09-29 18:30:20.952000	57114750700	0	PE6	23	350	5452	0	0.0
6abc03bc2297e265fbed93c1	57807559600	Riccardi B.	Brian	Riccardi	Brian Riccardi	1	PE6	1	PE	1	101039208	autori_scopus_preferred-name_erc.tsv	2026-09-29 18:30:20.952000	57807559600	1	PE6	23	47	5452	16	34.04255319148936
6abc03bc2297e265fbed91e1	57192318084	Corrias M.	Maria Valeria	Corrias	Maria Valeria Corrias	1	LS8	1	LS	1	101045015	autori_scopus_preferred-name_erc.tsv	2026-09-29 18:30:20.773000	57192318084	1	LS8	85	1093	44172	941	86.09332113449221
6abc03bc2297e265fbed91e1	57192318084	Corrias M.	Maria Valeria	Corrias	Maria Valeria Corrias	1	LS8	1	LS	1	101045015	autori_scopus_preferred-name_erc.tsv	2026-09-29 18:30:20.773000	57222762966	0	LS8	85	216	44172	0	0.0
6abc03bc2297e265fbed935e	57222762966	Corrias N.	Nicola	Corrias	Nicola Corrias	1	PE7	1	PE	1	101077917	autori_scopus_preferred-name_erc.tsv	2026-09-29 18:30:20.924000	57192318084	0	PE7	123	1093	36114	0	0.0
6abc03bc2297e265fbed935e	57222762966	Corrias N.	Nicola	Corrias	Nicola Corrias	1	PE7	1	PE	1	101077917	autori_scopus_preferred-name_erc.tsv	2026-09-29 18:30:20.924000	57222762966	1	PE7	123	216	36114	107	49.53703703703704
6abc03bc2297e265fbed91f9	57193613731	de Simone M.	Marta	de Simone	M. De Simone	1	PE9	1	PE	1	101098309	autori_scopus_preferred-name_erc.tsv	2026-09-29 18:30:20.782000	57193613731	1	PE9	519	1068	151153	1046	97.94007490636703
6abc03bc2297e265fbed91f9	57193613731	de Simone M.	Marta	de Simone	M. De Simone	1	PE9	1	PE	1	101098309	autori_scopus_preferred-name_erc.tsv	2026-09-29 18:30:20.782000	57435288800	0	PE9	519	1013	151153	39	3.8499506416584404
6abc03bc2297e265fbed939d	57435288800	de Simone M.	Monica	de Simone	Monica de Simone	1	PE4	1	PE	1	101095012	autori_scopus_preferred-name_erc.tsv	2026-09-29 18:30:20.940000	57193613731	0	PE4	118	1068	55310	13	1.2172284644194757
6abc03bc2297e265fbed939d	57435288800	de Simone M.	Monica	de Simone	Monica de Simone	1	PE4	1	PE	1	101095012	autori_scopus_preferred-name_erc.tsv	2026-09-29 18:30:20.940000	57435288800	1	PE4	118	1013	55310	1013	100.0
6abc03bc2297e265fbed9218	57195475054	Del Vecchio A.	Alessandro D.	Del Vecchio	Alessandro Del Vecchio	1	PE7	1	PE	1	101118089	autori_scopus_preferred-name_erc.tsv	2026-09-29 18:30:20.792000	57195475054	1	PE7	123	695	36114	628	90.35971223021583
6abc03bc2297e265fbed9218	57195475054	Del Vecchio A.	Alessandro D.	Del Vecchio	Alessandro Del Vecchio	1	PE7	1	PE	1	101118089	autori_scopus_preferred-name_erc.tsv	2026-09-29 18:30:20.792000	57213093829	0	PE7	123	1303	36114	18	1.3814274750575595
6abc03bc2297e265fbed92de	57213093829	Del Vecchio M.	Maria	Del Vecchio	Maria Del Vecchio	1	SYG-LS	1	LS	1	101071900	autori_scopus_preferred-name_erc.tsv	2026-09-29 18:30:20.886000	57195475054	0	SYG-LS	47	695	27374	17	2.446043165467626
6abc03bc2297e265fbed92de	57213093829	Del Vecchio M.	Maria	Del Vecchio	Maria Del Vecchio	1	SYG-LS	1	LS	1	101071900	autori_scopus_preferred-name_erc.tsv	2026-09-29 18:30:20.886000	57213093829	1	SYG-LS	47	1303	27374	535	41.05909439754413
6abc03bc2297e265fbed922a	57198798056	Sun P.	Peihao	Sun	Peihao Sun	1	PE3	1	PE	1	101053167	autori_scopus_preferred-name_erc.tsv	2026-09-29 18:30:20.801000	57198798056	1	PE3	33	163	19656	54	33.12883435582822
6abc03bc2297e265fbed922a	57198798056	Sun P.	Peihao	Sun	Peihao Sun	1	PE3	1	PE	1	101053167	autori_scopus_preferred-name_erc.tsv	2026-09-29 18:30:20.801000	57212083420	0	PE3	33	557	19656	3	0.5385996409335727
6abc03bc2297e265fbed92d2	57212083420	Sun Y.	Yifan	Sun	Y. Sun	1	PE7	1	PE	1	101081871	autori_scopus_preferred-name_erc.tsv	2026-09-29 18:30:20.881000	57198798056	0	PE7	123	163	36114	4	2.4539877300613497
6abc03bc2297e265fbed92d2	57212083420	Sun Y.	Yifan	Sun	Y. Sun	1	PE7	1	PE	1	101081871	autori_scopus_preferred-name_erc.tsv	2026-09-29 18:30:20.881000	57212083420	1	PE7	123	557	36114	514	92.28007181328546
6abc03bc2297e265fbed92a4	57208220408	Rossi B.	Barbara	Rossi	Barbara Rossi	1	LS6	1	LS	1	101069397	autori_scopus_preferred-name_erc.tsv	2026-09-29 18:30:20.858000	57208220408	1	LS6	20	1084	12192	1084	100.0
6abc03bc2297e265fbed92a4	57208220408	Rossi B.	Barbara	Rossi	Barbara Rossi	1	LS6	1	LS	1	101069397	autori_scopus_preferred-name_erc.tsv	2026-09-29 18:30:20.858000	57225778410	0	LS6	20	60	12192	0	0.0
6abc03bc2297e265fbed92a4	57208220408	Rossi B.	Barbara	Rossi	Barbara Rossi	1	LS6	1	LS	1	101069397	autori_scopus_preferred-name_erc.tsv	2026-09-29 18:30:20.858000	59212806900	0	LS6	20	0	12192	0	0
6abc03bc2297e265fbed9374	57225778410	Rossi M.	Marco	Rossi	Marco Rossi	1	PE8	1	PE	1	101052956	autori_scopus_preferred-name_erc.tsv	2026-09-29 18:30:20.929000	57208220408	0	PE8	200	1084	100990	64	5.904059040590406
6abc03bc2297e265fbed9374	57225778410	Rossi M.	Marco	Rossi	Marco Rossi	1	PE8	1	PE	1	101052956	autori_scopus_preferred-name_erc.tsv	2026-09-29 18:30:20.929000	57225778410	1	PE8	200	60	100990	38	63.33333333333333
6abc03bc2297e265fbed9374	57225778410	Rossi M.	Marco	Rossi	Marco Rossi	1	PE8	1	PE	1	101052956	autori_scopus_preferred-name_erc.tsv	2026-09-29 18:30:20.929000	59212806900	0	PE8	200	0	100990	0	0
6abc03bc2297e265fbed9456	59212806900	Rossi G.	Greta	Rossi	Greta Rossi	1	PE5	1	PE	1	101077698	autori_scopus_preferred-name_erc.tsv	2026-09-29 18:30:20.992000	57208220408	0	PE5	116	1084	47818	6	0.5535055350553505
6abc03bc2297e265fbed9456	59212806900	Rossi G.	Greta	Rossi	Greta Rossi	1	PE5	1	PE	1	101077698	autori_scopus_preferred-name_erc.tsv	2026-09-29 18:30:20.992000	57225778410	0	PE5	116	60	47818	0	0.0
6abc03bc2297e265fbed9456	59212806900	Rossi G.	Greta	Rossi	Greta Rossi	1	PE5	1	PE	1	101077698	autori_scopus_preferred-name_erc.tsv	2026-09-29 18:30:20.992000	59212806900	1	PE5	116	0	47818	0	0
6abc03bc2297e265fbed92a6	57208295241	Leonardi S.	Salvatore	Leonardi	Salvatore Leonardi	1	SH7	1	SH	1	101039222	autori_scopus_preferred-name_erc.tsv	2026-09-29 18:30:20.859000	57208295241	1	SH7	23	755	20339	5	0.6622516556291391
6abc03bc2297e265fbed92a6	57208295241	Leonardi S.	Salvatore	Leonardi	Salvatore Leonardi	1	SH7	1	SH	1	101039222	autori_scopus_preferred-name_erc.tsv	2026-09-29 18:30:20.859000	58488163200	0	SH7	23	142	20339	0	0.0
6abc03bc2297e265fbed93fc	58488163200	Leonardi P.	Pietro	Leonardi	P. Leonardi	1	PE9	1	PE	1	101052347	autori_scopus_preferred-name_erc.tsv	2026-09-29 18:30:20.970000	57208295241	0	PE9	519	755	151153	1	0.13245033112582782
6abc03bc2297e265fbed93fc	58488163200	Leonardi P.	Pietro	Leonardi	P. Leonardi	1	PE9	1	PE	1	101052347	autori_scopus_preferred-name_erc.tsv	2026-09-29 18:30:20.970000	58488163200	1	PE9	519	142	151153	125	88.02816901408451
6abc03bc2297e265fbed92c9	57211559733	Angelini G.	Gabriele	Angelini	Gabriele Angelini	1	LS6	1	LS	1	101069397	autori_scopus_preferred-name_erc.tsv	2026-09-29 18:30:20.879000	57211559733	1	LS6	20	415	12192	415	100.0
6abc03bc2297e265fbed92c9	57211559733	Angelini G.	Gabriele	Angelini	Gabriele Angelini	1	LS6	1	LS	1	101069397	autori_scopus_preferred-name_erc.tsv	2026-09-29 18:30:20.879000	7006878358	0	LS6	20	726	12192	0	0.0
6abc03bd2297e265fbed959d	7006878358	Angelini R.	Roberta	Angelini	Roberta Angelini	1	PE3	1	PE	1	101066434	autori_scopus_preferred-name_erc.tsv	2026-09-29 18:30:21.104000	57211559733	0	PE3	33	415	19656	0	0.0
6abc03bd2297e265fbed959d	7006878358	Angelini R.	Roberta	Angelini	Roberta Angelini	1	PE3	1	PE	1	101066434	autori_scopus_preferred-name_erc.tsv	2026-09-29 18:30:21.104000	7006878358	1	PE3	33	726	19656	645	88.84297520661157
6abc03bc2297e265fbed92cf	57211902060	Marini G.	Giovanni	Marini	Giovanni Marini	1	PE4	1	PE	1	101052708	autori_scopus_preferred-name_erc.tsv	2026-09-29 18:30:20.880000	57211902060	1	PE4	118	610	55310	384	62.95081967213115
6abc03bc2297e265fbed92cf	57211902060	Marini G.	Giovanni	Marini	Giovanni Marini	1	PE4	1	PE	1	101052708	autori_scopus_preferred-name_erc.tsv	2026-09-29 18:30:20.880000	57219792324	0	PE4	118	153	55310	1	0.6535947712418301
6abc03bc2297e265fbed9336	57219792324	Marini I.	I.	Marini	I. Marini	1	PE9	1	PE	1	101045437	autori_scopus_preferred-name_erc.tsv	2026-09-29 18:30:20.913000	57211902060	0	PE9	519	610	151153	12	1.9672131147540985
6abc03bc2297e265fbed9336	57219792324	Marini I.	I.	Marini	I. Marini	1	PE9	1	PE	1	101045437	autori_scopus_preferred-name_erc.tsv	2026-09-29 18:30:20.913000	57219792324	1	PE9	519	153	151153	138	90.19607843137256
6abc03bc2297e265fbed92f3	57216393463	De Luca G.	Giuseppe	De Luca	Giuseppe De Luca	1	LS1	1	LS	1	101040138	autori_scopus_preferred-name_erc.tsv	2026-09-29 18:30:20.892000	57216393463	1	LS1	23	126	13730	126	100.0
6abc03bc2297e265fbed92f3	57216393463	De Luca G.	Giuseppe	De Luca	Giuseppe De Luca	1	LS1	1	LS	1	101040138	autori_scopus_preferred-name_erc.tsv	2026-09-29 18:30:20.892000	57222390136	0	LS1	23	744	13730	2	0.2688172043010753
6abc03bc2297e265fbed935a	57222390136	de Luca C.	Claudia	de Luca	Claudia De Luca	1	SH4	1	SH	1	101042625	autori_scopus_preferred-name_erc.tsv	2026-09-29 18:30:20.923000	57216393463	0	SH4	82	126	47006	1	0.7936507936507936
6abc03bc2297e265fbed935a	57222390136	de Luca C.	Claudia	de Luca	Claudia De Luca	1	SH4	1	SH	1	101042625	autori_scopus_preferred-name_erc.tsv	2026-09-29 18:30:20.923000	57222390136	1	SH4	82	744	47006	453	60.88709677419355
6abc03bc2297e265fbed9321	57219456152	Perrone M.	Mattia	Perrone	Mattia Perrone	1	PE4	1	PE	1	101053661	autori_scopus_preferred-name_erc.tsv	2026-09-29 18:30:20.908000	57219456152	1	PE4	118	202	55310	202	100.0
6abc03bc2297e265fbed9321	57219456152	Perrone M.	Mattia	Perrone	Mattia Perrone	1	PE4	1	PE	1	101053661	autori_scopus_preferred-name_erc.tsv	2026-09-29 18:30:20.908000	57449060900	0	PE4	118	445	55310	5	1.1235955056179776
6abc03bc2297e265fbed939f	57449060900	Perrone M.	Michela	Perrone	Michela Perrone	1	LS4	1	LS	1	101045285	autori_scopus_preferred-name_erc.tsv	2026-09-29 18:30:20.941000	57219456152	0	LS4	61	202	38578	8	3.9603960396039604
6abc03bc2297e265fbed939f	57449060900	Perrone M.	Michela	Perrone	Michela Perrone	1	LS4	1	LS	1	101045285	autori_scopus_preferred-name_erc.tsv	2026-09-29 18:30:20.941000	57449060900	1	LS4	61	445	38578	61	13.707865168539326
6abc03bc2297e265fbed9355	57222110808	Franco S.	Silvia	Franco	Silvia Franco	1	PE3	1	PE	1	101066434	autori_scopus_preferred-name_erc.tsv	2026-09-29 18:30:20.922000	57222110808	1	PE3	33	524	19656	497	94.8473282442748
6abc03bc2297e265fbed9355	57222110808	Franco S.	Silvia	Franco	Silvia Franco	1	PE3	1	PE	1	101066434	autori_scopus_preferred-name_erc.tsv	2026-09-29 18:30:20.922000	8719813200	0	PE3	33	250	19656	15	6.0
6abc03bd2297e265fbed95ec	8719813200	Franco E.	Elisa	Franco	Elisa Franco	1	PE7	1	PE	1	101076926	autori_scopus_preferred-name_erc.tsv	2026-09-29 18:30:21.170000	57222110808	0	PE7	123	524	36114	8	1.5267175572519083
6abc03bd2297e265fbed95ec	8719813200	Franco E.	Elisa	Franco	Elisa Franco	1	PE7	1	PE	1	101076926	autori_scopus_preferred-name_erc.tsv	2026-09-29 18:30:21.170000	8719813200	1	PE7	123	250	36114	44	17.599999999999998
6abc03bc2297e265fbed935d	57222632363	Giovanelli J.	Joseph	Giovanelli	Joseph Giovanelli	1	PE6	1	PE	1	101041029	autori_scopus_preferred-name_erc.tsv	2026-09-29 18:30:20.924000	57222632363	1	PE6	23	138	5452	1	0.7246376811594203
6abc03bc2297e265fbed935d	57222632363	Giovanelli J.	Joseph	Giovanelli	Joseph Giovanelli	1	PE6	1	PE	1	101041029	autori_scopus_preferred-name_erc.tsv	2026-09-29 18:30:20.924000	59343058600	0	PE6	23	0	5452	0	0
6abc03bc2297e265fbed946f	59343058600	Giovanelli G.	Giulia	Giovanelli	Giulia Giovanelli	1	PE7	1	PE	1	101055379	autori_scopus_preferred-name_erc.tsv	2026-09-29 18:30:20.997000	57222632363	0	PE7	123	138	36114	3	2.1739130434782608
6abc03bc2297e265fbed946f	59343058600	Giovanelli G.	Giulia	Giovanelli	Giulia Giovanelli	1	PE7	1	PE	1	101055379	autori_scopus_preferred-name_erc.tsv	2026-09-29 18:30:20.997000	59343058600	1	PE7	123	0	36114	0	0
6abc03bc2297e265fbed93a2	57462792400	Pastore F.	Francesco	Pastore	Francesco Pastore	1	LS5	1	LS	1	101078163	autori_scopus_preferred-name_erc.tsv	2026-09-29 18:30:20.942000	57462792400	1	LS5	31	392	15079	337	85.96938775510205
6abc03bc2297e265fbed93a2	57462792400	Pastore F.	Francesco	Pastore	Francesco Pastore	1	LS5	1	LS	1	101078163	autori_scopus_preferred-name_erc.tsv	2026-09-29 18:30:20.942000	7101941822	0	LS5	31	1268	15079	31	2.444794952681388
6abc03bd2297e265fbed95aa	7101941822	Pastore A.	Annalisa	Pastore	Annalisa Pastore	1	LS1	1	LS	1	101040138	autori_scopus_preferred-name_erc.tsv	2026-09-29 18:30:21.115000	57462792400	0	LS1	23	392	13730	7	1.7857142857142856
6abc03bd2297e265fbed95aa	7101941822	Pastore A.	Annalisa	Pastore	Annalisa Pastore	1	LS1	1	LS	1	101040138	autori_scopus_preferred-name_erc.tsv	2026-09-29 18:30:21.115000	7101941822	1	LS1	23	1268	13730	600	47.3186119873817
6abc03bc2297e265fbed93c5	57844180000	Vicentini F.	Francesco	Vicentini	Francesco Vicentini	1	PE5	1	PE	1	101039578	autori_scopus_preferred-name_erc.tsv	2026-09-29 18:30:20.953000	57844180000	1	PE5	116	124	47818	78	62.903225806451616
6abc03bc2297e265fbed93c5	57844180000	Vicentini F.	Francesco	Vicentini	Francesco Vicentini	1	PE5	1	PE	1	101039578	autori_scopus_preferred-name_erc.tsv	2026-09-29 18:30:20.953000	58736473300	0	PE5	116	0	47818	0	0
6abc03bc2297e265fbed9421	58736473300	Vicentini D.	Daniela	Vicentini	Daniela Vicentini	1	LS8	1	LS	1	101045015	autori_scopus_preferred-name_erc.tsv	2026-09-29 18:30:20.978000	57844180000	0	LS8	85	124	44172	0	0.0
6abc03bc2297e265fbed9421	58736473300	Vicentini D.	Daniela	Vicentini	Daniela Vicentini	1	LS8	1	LS	1	101045015	autori_scopus_preferred-name_erc.tsv	2026-09-29 18:30:20.978000	58736473300	1	LS8	85	0	44172	0	0
6abc03bd2297e265fbed9489	6506468475	Mannucci B.	Barbara	Mannucci	Barbara Mannucci	1	LS1	1	LS	1	101094471	autori_scopus_preferred-name_erc.tsv	2026-09-29 18:30:21.002000	6506468475	1	LS1	23	669	13730	48	7.174887892376682
6abc03bd2297e265fbed9489	6506468475	Mannucci B.	Barbara	Mannucci	Barbara Mannucci	1	LS1	1	LS	1	101094471	autori_scopus_preferred-name_erc.tsv	2026-09-29 18:30:21.002000	6701685211	0	LS1	23	3648	13730	4	0.10964912280701754
6abc03bd2297e265fbed9512	6701685211	Mannucci F.	Filippo	Mannucci	F. Mannucci	1	PE9	1	PE	1	101040751	autori_scopus_preferred-name_erc.tsv	2026-09-29 18:30:21.030000	6506468475	0	PE9	519	669	151153	2	0.29895366218236175
6abc03bd2297e265fbed9512	6701685211	Mannucci F.	Filippo	Mannucci	F. Mannucci	1	PE9	1	PE	1	101040751	autori_scopus_preferred-name_erc.tsv	2026-09-29 18:30:21.030000	6701685211	1	PE9	519	3648	151153	3648	100.0
6abc03bd2297e265fbed9500	6604013253	Busonero F.	Fabio	Busonero	Fabio Busonero	1	LS8	1	LS	2	101045015 - 101060218	autori_scopus_preferred-name_erc.tsv	2026-09-29 18:30:21.027000	6604013253	1	LS8	85	74	44172	74	100.0
6abc03bd2297e265fbed9500	6604013253	Busonero F.	Fabio	Busonero	Fabio Busonero	1	LS8	1	LS	2	101045015 - 101060218	autori_scopus_preferred-name_erc.tsv	2026-09-29 18:30:21.027000	8657599600	0	LS8	85	1864	44172	13	0.6974248927038627
6abc03bd2297e265fbed95ea	8657599600	Busonero D.	D.	Busonero	D. Busonero	1	PE9	1	PE	1	101055318	autori_scopus_preferred-name_erc.tsv	2026-09-29 18:30:21.169000	6604013253	0	PE9	519	74	151153	0	0.0
6abc03bd2297e265fbed95ea	8657599600	Busonero D.	D.	Busonero	D. Busonero	1	PE9	1	PE	1	101055318	autori_scopus_preferred-name_erc.tsv	2026-09-29 18:30:21.169000	8657599600	1	PE9	519	1864	151153	1738	93.24034334763948
6abc03bd2297e265fbed9506	6701404489	Menna E.	Enzo	Menna	Enzo Menna	1	PE11	1	PE	1	101041229	autori_scopus_preferred-name_erc.tsv	2026-09-29 18:30:21.028000	6701404489	1	PE11	52	809	26404	218	26.94684796044499
6abc03bd2297e265fbed9506	6701404489	Menna E.	Enzo	Menna	Enzo Menna	1	PE11	1	PE	1	101041229	autori_scopus_preferred-name_erc.tsv	2026-09-29 18:30:21.028000	6701404490	0	PE11	52	598	26404	1	0.16722408026755853
6abc03bd2297e265fbed9507	6701404490	Menna E.	Elisabetta	Menna	Elisabetta Menna	1	LS4	1	LS	1	101055323	autori_scopus_preferred-name_erc.tsv	2026-09-29 18:30:21.028000	6701404489	0	LS4	61	809	38578	3	0.3708281829419036
6abc03bd2297e265fbed9507	6701404490	Menna E.	Elisabetta	Menna	Elisabetta Menna	1	LS4	1	LS	1	101055323	autori_scopus_preferred-name_erc.tsv	2026-09-29 18:30:21.028000	6701404490	1	LS4	61	598	38578	369	61.7056856187291
