_id	scopus_author_id	indexed_name	given_name	surname	name_in_project_dataset	n_panels	panels	n_domains	domains	n_projects	projects	source_file	imported_at	auid	match	unit	n_people_unit	n_references_author	n_references_unit	n_overlap	percentage
6abbf4212297e265fbed8332	25723154100	Gandolfi D.	Davide	Gandolfi	Davide Gandolfi	1	PE9	1	PE	1	101052347	autori_scopus_preferred-name_erc.tsv	2026-09-29 17:23:45.721000	25723154100	1	PE9	519	4745	151153	4745	100.0
6abbf4212297e265fbed8332	25723154100	Gandolfi D.	Davide	Gandolfi	Davide Gandolfi	1	PE9	1	PE	1	101052347	autori_scopus_preferred-name_erc.tsv	2026-09-29 17:23:45.721000	57220063229	0	PE9	519	252	151153	9	3.571428571428571
6abbf4222297e265fbed856d	57220063229	Gandolfi M.	Michele	Gandolfi	Michele Gandolfi	1	PE4	1	PE	1	101081361	autori_scopus_preferred-name_erc.tsv	2026-09-29 17:23:46.246000	25723154100	0	PE4	118	4745	55310	45	0.9483667017913594
6abbf4222297e265fbed856d	57220063229	Gandolfi M.	Michele	Gandolfi	Michele Gandolfi	1	PE4	1	PE	1	101081361	autori_scopus_preferred-name_erc.tsv	2026-09-29 17:23:46.246000	57220063229	1	PE4	118	252	55310	252	100.0
6abbf4212297e265fbed8334	55951218500	Davies M.	Melvyn B.	Davies	Melvyn B. Davies	1	PE9	1	PE	1	101052347	autori_scopus_preferred-name_erc.tsv	2026-09-29 17:23:45.723000	55951218500	1	PE9	519	4506	151153	4485	99.53395472703063
6abbf4212297e265fbed8334	55951218500	Davies M.	Melvyn B.	Davies	Melvyn B. Davies	1	PE9	1	PE	1	101052347	autori_scopus_preferred-name_erc.tsv	2026-09-29 17:23:45.723000	56911604400	0	PE9	519	803	151153	22	2.73972602739726
6abbf4222297e265fbed881a	56911604400	Davies A.	Alexander Giles	Davies	A Giles Davies	1	PE7	1	PE	1	101081567	autori_scopus_preferred-name_erc.tsv	2026-09-29 17:23:46.801000	55951218500	0	PE7	123	4506	36114	7	0.1553484243231247
6abbf4222297e265fbed881a	56911604400	Davies A.	Alexander Giles	Davies	A Giles Davies	1	PE7	1	PE	1	101081567	autori_scopus_preferred-name_erc.tsv	2026-09-29 17:23:46.801000	56911604400	1	PE7	123	803	36114	803	100.0
6abbf4212297e265fbed8343	56521280600	Bonfanti A.	Andrea	Bonfanti	Andrea Bonfanti	1	PE9	1	PE	1	101052347	autori_scopus_preferred-name_erc.tsv	2026-09-29 17:23:45.736000	56521280600	1	PE9	519	1975	151153	1975	100.0
6abbf4212297e265fbed8343	56521280600	Bonfanti A.	Andrea	Bonfanti	Andrea Bonfanti	1	PE9	1	PE	1	101052347	autori_scopus_preferred-name_erc.tsv	2026-09-29 17:23:45.736000	55367411500	0	PE9	519	293	151153	2	0.6825938566552902
6abbf4222297e265fbed8754	55367411500	Bonfanti A.	Andrea Giovanni	Bonfanti	A. Bonfanti	1	PE7	1	PE	1	101054098	autori_scopus_preferred-name_erc.tsv	2026-09-29 17:23:46.668000	56521280600	0	PE7	123	1975	36114	7	0.35443037974683544
6abbf4222297e265fbed8754	55367411500	Bonfanti A.	Andrea Giovanni	Bonfanti	A. Bonfanti	1	PE7	1	PE	1	101054098	autori_scopus_preferred-name_erc.tsv	2026-09-29 17:23:46.668000	55367411500	1	PE7	123	293	36114	67	22.866894197952217
6abbf4212297e265fbed8348	57202863096	Facchini S.	Stefano	Facchini	Stefano Facchini	1	PE9	1	PE	3	101076613 - 101039651 - 101104656	autori_scopus_preferred-name_erc.tsv	2026-09-29 17:23:45.741000	57202863096	1	PE9	519	2507	151153	2414	96.29038691663342
6abbf4212297e265fbed8348	57202863096	Facchini S.	Stefano	Facchini	Stefano Facchini	1	PE9	1	PE	3	101076613 - 101039651 - 101104656	autori_scopus_preferred-name_erc.tsv	2026-09-29 17:23:45.741000	47661058900	0	PE9	519	599	151153	3	0.5008347245409015
6abbf4222297e265fbed8718	47661058900	Facchini S.	Silvia	Facchini	Silvia Facchini	1	SYG-LS	1	LS	1	101071900	autori_scopus_preferred-name_erc.tsv	2026-09-29 17:23:46.620000	57202863096	0	SYG-LS	47	2507	27374	5	0.1994415636218588
6abbf4222297e265fbed8718	47661058900	Facchini S.	Silvia	Facchini	Silvia Facchini	1	SYG-LS	1	LS	1	101071900	autori_scopus_preferred-name_erc.tsv	2026-09-29 17:23:46.620000	47661058900	1	SYG-LS	47	599	27374	599	100.0
6abbf4212297e265fbed8351	52663445700	Di Lorenzo F.	Flaviana	Di Lorenzo	Flaviana Di Lorenzo	1	PE5	1	PE	1	101039841	autori_scopus_preferred-name_erc.tsv	2026-09-29 17:23:45.749000	52663445700	1	PE5	116	1474	47818	1435	97.35413839891451
6abbf4212297e265fbed8351	52663445700	Di Lorenzo F.	Flaviana	Di Lorenzo	Flaviana Di Lorenzo	1	PE5	1	PE	1	101039841	autori_scopus_preferred-name_erc.tsv	2026-09-29 17:23:45.749000	57194904117	0	PE5	116	320	47818	10	3.125
6abbf4222297e265fbed8893	57194904117	Di Lorenzo G.	Giorgia	Di Lorenzo	Giorgia Di Lorenzo	1	LS4	1	LS	1	101045285	autori_scopus_preferred-name_erc.tsv	2026-09-29 17:23:46.882000	52663445700	0	LS4	61	1474	38578	26	1.7639077340569878
6abbf4222297e265fbed8893	57194904117	Di Lorenzo G.	Giorgia	Di Lorenzo	Giorgia Di Lorenzo	1	LS4	1	LS	1	101045285	autori_scopus_preferred-name_erc.tsv	2026-09-29 17:23:46.882000	57194904117	1	LS4	61	320	38578	234	73.125
6abbf4212297e265fbed8352	57213546755	Szabó M.	M. Gy	Szabó	G. M. Szabó	1	PE9	1	PE	1	101052347	autori_scopus_preferred-name_erc.tsv	2026-09-29 17:23:45.750000	57213546755	1	PE9	519	2199	151153	2199	100.0
6abbf4212297e265fbed8352	57213546755	Szabó M.	M. Gy	Szabó	G. M. Szabó	1	PE9	1	PE	1	101052347	autori_scopus_preferred-name_erc.tsv	2026-09-29 17:23:45.750000	44761456100	0	PE9	519	308	151153	15	4.870129870129871
6abbf4212297e265fbed83c2	44761456100	Szabó B.	Botond T.	Szabó	Botond Szabó	1	PE1	1	PE	1	101041064	autori_scopus_preferred-name_erc.tsv	2026-09-29 17:23:45.852000	57213546755	0	PE1	23	2199	5131	0	0.0
6abbf4212297e265fbed83c2	44761456100	Szabó B.	Botond T.	Szabó	Botond Szabó	1	PE1	1	PE	1	101041064	autori_scopus_preferred-name_erc.tsv	2026-09-29 17:23:45.852000	44761456100	1	PE1	23	308	5131	8	2.5974025974025974
6abbf4212297e265fbed835d	55329004700	Manara C.	Carlo Felice	Manara	Carlo F. Manara	1	PE9	1	PE	4	101076613 - 101039651 - 101098309 - 101104656	autori_scopus_preferred-name_erc.tsv	2026-09-29 17:23:45.760000	55329004700	1	PE9	519	2744	151153	2670	97.30320699708454
6abbf4212297e265fbed835d	55329004700	Manara C.	Carlo Felice	Manara	Carlo F. Manara	1	PE9	1	PE	4	101076613 - 101039651 - 101098309 - 101104656	autori_scopus_preferred-name_erc.tsv	2026-09-29 17:23:45.760000	57200563408	0	PE9	519	826	151153	5	0.6053268765133172
6abbf4222297e265fbed852f	57200563408	Manara S.	Serena	Manara	Serena Manara	1	LS8	1	LS	2	101045015 - 101060218	autori_scopus_preferred-name_erc.tsv	2026-09-29 17:23:46.187000	55329004700	0	LS8	85	2744	44172	2	0.0728862973760933
6abbf4222297e265fbed852f	57200563408	Manara S.	Serena	Manara	Serena Manara	1	LS8	1	LS	2	101045015 - 101060218	autori_scopus_preferred-name_erc.tsv	2026-09-29 17:23:46.187000	57200563408	1	LS8	85	826	44172	615	74.45520581113801
6abbf4212297e265fbed835f	55945624800	Arnaboldi S.	Serena	Arnaboldi	Serena Arnaboldi	1	PE4	1	PE	1	101040798	autori_scopus_preferred-name_erc.tsv	2026-09-29 17:23:45.762000	55945624800	1	PE4	118	1556	55310	1143	73.45758354755783
6abbf4212297e265fbed835f	55945624800	Arnaboldi S.	Serena	Arnaboldi	Serena Arnaboldi	1	PE4	1	PE	1	101040798	autori_scopus_preferred-name_erc.tsv	2026-09-29 17:23:45.762000	56275157900	0	PE4	118	952	55310	6	0.6302521008403361
6abbf4222297e265fbed87d6	56275157900	Arnaboldi M.	Magda	Arnaboldi	Magda Arnaboldi	1	PE9	1	PE	1	101055318	autori_scopus_preferred-name_erc.tsv	2026-09-29 17:23:46.751000	55945624800	0	PE9	519	1556	151153	7	0.4498714652956298
6abbf4222297e265fbed87d6	56275157900	Arnaboldi M.	Magda	Arnaboldi	Magda Arnaboldi	1	PE9	1	PE	1	101055318	autori_scopus_preferred-name_erc.tsv	2026-09-29 17:23:46.751000	56275157900	1	PE9	519	952	151153	652	68.4873949579832
6abbf4212297e265fbed836d	57216593054	Giordano G.	Giulia	Giordano	Giulia Giordano	1	PE7	1	PE	1	101076926	autori_scopus_preferred-name_erc.tsv	2026-09-29 17:23:45.774000	57216593054	1	PE7	123	1796	36114	1239	68.98663697104676
6abbf4212297e265fbed836d	57216593054	Giordano G.	Giulia	Giordano	Giulia Giordano	1	PE7	1	PE	1	101076926	autori_scopus_preferred-name_erc.tsv	2026-09-29 17:23:45.774000	56806349200	0	PE7	123	3248	36114	19	0.5849753694581281
6abbf4212297e265fbed836d	57216593054	Giordano G.	Giulia	Giordano	Giulia Giordano	1	PE7	1	PE	1	101076926	autori_scopus_preferred-name_erc.tsv	2026-09-29 17:23:45.774000	57196834241	0	PE7	123	330	36114	2	0.6060606060606061
6abbf4212297e265fbed836d	57216593054	Giordano G.	Giulia	Giordano	Giulia Giordano	1	PE7	1	PE	1	101076926	autori_scopus_preferred-name_erc.tsv	2026-09-29 17:23:45.774000	57203142562	0	PE7	123	648	36114	5	0.7716049382716049
6abbf4212297e265fbed836d	57216593054	Giordano G.	Giulia	Giordano	Giulia Giordano	1	PE7	1	PE	1	101076926	autori_scopus_preferred-name_erc.tsv	2026-09-29 17:23:45.774000	57204645152	0	PE7	123	1471	36114	3	0.20394289598912305
6abbf4222297e265fbed8510	56806349200	Giordano F.	Francesco	Giordano	F. Giordano	1	PE9	1	PE	1	101076343	autori_scopus_preferred-name_erc.tsv	2026-09-29 17:23:46.158000	57216593054	0	PE9	519	1796	151153	13	0.7238307349665924
6abbf4222297e265fbed8510	56806349200	Giordano F.	Francesco	Giordano	F. Giordano	1	PE9	1	PE	1	101076343	autori_scopus_preferred-name_erc.tsv	2026-09-29 17:23:46.158000	56806349200	1	PE9	519	3248	151153	3227	99.35344827586206
6abbf4222297e265fbed8510	56806349200	Giordano F.	Francesco	Giordano	F. Giordano	1	PE9	1	PE	1	101076343	autori_scopus_preferred-name_erc.tsv	2026-09-29 17:23:46.158000	57196834241	0	PE9	519	330	151153	1	0.30303030303030304
6abbf4222297e265fbed8510	56806349200	Giordano F.	Francesco	Giordano	F. Giordano	1	PE9	1	PE	1	101076343	autori_scopus_preferred-name_erc.tsv	2026-09-29 17:23:46.158000	57203142562	0	PE9	519	648	151153	1	0.15432098765432098
6abbf4222297e265fbed8510	56806349200	Giordano F.	Francesco	Giordano	F. Giordano	1	PE9	1	PE	1	101076343	autori_scopus_preferred-name_erc.tsv	2026-09-29 17:23:46.158000	57204645152	0	PE9	519	1471	151153	2	0.13596193065941536
6abbf4222297e265fbed88a8	57196834241	Giordano F.	Francesca	Giordano	Francesca Giordano	1	LS8	1	LS	2	101045015 - 101060218	autori_scopus_preferred-name_erc.tsv	2026-09-29 17:23:46.903000	57216593054	0	LS8	85	1796	44172	28	1.55902004454343
6abbf4222297e265fbed88a8	57196834241	Giordano F.	Francesca	Giordano	Francesca Giordano	1	LS8	1	LS	2	101045015 - 101060218	autori_scopus_preferred-name_erc.tsv	2026-09-29 17:23:46.903000	56806349200	0	LS8	85	3248	44172	7	0.21551724137931033
6abbf4222297e265fbed88a8	57196834241	Giordano F.	Francesca	Giordano	Francesca Giordano	1	LS8	1	LS	2	101045015 - 101060218	autori_scopus_preferred-name_erc.tsv	2026-09-29 17:23:46.903000	57196834241	1	LS8	85	330	44172	212	64.24242424242425
6abbf4222297e265fbed88a8	57196834241	Giordano F.	Francesca	Giordano	Francesca Giordano	1	LS8	1	LS	2	101045015 - 101060218	autori_scopus_preferred-name_erc.tsv	2026-09-29 17:23:46.903000	57203142562	0	LS8	85	648	44172	0	0.0
6abbf4222297e265fbed88a8	57196834241	Giordano F.	Francesca	Giordano	Francesca Giordano	1	LS8	1	LS	2	101045015 - 101060218	autori_scopus_preferred-name_erc.tsv	2026-09-29 17:23:46.903000	57204645152	0	LS8	85	1471	44172	0	0.0
6abbf4222297e265fbed88ed	57203142562	Giordano G.	Goffredo	Giordano	Goffredo Giordano	1	PE8	1	PE	1	101039198	autori_scopus_preferred-name_erc.tsv	2026-09-29 17:23:46.950000	57216593054	0	PE8	200	1796	100990	70	3.8975501113585747
6abbf4222297e265fbed88ed	57203142562	Giordano G.	Goffredo	Giordano	Goffredo Giordano	1	PE8	1	PE	1	101039198	autori_scopus_preferred-name_erc.tsv	2026-09-29 17:23:46.950000	56806349200	0	PE8	200	3248	100990	25	0.7697044334975369
6abbf4222297e265fbed88ed	57203142562	Giordano G.	Goffredo	Giordano	Goffredo Giordano	1	PE8	1	PE	1	101039198	autori_scopus_preferred-name_erc.tsv	2026-09-29 17:23:46.950000	57196834241	0	PE8	200	330	100990	30	9.090909090909092
6abbf4222297e265fbed88ed	57203142562	Giordano G.	Goffredo	Giordano	Goffredo Giordano	1	PE8	1	PE	1	101039198	autori_scopus_preferred-name_erc.tsv	2026-09-29 17:23:46.950000	57203142562	1	PE8	200	648	100990	648	100.0
6abbf4222297e265fbed88ed	57203142562	Giordano G.	Goffredo	Giordano	Goffredo Giordano	1	PE8	1	PE	1	101039198	autori_scopus_preferred-name_erc.tsv	2026-09-29 17:23:46.950000	57204645152	0	PE8	200	1471	100990	35	2.379333786539769
6abbf4222297e265fbed8908	57204645152	Giordano G.	Girolamo	Giordano	Girolamo Giordano	1	PE5	1	PE	1	101054004	autori_scopus_preferred-name_erc.tsv	2026-09-29 17:23:46.975000	57216593054	0	PE5	116	1796	47818	11	0.6124721603563474
6abbf4222297e265fbed8908	57204645152	Giordano G.	Girolamo	Giordano	Girolamo Giordano	1	PE5	1	PE	1	101054004	autori_scopus_preferred-name_erc.tsv	2026-09-29 17:23:46.975000	56806349200	0	PE5	116	3248	47818	6	0.18472906403940886
6abbf4222297e265fbed8908	57204645152	Giordano G.	Girolamo	Giordano	Girolamo Giordano	1	PE5	1	PE	1	101054004	autori_scopus_preferred-name_erc.tsv	2026-09-29 17:23:46.975000	57196834241	0	PE5	116	330	47818	35	10.606060606060606
6abbf4222297e265fbed8908	57204645152	Giordano G.	Girolamo	Giordano	Girolamo Giordano	1	PE5	1	PE	1	101054004	autori_scopus_preferred-name_erc.tsv	2026-09-29 17:23:46.975000	57203142562	0	PE5	116	648	47818	10	1.5432098765432098
6abbf4222297e265fbed8908	57204645152	Giordano G.	Girolamo	Giordano	Girolamo Giordano	1	PE5	1	PE	1	101054004	autori_scopus_preferred-name_erc.tsv	2026-09-29 17:23:46.975000	57204645152	1	PE5	116	1471	47818	1378	93.67777022433718
6abbf4212297e265fbed8371	7004019407	Lodato G.	Giuseppe	Lodato	Giuseppe Lodato	1	PE9	1	PE	3	101039651 - 101076613 - 101104656	autori_scopus_preferred-name_erc.tsv	2026-09-29 17:23:45.778000	7004019407	1	PE9	519	4716	151153	4438	94.10517387616623
6abbf4212297e265fbed8371	7004019407	Lodato G.	Giuseppe	Lodato	Giuseppe Lodato	1	PE9	1	PE	3	101039651 - 101076613 - 101104656	autori_scopus_preferred-name_erc.tsv	2026-09-29 17:23:45.778000	36021173000	0	PE9	519	666	151153	2	0.3003003003003003
6abbf4222297e265fbed86d7	36021173000	Lodato S.	Simona	Lodato	Simona Lodato	1	LS5	1	LS	1	101043003	autori_scopus_preferred-name_erc.tsv	2026-09-29 17:23:46.577000	7004019407	0	LS5	31	4716	15079	4	0.08481764206955046
6abbf4222297e265fbed86d7	36021173000	Lodato S.	Simona	Lodato	Simona Lodato	1	LS5	1	LS	1	101043003	autori_scopus_preferred-name_erc.tsv	2026-09-29 17:23:46.577000	36021173000	1	LS5	31	666	15079	348	52.25225225225225
6abbf4212297e265fbed8387	57197815917	Pinto F.	Federica	Pinto	Federica Pinto	1	LS8	1	LS	1	101045015	autori_scopus_preferred-name_erc.tsv	2026-09-29 17:23:45.798000	57197815917	1	LS8	85	546	44172	546	100.0
6abbf4212297e265fbed8387	57197815917	Pinto F.	Federica	Pinto	Federica Pinto	1	LS8	1	LS	1	101045015	autori_scopus_preferred-name_erc.tsv	2026-09-29 17:23:45.798000	57195271004	0	LS8	85	129	44172	0	0.0
6abbf4212297e265fbed8387	57197815917	Pinto F.	Federica	Pinto	Federica Pinto	1	LS8	1	LS	1	101045015	autori_scopus_preferred-name_erc.tsv	2026-09-29 17:23:45.798000	58859358000	0	LS8	85	1048	44172	9	0.8587786259541985
6abbf4222297e265fbed8897	57195271004	Pinto D.	Diogo E.P.	Pinto	Diogo E. P. Pinto	1	PE3	1	PE	1	101040035	autori_scopus_preferred-name_erc.tsv	2026-09-29 17:23:46.886000	57197815917	0	PE3	33	546	19656	30	5.4945054945054945
6abbf4222297e265fbed8897	57195271004	Pinto D.	Diogo E.P.	Pinto	Diogo E. P. Pinto	1	PE3	1	PE	1	101040035	autori_scopus_preferred-name_erc.tsv	2026-09-29 17:23:46.886000	57195271004	1	PE3	33	129	19656	129	100.0
6abbf4222297e265fbed8897	57195271004	Pinto D.	Diogo E.P.	Pinto	Diogo E. P. Pinto	1	PE3	1	PE	1	101040035	autori_scopus_preferred-name_erc.tsv	2026-09-29 17:23:46.886000	58859358000	0	PE3	33	1048	19656	1	0.09541984732824427
6abbf4232297e265fbed8ab2	58859358000	Pinto J.	Joaquim G.	Pinto	Joaquim G. Pinto	1	SH6	1	SH	1	101052653	autori_scopus_preferred-name_erc.tsv	2026-09-29 17:23:47.265000	57197815917	0	SH6	49	546	26183	26	4.761904761904762
6abbf4232297e265fbed8ab2	58859358000	Pinto J.	Joaquim G.	Pinto	Joaquim G. Pinto	1	SH6	1	SH	1	101052653	autori_scopus_preferred-name_erc.tsv	2026-09-29 17:23:47.265000	57195271004	0	SH6	49	129	26183	0	0.0
6abbf4232297e265fbed8ab2	58859358000	Pinto J.	Joaquim G.	Pinto	Joaquim G. Pinto	1	SH6	1	SH	1	101052653	autori_scopus_preferred-name_erc.tsv	2026-09-29 17:23:47.265000	58859358000	1	SH6	49	1048	26183	5	0.4770992366412214
6abbf4222297e265fbed8685	26324486200	Singh D.	Deepak	Singh	Deepak Singh	1	PE5	1	PE	1	101040025	autori_scopus_preferred-name_erc.tsv	2026-09-29 17:23:46.503000	26324486200	1	PE5	116	99	47818	73	73.73737373737373
6abbf4222297e265fbed8685	26324486200	Singh D.	Deepak	Singh	Deepak Singh	1	PE5	1	PE	1	101040025	autori_scopus_preferred-name_erc.tsv	2026-09-29 17:23:46.503000	57898515400	0	PE5	116	883	47818	20	2.2650056625141564
6abbf4232297e265fbed8a4b	57898515400	Singh M.	Mandeep	Singh	Mandeep Singh	1	PE8	1	PE	1	101061820	autori_scopus_preferred-name_erc.tsv	2026-09-29 17:23:47.187000	26324486200	0	PE8	200	99	100990	2	2.0202020202020203
6abbf4232297e265fbed8a4b	57898515400	Singh M.	Mandeep	Singh	Mandeep Singh	1	PE8	1	PE	1	101061820	autori_scopus_preferred-name_erc.tsv	2026-09-29 17:23:47.187000	57898515400	1	PE8	200	883	100990	42	4.756511891279728
6abbf4212297e265fbed838b	57224195115	Carbone C.	Chiara	Carbone	Chiara Carbone	1	SH4	1	SH	1	101042625	autori_scopus_preferred-name_erc.tsv	2026-09-29 17:23:45.801000	57224195115	1	SH4	82	240	47006	240	100.0
6abbf4212297e265fbed838b	57224195115	Carbone C.	Chiara	Carbone	Chiara Carbone	1	SH4	1	SH	1	101042625	autori_scopus_preferred-name_erc.tsv	2026-09-29 17:23:45.801000	7005260033	0	SH4	82	392	47006	1	0.25510204081632654
6abbf4212297e265fbed838b	57224195115	Carbone C.	Chiara	Carbone	Chiara Carbone	1	SH4	1	SH	1	101042625	autori_scopus_preferred-name_erc.tsv	2026-09-29 17:23:45.801000	57878631100	0	SH4	82	233	47006	12	5.150214592274678
6abbf4222297e265fbed85c7	7005260033	Carbone F.	Fabrizio	Carbone	Fabrizio Carbone	1	PE2	1	PE	1	101101048	autori_scopus_preferred-name_erc.tsv	2026-09-29 17:23:46.333000	57224195115	0	PE2	198	240	59032	0	0.0
6abbf4222297e265fbed85c7	7005260033	Carbone F.	Fabrizio	Carbone	Fabrizio Carbone	1	PE2	1	PE	1	101101048	autori_scopus_preferred-name_erc.tsv	2026-09-29 17:23:46.333000	7005260033	1	PE2	198	392	59032	360	91.83673469387756
6abbf4222297e265fbed85c7	7005260033	Carbone F.	Fabrizio	Carbone	Fabrizio Carbone	1	PE2	1	PE	1	101101048	autori_scopus_preferred-name_erc.tsv	2026-09-29 17:23:46.333000	57878631100	0	PE2	198	233	59032	0	0.0
6abbf4232297e265fbed8a49	57878631100	Carbone E.	Erika	Carbone	Erika Carbone	1	LS1	1	LS	1	101041298	autori_scopus_preferred-name_erc.tsv	2026-09-29 17:23:47.184000	57224195115	0	LS1	23	240	13730	8	3.3333333333333335
6abbf4232297e265fbed8a49	57878631100	Carbone E.	Erika	Carbone	Erika Carbone	1	LS1	1	LS	1	101041298	autori_scopus_preferred-name_erc.tsv	2026-09-29 17:23:47.184000	7005260033	0	LS1	23	392	13730	0	0.0
6abbf4232297e265fbed8a49	57878631100	Carbone E.	Erika	Carbone	Erika Carbone	1	LS1	1	LS	1	101041298	autori_scopus_preferred-name_erc.tsv	2026-09-29 17:23:47.184000	57878631100	1	LS1	23	233	13730	192	82.40343347639485
6abbf4212297e265fbed8396	36460968600	Gatti T.	T.	Gatti	Teresa Gatti	1	PE11	1	PE	1	101041229	autori_scopus_preferred-name_erc.tsv	2026-09-29 17:23:45.812000	36460968600	1	PE11	52	1757	26404	1727	98.29254410927717
6abbf4212297e265fbed8396	36460968600	Gatti T.	T.	Gatti	Teresa Gatti	1	PE11	1	PE	1	101041229	autori_scopus_preferred-name_erc.tsv	2026-09-29 17:23:45.812000	57219563056	0	PE11	52	1113	26404	2	0.17969451931716085
6abbf4232297e265fbed89a8	57219563056	Gatti D.	Daniele	Gatti	Daniele Gatti	1	SH4	1	SH	1	101087053	autori_scopus_preferred-name_erc.tsv	2026-09-29 17:23:47.086000	36460968600	0	SH4	82	1757	47006	7	0.398406374501992
6abbf4232297e265fbed89a8	57219563056	Gatti D.	Daniele	Gatti	Daniele Gatti	1	SH4	1	SH	1	101087053	autori_scopus_preferred-name_erc.tsv	2026-09-29 17:23:47.086000	57219563056	1	SH4	82	1113	47006	371	33.33333333333333
6abbf4212297e265fbed8398	54991922900	Natali M.	Mirco	Natali	Mirco Natali	1	PE5	1	PE	4	101077698 - 101040025 - 101106125 - 101105828	autori_scopus_preferred-name_erc.tsv	2026-09-29 17:23:45.814000	54991922900	1	PE5	116	1310	47818	647	49.38931297709924
6abbf4212297e265fbed8398	54991922900	Natali M.	Mirco	Natali	Mirco Natali	1	PE5	1	PE	4	101077698 - 101040025 - 101106125 - 101105828	autori_scopus_preferred-name_erc.tsv	2026-09-29 17:23:45.814000	58883046200	0	PE5	116	0	47818	0	0
6abbf4222297e265fbed8599	58883046200	Natali D.	Daniele	Natali	Daniele Natali	1	PE8	1	PE	1	101039467	autori_scopus_preferred-name_erc.tsv	2026-09-29 17:23:46.288000	54991922900	0	PE8	200	1310	100990	75	5.7251908396946565
6abbf4222297e265fbed8599	58883046200	Natali D.	Daniele	Natali	Daniele Natali	1	PE8	1	PE	1	101039467	autori_scopus_preferred-name_erc.tsv	2026-09-29 17:23:46.288000	58883046200	1	PE8	200	0	100990	0	0
6abbf4212297e265fbed839c	56856637200	Fabiani C.	Claudia	Fabiani	Claudia Fabiani	1	PE8	1	PE	1	101041255	autori_scopus_preferred-name_erc.tsv	2026-09-29 17:23:45.818000	56856637200	1	PE8	200	2553	100990	2553	100.0
6abbf4212297e265fbed839c	56856637200	Fabiani C.	Claudia	Fabiani	Claudia Fabiani	1	PE8	1	PE	1	101041255	autori_scopus_preferred-name_erc.tsv	2026-09-29 17:23:45.818000	24073172400	0	PE8	200	1770	100990	5	0.2824858757062147
6abbf4212297e265fbed8425	24073172400	Fabiani S.	Sergio	Fabiani	Sergio Fabiani	1	PE9	1	PE	1	101076343	autori_scopus_preferred-name_erc.tsv	2026-09-29 17:23:45.943000	56856637200	0	PE9	519	2553	151153	17	0.6658832745789268
6abbf4212297e265fbed8425	24073172400	Fabiani S.	Sergio	Fabiani	Sergio Fabiani	1	PE9	1	PE	1	101076343	autori_scopus_preferred-name_erc.tsv	2026-09-29 17:23:45.943000	24073172400	1	PE9	519	1770	151153	1770	100.0
6abbf4212297e265fbed83a2	57214531455	Esposito M.	Massimilliano	Esposito	M. Esposito	1	PE9	1	PE	1	101052347	autori_scopus_preferred-name_erc.tsv	2026-09-29 17:23:45.823000	57214531455	1	PE9	519	2083	151153	2083	100.0
6abbf4212297e265fbed83a2	57214531455	Esposito M.	Massimilliano	Esposito	M. Esposito	1	PE9	1	PE	1	101052347	autori_scopus_preferred-name_erc.tsv	2026-09-29 17:23:45.823000	35276925200	0	PE9	519	517	151153	0	0.0
6abbf4212297e265fbed83a2	57214531455	Esposito M.	Massimilliano	Esposito	M. Esposito	1	PE9	1	PE	1	101052347	autori_scopus_preferred-name_erc.tsv	2026-09-29 17:23:45.823000	57209463887	0	PE9	519	313	151153	1	0.3194888178913738
6abbf4212297e265fbed83a2	57214531455	Esposito M.	Massimilliano	Esposito	M. Esposito	1	PE9	1	PE	1	101052347	autori_scopus_preferred-name_erc.tsv	2026-09-29 17:23:45.823000	57217173071	0	PE9	519	216	151153	0	0.0
6abbf4222297e265fbed86b4	35276925200	Esposito I.	Iréne	Esposito	Irene Esposito	1	PE8	1	PE	1	101040383	autori_scopus_preferred-name_erc.tsv	2026-09-29 17:23:46.546000	57214531455	0	PE8	200	2083	100990	14	0.672107537205953
6abbf4222297e265fbed86b4	35276925200	Esposito I.	Iréne	Esposito	Irene Esposito	1	PE8	1	PE	1	101040383	autori_scopus_preferred-name_erc.tsv	2026-09-29 17:23:46.546000	35276925200	1	PE8	200	517	100990	159	30.754352030947775
6abbf4222297e265fbed86b4	35276925200	Esposito I.	Iréne	Esposito	Irene Esposito	1	PE8	1	PE	1	101040383	autori_scopus_preferred-name_erc.tsv	2026-09-29 17:23:46.546000	57209463887	0	PE8	200	313	100990	5	1.5974440894568689
6abbf4222297e265fbed86b4	35276925200	Esposito I.	Iréne	Esposito	Irene Esposito	1	PE8	1	PE	1	101040383	autori_scopus_preferred-name_erc.tsv	2026-09-29 17:23:46.546000	57217173071	0	PE8	200	216	100990	9	4.166666666666666
6abbf4232297e265fbed8939	57209463887	Esposito C.	Carmen Mariarosaria	Esposito	Carmen Esposito	1	SH6	1	SH	2	101065320 - 101077348	autori_scopus_preferred-name_erc.tsv	2026-09-29 17:23:47.007000	57214531455	0	SH6	49	2083	26183	5	0.2400384061449832
6abbf4232297e265fbed8939	57209463887	Esposito C.	Carmen Mariarosaria	Esposito	Carmen Esposito	1	SH6	1	SH	2	101065320 - 101077348	autori_scopus_preferred-name_erc.tsv	2026-09-29 17:23:47.007000	35276925200	0	SH6	49	517	26183	1	0.19342359767891684
6abbf4232297e265fbed8939	57209463887	Esposito C.	Carmen Mariarosaria	Esposito	Carmen Esposito	1	SH6	1	SH	2	101065320 - 101077348	autori_scopus_preferred-name_erc.tsv	2026-09-29 17:23:47.007000	57209463887	1	SH6	49	313	26183	210	67.0926517571885
6abbf4232297e265fbed8939	57209463887	Esposito C.	Carmen Mariarosaria	Esposito	Carmen Esposito	1	SH6	1	SH	2	101065320 - 101077348	autori_scopus_preferred-name_erc.tsv	2026-09-29 17:23:47.007000	57217173071	0	SH6	49	216	26183	4	1.8518518518518516
6abbf4232297e265fbed8986	57217173071	Esposito F.	Federica	Esposito	Federica Esposito	1	LS8	1	LS	1	101045015	autori_scopus_preferred-name_erc.tsv	2026-09-29 17:23:47.065000	57214531455	0	LS8	85	2083	44172	5	0.2400384061449832
6abbf4232297e265fbed8986	57217173071	Esposito F.	Federica	Esposito	Federica Esposito	1	LS8	1	LS	1	101045015	autori_scopus_preferred-name_erc.tsv	2026-09-29 17:23:47.065000	35276925200	0	LS8	85	517	44172	63	12.18568665377176
6abbf4232297e265fbed8986	57217173071	Esposito F.	Federica	Esposito	Federica Esposito	1	LS8	1	LS	1	101045015	autori_scopus_preferred-name_erc.tsv	2026-09-29 17:23:47.065000	57209463887	0	LS8	85	313	44172	4	1.2779552715654952
6abbf4232297e265fbed8986	57217173071	Esposito F.	Federica	Esposito	Federica Esposito	1	LS8	1	LS	1	101045015	autori_scopus_preferred-name_erc.tsv	2026-09-29 17:23:47.065000	57217173071	1	LS8	85	216	44172	153	70.83333333333334
6abbf4212297e265fbed83d2	56038545500	Rodríguez A.	Alex	Rodríguez	Alex Rodriguez	1	PE4	1	PE	1	101043272	autori_scopus_preferred-name_erc.tsv	2026-09-29 17:23:45.868000	56038545500	1	PE4	118	1257	55310	1027	81.7024661893397
6abbf4212297e265fbed83d2	56038545500	Rodríguez A.	Alex	Rodríguez	Alex Rodriguez	1	PE4	1	PE	1	101043272	autori_scopus_preferred-name_erc.tsv	2026-09-29 17:23:45.868000	58897772900	0	PE4	118	0	55310	0	0
6abbf4232297e265fbed8ab7	58897772900	Rodríguez R.	Ricardo I.	Rodríguez	Ricardo I. Rodríguez	1	PE5	1	PE	3	101040025 - 101106125 - 101105828	autori_scopus_preferred-name_erc.tsv	2026-09-29 17:23:47.270000	56038545500	0	PE5	116	1257	47818	85	6.762132060461417
6abbf4232297e265fbed8ab7	58897772900	Rodríguez R.	Ricardo I.	Rodríguez	Ricardo I. Rodríguez	1	PE5	1	PE	3	101040025 - 101106125 - 101105828	autori_scopus_preferred-name_erc.tsv	2026-09-29 17:23:47.270000	58897772900	1	PE5	116	0	47818	0	0
6abbf4212297e265fbed83d3	56089514300	Cutolo A.	A.	Cutolo	Arsenio Cutolo	1	PE8	1	PE	1	101052956	autori_scopus_preferred-name_erc.tsv	2026-09-29 17:23:45.869000	56089514300	1	PE8	200	1062	100990	926	87.1939736346516
6abbf4212297e265fbed83d3	56089514300	Cutolo A.	A.	Cutolo	Arsenio Cutolo	1	PE8	1	PE	1	101052956	autori_scopus_preferred-name_erc.tsv	2026-09-29 17:23:45.869000	57211005005	0	PE8	200	1148	100990	8	0.6968641114982579
6abbf4222297e265fbed854e	57211005005	Cutolo E.	Edoardo Andrea	Cutolo	Edoardo Andrea Cutolo	1	LS9	1	LS	1	101053983	autori_scopus_preferred-name_erc.tsv	2026-09-29 17:23:46.216000	56089514300	0	LS9	22	1062	14097	0	0.0
6abbf4222297e265fbed854e	57211005005	Cutolo E.	Edoardo Andrea	Cutolo	Edoardo Andrea Cutolo	1	LS9	1	LS	1	101053983	autori_scopus_preferred-name_erc.tsv	2026-09-29 17:23:46.216000	57211005005	1	LS9	22	1148	14097	982	85.54006968641114
6abbf4212297e265fbed83e5	57194782748	Biagi N.	Nicola	Biagi	Nicola Biagi	1	PE7	1	PE	1	101077917	autori_scopus_preferred-name_erc.tsv	2026-09-29 17:23:45.886000	57194782748	1	PE7	123	443	36114	443	100.0
6abbf4212297e265fbed83e5	57194782748	Biagi N.	Nicola	Biagi	Nicola Biagi	1	PE7	1	PE	1	101077917	autori_scopus_preferred-name_erc.tsv	2026-09-29 17:23:45.886000	7003861327	0	PE7	123	2546	36114	17	0.6677140612725845
6abbf4232297e265fbed8bc5	7003861327	Biagi S.	Simone	Biagi	S. Biagi	1	PE9	1	PE	1	101076343	autori_scopus_preferred-name_erc.tsv	2026-09-29 17:23:47.501000	57194782748	0	PE9	519	443	151153	6	1.3544018058690745
6abbf4232297e265fbed8bc5	7003861327	Biagi S.	Simone	Biagi	S. Biagi	1	PE9	1	PE	1	101076343	autori_scopus_preferred-name_erc.tsv	2026-09-29 17:23:47.501000	7003861327	1	PE9	519	2546	151153	1568	61.586802827965435
6abbf4212297e265fbed83e6	57199326106	Antonelli L.	Lucio Angelo	Antonelli	Lucio Angelo Antonelli	1	PE9	1	PE	1	101076343	autori_scopus_preferred-name_erc.tsv	2026-09-29 17:23:45.887000	57199326106	1	PE9	519	4738	151153	4700	99.19797382861967
6abbf4212297e265fbed83e6	57199326106	Antonelli L.	Lucio Angelo	Antonelli	Lucio Angelo Antonelli	1	PE9	1	PE	1	101076343	autori_scopus_preferred-name_erc.tsv	2026-09-29 17:23:45.887000	35095999100	0	PE9	519	8217	151153	497	6.048436168918097
6abbf4212297e265fbed83e6	57199326106	Antonelli L.	Lucio Angelo	Antonelli	Lucio Angelo Antonelli	1	PE9	1	PE	1	101076343	autori_scopus_preferred-name_erc.tsv	2026-09-29 17:23:45.887000	7003984798	0	PE9	519	1139	151153	9	0.7901668129938543
6abbf4222297e265fbed869a	35095999100	Antonelli M.	Mario	Antonelli	M. Antonelli	1	PE2	1	PE	1	101089007	autori_scopus_preferred-name_erc.tsv	2026-09-29 17:23:46.522000	57199326106	0	PE2	198	4738	59032	1032	21.78134233853947
6abbf4222297e265fbed869a	35095999100	Antonelli M.	Mario	Antonelli	M. Antonelli	1	PE2	1	PE	1	101089007	autori_scopus_preferred-name_erc.tsv	2026-09-29 17:23:46.522000	35095999100	1	PE2	198	8217	59032	8180	99.54971400754533
6abbf4222297e265fbed869a	35095999100	Antonelli M.	Mario	Antonelli	M. Antonelli	1	PE2	1	PE	1	101089007	autori_scopus_preferred-name_erc.tsv	2026-09-29 17:23:46.522000	7003984798	0	PE2	198	1139	59032	55	4.8287971905179985
6abbf4232297e265fbed8bce	7003984798	Antonelli C.	Cristian	Antonelli	Cristian Antonelli	1	PE7	1	PE	1	101077917	autori_scopus_preferred-name_erc.tsv	2026-09-29 17:23:47.508000	57199326106	0	PE7	123	4738	36114	17	0.3588011819333052
6abbf4232297e265fbed8bce	7003984798	Antonelli C.	Cristian	Antonelli	Cristian Antonelli	1	PE7	1	PE	1	101077917	autori_scopus_preferred-name_erc.tsv	2026-09-29 17:23:47.508000	35095999100	0	PE7	123	8217	36114	19	0.23122794207131558
6abbf4232297e265fbed8bce	7003984798	Antonelli C.	Cristian	Antonelli	Cristian Antonelli	1	PE7	1	PE	1	101077917	autori_scopus_preferred-name_erc.tsv	2026-09-29 17:23:47.508000	7003984798	1	PE7	123	1139	36114	248	21.773485513608428
6abbf4212297e265fbed83e7	57200755004	Wang M.	Mengjiao	Wang	Mengjiao Wang	1	PE11	1	PE	1	101041229	autori_scopus_preferred-name_erc.tsv	2026-09-29 17:23:45.887000	57200755004	1	PE11	52	567	26404	477	84.12698412698413
6abbf4212297e265fbed83e7	57200755004	Wang M.	Mengjiao	Wang	Mengjiao Wang	1	PE11	1	PE	1	101041229	autori_scopus_preferred-name_erc.tsv	2026-09-29 17:23:45.887000	57224735774	0	PE11	52	362	26404	2	0.5524861878453038
6abbf4232297e265fbed89ee	57224735774	Wang Q.	Qiuran	Wang	Qiuran Wang	1	SH4	1	SH	1	101096728	autori_scopus_preferred-name_erc.tsv	2026-09-29 17:23:47.121000	57200755004	0	SH4	82	567	47006	3	0.5291005291005291
6abbf4232297e265fbed89ee	57224735774	Wang Q.	Qiuran	Wang	Qiuran Wang	1	SH4	1	SH	1	101096728	autori_scopus_preferred-name_erc.tsv	2026-09-29 17:23:47.121000	57224735774	1	SH4	82	362	47006	362	100.0
6abbf4212297e265fbed83ed	57214470766	Gamba R.	Rossella	Gamba	Rossella Gamba	1	PE9	1	PE	1	101043372	autori_scopus_preferred-name_erc.tsv	2026-09-29 17:23:45.893000	57214470766	1	PE9	519	616	151153	605	98.21428571428571
6abbf4212297e265fbed83ed	57214470766	Gamba R.	Rossella	Gamba	Rossella Gamba	1	PE9	1	PE	1	101043372	autori_scopus_preferred-name_erc.tsv	2026-09-29 17:23:45.893000	23392458000	0	PE9	519	2318	151153	24	1.0353753235547885
6abbf4222297e265fbed84b3	23392458000	Gamba M.	Marco	Gamba	Marco Gamba	1	SH4	1	SH	1	101041885	autori_scopus_preferred-name_erc.tsv	2026-09-29 17:23:46.072000	57214470766	0	SH4	82	616	47006	2	0.3246753246753247
6abbf4222297e265fbed84b3	23392458000	Gamba M.	Marco	Gamba	Marco Gamba	1	SH4	1	SH	1	101041885	autori_scopus_preferred-name_erc.tsv	2026-09-29 17:23:46.072000	23392458000	1	SH4	82	2318	47006	1431	61.734253666954274
6abbf4212297e265fbed83f8	57427422000	Ricci L.	Liviana	Ricci	Liviana Ricci	1	LS8	1	LS	1	101045015	autori_scopus_preferred-name_erc.tsv	2026-09-29 17:23:45.903000	57427422000	1	LS8	85	245	44172	168	68.57142857142857
6abbf4212297e265fbed83f8	57427422000	Ricci L.	Liviana	Ricci	Liviana Ricci	1	LS8	1	LS	1	101045015	autori_scopus_preferred-name_erc.tsv	2026-09-29 17:23:45.903000	57218589809	0	LS8	85	284	44172	1	0.35211267605633806
6abbf4212297e265fbed83f8	57427422000	Ricci L.	Liviana	Ricci	Liviana Ricci	1	LS8	1	LS	1	101045015	autori_scopus_preferred-name_erc.tsv	2026-09-29 17:23:45.903000	57209088804	0	LS8	85	723	44172	61	8.437067773167358
6abbf4222297e265fbed8568	57218589809	Ricci S.	Saverio	Ricci	Saverio Ricci	1	PE7	1	PE	1	101042585	autori_scopus_preferred-name_erc.tsv	2026-09-29 17:23:46.241000	57427422000	0	PE7	123	245	36114	0	0.0
6abbf4222297e265fbed8568	57218589809	Ricci S.	Saverio	Ricci	Saverio Ricci	1	PE7	1	PE	1	101042585	autori_scopus_preferred-name_erc.tsv	2026-09-29 17:23:46.241000	57218589809	1	PE7	123	284	36114	256	90.14084507042254
6abbf4222297e265fbed8568	57218589809	Ricci S.	Saverio	Ricci	Saverio Ricci	1	PE7	1	PE	1	101042585	autori_scopus_preferred-name_erc.tsv	2026-09-29 17:23:46.241000	57209088804	0	PE7	123	723	36114	3	0.4149377593360996
6abbf4232297e265fbed8936	57209088804	Ricci S.	Stefano	Ricci	Stefano Ricci	1	SH6	1	SH	1	101077348	autori_scopus_preferred-name_erc.tsv	2026-09-29 17:23:47.006000	57427422000	0	SH6	49	245	26183	13	5.3061224489795915
6abbf4232297e265fbed8936	57209088804	Ricci S.	Stefano	Ricci	Stefano Ricci	1	SH6	1	SH	1	101077348	autori_scopus_preferred-name_erc.tsv	2026-09-29 17:23:47.006000	57218589809	0	SH6	49	284	26183	0	0.0
6abbf4232297e265fbed8936	57209088804	Ricci S.	Stefano	Ricci	Stefano Ricci	1	SH6	1	SH	1	101077348	autori_scopus_preferred-name_erc.tsv	2026-09-29 17:23:47.006000	57209088804	1	SH6	49	723	26183	598	82.71092669432917
6abbf4212297e265fbed83fb	58003585600	Calcaterra S.	Stefano	Calcaterra	Stefano Calcaterra	1	PE7	1	PE	1	101097569	autori_scopus_preferred-name_erc.tsv	2026-09-29 17:23:45.905000	58003585600	1	PE7	123	100	36114	100	100.0
6abbf4212297e265fbed83fb	58003585600	Calcaterra S.	Stefano	Calcaterra	Stefano Calcaterra	1	PE7	1	PE	1	101097569	autori_scopus_preferred-name_erc.tsv	2026-09-29 17:23:45.905000	58730345300	0	PE7	123	52	36114	0	0.0
6abbf4232297e265fbed8aa3	58730345300	Calcaterra M.	Matteo	Calcaterra	Matteo Calcaterra	1	SH7	1	SH	2	101044703 - 101056873	autori_scopus_preferred-name_erc.tsv	2026-09-29 17:23:47.252000	58003585600	0	SH7	23	100	20339	0	0.0
6abbf4232297e265fbed8aa3	58730345300	Calcaterra M.	Matteo	Calcaterra	Matteo Calcaterra	1	SH7	1	SH	2	101044703 - 101056873	autori_scopus_preferred-name_erc.tsv	2026-09-29 17:23:47.252000	58730345300	1	SH7	23	52	20339	22	42.30769230769231
6abbf4212297e265fbed8403	6603679093	Isella G.	Giovanni	Isella	Giovanni Isella	1	PE7	1	PE	1	101097569	autori_scopus_preferred-name_erc.tsv	2026-09-29 17:23:45.913000	6603679093	1	PE7	123	1263	36114	773	61.20348376880443
6abbf4212297e265fbed8403	6603679093	Isella G.	Giovanni	Isella	Giovanni Isella	1	PE7	1	PE	1	101097569	autori_scopus_preferred-name_erc.tsv	2026-09-29 17:23:45.913000	8699469900	0	PE7	123	593	36114	3	0.5059021922428331
6abbf4222297e265fbed85de	8699469900	Isella A.	Andrea	Isella	Andrea Isella	1	PE9	1	PE	1	101076613	autori_scopus_preferred-name_erc.tsv	2026-09-29 17:23:46.355000	6603679093	0	PE9	519	1263	151153	9	0.7125890736342043
6abbf4222297e265fbed85de	8699469900	Isella A.	Andrea	Isella	Andrea Isella	1	PE9	1	PE	1	101076613	autori_scopus_preferred-name_erc.tsv	2026-09-29 17:23:46.355000	8699469900	1	PE9	519	593	151153	593	100.0
6abbf4212297e265fbed8412	7006063472	Raimondi M.	Manuela Teresa	Raimondi	Manuela Teresa Raimondi	1	PE8	1	PE	2	101068512 - 101053122	autori_scopus_preferred-name_erc.tsv	2026-09-29 17:23:45.927000	7006063472	1	PE8	200	2537	100990	2365	93.22033898305084
6abbf4212297e265fbed8412	7006063472	Raimondi M.	Manuela Teresa	Raimondi	Manuela Teresa Raimondi	1	PE8	1	PE	2	101068512 - 101053122	autori_scopus_preferred-name_erc.tsv	2026-09-29 17:23:45.927000	57222326454	0	PE8	200	666	100990	6	0.9009009009009009
6abbf4232297e265fbed89dc	57222326454	Raimondi T.	Teresa	Raimondi	Teresa Raimondi	1	SH4	1	SH	1	101041885	autori_scopus_preferred-name_erc.tsv	2026-09-29 17:23:47.109000	7006063472	0	SH4	82	2537	47006	28	1.103665746945211
6abbf4232297e265fbed89dc	57222326454	Raimondi T.	Teresa	Raimondi	Teresa Raimondi	1	SH4	1	SH	1	101041885	autori_scopus_preferred-name_erc.tsv	2026-09-29 17:23:47.109000	57222326454	1	SH4	82	666	47006	600	90.09009009009009
6abbf4212297e265fbed841c	16029615600	Schiattarella G.	Gabriele Giacomo	Schiattarella	Gabriele G. Schiattarella	1	LS4	1	LS	1	101078307	autori_scopus_preferred-name_erc.tsv	2026-09-29 17:23:45.935000	16029615600	1	LS4	61	1830	38578	98	5.355191256830602
6abbf4212297e265fbed841c	16029615600	Schiattarella G.	Gabriele Giacomo	Schiattarella	Gabriele G. Schiattarella	1	LS4	1	LS	1	101078307	autori_scopus_preferred-name_erc.tsv	2026-09-29 17:23:45.935000	57190862946	0	LS4	61	239	38578	3	1.2552301255230125
6abbf4222297e265fbed851c	57190862946	Schiattarella C.	Chiara	Schiattarella	Chiara Schiattarella	1	PE7	1	PE	1	101081567	autori_scopus_preferred-name_erc.tsv	2026-09-29 17:23:46.170000	16029615600	0	PE7	123	1830	36114	6	0.32786885245901637
6abbf4222297e265fbed851c	57190862946	Schiattarella C.	Chiara	Schiattarella	Chiara Schiattarella	1	PE7	1	PE	1	101081567	autori_scopus_preferred-name_erc.tsv	2026-09-29 17:23:46.170000	57190862946	1	PE7	123	239	36114	15	6.2761506276150625
6abbf4212297e265fbed8421	22836019000	Salvato M.	Mara	Salvato	Mara Salvato	1	PE9	1	PE	2	101086378 - 101045437	autori_scopus_preferred-name_erc.tsv	2026-09-29 17:23:45.940000	22836019000	1	PE9	519	2938	151153	2817	95.88155207624234
6abbf4212297e265fbed8421	22836019000	Salvato M.	Mara	Salvato	Mara Salvato	1	PE9	1	PE	2	101086378 - 101045437	autori_scopus_preferred-name_erc.tsv	2026-09-29 17:23:45.940000	57211158383	0	PE9	519	358	151153	9	2.5139664804469275
6abbf4232297e265fbed8944	57211158383	Salvato E.	Erica	Salvato	Erica Salvato	1	PE7	1	PE	1	101076926	autori_scopus_preferred-name_erc.tsv	2026-09-29 17:23:47.012000	22836019000	0	PE7	123	2938	36114	11	0.37440435670524164
6abbf4232297e265fbed8944	57211158383	Salvato E.	Erica	Salvato	Erica Salvato	1	PE7	1	PE	1	101076926	autori_scopus_preferred-name_erc.tsv	2026-09-29 17:23:47.012000	57211158383	1	PE7	123	358	36114	79	22.067039106145252
6abbf4222297e265fbed8840	57189469058	Liu Z.	Zheming	Liu	Zheming Liu	1	PE11	1	PE	1	101041229	autori_scopus_preferred-name_erc.tsv	2026-09-29 17:23:46.829000	57189469058	1	PE11	52	281	26404	184	65.48042704626334
6abbf4222297e265fbed8840	57189469058	Liu Z.	Zheming	Liu	Zheming Liu	1	PE11	1	PE	1	101041229	autori_scopus_preferred-name_erc.tsv	2026-09-29 17:23:46.829000	57201201897	0	PE11	52	116	26404	38	32.758620689655174
6abbf4222297e265fbed88c8	57201201897	Liu Y.	Ying	Liu	Ying Liu	1	PE5	1	PE	1	101095974	autori_scopus_preferred-name_erc.tsv	2026-09-29 17:23:46.924000	57189469058	0	PE5	116	281	47818	158	56.22775800711744
6abbf4222297e265fbed88c8	57201201897	Liu Y.	Ying	Liu	Ying Liu	1	PE5	1	PE	1	101095974	autori_scopus_preferred-name_erc.tsv	2026-09-29 17:23:46.924000	57201201897	1	PE5	116	116	47818	116	100.0
6abbf4212297e265fbed844e	56284355200	Romano C.	C.	Romano	Claudia Romano	1	PE10	1	PE	1	101044772	autori_scopus_preferred-name_erc.tsv	2026-09-29 17:23:45.980000	56284355200	1	PE10	63	1930	43045	1618	83.83419689119171
6abbf4212297e265fbed844e	56284355200	Romano C.	C.	Romano	Claudia Romano	1	PE10	1	PE	1	101044772	autori_scopus_preferred-name_erc.tsv	2026-09-29 17:23:45.980000	57195250950	0	PE10	63	1251	43045	20	1.5987210231814548
6abbf4222297e265fbed8896	57195250950	Romano V.	Valentino	Romano	Valentino Romano	1	PE11	1	PE	1	101055097	autori_scopus_preferred-name_erc.tsv	2026-09-29 17:23:46.886000	56284355200	0	PE11	52	1930	26404	18	0.932642487046632
6abbf4222297e265fbed8896	57195250950	Romano V.	Valentino	Romano	Valentino Romano	1	PE11	1	PE	1	101055097	autori_scopus_preferred-name_erc.tsv	2026-09-29 17:23:46.886000	57195250950	1	PE11	52	1251	26404	195	15.587529976019185
6abbf4212297e265fbed845c	57193119619	Brunetti G.	Gianfranco F.	Brunetti	G. Brunetti	1	PE9	1	PE	1	101086378	autori_scopus_preferred-name_erc.tsv	2026-09-29 17:23:45.991000	57193119619	1	PE9	519	3311	151153	3303	99.75838115372999
6abbf4212297e265fbed845c	57193119619	Brunetti G.	Gianfranco F.	Brunetti	G. Brunetti	1	PE9	1	PE	1	101086378	autori_scopus_preferred-name_erc.tsv	2026-09-29 17:23:45.991000	57338928700	0	PE9	519	54	151153	0	0.0
6abbf4232297e265fbed8a11	57338928700	Brunetti I.	Irene	Brunetti	Irene Brunetti	1	PE7	1	PE	1	101097876	autori_scopus_preferred-name_erc.tsv	2026-09-29 17:23:47.147000	57193119619	0	PE7	123	3311	36114	9	0.2718212020537602
6abbf4232297e265fbed8a11	57338928700	Brunetti I.	Irene	Brunetti	Irene Brunetti	1	PE7	1	PE	1	101097876	autori_scopus_preferred-name_erc.tsv	2026-09-29 17:23:47.147000	57338928700	1	PE7	123	54	36114	0	0.0
6abbf4212297e265fbed845d	57194286495	Mecozzi B.	Beniamino	Mecozzi	Beniamino Mecozzi	1	SH6	1	SH	1	101052653	autori_scopus_preferred-name_erc.tsv	2026-09-29 17:23:45.992000	57194286495	1	SH6	49	2404	26183	2269	94.38435940099833
6abbf4212297e265fbed845d	57194286495	Mecozzi B.	Beniamino	Mecozzi	Beniamino Mecozzi	1	SH6	1	SH	1	101052653	autori_scopus_preferred-name_erc.tsv	2026-09-29 17:23:45.992000	57203628230	0	SH6	49	992	26183	0	0.0
6abbf4222297e265fbed88f8	57203628230	Mecozzi A.	A.	Mecozzi	Antonio Mecozzi	1	PE7	1	PE	1	101077917	autori_scopus_preferred-name_erc.tsv	2026-09-29 17:23:46.960000	57194286495	0	PE7	123	2404	36114	0	0.0
6abbf4222297e265fbed88f8	57203628230	Mecozzi A.	A.	Mecozzi	Antonio Mecozzi	1	PE7	1	PE	1	101077917	autori_scopus_preferred-name_erc.tsv	2026-09-29 17:23:46.960000	57203628230	1	PE7	123	992	36114	277	27.923387096774192
6abbf4222297e265fbed8472	57477394000	Corti M.	Mattia	Corti	Mattia Corti	1	SYG-PE	1	PE	1	101115663	autori_scopus_preferred-name_erc.tsv	2026-09-29 17:23:46.011000	57477394000	1	SYG-PE	78	182	42748	182	100.0
6abbf4222297e265fbed8472	57477394000	Corti M.	Mattia	Corti	Mattia Corti	1	SYG-PE	1	PE	1	101115663	autori_scopus_preferred-name_erc.tsv	2026-09-29 17:23:46.011000	56581966700	0	SYG-PE	78	205	42748	10	4.878048780487805
6abbf4222297e265fbed8472	57477394000	Corti M.	Mattia	Corti	Mattia Corti	1	SYG-PE	1	PE	1	101115663	autori_scopus_preferred-name_erc.tsv	2026-09-29 17:23:46.011000	7006220309	0	SYG-PE	78	1721	42748	21	1.220220801859384
6abbf4222297e265fbed87f9	56581966700	Corti V.	Vasco	Corti	Vasco Corti	1	PE5	1	PE	3	101040025 - 101106125 - 101105828	autori_scopus_preferred-name_erc.tsv	2026-09-29 17:23:46.775000	57477394000	0	PE5	116	182	47818	1	0.5494505494505495
6abbf4222297e265fbed87f9	56581966700	Corti V.	Vasco	Corti	Vasco Corti	1	PE5	1	PE	3	101040025 - 101106125 - 101105828	autori_scopus_preferred-name_erc.tsv	2026-09-29 17:23:46.775000	56581966700	1	PE5	116	205	47818	118	57.56097560975609
6abbf4222297e265fbed87f9	56581966700	Corti V.	Vasco	Corti	Vasco Corti	1	PE5	1	PE	3	101040025 - 101106125 - 101105828	autori_scopus_preferred-name_erc.tsv	2026-09-29 17:23:46.775000	7006220309	0	PE5	116	1721	47818	0	0.0
6abbf4232297e265fbed8c16	7006220309	Corti G.	Giacomo	Corti	Giacomo Corti	1	PE10	1	PE	2	101087245 - 101119486	autori_scopus_preferred-name_erc.tsv	2026-09-29 17:23:47.572000	57477394000	0	PE10	63	182	43045	1	0.5494505494505495
6abbf4232297e265fbed8c16	7006220309	Corti G.	Giacomo	Corti	Giacomo Corti	1	PE10	1	PE	2	101087245 - 101119486	autori_scopus_preferred-name_erc.tsv	2026-09-29 17:23:47.572000	56581966700	0	PE10	63	205	43045	0	0.0
6abbf4232297e265fbed8c16	7006220309	Corti G.	Giacomo	Corti	Giacomo Corti	1	PE10	1	PE	2	101087245 - 101119486	autori_scopus_preferred-name_erc.tsv	2026-09-29 17:23:47.572000	7006220309	1	PE10	63	1721	43045	1627	94.53805926786751
6abbf4222297e265fbed8475	57668086600	Kim D.	Dawoon E.	Kim	Dawoon E. Kim	1	PE9	1	PE	1	101076343	autori_scopus_preferred-name_erc.tsv	2026-09-29 17:23:46.014000	57668086600	1	PE9	519	739	151153	703	95.12855209742895
6abbf4222297e265fbed8475	57668086600	Kim D.	Dawoon E.	Kim	Dawoon E. Kim	1	PE9	1	PE	1	101076343	autori_scopus_preferred-name_erc.tsv	2026-09-29 17:23:46.014000	58290088200	0	PE9	519	49	151153	0	0.0
6abbf4222297e265fbed8591	58290088200	Kim S.	Sung-hwan	Kim	Sung-Hwan Kim	1	PE6	1	PE	1	101039208	autori_scopus_preferred-name_erc.tsv	2026-09-29 17:23:46.281000	57668086600	0	PE6	23	739	5452	0	0.0
6abbf4222297e265fbed8591	58290088200	Kim S.	Sung-hwan	Kim	Sung-Hwan Kim	1	PE6	1	PE	1	101039208	autori_scopus_preferred-name_erc.tsv	2026-09-29 17:23:46.281000	58290088200	1	PE6	23	49	5452	49	100.0
6abbf4222297e265fbed8496	7402527192	Costa E.	Enrico	Costa	Enrico Costa	1	PE9	1	PE	1	101076343	autori_scopus_preferred-name_erc.tsv	2026-09-29 17:23:46.045000	7402527192	1	PE9	519	2506	151153	2506	100.0
6abbf4222297e265fbed8496	7402527192	Costa E.	Enrico	Costa	Enrico Costa	1	PE9	1	PE	1	101076343	autori_scopus_preferred-name_erc.tsv	2026-09-29 17:23:46.045000	57102696600	0	PE9	519	249	151153	1	0.4016064257028112
6abbf4222297e265fbed8515	57102696600	Costa P.	Paolo	Costa	Paolo Costa	1	PE5	1	PE	3	101040025 - 101106125 - 101105828	autori_scopus_preferred-name_erc.tsv	2026-09-29 17:23:46.163000	7402527192	0	PE5	116	2506	47818	2	0.07980845969672785
6abbf4222297e265fbed8515	57102696600	Costa P.	Paolo	Costa	Paolo Costa	1	PE5	1	PE	3	101040025 - 101106125 - 101105828	autori_scopus_preferred-name_erc.tsv	2026-09-29 17:23:46.163000	57102696600	1	PE5	116	249	47818	249	100.0
6abbf4222297e265fbed849d	10040033000	Monaco G.	Giulio	Monaco	Giulio Monaco	1	PE3	1	PE	1	101053167	autori_scopus_preferred-name_erc.tsv	2026-09-29 17:23:46.051000	10040033000	1	PE3	33	1122	19656	583	51.9607843137255
6abbf4222297e265fbed849d	10040033000	Monaco G.	Giulio	Monaco	Giulio Monaco	1	PE3	1	PE	1	101053167	autori_scopus_preferred-name_erc.tsv	2026-09-29 17:23:46.051000	59227903300	0	PE3	33	0	19656	0	0
6abbf4222297e265fbed849d	10040033000	Monaco G.	Giulio	Monaco	Giulio Monaco	1	PE3	1	PE	1	101053167	autori_scopus_preferred-name_erc.tsv	2026-09-29 17:23:46.051000	7006221760	0	PE3	33	1232	19656	0	0.0
6abbf4232297e265fbed8adc	59227903300	Monaco M.	Mariagrazia	Monaco	Mariagrazia Monaco	1	LS4	1	LS	1	101045285	autori_scopus_preferred-name_erc.tsv	2026-09-29 17:23:47.299000	10040033000	0	LS4	61	1122	38578	2	0.17825311942959002
6abbf4232297e265fbed8adc	59227903300	Monaco M.	Mariagrazia	Monaco	Mariagrazia Monaco	1	LS4	1	LS	1	101045285	autori_scopus_preferred-name_erc.tsv	2026-09-29 17:23:47.299000	59227903300	1	LS4	61	0	38578	0	0
6abbf4232297e265fbed8adc	59227903300	Monaco M.	Mariagrazia	Monaco	Mariagrazia Monaco	1	LS4	1	LS	1	101045285	autori_scopus_preferred-name_erc.tsv	2026-09-29 17:23:47.299000	7006221760	0	LS4	61	1232	38578	1	0.08116883116883117
6abbf4232297e265fbed8c17	7006221760	Monaco P.	Pierluigi	Monaco	Pierluigi Monaco	1	PE9	1	PE	1	101042299	autori_scopus_preferred-name_erc.tsv	2026-09-29 17:23:47.573000	10040033000	0	PE9	519	1122	151153	10	0.8912655971479502
6abbf4232297e265fbed8c17	7006221760	Monaco P.	Pierluigi	Monaco	Pierluigi Monaco	1	PE9	1	PE	1	101042299	autori_scopus_preferred-name_erc.tsv	2026-09-29 17:23:47.573000	59227903300	0	PE9	519	0	151153	0	0
6abbf4232297e265fbed8c17	7006221760	Monaco P.	Pierluigi	Monaco	Pierluigi Monaco	1	PE9	1	PE	1	101042299	autori_scopus_preferred-name_erc.tsv	2026-09-29 17:23:47.573000	7006221760	1	PE9	519	1232	151153	880	71.42857142857143
6abbf4222297e265fbed84a5	15047667100	Galbusera F.	F.	Galbusera	Fabio Galbusera	1	PE8	1	PE	1	101044828	autori_scopus_preferred-name_erc.tsv	2026-09-29 17:23:46.059000	15047667100	1	PE8	200	2200	100990	35	1.5909090909090908
6abbf4222297e265fbed84a5	15047667100	Galbusera F.	F.	Galbusera	Fabio Galbusera	1	PE8	1	PE	1	101044828	autori_scopus_preferred-name_erc.tsv	2026-09-29 17:23:46.059000	58863173900	0	PE8	200	48	100990	0	0.0
6abbf4232297e265fbed8ab3	58863173900	Galbusera A.	Alessia	Galbusera	Alessia Galbusera	1	SH6	1	SH	2	101065320 - 101077348	autori_scopus_preferred-name_erc.tsv	2026-09-29 17:23:47.266000	15047667100	0	SH6	49	2200	26183	20	0.9090909090909091
6abbf4232297e265fbed8ab3	58863173900	Galbusera A.	Alessia	Galbusera	Alessia Galbusera	1	SH6	1	SH	2	101065320 - 101077348	autori_scopus_preferred-name_erc.tsv	2026-09-29 17:23:47.266000	58863173900	1	SH6	49	48	26183	0	0.0
6abbf4222297e265fbed84bf	27568039400	Santini P.	Paola	Santini	Paola Santini	1	PE9	1	PE	1	101053208	autori_scopus_preferred-name_erc.tsv	2026-09-29 17:23:46.083000	27568039400	1	PE9	519	2609	151153	2566	98.35185894978919
6abbf4222297e265fbed84bf	27568039400	Santini P.	Paola	Santini	Paola Santini	1	PE9	1	PE	1	101053208	autori_scopus_preferred-name_erc.tsv	2026-09-29 17:23:46.083000	7006198153	0	PE9	519	512	151153	11	2.1484375
6abbf4232297e265fbed8c15	7006198153	Santini P.	Paolo	Santini	P. Santini	1	SYG-PE	1	PE	1	101071533	autori_scopus_preferred-name_erc.tsv	2026-09-29 17:23:47.571000	27568039400	0	SYG-PE	78	2609	42748	510	19.547719432732848
6abbf4232297e265fbed8c15	7006198153	Santini P.	Paolo	Santini	P. Santini	1	SYG-PE	1	PE	1	101071533	autori_scopus_preferred-name_erc.tsv	2026-09-29 17:23:47.571000	7006198153	1	SYG-PE	78	512	42748	512	100.0
6abbf4222297e265fbed84c2	35148174600	Paggi M.	Marco	Paggi	M. Paggi	1	PE8	1	PE	1	101052956	autori_scopus_preferred-name_erc.tsv	2026-09-29 17:23:46.086000	35148174600	1	PE8	200	2427	100990	930	38.31891223733004
6abbf4222297e265fbed84c2	35148174600	Paggi M.	Marco	Paggi	M. Paggi	1	PE8	1	PE	1	101052956	autori_scopus_preferred-name_erc.tsv	2026-09-29 17:23:46.086000	36933029700	0	PE8	200	2419	100990	1	0.0413393964448119
6abbf4222297e265fbed86ff	36933029700	Paggi A.	Alessandro	Paggi	Alessandro Paggi	1	PE9	1	PE	1	101076343	autori_scopus_preferred-name_erc.tsv	2026-09-29 17:23:46.609000	35148174600	0	PE9	519	2427	151153	6	0.2472187886279357
6abbf4222297e265fbed86ff	36933029700	Paggi A.	Alessandro	Paggi	Alessandro Paggi	1	PE9	1	PE	1	101076343	autori_scopus_preferred-name_erc.tsv	2026-09-29 17:23:46.609000	36933029700	1	PE9	519	2419	151153	2240	92.60024803637867
6abbf4222297e265fbed84d0	36893312700	Martinelli C.	Chiara	Martinelli	Chiara Martinelli	1	PE8	1	PE	2	101068512 - 101053122	autori_scopus_preferred-name_erc.tsv	2026-09-29 17:23:46.098000	36893312700	1	PE8	200	1660	100990	1172	70.60240963855422
6abbf4222297e265fbed84d0	36893312700	Martinelli C.	Chiara	Martinelli	Chiara Martinelli	1	PE8	1	PE	2	101068512 - 101053122	autori_scopus_preferred-name_erc.tsv	2026-09-29 17:23:46.098000	57208149448	0	PE8	200	386	100990	12	3.1088082901554404
6abbf4222297e265fbed84d0	36893312700	Martinelli C.	Chiara	Martinelli	Chiara Martinelli	1	PE8	1	PE	2	101068512 - 101053122	autori_scopus_preferred-name_erc.tsv	2026-09-29 17:23:46.098000	57190342916	0	PE8	200	1029	100990	82	7.968901846452867
6abbf4222297e265fbed8546	57208149448	Martinelli A.	Alessandro	Martinelli	Alessandro Martinelli	1	PE3	1	PE	1	101053167	autori_scopus_preferred-name_erc.tsv	2026-09-29 17:23:46.209000	36893312700	0	PE3	33	1660	19656	37	2.2289156626506026
6abbf4222297e265fbed8546	57208149448	Martinelli A.	Alessandro	Martinelli	Alessandro Martinelli	1	PE3	1	PE	1	101053167	autori_scopus_preferred-name_erc.tsv	2026-09-29 17:23:46.209000	57208149448	1	PE3	33	386	19656	355	91.96891191709845
6abbf4222297e265fbed8546	57208149448	Martinelli A.	Alessandro	Martinelli	Alessandro Martinelli	1	PE3	1	PE	1	101053167	autori_scopus_preferred-name_erc.tsv	2026-09-29 17:23:46.209000	57190342916	0	PE3	33	1029	19656	5	0.4859086491739553
6abbf4222297e265fbed8850	57190342916	Martinelli I.	Ilaria	Martinelli	Ilaria Martinelli	1	SH4	1	SH	1	101042625	autori_scopus_preferred-name_erc.tsv	2026-09-29 17:23:46.843000	36893312700	0	SH4	82	1660	47006	12	0.7228915662650602
6abbf4222297e265fbed8850	57190342916	Martinelli I.	Ilaria	Martinelli	Ilaria Martinelli	1	SH4	1	SH	1	101042625	autori_scopus_preferred-name_erc.tsv	2026-09-29 17:23:46.843000	57208149448	0	SH4	82	386	47006	1	0.2590673575129534
6abbf4222297e265fbed8850	57190342916	Martinelli I.	Ilaria	Martinelli	Ilaria Martinelli	1	SH4	1	SH	1	101042625	autori_scopus_preferred-name_erc.tsv	2026-09-29 17:23:46.843000	57190342916	1	SH4	82	1029	47006	917	89.1156462585034
6abbf4222297e265fbed84d1	37003280500	Vacca G.	Giuseppe	Vacca	Giuseppe Vacca	1	SYG-PE	1	PE	1	101115663	autori_scopus_preferred-name_erc.tsv	2026-09-29 17:23:46.099000	37003280500	1	SYG-PE	78	483	42748	450	93.16770186335404
6abbf4222297e265fbed84d1	37003280500	Vacca G.	Giuseppe	Vacca	Giuseppe Vacca	1	SYG-PE	1	PE	1	101115663	autori_scopus_preferred-name_erc.tsv	2026-09-29 17:23:46.099000	57217795988	0	SYG-PE	78	1084	42748	6	0.5535055350553505
6abbf4232297e265fbed898e	57217795988	Vacca A.	Antonio	Vacca	Antonio Vacca	1	LS4	1	LS	1	101078307	autori_scopus_preferred-name_erc.tsv	2026-09-29 17:23:47.072000	37003280500	0	LS4	61	483	38578	3	0.6211180124223602
6abbf4232297e265fbed898e	57217795988	Vacca A.	Antonio	Vacca	Antonio Vacca	1	LS4	1	LS	1	101078307	autori_scopus_preferred-name_erc.tsv	2026-09-29 17:23:47.072000	57217795988	1	LS4	61	1084	38578	50	4.612546125461255
6abbf4222297e265fbed84d2	37018396300	Marchetti R.	Roberta	Marchetti	Roberta Marchetti	1	PE5	1	PE	1	101039841	autori_scopus_preferred-name_erc.tsv	2026-09-29 17:23:46.100000	37018396300	1	PE5	116	970	47818	970	100.0
6abbf4222297e265fbed84d2	37018396300	Marchetti R.	Roberta	Marchetti	Roberta Marchetti	1	PE5	1	PE	1	101039841	autori_scopus_preferred-name_erc.tsv	2026-09-29 17:23:46.100000	57193493644	0	PE5	116	483	47818	44	9.109730848861282
6abbf4222297e265fbed84d2	37018396300	Marchetti R.	Roberta	Marchetti	Roberta Marchetti	1	PE5	1	PE	1	101039841	autori_scopus_preferred-name_erc.tsv	2026-09-29 17:23:46.100000	7103204997	0	PE5	116	3537	47818	40	1.130901894260673
6abbf4222297e265fbed8877	57193493644	Marchetti F.	Filippo	Marchetti	Filippo Marchetti	1	PE4	1	PE	2	101112805 - 101088032	autori_scopus_preferred-name_erc.tsv	2026-09-29 17:23:46.860000	37018396300	0	PE4	118	970	55310	52	5.360824742268041
6abbf4222297e265fbed8877	57193493644	Marchetti F.	Filippo	Marchetti	Filippo Marchetti	1	PE4	1	PE	2	101112805 - 101088032	autori_scopus_preferred-name_erc.tsv	2026-09-29 17:23:46.860000	57193493644	1	PE4	118	483	55310	437	90.47619047619048
6abbf4222297e265fbed8877	57193493644	Marchetti F.	Filippo	Marchetti	Filippo Marchetti	1	PE4	1	PE	2	101112805 - 101088032	autori_scopus_preferred-name_erc.tsv	2026-09-29 17:23:46.860000	7103204997	0	PE4	118	3537	55310	31	0.8764489680520215
6abbf4232297e265fbed8c3e	7103204997	Marchetti P.	P.	Marchetti	Piero Marchetti	1	LS4	1	LS	1	101043671	autori_scopus_preferred-name_erc.tsv	2026-09-29 17:23:47.607000	37018396300	0	LS4	61	970	38578	18	1.8556701030927836
6abbf4232297e265fbed8c3e	7103204997	Marchetti P.	P.	Marchetti	Piero Marchetti	1	LS4	1	LS	1	101043671	autori_scopus_preferred-name_erc.tsv	2026-09-29 17:23:47.607000	57193493644	0	LS4	61	483	38578	23	4.761904761904762
6abbf4232297e265fbed8c3e	7103204997	Marchetti P.	P.	Marchetti	Piero Marchetti	1	LS4	1	LS	1	101043671	autori_scopus_preferred-name_erc.tsv	2026-09-29 17:23:47.607000	7103204997	1	LS4	61	3537	38578	472	13.34464235227594
6abbf4222297e265fbed84d3	37040936100	Tanzi L.	Luca	Tanzi	Luca Tanzi	1	PE2	1	PE	1	101055319	autori_scopus_preferred-name_erc.tsv	2026-09-29 17:23:46.101000	37040936100	1	PE2	198	83	59032	83	100.0
6abbf4222297e265fbed84d3	37040936100	Tanzi L.	Luca	Tanzi	Luca Tanzi	1	PE2	1	PE	1	101055319	autori_scopus_preferred-name_erc.tsv	2026-09-29 17:23:46.101000	57223193616	0	PE2	198	234	59032	0	0.0
6abbf4232297e265fbed89e5	57223193616	Tanzi A.	Adele	Tanzi	Adele Tanzi	1	LS7	1	LS	1	101045467	autori_scopus_preferred-name_erc.tsv	2026-09-29 17:23:47.114000	37040936100	0	LS7	98	83	79924	0	0.0
6abbf4232297e265fbed89e5	57223193616	Tanzi A.	Adele	Tanzi	Adele Tanzi	1	LS7	1	LS	1	101045467	autori_scopus_preferred-name_erc.tsv	2026-09-29 17:23:47.114000	57223193616	1	LS7	98	234	79924	234	100.0
6abbf4222297e265fbed84e1	55246218600	Huang R.	Ruojun	Huang	Ruojun Huang	1	PE1	1	PE	1	101053472	autori_scopus_preferred-name_erc.tsv	2026-09-29 17:23:46.114000	55246218600	1	PE1	23	109	5131	109	100.0
6abbf4222297e265fbed84e1	55246218600	Huang R.	Ruojun	Huang	Ruojun Huang	1	PE1	1	PE	1	101053472	autori_scopus_preferred-name_erc.tsv	2026-09-29 17:23:46.114000	57211634315	0	PE1	23	681	5131	0	0.0
6abbf4222297e265fbed8552	57211634315	Huang K.	Kun D.	Huang	Kun D. Huang	1	LS8	1	LS	1	101045015	autori_scopus_preferred-name_erc.tsv	2026-09-29 17:23:46.220000	55246218600	0	LS8	85	109	44172	0	0.0
6abbf4222297e265fbed8552	57211634315	Huang K.	Kun D.	Huang	Kun D. Huang	1	LS8	1	LS	1	101045015	autori_scopus_preferred-name_erc.tsv	2026-09-29 17:23:46.220000	57211634315	1	LS8	85	681	44172	681	100.0
6abbf4222297e265fbed84e5	55375394900	Rinaldi L.	Luca	Rinaldi	Luca Rinaldi	1	SH4	1	SH	1	101087053	autori_scopus_preferred-name_erc.tsv	2026-09-29 17:23:46.116000	55375394900	1	SH4	82	1735	47006	807	46.512968299711815
6abbf4222297e265fbed84e5	55375394900	Rinaldi L.	Luca	Rinaldi	Luca Rinaldi	1	SH4	1	SH	1	101087053	autori_scopus_preferred-name_erc.tsv	2026-09-29 17:23:46.116000	8325324100	0	SH4	82	461	47006	1	0.21691973969631237
6abbf4232297e265fbed8c57	8325324100	Rinaldi A.	Alessandra	Rinaldi	Alessandra Rinaldi	1	LS9	1	LS	1	101040462	autori_scopus_preferred-name_erc.tsv	2026-09-29 17:23:47.617000	55375394900	0	LS9	22	1735	14097	5	0.2881844380403458
6abbf4232297e265fbed8c57	8325324100	Rinaldi A.	Alessandra	Rinaldi	Alessandra Rinaldi	1	LS9	1	LS	1	101040462	autori_scopus_preferred-name_erc.tsv	2026-09-29 17:23:47.617000	8325324100	1	LS9	22	461	14097	1	0.21691973969631237
6abbf4222297e265fbed84eb	55697020400	Conte R.	Riccardo	Conte	Riccardo Conte	1	PE4	1	PE	1	101081361	autori_scopus_preferred-name_erc.tsv	2026-09-29 17:23:46.122000	55697020400	1	PE4	118	1149	55310	724	63.01131418624891
6abbf4222297e265fbed84eb	55697020400	Conte R.	Riccardo	Conte	Riccardo Conte	1	PE4	1	PE	1	101081361	autori_scopus_preferred-name_erc.tsv	2026-09-29 17:23:46.122000	56268146200	0	PE4	118	143	55310	26	18.181818181818183
6abbf4222297e265fbed87d0	56268146200	Conte A.	Adriano Mosca	Conte	Adriano Mosca Conte	1	PE3	1	PE	1	101066434	autori_scopus_preferred-name_erc.tsv	2026-09-29 17:23:46.746000	55697020400	0	PE3	33	1149	19656	42	3.6553524804177546
6abbf4222297e265fbed87d0	56268146200	Conte A.	Adriano Mosca	Conte	Adriano Mosca Conte	1	PE3	1	PE	1	101066434	autori_scopus_preferred-name_erc.tsv	2026-09-29 17:23:46.746000	56268146200	1	PE3	33	143	19656	75	52.44755244755245
6abbf4222297e265fbed84f8	56195219500	Camargo F.	Franco V.A.	Camargo	Franco V. A. Camargo	1	LS9	1	LS	1	101053983	autori_scopus_preferred-name_erc.tsv	2026-09-29 17:23:46.135000	56195219500	1	LS9	22	832	14097	282	33.894230769230774
6abbf4222297e265fbed84f8	56195219500	Camargo F.	Franco V.A.	Camargo	Franco V. A. Camargo	1	LS9	1	LS	1	101053983	autori_scopus_preferred-name_erc.tsv	2026-09-29 17:23:46.135000	59304306700	0	LS9	22	0	14097	0	0
6abbf4232297e265fbed8aeb	59304306700	Camargo F.	Franco V.A.	Camargo	Franco V. A. Camargo	1	PE4	1	PE	2	101047137 - 101076859	autori_scopus_preferred-name_erc.tsv	2026-09-29 17:23:47.311000	56195219500	0	PE4	118	832	55310	263	31.610576923076923
6abbf4232297e265fbed8aeb	59304306700	Camargo F.	Franco V.A.	Camargo	Franco V. A. Camargo	1	PE4	1	PE	2	101047137 - 101076859	autori_scopus_preferred-name_erc.tsv	2026-09-29 17:23:47.311000	59304306700	1	PE4	118	0	55310	0	0
6abbf4222297e265fbed8502	56394720500	Venturi D.	Daniele	Venturi	Daniele Venturi	1	PE6	1	PE	2	101096871 - 101054911	autori_scopus_preferred-name_erc.tsv	2026-09-29 17:23:46.144000	56394720500	1	PE6	23	800	5452	264	33.0
6abbf4222297e265fbed8502	56394720500	Venturi D.	Daniele	Venturi	Daniele Venturi	1	PE6	1	PE	2	101096871 - 101054911	autori_scopus_preferred-name_erc.tsv	2026-09-29 17:23:46.144000	57201649820	0	PE6	23	1696	5452	0	0.0
6abbf4222297e265fbed88d1	57201649820	Venturi G.	Giacomo	Venturi	G. Venturi	1	PE9	1	PE	1	101040751	autori_scopus_preferred-name_erc.tsv	2026-09-29 17:23:46.928000	56394720500	0	PE9	519	800	151153	0	0.0
6abbf4222297e265fbed88d1	57201649820	Venturi G.	Giacomo	Venturi	G. Venturi	1	PE9	1	PE	1	101040751	autori_scopus_preferred-name_erc.tsv	2026-09-29 17:23:46.928000	57201649820	1	PE9	519	1696	151153	1696	100.0
6abbf4222297e265fbed850a	56638659600	Filippini T.	Tommaso	Filippini	Tommaso Filippini	1	SH4	1	SH	1	101042625	autori_scopus_preferred-name_erc.tsv	2026-09-29 17:23:46.152000	56638659600	1	SH4	82	5919	47006	5075	85.74083460043926
6abbf4222297e265fbed850a	56638659600	Filippini T.	Tommaso	Filippini	Tommaso Filippini	1	SH4	1	SH	1	101042625	autori_scopus_preferred-name_erc.tsv	2026-09-29 17:23:46.152000	54402939800	0	SH4	82	1490	47006	1	0.06711409395973154
6abbf4222297e265fbed850a	56638659600	Filippini T.	Tommaso	Filippini	Tommaso Filippini	1	SH4	1	SH	1	101042625	autori_scopus_preferred-name_erc.tsv	2026-09-29 17:23:46.152000	57192251704	0	SH4	82	1186	47006	7	0.5902192242833052
6abbf4222297e265fbed8722	54402939800	Filippini G.	Giacomo	Filippini	Giacomo Filippini	1	PE5	1	PE	1	101039578	autori_scopus_preferred-name_erc.tsv	2026-09-29 17:23:46.624000	56638659600	0	PE5	116	5919	47818	32	0.5406318634904544
6abbf4222297e265fbed8722	54402939800	Filippini G.	Giacomo	Filippini	Giacomo Filippini	1	PE5	1	PE	1	101039578	autori_scopus_preferred-name_erc.tsv	2026-09-29 17:23:46.624000	54402939800	1	PE5	116	1490	47818	429	28.79194630872483
6abbf4222297e265fbed8722	54402939800	Filippini G.	Giacomo	Filippini	Giacomo Filippini	1	PE5	1	PE	1	101039578	autori_scopus_preferred-name_erc.tsv	2026-09-29 17:23:46.624000	57192251704	0	PE5	116	1186	47818	6	0.5059021922428331
6abbf4222297e265fbed8861	57192251704	Filippini F.	Francesco	Filippini	F. Filippini	1	PE9	1	PE	1	101076343	autori_scopus_preferred-name_erc.tsv	2026-09-29 17:23:46.851000	56638659600	0	PE9	519	5919	151153	9	0.15205271160669032
6abbf4222297e265fbed8861	57192251704	Filippini F.	Francesco	Filippini	F. Filippini	1	PE9	1	PE	1	101076343	autori_scopus_preferred-name_erc.tsv	2026-09-29 17:23:46.851000	54402939800	0	PE9	519	1490	151153	10	0.6711409395973155
6abbf4222297e265fbed8861	57192251704	Filippini F.	Francesco	Filippini	F. Filippini	1	PE9	1	PE	1	101076343	autori_scopus_preferred-name_erc.tsv	2026-09-29 17:23:46.851000	57192251704	1	PE9	519	1186	151153	1186	100.0
6abbf4222297e265fbed8516	57188624879	Capone F.	Federico	Capone	Federico Capone	1	LS4	1	LS	1	101078307	autori_scopus_preferred-name_erc.tsv	2026-09-29 17:23:46.164000	57188624879	1	LS4	61	610	38578	43	7.049180327868852
6abbf4222297e265fbed8516	57188624879	Capone F.	Federico	Capone	Federico Capone	1	LS4	1	LS	1	101078307	autori_scopus_preferred-name_erc.tsv	2026-09-29 17:23:46.164000	35434659900	0	LS4	61	1612	38578	6	0.37220843672456577
6abbf4222297e265fbed86bf	35434659900	Capone A.	Antonio	Capone	A. Capone	1	PE9	1	PE	1	101076343	autori_scopus_preferred-name_erc.tsv	2026-09-29 17:23:46.556000	57188624879	0	PE9	519	610	151153	0	0.0
6abbf4222297e265fbed86bf	35434659900	Capone A.	Antonio	Capone	A. Capone	1	PE9	1	PE	1	101076343	autori_scopus_preferred-name_erc.tsv	2026-09-29 17:23:46.556000	35434659900	1	PE9	519	1612	151153	1612	100.0
6abbf4222297e265fbed8523	57193874792	Calabro A.	Antonello	Calabro	Antonello Calabró	1	PE9	1	PE	1	101053208	autori_scopus_preferred-name_erc.tsv	2026-09-29 17:23:46.175000	57193874792	1	PE9	519	3522	151153	3325	94.40658716638274
6abbf4222297e265fbed8523	57193874792	Calabro A.	Antonello	Calabro	Antonello Calabró	1	PE9	1	PE	1	101053208	autori_scopus_preferred-name_erc.tsv	2026-09-29 17:23:46.175000	57202022068	0	PE9	519	307	151153	0	0.0
6abbf4222297e265fbed88d7	57202022068	Calabro L.	Laura	Calabro	Laura Calabrò	1	PE10	1	PE	1	101044772	autori_scopus_preferred-name_erc.tsv	2026-09-29 17:23:46.933000	57193874792	0	PE10	63	3522	43045	17	0.4826802952867689
6abbf4222297e265fbed88d7	57202022068	Calabro L.	Laura	Calabro	Laura Calabrò	1	PE10	1	PE	1	101044772	autori_scopus_preferred-name_erc.tsv	2026-09-29 17:23:46.933000	57202022068	1	PE10	63	307	43045	54	17.58957654723127
6abbf4222297e265fbed8529	57195808631	Russo S.	Simone	Russo	Simone Russo	1	SYG-LS	1	LS	1	101071900	autori_scopus_preferred-name_erc.tsv	2026-09-29 17:23:46.181000	57195808631	1	SYG-LS	47	474	27374	474	100.0
6abbf4222297e265fbed8529	57195808631	Russo S.	Simone	Russo	Simone Russo	1	SYG-LS	1	LS	1	101071900	autori_scopus_preferred-name_erc.tsv	2026-09-29 17:23:46.181000	57194018820	0	SYG-LS	47	782	27374	17	2.1739130434782608
6abbf4222297e265fbed8885	57194018820	Russo L.	Luca	Russo	Luca Russo	1	LS7	1	LS	1	101077710	autori_scopus_preferred-name_erc.tsv	2026-09-29 17:23:46.872000	57195808631	0	LS7	98	474	79924	38	8.016877637130802
6abbf4222297e265fbed8885	57194018820	Russo L.	Luca	Russo	Luca Russo	1	LS7	1	LS	1	101077710	autori_scopus_preferred-name_erc.tsv	2026-09-29 17:23:46.872000	57194018820	1	LS7	98	782	79924	710	90.7928388746803
6abbf4222297e265fbed8534	57201496275	Bonetti L.	Lorenzo	Bonetti	Lorenzo Bonetti	1	PE8	1	PE	1	101039467	autori_scopus_preferred-name_erc.tsv	2026-09-29 17:23:46.191000	57201496275	1	PE8	200	1001	100990	120	11.988011988011989
6abbf4222297e265fbed8534	57201496275	Bonetti L.	Lorenzo	Bonetti	Lorenzo Bonetti	1	PE8	1	PE	1	101039467	autori_scopus_preferred-name_erc.tsv	2026-09-29 17:23:46.191000	57216803267	0	PE8	200	390	100990	23	5.897435897435897
6abbf4222297e265fbed8560	57216803267	Bonetti G.	Giorgia	Bonetti	Giorgia Bonetti	1	PE4	1	PE	1	101040798	autori_scopus_preferred-name_erc.tsv	2026-09-29 17:23:46.234000	57201496275	0	PE4	118	1001	55310	20	1.998001998001998
6abbf4222297e265fbed8560	57216803267	Bonetti G.	Giorgia	Bonetti	Giorgia Bonetti	1	PE4	1	PE	1	101040798	autori_scopus_preferred-name_erc.tsv	2026-09-29 17:23:46.234000	57216803267	1	PE4	118	390	55310	390	100.0
6abbf4222297e265fbed8542	57204970253	Pignatti C.	Clemente	Pignatti	Clemente Pignatti	1	SH3	1	SH	1	101039655	autori_scopus_preferred-name_erc.tsv	2026-09-29 17:23:46.205000	57204970253	1	SH3	10	0	3893	0	0
6abbf4222297e265fbed8542	57204970253	Pignatti C.	Clemente	Pignatti	Clemente Pignatti	1	SH3	1	SH	1	101039655	autori_scopus_preferred-name_erc.tsv	2026-09-29 17:23:46.205000	6603840161	0	SH3	10	1040	3893	1	0.09615384615384616
6abbf4232297e265fbed8b7b	6603840161	Pignatti S.	Stefano	Pignatti	Stefano Pignatti	1	LS9	1	LS	1	101086622	autori_scopus_preferred-name_erc.tsv	2026-09-29 17:23:47.435000	57204970253	0	LS9	22	0	14097	0	0
6abbf4232297e265fbed8b7b	6603840161	Pignatti S.	Stefano	Pignatti	Stefano Pignatti	1	LS9	1	LS	1	101086622	autori_scopus_preferred-name_erc.tsv	2026-09-29 17:23:47.435000	6603840161	1	LS9	22	1040	14097	54	5.1923076923076925
6abbf4222297e265fbed8561	57216891177	Scuderi S.	Sarah Adriana	Scuderi	Sarah Adriana Scuderi	1	LS4	1	LS	1	101052444	autori_scopus_preferred-name_erc.tsv	2026-09-29 17:23:46.234000	57216891177	1	LS4	61	2109	38578	152	7.207207207207207
6abbf4222297e265fbed8561	57216891177	Scuderi S.	Sarah Adriana	Scuderi	Sarah Adriana Scuderi	1	LS4	1	LS	1	101052444	autori_scopus_preferred-name_erc.tsv	2026-09-29 17:23:46.234000	36338222000	0	LS4	61	0	38578	0	0
6abbf4222297e265fbed86e5	36338222000	Scuderi C.	Cristina	Scuderi	Cristina Scuderi	1	LS8	1	LS	1	101045015	autori_scopus_preferred-name_erc.tsv	2026-09-29 17:23:46.589000	57216891177	0	LS8	85	2109	44172	51	2.418207681365576
6abbf4222297e265fbed86e5	36338222000	Scuderi C.	Cristina	Scuderi	Cristina Scuderi	1	LS8	1	LS	1	101045015	autori_scopus_preferred-name_erc.tsv	2026-09-29 17:23:46.589000	36338222000	1	LS8	85	0	44172	0	0
6abbf4222297e265fbed856f	57221150686	Mandelli V.	Veronica	Mandelli	Veronica Mandelli	1	SH4	1	SH	1	101087263	autori_scopus_preferred-name_erc.tsv	2026-09-29 17:23:46.248000	57221150686	1	SH4	82	231	47006	231	100.0
6abbf4222297e265fbed856f	57221150686	Mandelli V.	Veronica	Mandelli	Veronica Mandelli	1	SH4	1	SH	1	101087263	autori_scopus_preferred-name_erc.tsv	2026-09-29 17:23:46.248000	58358365900	0	SH4	82	236	47006	1	0.423728813559322
6abbf4232297e265fbed8a78	58358365900	Mandelli G.	Giacomo	Mandelli	Giacomo Mandelli	1	PE4	1	PE	1	101081361	autori_scopus_preferred-name_erc.tsv	2026-09-29 17:23:47.216000	57221150686	0	PE4	118	231	55310	7	3.0303030303030303
6abbf4232297e265fbed8a78	58358365900	Mandelli G.	Giacomo	Mandelli	Giacomo Mandelli	1	PE4	1	PE	1	101081361	autori_scopus_preferred-name_erc.tsv	2026-09-29 17:23:47.216000	58358365900	1	PE4	118	236	55310	236	100.0
6abbf4222297e265fbed858f	58095137400	Cocchi S.	Sebastiano	Cocchi	Sebastiano Cocchi	1	PE7	1	PE	1	101077917	autori_scopus_preferred-name_erc.tsv	2026-09-29 17:23:46.279000	58095137400	1	PE7	123	58	36114	43	74.13793103448276
6abbf4222297e265fbed858f	58095137400	Cocchi S.	Sebastiano	Cocchi	Sebastiano Cocchi	1	PE7	1	PE	1	101077917	autori_scopus_preferred-name_erc.tsv	2026-09-29 17:23:46.279000	56576467500	0	PE7	123	244	36114	1	0.4098360655737705
6abbf4222297e265fbed87f8	56576467500	Cocchi M.	Massimo	Cocchi	Massimo Cocchi	1	PE9	1	PE	1	101076343	autori_scopus_preferred-name_erc.tsv	2026-09-29 17:23:46.775000	58095137400	0	PE9	519	58	151153	2	3.4482758620689653
6abbf4222297e265fbed87f8	56576467500	Cocchi M.	Massimo	Cocchi	Massimo Cocchi	1	PE9	1	PE	1	101076343	autori_scopus_preferred-name_erc.tsv	2026-09-29 17:23:46.775000	56576467500	1	PE9	519	244	151153	244	100.0
6abbf4222297e265fbed8595	58500461500	Marchini F.	F.	Marchini	Francesco Marchini	1	PE8	1	PE	1	101041255	autori_scopus_preferred-name_erc.tsv	2026-09-29 17:23:46.285000	58500461500	1	PE8	200	131	100990	131	100.0
6abbf4222297e265fbed8595	58500461500	Marchini F.	F.	Marchini	Francesco Marchini	1	PE8	1	PE	1	101041255	autori_scopus_preferred-name_erc.tsv	2026-09-29 17:23:46.285000	55075943300	0	PE8	200	984	100990	5	0.5081300813008129
6abbf4222297e265fbed8736	55075943300	Marchini A.	Alessandro	Marchini	Alessandro Marchini	1	PE9	1	PE	1	101076343	autori_scopus_preferred-name_erc.tsv	2026-09-29 17:23:46.642000	58500461500	0	PE9	519	131	151153	0	0.0
6abbf4222297e265fbed8736	55075943300	Marchini A.	Alessandro	Marchini	Alessandro Marchini	1	PE9	1	PE	1	101076343	autori_scopus_preferred-name_erc.tsv	2026-09-29 17:23:46.642000	55075943300	1	PE9	519	984	151153	946	96.13821138211382
6abbf4222297e265fbed85a1	59274086600	Valente S.	Stefano	Valente	Stefano Valente	1	PE5	1	PE	1	101039578	autori_scopus_preferred-name_erc.tsv	2026-09-29 17:23:46.297000	59274086600	1	PE5	116	74	47818	74	100.0
6abbf4222297e265fbed85a1	59274086600	Valente S.	Stefano	Valente	Stefano Valente	1	PE5	1	PE	1	101039578	autori_scopus_preferred-name_erc.tsv	2026-09-29 17:23:46.297000	57190488065	0	PE5	116	1250	47818	8	0.64
6abbf4222297e265fbed8851	57190488065	Valente D.	Daria	Valente	Daria Valente	1	SH4	1	SH	1	101041885	autori_scopus_preferred-name_erc.tsv	2026-09-29 17:23:46.844000	59274086600	0	SH4	82	74	47006	0	0.0
6abbf4222297e265fbed8851	57190488065	Valente D.	Daria	Valente	Daria Valente	1	SH4	1	SH	1	101041885	autori_scopus_preferred-name_erc.tsv	2026-09-29 17:23:46.844000	57190488065	1	SH4	82	1250	47006	1044	83.52000000000001
6abbf4222297e265fbed85a2	59302925800	Paduano A.	Angelo	Paduano	Angelo Paduano	1	PE8	1	PE	1	101075903	autori_scopus_preferred-name_erc.tsv	2026-09-29 17:23:46.298000	59302925800	1	PE8	200	0	100990	0	0
6abbf4222297e265fbed85a2	59302925800	Paduano A.	Angelo	Paduano	Angelo Paduano	1	PE8	1	PE	1	101075903	autori_scopus_preferred-name_erc.tsv	2026-09-29 17:23:46.298000	7003751883	0	PE8	200	2022	100990	64	3.165182987141444
6abbf4232297e265fbed8bbd	7003751883	Paduano L.	Luigi	Paduano	Luigi Paduano	1	PE5	1	PE	1	101039841	autori_scopus_preferred-name_erc.tsv	2026-09-29 17:23:47.494000	59302925800	0	PE5	116	0	47818	0	0
6abbf4232297e265fbed8bbd	7003751883	Paduano L.	Luigi	Paduano	Luigi Paduano	1	PE5	1	PE	1	101039841	autori_scopus_preferred-name_erc.tsv	2026-09-29 17:23:47.494000	7003751883	1	PE5	116	2022	47818	1152	56.97329376854599
6abbf4222297e265fbed85be	7003853565	Treu T.	Tommaso L.	Treu	Tommaso Treu	1	PE9	1	PE	1	101053208	autori_scopus_preferred-name_erc.tsv	2026-09-29 17:23:46.324000	7003853565	1	PE9	519	3014	151153	2552	84.67153284671532
6abbf4222297e265fbed85be	7003853565	Treu T.	Tommaso L.	Treu	Tommaso Treu	1	PE9	1	PE	1	101053208	autori_scopus_preferred-name_erc.tsv	2026-09-29 17:23:46.324000	25923619600	0	PE9	519	2734	151153	31	1.1338697878566204
6abbf4222297e265fbed8682	25923619600	Treu L.	Laura	Treu	Laura Treu	1	PE8	1	PE	1	101098064	autori_scopus_preferred-name_erc.tsv	2026-09-29 17:23:46.501000	7003853565	0	PE8	200	3014	100990	13	0.43132050431320507
6abbf4222297e265fbed8682	25923619600	Treu L.	Laura	Treu	Laura Treu	1	PE8	1	PE	1	101098064	autori_scopus_preferred-name_erc.tsv	2026-09-29 17:23:46.501000	25923619600	1	PE8	200	2734	100990	2618	95.75713240673007
6abbf4222297e265fbed85c2	7004450805	Sala E.	Evis	Sala	Evis Sala	1	LS7	1	LS	1	101077710	autori_scopus_preferred-name_erc.tsv	2026-09-29 17:23:46.328000	7004450805	1	LS7	98	2388	79924	723	30.27638190954774
6abbf4222297e265fbed85c2	7004450805	Sala E.	Evis	Sala	Evis Sala	1	LS7	1	LS	1	101077710	autori_scopus_preferred-name_erc.tsv	2026-09-29 17:23:46.328000	55907556200	0	LS7	98	540	79924	0	0.0
6abbf4222297e265fbed8798	55907556200	Sala B.	Benedetto	Sala	Benedetto Sala	1	SH6	1	SH	1	101052653	autori_scopus_preferred-name_erc.tsv	2026-09-29 17:23:46.707000	7004450805	0	SH6	49	2388	26183	8	0.33500837520938026
6abbf4222297e265fbed8798	55907556200	Sala B.	Benedetto	Sala	Benedetto Sala	1	SH6	1	SH	1	101052653	autori_scopus_preferred-name_erc.tsv	2026-09-29 17:23:46.707000	55907556200	1	SH6	49	540	26183	397	73.51851851851852
6abbf4222297e265fbed85ca	7005924048	De Angelis A.	Alessandro D.	De Angelis	A. De Angelis	1	PE9	1	PE	1	101076343	autori_scopus_preferred-name_erc.tsv	2026-09-29 17:23:46.335000	7005924048	1	PE9	519	3122	151153	3042	97.4375400384369
6abbf4222297e265fbed85ca	7005924048	De Angelis A.	Alessandro D.	De Angelis	A. De Angelis	1	PE9	1	PE	1	101076343	autori_scopus_preferred-name_erc.tsv	2026-09-29 17:23:46.335000	35572110200	0	PE9	519	1960	151153	49	2.5
6abbf4222297e265fbed85ca	7005924048	De Angelis A.	Alessandro D.	De Angelis	A. De Angelis	1	PE9	1	PE	1	101076343	autori_scopus_preferred-name_erc.tsv	2026-09-29 17:23:46.335000	57201851771	0	PE9	519	825	151153	11	1.3333333333333335
6abbf4222297e265fbed86c8	35572110200	De Angelis C.	Costantino	De Angelis	Costantino De Angelis	1	PE7	1	PE	1	101044797	autori_scopus_preferred-name_erc.tsv	2026-09-29 17:23:46.564000	7005924048	0	PE7	123	3122	36114	14	0.4484304932735426
6abbf4222297e265fbed86c8	35572110200	De Angelis C.	Costantino	De Angelis	Costantino De Angelis	1	PE7	1	PE	1	101044797	autori_scopus_preferred-name_erc.tsv	2026-09-29 17:23:46.564000	35572110200	1	PE7	123	1960	36114	1588	81.0204081632653
6abbf4222297e265fbed86c8	35572110200	De Angelis C.	Costantino	De Angelis	Costantino De Angelis	1	PE7	1	PE	1	101044797	autori_scopus_preferred-name_erc.tsv	2026-09-29 17:23:46.564000	57201851771	0	PE7	123	825	36114	69	8.363636363636363
6abbf4222297e265fbed88d5	57201851771	De Angelis D.	Dario	De Angelis	Dario De Angelis	1	PE4	1	PE	1	101095012	autori_scopus_preferred-name_erc.tsv	2026-09-29 17:23:46.932000	7005924048	0	PE4	118	3122	55310	18	0.5765534913516976
6abbf4222297e265fbed88d5	57201851771	De Angelis D.	Dario	De Angelis	Dario De Angelis	1	PE4	1	PE	1	101095012	autori_scopus_preferred-name_erc.tsv	2026-09-29 17:23:46.932000	35572110200	0	PE4	118	1960	55310	946	48.26530612244898
6abbf4222297e265fbed88d5	57201851771	De Angelis D.	Dario	De Angelis	Dario De Angelis	1	PE4	1	PE	1	101095012	autori_scopus_preferred-name_erc.tsv	2026-09-29 17:23:46.932000	57201851771	1	PE4	118	825	55310	635	76.96969696969697
6abbf4222297e265fbed85d9	7401962189	Schneider C.	Claus Michael	Schneider	Claus Michael Schneider	1	SYG-PE	1	PE	1	101071259	autori_scopus_preferred-name_erc.tsv	2026-09-29 17:23:46.349000	7401962189	1	SYG-PE	78	747	42748	646	86.47925033467202
6abbf4222297e265fbed85d9	7401962189	Schneider C.	Claus Michael	Schneider	Claus Michael Schneider	1	SYG-PE	1	PE	1	101071259	autori_scopus_preferred-name_erc.tsv	2026-09-29 17:23:46.349000	56188182400	0	SYG-PE	78	4662	42748	2593	55.619905619905616
6abbf4222297e265fbed87c1	56188182400	Schneider R.	Raffaella	Schneider	R Schneider	1	PE9	1	PE	1	101088676	autori_scopus_preferred-name_erc.tsv	2026-09-29 17:23:46.736000	7401962189	0	PE9	519	747	151153	13	1.7402945113788488
6abbf4222297e265fbed87c1	56188182400	Schneider R.	Raffaella	Schneider	R Schneider	1	PE9	1	PE	1	101088676	autori_scopus_preferred-name_erc.tsv	2026-09-29 17:23:46.736000	56188182400	1	PE9	519	4662	151153	4459	95.64564564564564
6abbf4222297e265fbed85db	8212471500	Cassano R.	R.	Cassano	R. Cassano	1	PE9	1	PE	1	101086378	autori_scopus_preferred-name_erc.tsv	2026-09-29 17:23:46.352000	8212471500	1	PE9	519	1528	151153	1528	100.0
6abbf4222297e265fbed85db	8212471500	Cassano R.	R.	Cassano	R. Cassano	1	PE9	1	PE	1	101086378	autori_scopus_preferred-name_erc.tsv	2026-09-29 17:23:46.352000	59349928300	0	PE9	519	0	151153	0	0
6abbf4232297e265fbed8af6	59349928300	Cassano B.	Blanca	Cassano	Blanca Cassano	1	PE8	1	PE	1	101040383	autori_scopus_preferred-name_erc.tsv	2026-09-29 17:23:47.321000	8212471500	0	PE8	200	1528	100990	5	0.32722513089005234
6abbf4232297e265fbed8af6	59349928300	Cassano B.	Blanca	Cassano	Blanca Cassano	1	PE8	1	PE	1	101040383	autori_scopus_preferred-name_erc.tsv	2026-09-29 17:23:47.321000	59349928300	1	PE8	200	0	100990	0	0
6abbf4222297e265fbed85dc	8387869900	Vitiello M.	Miriam Serena	Vitiello	Miriam S Vitiello	1	PE7	1	PE	1	101081567	autori_scopus_preferred-name_erc.tsv	2026-09-29 17:23:46.353000	8387869900	1	PE7	123	1794	36114	1513	84.33667781493868
6abbf4222297e265fbed85dc	8387869900	Vitiello M.	Miriam Serena	Vitiello	Miriam S Vitiello	1	PE7	1	PE	1	101081567	autori_scopus_preferred-name_erc.tsv	2026-09-29 17:23:46.353000	7005142905	0	PE7	123	372	36114	2	0.5376344086021506
6abbf4232297e265fbed8bfc	7005142905	Vitiello M.	Mariateresa	Vitiello	Mariateresa Vitiello	1	PE5	1	PE	1	101039841	autori_scopus_preferred-name_erc.tsv	2026-09-29 17:23:47.549000	8387869900	0	PE5	116	1794	47818	16	0.8918617614269788
6abbf4232297e265fbed8bfc	7005142905	Vitiello M.	Mariateresa	Vitiello	Mariateresa Vitiello	1	PE5	1	PE	1	101039841	autori_scopus_preferred-name_erc.tsv	2026-09-29 17:23:47.549000	7005142905	1	PE5	116	372	47818	253	68.01075268817203
6abbf4222297e265fbed862a	16300846100	Conti I.	Irene	Conti	Irene Conti	1	PE4	1	PE	1	101043272	autori_scopus_preferred-name_erc.tsv	2026-09-29 17:23:46.423000	16300846100	1	PE4	118	1773	55310	1773	100.0
6abbf4222297e265fbed862a	16300846100	Conti I.	Irene	Conti	Irene Conti	1	PE4	1	PE	1	101043272	autori_scopus_preferred-name_erc.tsv	2026-09-29 17:23:46.423000	8583299000	0	PE4	118	132	55310	0	0.0
6abbf4232297e265fbed8c6a	8583299000	Conti P.	Pierangelo	Conti	Pierangelo Conti	1	LS7	1	LS	1	101088370	autori_scopus_preferred-name_erc.tsv	2026-09-29 17:23:47.627000	16300846100	0	LS7	98	1773	79924	2	0.1128031584884377
6abbf4232297e265fbed8c6a	8583299000	Conti P.	Pierangelo	Conti	Pierangelo Conti	1	LS7	1	LS	1	101088370	autori_scopus_preferred-name_erc.tsv	2026-09-29 17:23:47.627000	8583299000	1	LS7	98	132	79924	0	0.0
6abbf4222297e265fbed8630	16642191800	Botta P.	Paolo	Botta	Paolo Botta	1	LS5	1	LS	1	101055340	autori_scopus_preferred-name_erc.tsv	2026-09-29 17:23:46.428000	16642191800	1	LS5	31	100	15079	100	100.0
6abbf4222297e265fbed8630	16642191800	Botta P.	Paolo	Botta	Paolo Botta	1	LS5	1	LS	1	101055340	autori_scopus_preferred-name_erc.tsv	2026-09-29 17:23:46.428000	24723441600	0	LS5	31	1580	15079	6	0.37974683544303794
6abbf4222297e265fbed866b	24723441600	Botta L.	Lorenzo	Botta	Lorenzo Botta	1	LS9	1	LS	1	101054658	autori_scopus_preferred-name_erc.tsv	2026-09-29 17:23:46.480000	16642191800	0	LS9	22	100	14097	0	0.0
6abbf4222297e265fbed866b	24723441600	Botta L.	Lorenzo	Botta	Lorenzo Botta	1	LS9	1	LS	1	101054658	autori_scopus_preferred-name_erc.tsv	2026-09-29 17:23:46.480000	24723441600	1	LS9	22	1580	14097	1032	65.31645569620254
6abbf4222297e265fbed8637	19638894400	Marino G.	Gianluca	Marino	Gianluca Marino	1	SH6	1	SH	1	101052653	autori_scopus_preferred-name_erc.tsv	2026-09-29 17:23:46.434000	19638894400	1	SH6	49	241	26183	56	23.236514522821576
6abbf4222297e265fbed8637	19638894400	Marino G.	Gianluca	Marino	Gianluca Marino	1	SH6	1	SH	1	101052653	autori_scopus_preferred-name_erc.tsv	2026-09-29 17:23:46.434000	55980341800	0	SH6	49	2265	26183	2	0.08830022075055188
6abbf4222297e265fbed8637	19638894400	Marino G.	Gianluca	Marino	Gianluca Marino	1	SH6	1	SH	1	101052653	autori_scopus_preferred-name_erc.tsv	2026-09-29 17:23:46.434000	7202998420	0	SH6	49	535	26183	4	0.7476635514018692
6abbf4222297e265fbed87a3	55980341800	Marino A.	Attilio	Marino	Attilio Marino	1	PE8	1	PE	1	101146025	autori_scopus_preferred-name_erc.tsv	2026-09-29 17:23:46.712000	19638894400	0	PE8	200	241	100990	0	0.0
6abbf4222297e265fbed87a3	55980341800	Marino A.	Attilio	Marino	Attilio Marino	1	PE8	1	PE	1	101146025	autori_scopus_preferred-name_erc.tsv	2026-09-29 17:23:46.712000	55980341800	1	PE8	200	2265	100990	2221	98.05739514348785
6abbf4222297e265fbed87a3	55980341800	Marino A.	Attilio	Marino	Attilio Marino	1	PE8	1	PE	1	101146025	autori_scopus_preferred-name_erc.tsv	2026-09-29 17:23:46.712000	7202998420	0	PE8	200	535	100990	5	0.9345794392523363
6abbf4232297e265fbed8c46	7202998420	Marino G.	Giuseppe	Marino	G. Marino	1	PE9	1	PE	1	101052347	autori_scopus_preferred-name_erc.tsv	2026-09-29 17:23:47.612000	19638894400	0	PE9	519	241	151153	6	2.4896265560165975
6abbf4232297e265fbed8c46	7202998420	Marino G.	Giuseppe	Marino	G. Marino	1	PE9	1	PE	1	101052347	autori_scopus_preferred-name_erc.tsv	2026-09-29 17:23:47.612000	55980341800	0	PE9	519	2265	151153	3	0.13245033112582782
6abbf4232297e265fbed8c46	7202998420	Marino G.	Giuseppe	Marino	G. Marino	1	PE9	1	PE	1	101052347	autori_scopus_preferred-name_erc.tsv	2026-09-29 17:23:47.612000	7202998420	1	PE9	519	535	151153	535	100.0
6abbf4222297e265fbed863e	22951956900	Rusconi R.	Roberto	Rusconi	Roberto Rusconi	1	LS8	1	LS	1	101045015	autori_scopus_preferred-name_erc.tsv	2026-09-29 17:23:46.440000	22951956900	1	LS8	85	899	44172	121	13.459399332591767
6abbf4222297e265fbed863e	22951956900	Rusconi R.	Roberto	Rusconi	Roberto Rusconi	1	LS8	1	LS	1	101045015	autori_scopus_preferred-name_erc.tsv	2026-09-29 17:23:46.440000	57966564200	0	LS8	85	44	44172	0	0.0
6abbf4232297e265fbed8a55	57966564200	Rusconi M.	Martina	Rusconi	Martina Rusconi	1	PE8	1	PE	1	101089265	autori_scopus_preferred-name_erc.tsv	2026-09-29 17:23:47.196000	22951956900	0	PE8	200	899	100990	35	3.8932146829810903
6abbf4232297e265fbed8a55	57966564200	Rusconi M.	Martina	Rusconi	Martina Rusconi	1	PE8	1	PE	1	101089265	autori_scopus_preferred-name_erc.tsv	2026-09-29 17:23:47.196000	57966564200	1	PE8	200	44	100990	12	27.27272727272727
6abbf4222297e265fbed8653	23767226900	Luongo L.	Livio	Luongo	Livio Luongo	1	LS4	1	LS	1	101045285	autori_scopus_preferred-name_erc.tsv	2026-09-29 17:23:46.459000	23767226900	1	LS4	61	2353	38578	114	4.844878878028049
6abbf4222297e265fbed8653	23767226900	Luongo L.	Livio	Luongo	Livio Luongo	1	LS4	1	LS	1	101045285	autori_scopus_preferred-name_erc.tsv	2026-09-29 17:23:46.459000	57296133700	0	LS4	61	109	38578	0	0.0
6abbf4232297e265fbed8a0b	57296133700	Luongo E.	Eliseo	Luongo	Eliseo Luongo	1	PE1	1	PE	1	101053472	autori_scopus_preferred-name_erc.tsv	2026-09-29 17:23:47.143000	23767226900	0	PE1	23	2353	5131	1	0.042498937526561836
6abbf4232297e265fbed8a0b	57296133700	Luongo E.	Eliseo	Luongo	Eliseo Luongo	1	PE1	1	PE	1	101053472	autori_scopus_preferred-name_erc.tsv	2026-09-29 17:23:47.143000	57296133700	1	PE1	23	109	5131	55	50.45871559633027
6abbf4222297e265fbed867a	25635583100	Botti L.	Lorenzo Alessio	Botti	Lorenzo Botti	1	LS7	1	LS	1	101088370	autori_scopus_preferred-name_erc.tsv	2026-09-29 17:23:46.494000	25635583100	1	LS7	98	424	79924	0	0.0
6abbf4222297e265fbed867a	25635583100	Botti L.	Lorenzo Alessio	Botti	Lorenzo Botti	1	LS7	1	LS	1	101088370	autori_scopus_preferred-name_erc.tsv	2026-09-29 17:23:46.494000	57190044602	0	LS7	98	352	79924	0	0.0
6abbf4222297e265fbed867a	25635583100	Botti L.	Lorenzo Alessio	Botti	Lorenzo Botti	1	LS7	1	LS	1	101088370	autori_scopus_preferred-name_erc.tsv	2026-09-29 17:23:46.494000	57209618946	0	LS7	98	207	79924	0	0.0
6abbf4222297e265fbed8848	57190044602	Botti M.	Michele	Botti	Michele Botti	1	SYG-PE	1	PE	1	101115663	autori_scopus_preferred-name_erc.tsv	2026-09-29 17:23:46.836000	25635583100	0	SYG-PE	78	424	42748	149	35.14150943396226
6abbf4222297e265fbed8848	57190044602	Botti M.	Michele	Botti	Michele Botti	1	SYG-PE	1	PE	1	101115663	autori_scopus_preferred-name_erc.tsv	2026-09-29 17:23:46.836000	57190044602	1	SYG-PE	78	352	42748	340	96.5909090909091
6abbf4222297e265fbed8848	57190044602	Botti M.	Michele	Botti	Michele Botti	1	SYG-PE	1	PE	1	101115663	autori_scopus_preferred-name_erc.tsv	2026-09-29 17:23:46.836000	57209618946	0	SYG-PE	78	207	42748	3	1.4492753623188406
6abbf4232297e265fbed893b	57209618946	Botti G.	Giacomo	Botti	Giacomo Botti	1	PE4	1	PE	1	101081361	autori_scopus_preferred-name_erc.tsv	2026-09-29 17:23:47.008000	25635583100	0	PE4	118	424	55310	1	0.2358490566037736
6abbf4232297e265fbed893b	57209618946	Botti G.	Giacomo	Botti	Giacomo Botti	1	PE4	1	PE	1	101081361	autori_scopus_preferred-name_erc.tsv	2026-09-29 17:23:47.008000	57190044602	0	PE4	118	352	55310	1	0.2840909090909091
6abbf4232297e265fbed893b	57209618946	Botti G.	Giacomo	Botti	Giacomo Botti	1	PE4	1	PE	1	101081361	autori_scopus_preferred-name_erc.tsv	2026-09-29 17:23:47.008000	57209618946	1	PE4	118	207	55310	207	100.0
6abbf4222297e265fbed867f	25821783000	Castelli I.	Ivano Eligio	Castelli	Ivano E. Castelli	1	PE8	1	PE	1	101041255	autori_scopus_preferred-name_erc.tsv	2026-09-29 17:23:46.498000	25821783000	1	PE8	200	423	100990	141	33.33333333333333
6abbf4222297e265fbed867f	25821783000	Castelli I.	Ivano Eligio	Castelli	Ivano E. Castelli	1	PE8	1	PE	1	101041255	autori_scopus_preferred-name_erc.tsv	2026-09-29 17:23:46.498000	58890441500	0	PE8	200	639	100990	41	6.416275430359937
6abbf4232297e265fbed8ab5	58890441500	Castelli M.	Matteo	Castelli	Matteo Castelli	1	PE4	1	PE	2	101112805 - 101088032	autori_scopus_preferred-name_erc.tsv	2026-09-29 17:23:47.268000	25821783000	0	PE4	118	423	55310	51	12.056737588652481
6abbf4232297e265fbed8ab5	58890441500	Castelli M.	Matteo	Castelli	Matteo Castelli	1	PE4	1	PE	2	101112805 - 101088032	autori_scopus_preferred-name_erc.tsv	2026-09-29 17:23:47.268000	58890441500	1	PE4	118	639	55310	639	100.0
6abbf4222297e265fbed86a0	35188911400	Greco S.	Simona	Greco	Simona Greco	1	LS7	1	LS	1	101054460	autori_scopus_preferred-name_erc.tsv	2026-09-29 17:23:46.527000	35188911400	1	LS7	98	1108	79924	1108	100.0
6abbf4222297e265fbed86a0	35188911400	Greco S.	Simona	Greco	Simona Greco	1	LS7	1	LS	1	101054460	autori_scopus_preferred-name_erc.tsv	2026-09-29 17:23:46.527000	57207823228	0	LS7	98	1495	79924	11	0.7357859531772575
6abbf4222297e265fbed8922	57207823228	Greco G.	Gabriele	Greco	Gabriele Greco	1	PE8	1	PE	1	101086644	autori_scopus_preferred-name_erc.tsv	2026-09-29 17:23:46.997000	35188911400	0	PE8	200	1108	100990	78	7.039711191335741
6abbf4222297e265fbed8922	57207823228	Greco G.	Gabriele	Greco	Gabriele Greco	1	PE8	1	PE	1	101086644	autori_scopus_preferred-name_erc.tsv	2026-09-29 17:23:46.997000	57207823228	1	PE8	200	1495	100990	299	20.0
6abbf4222297e265fbed86a6	35226936400	Albert J.	Justin E.	Albert	J. Albert	1	PE2	1	PE	1	101089007	autori_scopus_preferred-name_erc.tsv	2026-09-29 17:23:46.533000	35226936400	1	PE2	198	8038	59032	8038	100.0
6abbf4222297e265fbed86a6	35226936400	Albert J.	Justin E.	Albert	J. Albert	1	PE2	1	PE	1	101089007	autori_scopus_preferred-name_erc.tsv	2026-09-29 17:23:46.533000	56382023100	0	PE2	198	1782	59032	621	34.84848484848485
6abbf4222297e265fbed87db	56382023100	Albert A.	Andrea M.	Albert	A. Albert	1	PE9	1	PE	1	101076343	autori_scopus_preferred-name_erc.tsv	2026-09-29 17:23:46.756000	35226936400	0	PE9	519	8038	151153	482	5.996516546404578
6abbf4222297e265fbed87db	56382023100	Albert A.	Andrea M.	Albert	A. Albert	1	PE9	1	PE	1	101076343	autori_scopus_preferred-name_erc.tsv	2026-09-29 17:23:46.756000	56382023100	1	PE9	519	1782	151153	1782	100.0
6abbf4222297e265fbed86c7	35565483100	Mariani P.	Pierpaolo	Mariani	Pier Paolo Mariani	1	PE7	1	PE	1	101118089	autori_scopus_preferred-name_erc.tsv	2026-09-29 17:23:46.563000	35565483100	1	PE7	123	83	36114	0	0.0
6abbf4222297e265fbed86c7	35565483100	Mariani P.	Pierpaolo	Mariani	Pier Paolo Mariani	1	PE7	1	PE	1	101118089	autori_scopus_preferred-name_erc.tsv	2026-09-29 17:23:46.563000	58067948000	0	PE7	123	47	36114	0	0.0
6abbf4232297e265fbed8a5f	58067948000	Mariani F.	Francesca	Mariani	Francesca Mariani	1	PE2	1	PE	1	101040024	autori_scopus_preferred-name_erc.tsv	2026-09-29 17:23:47.201000	35565483100	0	PE2	198	83	59032	0	0.0
6abbf4232297e265fbed8a5f	58067948000	Mariani F.	Francesca	Mariani	Francesca Mariani	1	PE2	1	PE	1	101040024	autori_scopus_preferred-name_erc.tsv	2026-09-29 17:23:47.201000	58067948000	1	PE2	198	47	59032	47	100.0
6abbf4222297e265fbed86cc	35745690800	Crippa A.	Alessandro	Crippa	Alessandro Crippa	1	SH4	1	SH	1	101087263	autori_scopus_preferred-name_erc.tsv	2026-09-29 17:23:46.567000	35745690800	1	SH4	82	662	47006	530	80.06042296072508
6abbf4222297e265fbed86cc	35745690800	Crippa A.	Alessandro	Crippa	Alessandro Crippa	1	SH4	1	SH	1	101087263	autori_scopus_preferred-name_erc.tsv	2026-09-29 17:23:46.567000	57219561802	0	SH4	82	361	47006	7	1.9390581717451523
6abbf4232297e265fbed89a7	57219561802	Crippa M.	Martina	Crippa	Martina Crippa	1	PE4	1	PE	1	101053661	autori_scopus_preferred-name_erc.tsv	2026-09-29 17:23:47.085000	35745690800	0	PE4	118	662	55310	2	0.3021148036253776
6abbf4232297e265fbed89a7	57219561802	Crippa M.	Martina	Crippa	Martina Crippa	1	PE4	1	PE	1	101053661	autori_scopus_preferred-name_erc.tsv	2026-09-29 17:23:47.085000	57219561802	1	PE4	118	361	55310	274	75.90027700831024
6abbf4222297e265fbed86d6	36010058800	Passerini L.	Laura	Passerini	Laura Passerini	1	LS7	1	LS	1	101044032	autori_scopus_preferred-name_erc.tsv	2026-09-29 17:23:46.576000	36010058800	1	LS7	98	551	79924	438	79.491833030853
6abbf4222297e265fbed86d6	36010058800	Passerini L.	Laura	Passerini	Laura Passerini	1	LS7	1	LS	1	101044032	autori_scopus_preferred-name_erc.tsv	2026-09-29 17:23:46.576000	7006983227	0	LS7	98	1488	79924	37	2.486559139784946
6abbf4232297e265fbed8c23	7006983227	Passerini A.	Andrea	Passerini	Andrea Passerini	1	LS8	1	LS	1	101045015	autori_scopus_preferred-name_erc.tsv	2026-09-29 17:23:47.583000	36010058800	0	LS8	85	551	44172	38	6.896551724137931
6abbf4232297e265fbed8c23	7006983227	Passerini A.	Andrea	Passerini	Andrea Passerini	1	LS8	1	LS	1	101045015	autori_scopus_preferred-name_erc.tsv	2026-09-29 17:23:47.583000	7006983227	1	LS8	85	1488	44172	15	1.0080645161290323
6abbf4222297e265fbed8700	36943101100	Villa A.	Anna	Villa	Anna Villa	1	LS7	1	LS	1	101044032	autori_scopus_preferred-name_erc.tsv	2026-09-29 17:23:46.609000	36943101100	1	LS7	98	2017	79924	450	22.310361923648983
6abbf4222297e265fbed8700	36943101100	Villa A.	Anna	Villa	Anna Villa	1	LS7	1	LS	1	101044032	autori_scopus_preferred-name_erc.tsv	2026-09-29 17:23:46.609000	7004574612	0	LS7	98	22	79924	0	0.0
6abbf4232297e265fbed8bee	7004574612	Villa C.	Corrado	Villa	C. Villa	1	PE7	1	PE	1	101054098	autori_scopus_preferred-name_erc.tsv	2026-09-29 17:23:47.536000	36943101100	0	PE7	123	2017	36114	1	0.04957858205255329
6abbf4232297e265fbed8bee	7004574612	Villa C.	Corrado	Villa	C. Villa	1	PE7	1	PE	1	101054098	autori_scopus_preferred-name_erc.tsv	2026-09-29 17:23:47.536000	7004574612	1	PE7	123	22	36114	22	100.0
6abbf4222297e265fbed8709	37080145300	Castiglioni E.	Elisabetta	Castiglioni	Elisabetta Castiglioni	1	SH6	1	SH	1	101054883	autori_scopus_preferred-name_erc.tsv	2026-09-29 17:23:46.613000	37080145300	1	SH6	49	376	26183	301	80.0531914893617
6abbf4222297e265fbed8709	37080145300	Castiglioni E.	Elisabetta	Castiglioni	Elisabetta Castiglioni	1	SH6	1	SH	1	101054883	autori_scopus_preferred-name_erc.tsv	2026-09-29 17:23:46.613000	59281425400	0	SH6	49	0	26183	0	0
6abbf4232297e265fbed8ae6	59281425400	Castiglioni I.	Ilaria	Castiglioni	Ilaria Castiglioni	1	LS2	1	LS	1	101088408	autori_scopus_preferred-name_erc.tsv	2026-09-29 17:23:47.306000	37080145300	0	LS2	6	376	2031	0	0.0
6abbf4232297e265fbed8ae6	59281425400	Castiglioni I.	Ilaria	Castiglioni	Ilaria Castiglioni	1	LS2	1	LS	1	101088408	autori_scopus_preferred-name_erc.tsv	2026-09-29 17:23:47.306000	59281425400	1	LS2	6	0	2031	0	0
6abbf4222297e265fbed870b	37116505500	Bertero A.	Alessandro	Bertero	Alessandro Bertero	1	LS1	1	LS	1	101076026	autori_scopus_preferred-name_erc.tsv	2026-09-29 17:23:46.615000	37116505500	1	LS1	23	448	13730	11	2.455357142857143
6abbf4222297e265fbed870b	37116505500	Bertero A.	Alessandro	Bertero	Alessandro Bertero	1	LS1	1	LS	1	101076026	autori_scopus_preferred-name_erc.tsv	2026-09-29 17:23:46.615000	57189520921	0	LS1	23	1460	13730	22	1.5068493150684932
6abbf4222297e265fbed8843	57189520921	Bertero E.	Edoardo	Bertero	Edoardo Bertero	1	LS7	1	LS	1	101054460	autori_scopus_preferred-name_erc.tsv	2026-09-29 17:23:46.832000	37116505500	0	LS7	98	448	79924	61	13.616071428571427
6abbf4222297e265fbed8843	57189520921	Bertero E.	Edoardo	Bertero	Edoardo Bertero	1	LS7	1	LS	1	101054460	autori_scopus_preferred-name_erc.tsv	2026-09-29 17:23:46.832000	57189520921	1	LS7	98	1460	79924	513	35.136986301369866
6abbf4222297e265fbed870c	38162613300	Scharff S.	Sebastian	Scharff	Sebastian Scharff	1	SH6	1	SH	1	101043954	autori_scopus_preferred-name_erc.tsv	2026-09-29 17:23:46.615000	38162613300	1	SH6	49	133	26183	14	10.526315789473683
6abbf4222297e265fbed870c	38162613300	Scharff S.	Sebastian	Scharff	Sebastian Scharff	1	SH6	1	SH	1	101043954	autori_scopus_preferred-name_erc.tsv	2026-09-29 17:23:46.615000	57195200228	0	SH6	49	172	26183	0	0.0
6abbf4222297e265fbed8895	57195200228	Scharff R.	Rob B.N.	Scharff	Rob Bernardus Nicolaas Scharff	1	PE8	1	PE	1	101039198	autori_scopus_preferred-name_erc.tsv	2026-09-29 17:23:46.884000	38162613300	0	PE8	200	133	100990	0	0.0
6abbf4222297e265fbed8895	57195200228	Scharff R.	Rob B.N.	Scharff	Rob Bernardus Nicolaas Scharff	1	PE8	1	PE	1	101039198	autori_scopus_preferred-name_erc.tsv	2026-09-29 17:23:46.884000	57195200228	1	PE8	200	172	100990	52	30.23255813953488
6abbf4222297e265fbed8713	43761202200	Grassi E.	Elisa Stellaria	Grassi	Elisa Stellaria Grassi	1	LS1	1	LS	1	101041298	autori_scopus_preferred-name_erc.tsv	2026-09-29 17:23:46.618000	43761202200	1	LS1	23	648	13730	519	80.0925925925926
6abbf4222297e265fbed8713	43761202200	Grassi E.	Elisa Stellaria	Grassi	Elisa Stellaria Grassi	1	LS1	1	LS	1	101041298	autori_scopus_preferred-name_erc.tsv	2026-09-29 17:23:46.618000	58418445400	0	LS1	23	28	13730	3	10.714285714285714
6abbf4222297e265fbed8713	43761202200	Grassi E.	Elisa Stellaria	Grassi	Elisa Stellaria Grassi	1	LS1	1	LS	1	101041298	autori_scopus_preferred-name_erc.tsv	2026-09-29 17:23:46.618000	7101807658	0	LS1	23	3966	13730	42	1.059001512859304
6abbf4232297e265fbed8a7c	58418445400	Grassi F.	Federica	Grassi	Federica Grassi	1	PE5	1	PE	1	101040025	autori_scopus_preferred-name_erc.tsv	2026-09-29 17:23:47.219000	43761202200	0	PE5	116	648	47818	10	1.5432098765432098
6abbf4232297e265fbed8a7c	58418445400	Grassi F.	Federica	Grassi	Federica Grassi	1	PE5	1	PE	1	101040025	autori_scopus_preferred-name_erc.tsv	2026-09-29 17:23:47.219000	58418445400	1	PE5	116	28	47818	28	100.0
6abbf4232297e265fbed8a7c	58418445400	Grassi F.	Federica	Grassi	Federica Grassi	1	PE5	1	PE	1	101040025	autori_scopus_preferred-name_erc.tsv	2026-09-29 17:23:47.219000	7101807658	0	PE5	116	3966	47818	45	1.13464447806354
6abbf4232297e265fbed8c2b	7101807658	Grassi C.	Claudio	Grassi	Claudio Grassi	1	LS5	1	LS	1	101078163	autori_scopus_preferred-name_erc.tsv	2026-09-29 17:23:47.590000	43761202200	0	LS5	31	648	15079	4	0.6172839506172839
6abbf4232297e265fbed8c2b	7101807658	Grassi C.	Claudio	Grassi	Claudio Grassi	1	LS5	1	LS	1	101078163	autori_scopus_preferred-name_erc.tsv	2026-09-29 17:23:47.590000	58418445400	0	LS5	31	28	15079	0	0.0
6abbf4232297e265fbed8c2b	7101807658	Grassi C.	Claudio	Grassi	Claudio Grassi	1	LS5	1	LS	1	101078163	autori_scopus_preferred-name_erc.tsv	2026-09-29 17:23:47.590000	7101807658	1	LS5	31	3966	15079	2571	64.82602118003025
6abbf4222297e265fbed8719	50261110100	Barbieri L.	Letizia	Barbieri	Letizia Barbieri	1	PE4	1	PE	2	101094131 - 101092725	autori_scopus_preferred-name_erc.tsv	2026-09-29 17:23:46.620000	50261110100	1	PE4	118	199	55310	199	100.0
6abbf4222297e265fbed8719	50261110100	Barbieri L.	Letizia	Barbieri	Letizia Barbieri	1	PE4	1	PE	2	101094131 - 101092725	autori_scopus_preferred-name_erc.tsv	2026-09-29 17:23:46.620000	58993960400	0	PE4	118	0	55310	0	0
6abbf4232297e265fbed8ac2	58993960400	Barbieri M.	Marianna	Barbieri	Marianna Barbieri	1	PE5	1	PE	1	101077698	autori_scopus_preferred-name_erc.tsv	2026-09-29 17:23:47.280000	50261110100	0	PE5	116	199	47818	25	12.562814070351758
6abbf4232297e265fbed8ac2	58993960400	Barbieri M.	Marianna	Barbieri	Marianna Barbieri	1	PE5	1	PE	1	101077698	autori_scopus_preferred-name_erc.tsv	2026-09-29 17:23:47.280000	58993960400	1	PE5	116	0	47818	0	0
6abbf4222297e265fbed8728	54789225100	Saraceno C.	Claudia	Saraceno	Claudia Saraceno	1	LS7	1	LS	1	101053962	autori_scopus_preferred-name_erc.tsv	2026-09-29 17:23:46.629000	54789225100	1	LS7	98	598	79924	598	100.0
6abbf4222297e265fbed8728	54789225100	Saraceno C.	Claudia	Saraceno	Claudia Saraceno	1	LS7	1	LS	1	101053962	autori_scopus_preferred-name_erc.tsv	2026-09-29 17:23:46.629000	58567265800	0	LS7	98	77	79924	0	0.0
6abbf4232297e265fbed8a8b	58567265800	Saraceno P.	Piermarco	Saraceno	Piermarco Saraceno	1	LS9	1	LS	1	101053983	autori_scopus_preferred-name_erc.tsv	2026-09-29 17:23:47.232000	54789225100	0	LS9	22	598	14097	9	1.5050167224080269
6abbf4232297e265fbed8a8b	58567265800	Saraceno P.	Piermarco	Saraceno	Piermarco Saraceno	1	LS9	1	LS	1	101053983	autori_scopus_preferred-name_erc.tsv	2026-09-29 17:23:47.232000	58567265800	1	LS9	22	77	14097	77	100.0
6abbf4222297e265fbed8737	55077809800	Papini R.	Riccardo	Papini	R. Papini	1	PE9	1	PE	1	101052347	autori_scopus_preferred-name_erc.tsv	2026-09-29 17:23:46.643000	55077809800	1	PE9	519	786	151153	786	100.0
6abbf4222297e265fbed8737	55077809800	Papini R.	Riccardo	Papini	R. Papini	1	PE9	1	PE	1	101052347	autori_scopus_preferred-name_erc.tsv	2026-09-29 17:23:46.643000	57219761993	0	PE9	519	34	151153	2	5.88235294117647
6abbf4232297e265fbed89b6	57219761993	Papini A.	Andrea	Papini	Andrea Papini	1	PE1	1	PE	1	101053472	autori_scopus_preferred-name_erc.tsv	2026-09-29 17:23:47.095000	55077809800	0	PE1	23	786	5131	0	0.0
6abbf4232297e265fbed89b6	57219761993	Papini A.	Andrea	Papini	Andrea Papini	1	PE1	1	PE	1	101053472	autori_scopus_preferred-name_erc.tsv	2026-09-29 17:23:47.095000	57219761993	1	PE1	23	34	5131	34	100.0
6abbf4222297e265fbed874a	55338295100	Stella M.	Martina	Stella	Martina Stella	1	PE4	1	PE	1	101043272	autori_scopus_preferred-name_erc.tsv	2026-09-29 17:23:46.660000	55338295100	1	PE4	118	364	55310	145	39.83516483516483
6abbf4222297e265fbed874a	55338295100	Stella M.	Martina	Stella	Martina Stella	1	PE4	1	PE	1	101043272	autori_scopus_preferred-name_erc.tsv	2026-09-29 17:23:46.660000	7101770170	0	PE4	118	1218	55310	6	0.49261083743842365
6abbf4232297e265fbed8c2a	7101770170	Stella L.	Luigi	Stella	Luigi Stella	1	PE9	1	PE	1	101076343	autori_scopus_preferred-name_erc.tsv	2026-09-29 17:23:47.589000	55338295100	0	PE9	519	364	151153	19	5.21978021978022
6abbf4232297e265fbed8c2a	7101770170	Stella L.	Luigi	Stella	Luigi Stella	1	PE9	1	PE	1	101076343	autori_scopus_preferred-name_erc.tsv	2026-09-29 17:23:47.589000	7101770170	1	PE9	519	1218	151153	1110	91.13300492610837
6abbf4222297e265fbed87a4	55984908600	Sartori B.	Barbara	Sartori	Barbara Sartori	1	PE11	1	PE	1	101041229	autori_scopus_preferred-name_erc.tsv	2026-09-29 17:23:46.713000	55984908600	1	PE11	52	396	26404	234	59.09090909090909
6abbf4222297e265fbed87a4	55984908600	Sartori B.	Barbara	Sartori	Barbara Sartori	1	PE11	1	PE	1	101041229	autori_scopus_preferred-name_erc.tsv	2026-09-29 17:23:46.713000	58717862900	0	PE11	52	39	26404	2	5.128205128205128
6abbf4222297e265fbed87a4	55984908600	Sartori B.	Barbara	Sartori	Barbara Sartori	1	PE11	1	PE	1	101041229	autori_scopus_preferred-name_erc.tsv	2026-09-29 17:23:46.713000	6603820829	0	PE11	52	1205	26404	0	0.0
6abbf4232297e265fbed8a9f	58717862900	Sartori P.	Paolo	Sartori	Paolo Sartori	1	PE8	1	PE	1	101069436	autori_scopus_preferred-name_erc.tsv	2026-09-29 17:23:47.248000	55984908600	0	PE8	200	396	100990	56	14.14141414141414
6abbf4232297e265fbed8a9f	58717862900	Sartori P.	Paolo	Sartori	Paolo Sartori	1	PE8	1	PE	1	101069436	autori_scopus_preferred-name_erc.tsv	2026-09-29 17:23:47.248000	58717862900	1	PE8	200	39	100990	6	15.384615384615385
6abbf4232297e265fbed8a9f	58717862900	Sartori P.	Paolo	Sartori	Paolo Sartori	1	PE8	1	PE	1	101069436	autori_scopus_preferred-name_erc.tsv	2026-09-29 17:23:47.248000	6603820829	0	PE8	200	1205	100990	10	0.8298755186721992
6abbf4232297e265fbed8b7a	6603820829	Sartori I.	Ivana	Sartori	Ivana Sartori	1	SYG-LS	1	LS	1	101071900	autori_scopus_preferred-name_erc.tsv	2026-09-29 17:23:47.434000	55984908600	0	SYG-LS	47	396	27374	6	1.5151515151515151
6abbf4232297e265fbed8b7a	6603820829	Sartori I.	Ivana	Sartori	Ivana Sartori	1	SYG-LS	1	LS	1	101071900	autori_scopus_preferred-name_erc.tsv	2026-09-29 17:23:47.434000	58717862900	0	SYG-LS	47	39	27374	0	0.0
6abbf4232297e265fbed8b7a	6603820829	Sartori I.	Ivana	Sartori	Ivana Sartori	1	SYG-LS	1	LS	1	101071900	autori_scopus_preferred-name_erc.tsv	2026-09-29 17:23:47.434000	6603820829	1	SYG-LS	47	1205	27374	864	71.70124481327801
6abbf4222297e265fbed87bf	56181497000	Capelli R.	Riccardo	Capelli	Riccardo Capelli	1	PE4	1	PE	1	101053661	autori_scopus_preferred-name_erc.tsv	2026-09-29 17:23:46.734000	56181497000	1	PE4	118	1373	55310	906	65.98689002184996
6abbf4222297e265fbed87bf	56181497000	Capelli R.	Riccardo	Capelli	Riccardo Capelli	1	PE4	1	PE	1	101053661	autori_scopus_preferred-name_erc.tsv	2026-09-29 17:23:46.734000	7004511670	0	PE4	118	349	55310	31	8.882521489971348
6abbf4232297e265fbed8bea	7004511670	Capelli R.	Raffaella	Capelli	Raffaella Capelli	1	PE7	1	PE	1	101055379	autori_scopus_preferred-name_erc.tsv	2026-09-29 17:23:47.532000	56181497000	0	PE7	123	1373	36114	19	1.3838310269482883
6abbf4232297e265fbed8bea	7004511670	Capelli R.	Raffaella	Capelli	Raffaella Capelli	1	PE7	1	PE	1	101055379	autori_scopus_preferred-name_erc.tsv	2026-09-29 17:23:47.532000	7004511670	1	PE7	123	349	36114	252	72.20630372492836
6abbf4222297e265fbed87d5	56274915100	Lombardi M.	Marco	Lombardi	Marco Lombardi	1	PE9	1	PE	1	101055318	autori_scopus_preferred-name_erc.tsv	2026-09-29 17:23:46.750000	56274915100	1	PE9	519	534	151153	422	79.02621722846442
6abbf4222297e265fbed87d5	56274915100	Lombardi M.	Marco	Lombardi	Marco Lombardi	1	PE9	1	PE	1	101055318	autori_scopus_preferred-name_erc.tsv	2026-09-29 17:23:46.750000	58571153400	0	PE9	519	0	151153	0	0
6abbf4232297e265fbed8a8c	58571153400	Lombardi G.	Giovanni	Lombardi	Giovanni Lombardi	1	PE7	1	PE	1	101077917	autori_scopus_preferred-name_erc.tsv	2026-09-29 17:23:47.233000	56274915100	0	PE7	123	534	36114	11	2.0599250936329585
6abbf4232297e265fbed8a8c	58571153400	Lombardi G.	Giovanni	Lombardi	Giovanni Lombardi	1	PE7	1	PE	1	101077917	autori_scopus_preferred-name_erc.tsv	2026-09-29 17:23:47.233000	58571153400	1	PE7	123	0	36114	0	0
6abbf4222297e265fbed87e1	56397823600	Caputo C.	Claudio	Caputo	C. Caputo	1	PE2	1	PE	1	101115353	autori_scopus_preferred-name_erc.tsv	2026-09-29 17:23:46.761000	56397823600	1	PE2	198	7114	59032	7110	99.94377284228281
6abbf4222297e265fbed87e1	56397823600	Caputo C.	Claudio	Caputo	C. Caputo	1	PE2	1	PE	1	101115353	autori_scopus_preferred-name_erc.tsv	2026-09-29 17:23:46.761000	58476390600	0	PE2	198	486	59032	10	2.05761316872428
6abbf4222297e265fbed87e1	56397823600	Caputo C.	Claudio	Caputo	C. Caputo	1	PE2	1	PE	1	101115353	autori_scopus_preferred-name_erc.tsv	2026-09-29 17:23:46.761000	7102895151	0	PE2	198	412	59032	17	4.12621359223301
6abbf4232297e265fbed8a7e	58476390600	Caputo M.	Mariapia	Caputo	Mariapia Caputo	1	PE8	1	PE	1	101040383	autori_scopus_preferred-name_erc.tsv	2026-09-29 17:23:47.221000	56397823600	0	PE8	200	7114	100990	41	0.5763283666010683
6abbf4232297e265fbed8a7e	58476390600	Caputo M.	Mariapia	Caputo	Mariapia Caputo	1	PE8	1	PE	1	101040383	autori_scopus_preferred-name_erc.tsv	2026-09-29 17:23:47.221000	58476390600	1	PE8	200	486	100990	154	31.68724279835391
6abbf4232297e265fbed8a7e	58476390600	Caputo M.	Mariapia	Caputo	Mariapia Caputo	1	PE8	1	PE	1	101040383	autori_scopus_preferred-name_erc.tsv	2026-09-29 17:23:47.221000	7102895151	0	PE8	200	412	100990	26	6.310679611650485
6abbf4232297e265fbed8c3a	7102895151	Caputo M.	Marco	Caputo	Marco Caputo	1	PE3	1	PE	1	101117424	autori_scopus_preferred-name_erc.tsv	2026-09-29 17:23:47.603000	56397823600	0	PE3	33	7114	19656	4	0.056227157717177394
6abbf4232297e265fbed8c3a	7102895151	Caputo M.	Marco	Caputo	Marco Caputo	1	PE3	1	PE	1	101117424	autori_scopus_preferred-name_erc.tsv	2026-09-29 17:23:47.603000	58476390600	0	PE3	33	486	19656	10	2.05761316872428
6abbf4232297e265fbed8c3a	7102895151	Caputo M.	Marco	Caputo	Marco Caputo	1	PE3	1	PE	1	101117424	autori_scopus_preferred-name_erc.tsv	2026-09-29 17:23:47.603000	7102895151	1	PE3	33	412	19656	145	35.19417475728155
6abbf4222297e265fbed87e2	56400444300	Donati G.	Greta	Donati	Greta Donati	1	PE5	1	PE	1	101039841	autori_scopus_preferred-name_erc.tsv	2026-09-29 17:23:46.762000	56400444300	1	PE5	116	1095	47818	581	53.05936073059361
6abbf4222297e265fbed87e2	56400444300	Donati G.	Greta	Donati	Greta Donati	1	PE5	1	PE	1	101039841	autori_scopus_preferred-name_erc.tsv	2026-09-29 17:23:46.762000	7003921934	0	PE5	116	1486	47818	59	3.970390309555855
6abbf4232297e265fbed8bc7	7003921934	Donati C.	Claudio	Donati	Claudio Donati	1	LS8	1	LS	1	101045015	autori_scopus_preferred-name_erc.tsv	2026-09-29 17:23:47.503000	56400444300	0	LS8	85	1095	44172	8	0.730593607305936
6abbf4232297e265fbed8bc7	7003921934	Donati C.	Claudio	Donati	Claudio Donati	1	LS8	1	LS	1	101045015	autori_scopus_preferred-name_erc.tsv	2026-09-29 17:23:47.503000	7003921934	1	LS8	85	1486	44172	1017	68.43876177658143
6abbf4222297e265fbed87e8	56423307400	Prato M.	Maurizio	Prato	Maurizio Prato	1	PE5	1	PE	1	101039578	autori_scopus_preferred-name_erc.tsv	2026-09-29 17:23:46.767000	56423307400	1	PE5	116	6690	47818	1606	24.005979073243648
6abbf4222297e265fbed87e8	56423307400	Prato M.	Maurizio	Prato	Maurizio Prato	1	PE5	1	PE	1	101039578	autori_scopus_preferred-name_erc.tsv	2026-09-29 17:23:46.767000	57208455894	0	PE5	116	6020	47818	1138	18.903654485049834
6abbf4222297e265fbed87e8	56423307400	Prato M.	Maurizio	Prato	Maurizio Prato	1	PE5	1	PE	1	101039578	autori_scopus_preferred-name_erc.tsv	2026-09-29 17:23:46.767000	57302838900	0	PE5	116	60	47818	1	1.6666666666666667
6abbf4232297e265fbed892d	57208455894	Prato M.	Mirko	Prato	Mirko Prato	1	PE11	1	PE	1	101044020	autori_scopus_preferred-name_erc.tsv	2026-09-29 17:23:47.003000	56423307400	0	PE11	52	6690	26404	282	4.2152466367713
6abbf4232297e265fbed892d	57208455894	Prato M.	Mirko	Prato	Mirko Prato	1	PE11	1	PE	1	101044020	autori_scopus_preferred-name_erc.tsv	2026-09-29 17:23:47.003000	57208455894	1	PE11	52	6020	26404	1798	29.867109634551497
6abbf4232297e265fbed892d	57208455894	Prato M.	Mirko	Prato	Mirko Prato	1	PE11	1	PE	1	101044020	autori_scopus_preferred-name_erc.tsv	2026-09-29 17:23:47.003000	57302838900	0	PE11	52	60	26404	0	0.0
6abbf4232297e265fbed8a0c	57302838900	Prato O.	Ornella	Prato	Ornella Prato	1	SH6	1	SH	2	101055195 - 101071707	autori_scopus_preferred-name_erc.tsv	2026-09-29 17:23:47.144000	56423307400	0	SH6	49	6690	26183	6	0.08968609865470852
6abbf4232297e265fbed8a0c	57302838900	Prato O.	Ornella	Prato	Ornella Prato	1	SH6	1	SH	2	101055195 - 101071707	autori_scopus_preferred-name_erc.tsv	2026-09-29 17:23:47.144000	57208455894	0	SH6	49	6020	26183	8	0.132890365448505
6abbf4232297e265fbed8a0c	57302838900	Prato O.	Ornella	Prato	Ornella Prato	1	SH6	1	SH	2	101055195 - 101071707	autori_scopus_preferred-name_erc.tsv	2026-09-29 17:23:47.144000	57302838900	1	SH6	49	60	26183	60	100.0
6abbf4222297e265fbed8803	56670371400	Fumagalli I.	Ivan	Fumagalli	Ivan Fumagalli	1	SYG-PE	1	PE	1	101115663	autori_scopus_preferred-name_erc.tsv	2026-09-29 17:23:46.780000	56670371400	1	SYG-PE	78	484	42748	385	79.54545454545455
6abbf4222297e265fbed8803	56670371400	Fumagalli I.	Ivan	Fumagalli	Ivan Fumagalli	1	SYG-PE	1	PE	1	101115663	autori_scopus_preferred-name_erc.tsv	2026-09-29 17:23:46.780000	7005453483	0	SYG-PE	78	630	42748	1	0.15873015873015872
6abbf4232297e265fbed8c04	7005453483	Fumagalli S.	Stefano	Fumagalli	Stefano Fumagalli	1	LS6	1	LS	1	101054805	autori_scopus_preferred-name_erc.tsv	2026-09-29 17:23:47.556000	56670371400	0	LS6	20	484	12192	0	0.0
6abbf4232297e265fbed8c04	7005453483	Fumagalli S.	Stefano	Fumagalli	Stefano Fumagalli	1	LS6	1	LS	1	101054805	autori_scopus_preferred-name_erc.tsv	2026-09-29 17:23:47.556000	7005453483	1	LS6	20	630	12192	68	10.793650793650794
6abbf4222297e265fbed880f	56830260800	Rosso F.	Federica	Rosso	Federica Rosso	1	PE8	1	PE	1	101041255	autori_scopus_preferred-name_erc.tsv	2026-09-29 17:23:46.792000	56830260800	1	PE8	200	1149	100990	232	20.191470844212358
6abbf4222297e265fbed880f	56830260800	Rosso F.	Federica	Rosso	Federica Rosso	1	PE8	1	PE	1	101041255	autori_scopus_preferred-name_erc.tsv	2026-09-29 17:23:46.792000	57207774702	0	PE8	200	719	100990	63	8.762169680111267
6abbf4222297e265fbed891f	57207774702	Rosso C.	Cristian	Rosso	Cristian Rosso	1	PE5	1	PE	1	101040025	autori_scopus_preferred-name_erc.tsv	2026-09-29 17:23:46.994000	56830260800	0	PE5	116	1149	47818	2	0.17406440382941687
6abbf4222297e265fbed891f	57207774702	Rosso C.	Cristian	Rosso	Cristian Rosso	1	PE5	1	PE	1	101040025	autori_scopus_preferred-name_erc.tsv	2026-09-29 17:23:46.994000	57207774702	1	PE5	116	719	47818	304	42.280945757997216
6abbf4222297e265fbed881e	56956669800	Zanella G.	Giacomo	Zanella	Giacomo Zanella	1	PE1	1	PE	1	101076564	autori_scopus_preferred-name_erc.tsv	2026-09-29 17:23:46.805000	56956669800	1	PE1	23	320	5131	35	10.9375
6abbf4222297e265fbed881e	56956669800	Zanella G.	Giacomo	Zanella	Giacomo Zanella	1	PE1	1	PE	1	101076564	autori_scopus_preferred-name_erc.tsv	2026-09-29 17:23:46.805000	57201412747	0	PE1	23	310	5131	5	1.6129032258064515
6abbf4222297e265fbed88cc	57201412747	Zanella A.	Alberto	Zanella	Alberto, Zanella	1	PE7	1	PE	1	101078411	autori_scopus_preferred-name_erc.tsv	2026-09-29 17:23:46.926000	56956669800	0	PE7	123	320	36114	4	1.25
6abbf4222297e265fbed88cc	57201412747	Zanella A.	Alberto	Zanella	Alberto, Zanella	1	PE7	1	PE	1	101078411	autori_scopus_preferred-name_erc.tsv	2026-09-29 17:23:46.926000	57201412747	1	PE7	123	310	36114	68	21.935483870967744
6abbf4222297e265fbed8828	57070087300	Distefano N.	Natalia	Distefano	Natalia Distefano	1	SH7	1	SH	1	101039222	autori_scopus_preferred-name_erc.tsv	2026-09-29 17:23:46.813000	57070087300	1	SH7	23	755	20339	5	0.6622516556291391
6abbf4222297e265fbed8828	57070087300	Distefano N.	Natalia	Distefano	Natalia Distefano	1	SH7	1	SH	1	101039222	autori_scopus_preferred-name_erc.tsv	2026-09-29 17:23:46.813000	9433557800	0	SH7	23	1351	20339	7	0.5181347150259068
6abbf4232297e265fbed8c7d	9433557800	Distefano C.	Carla	Distefano	C. Distefano	1	PE9	1	PE	1	101076343	autori_scopus_preferred-name_erc.tsv	2026-09-29 17:23:47.644000	57070087300	0	PE9	519	755	151153	1	0.13245033112582782
6abbf4232297e265fbed8c7d	9433557800	Distefano C.	Carla	Distefano	C. Distefano	1	PE9	1	PE	1	101076343	autori_scopus_preferred-name_erc.tsv	2026-09-29 17:23:47.644000	9433557800	1	PE9	519	1351	151153	1316	97.40932642487047
6abbf4222297e265fbed882b	57114750700	Riccardi E.	Elisa	Riccardi	Elisa Riccardi	1	PE7	1	PE	1	101081567	autori_scopus_preferred-name_erc.tsv	2026-09-29 17:23:46.815000	57114750700	1	PE7	123	350	36114	327	93.42857142857143
6abbf4222297e265fbed882b	57114750700	Riccardi E.	Elisa	Riccardi	Elisa Riccardi	1	PE7	1	PE	1	101081567	autori_scopus_preferred-name_erc.tsv	2026-09-29 17:23:46.815000	57807559600	0	PE7	123	47	36114	1	2.127659574468085
6abbf4232297e265fbed8a44	57807559600	Riccardi B.	Brian	Riccardi	Brian Riccardi	1	PE6	1	PE	1	101039208	autori_scopus_preferred-name_erc.tsv	2026-09-29 17:23:47.179000	57114750700	0	PE6	23	350	5452	0	0.0
6abbf4232297e265fbed8a44	57807559600	Riccardi B.	Brian	Riccardi	Brian Riccardi	1	PE6	1	PE	1	101039208	autori_scopus_preferred-name_erc.tsv	2026-09-29 17:23:47.179000	57807559600	1	PE6	23	47	5452	16	34.04255319148936
6abbf4222297e265fbed8864	57192318084	Corrias M.	Maria Valeria	Corrias	Maria Valeria Corrias	1	LS8	1	LS	1	101045015	autori_scopus_preferred-name_erc.tsv	2026-09-29 17:23:46.851000	57192318084	1	LS8	85	1093	44172	941	86.09332113449221
6abbf4222297e265fbed8864	57192318084	Corrias M.	Maria Valeria	Corrias	Maria Valeria Corrias	1	LS8	1	LS	1	101045015	autori_scopus_preferred-name_erc.tsv	2026-09-29 17:23:46.851000	57222762966	0	LS8	85	216	44172	0	0.0
6abbf4232297e265fbed89e1	57222762966	Corrias N.	Nicola	Corrias	Nicola Corrias	1	PE7	1	PE	1	101077917	autori_scopus_preferred-name_erc.tsv	2026-09-29 17:23:47.112000	57192318084	0	PE7	123	1093	36114	0	0.0
6abbf4232297e265fbed89e1	57222762966	Corrias N.	Nicola	Corrias	Nicola Corrias	1	PE7	1	PE	1	101077917	autori_scopus_preferred-name_erc.tsv	2026-09-29 17:23:47.112000	57222762966	1	PE7	123	216	36114	107	49.53703703703704
6abbf4222297e265fbed887c	57193613731	de Simone M.	Marta	de Simone	M. De Simone	1	PE9	1	PE	1	101098309	autori_scopus_preferred-name_erc.tsv	2026-09-29 17:23:46.865000	57193613731	1	PE9	519	1068	151153	1046	97.94007490636703
6abbf4222297e265fbed887c	57193613731	de Simone M.	Marta	de Simone	M. De Simone	1	PE9	1	PE	1	101098309	autori_scopus_preferred-name_erc.tsv	2026-09-29 17:23:46.865000	57435288800	0	PE9	519	1013	151153	39	3.8499506416584404
6abbf4232297e265fbed8a20	57435288800	de Simone M.	Monica	de Simone	Monica de Simone	1	PE4	1	PE	1	101095012	autori_scopus_preferred-name_erc.tsv	2026-09-29 17:23:47.153000	57193613731	0	PE4	118	1068	55310	13	1.2172284644194757
6abbf4232297e265fbed8a20	57435288800	de Simone M.	Monica	de Simone	Monica de Simone	1	PE4	1	PE	1	101095012	autori_scopus_preferred-name_erc.tsv	2026-09-29 17:23:47.153000	57435288800	1	PE4	118	1013	55310	1013	100.0
6abbf4222297e265fbed889b	57195475054	Del Vecchio A.	Alessandro D.	Del Vecchio	Alessandro Del Vecchio	1	PE7	1	PE	1	101118089	autori_scopus_preferred-name_erc.tsv	2026-09-29 17:23:46.890000	57195475054	1	PE7	123	695	36114	628	90.35971223021583
6abbf4222297e265fbed889b	57195475054	Del Vecchio A.	Alessandro D.	Del Vecchio	Alessandro Del Vecchio	1	PE7	1	PE	1	101118089	autori_scopus_preferred-name_erc.tsv	2026-09-29 17:23:46.890000	57213093829	0	PE7	123	1303	36114	18	1.3814274750575595
6abbf4232297e265fbed8961	57213093829	Del Vecchio M.	Maria	Del Vecchio	Maria Del Vecchio	1	SYG-LS	1	LS	1	101071900	autori_scopus_preferred-name_erc.tsv	2026-09-29 17:23:47.039000	57195475054	0	SYG-LS	47	695	27374	17	2.446043165467626
6abbf4232297e265fbed8961	57213093829	Del Vecchio M.	Maria	Del Vecchio	Maria Del Vecchio	1	SYG-LS	1	LS	1	101071900	autori_scopus_preferred-name_erc.tsv	2026-09-29 17:23:47.039000	57213093829	1	SYG-LS	47	1303	27374	535	41.05909439754413
6abbf4222297e265fbed88ad	57198798056	Sun P.	Peihao	Sun	Peihao Sun	1	PE3	1	PE	1	101053167	autori_scopus_preferred-name_erc.tsv	2026-09-29 17:23:46.908000	57198798056	1	PE3	33	163	19656	54	33.12883435582822
6abbf4222297e265fbed88ad	57198798056	Sun P.	Peihao	Sun	Peihao Sun	1	PE3	1	PE	1	101053167	autori_scopus_preferred-name_erc.tsv	2026-09-29 17:23:46.908000	57212083420	0	PE3	33	557	19656	3	0.5385996409335727
6abbf4232297e265fbed8955	57212083420	Sun Y.	Yifan	Sun	Y. Sun	1	PE7	1	PE	1	101081871	autori_scopus_preferred-name_erc.tsv	2026-09-29 17:23:47.028000	57198798056	0	PE7	123	163	36114	4	2.4539877300613497
6abbf4232297e265fbed8955	57212083420	Sun Y.	Yifan	Sun	Y. Sun	1	PE7	1	PE	1	101081871	autori_scopus_preferred-name_erc.tsv	2026-09-29 17:23:47.028000	57212083420	1	PE7	123	557	36114	514	92.28007181328546
6abbf4232297e265fbed8927	57208220408	Rossi B.	Barbara	Rossi	Barbara Rossi	1	LS6	1	LS	1	101069397	autori_scopus_preferred-name_erc.tsv	2026-09-29 17:23:47.001000	57208220408	1	LS6	20	1084	12192	1084	100.0
6abbf4232297e265fbed8927	57208220408	Rossi B.	Barbara	Rossi	Barbara Rossi	1	LS6	1	LS	1	101069397	autori_scopus_preferred-name_erc.tsv	2026-09-29 17:23:47.001000	57225778410	0	LS6	20	60	12192	0	0.0
6abbf4232297e265fbed8927	57208220408	Rossi B.	Barbara	Rossi	Barbara Rossi	1	LS6	1	LS	1	101069397	autori_scopus_preferred-name_erc.tsv	2026-09-29 17:23:47.001000	59212806900	0	LS6	20	0	12192	0	0
6abbf4232297e265fbed89f7	57225778410	Rossi M.	Marco	Rossi	Marco Rossi	1	PE8	1	PE	1	101052956	autori_scopus_preferred-name_erc.tsv	2026-09-29 17:23:47.127000	57208220408	0	PE8	200	1084	100990	64	5.904059040590406
6abbf4232297e265fbed89f7	57225778410	Rossi M.	Marco	Rossi	Marco Rossi	1	PE8	1	PE	1	101052956	autori_scopus_preferred-name_erc.tsv	2026-09-29 17:23:47.127000	57225778410	1	PE8	200	60	100990	38	63.33333333333333
6abbf4232297e265fbed89f7	57225778410	Rossi M.	Marco	Rossi	Marco Rossi	1	PE8	1	PE	1	101052956	autori_scopus_preferred-name_erc.tsv	2026-09-29 17:23:47.127000	59212806900	0	PE8	200	0	100990	0	0
6abbf4232297e265fbed8ad9	59212806900	Rossi G.	Greta	Rossi	Greta Rossi	1	PE5	1	PE	1	101077698	autori_scopus_preferred-name_erc.tsv	2026-09-29 17:23:47.297000	57208220408	0	PE5	116	1084	47818	6	0.5535055350553505
6abbf4232297e265fbed8ad9	59212806900	Rossi G.	Greta	Rossi	Greta Rossi	1	PE5	1	PE	1	101077698	autori_scopus_preferred-name_erc.tsv	2026-09-29 17:23:47.297000	57225778410	0	PE5	116	60	47818	0	0.0
6abbf4232297e265fbed8ad9	59212806900	Rossi G.	Greta	Rossi	Greta Rossi	1	PE5	1	PE	1	101077698	autori_scopus_preferred-name_erc.tsv	2026-09-29 17:23:47.297000	59212806900	1	PE5	116	0	47818	0	0
6abbf4232297e265fbed8929	57208295241	Leonardi S.	Salvatore	Leonardi	Salvatore Leonardi	1	SH7	1	SH	1	101039222	autori_scopus_preferred-name_erc.tsv	2026-09-29 17:23:47.002000	57208295241	1	SH7	23	755	20339	5	0.6622516556291391
6abbf4232297e265fbed8929	57208295241	Leonardi S.	Salvatore	Leonardi	Salvatore Leonardi	1	SH7	1	SH	1	101039222	autori_scopus_preferred-name_erc.tsv	2026-09-29 17:23:47.002000	58488163200	0	SH7	23	142	20339	0	0.0
6abbf4232297e265fbed8a7f	58488163200	Leonardi P.	Pietro	Leonardi	P. Leonardi	1	PE9	1	PE	1	101052347	autori_scopus_preferred-name_erc.tsv	2026-09-29 17:23:47.222000	57208295241	0	PE9	519	755	151153	1	0.13245033112582782
6abbf4232297e265fbed8a7f	58488163200	Leonardi P.	Pietro	Leonardi	P. Leonardi	1	PE9	1	PE	1	101052347	autori_scopus_preferred-name_erc.tsv	2026-09-29 17:23:47.222000	58488163200	1	PE9	519	142	151153	125	88.02816901408451
6abbf4232297e265fbed894c	57211559733	Angelini G.	Gabriele	Angelini	Gabriele Angelini	1	LS6	1	LS	1	101069397	autori_scopus_preferred-name_erc.tsv	2026-09-29 17:23:47.019000	57211559733	1	LS6	20	415	12192	415	100.0
6abbf4232297e265fbed894c	57211559733	Angelini G.	Gabriele	Angelini	Gabriele Angelini	1	LS6	1	LS	1	101069397	autori_scopus_preferred-name_erc.tsv	2026-09-29 17:23:47.019000	7006878358	0	LS6	20	726	12192	0	0.0
6abbf4232297e265fbed8c20	7006878358	Angelini R.	Roberta	Angelini	Roberta Angelini	1	PE3	1	PE	1	101066434	autori_scopus_preferred-name_erc.tsv	2026-09-29 17:23:47.580000	57211559733	0	PE3	33	415	19656	0	0.0
6abbf4232297e265fbed8c20	7006878358	Angelini R.	Roberta	Angelini	Roberta Angelini	1	PE3	1	PE	1	101066434	autori_scopus_preferred-name_erc.tsv	2026-09-29 17:23:47.580000	7006878358	1	PE3	33	726	19656	645	88.84297520661157
6abbf4232297e265fbed8952	57211902060	Marini G.	Giovanni	Marini	Giovanni Marini	1	PE4	1	PE	1	101052708	autori_scopus_preferred-name_erc.tsv	2026-09-29 17:23:47.025000	57211902060	1	PE4	118	610	55310	384	62.95081967213115
6abbf4232297e265fbed8952	57211902060	Marini G.	Giovanni	Marini	Giovanni Marini	1	PE4	1	PE	1	101052708	autori_scopus_preferred-name_erc.tsv	2026-09-29 17:23:47.025000	57219792324	0	PE4	118	153	55310	1	0.6535947712418301
6abbf4232297e265fbed89b9	57219792324	Marini I.	I.	Marini	I. Marini	1	PE9	1	PE	1	101045437	autori_scopus_preferred-name_erc.tsv	2026-09-29 17:23:47.097000	57211902060	0	PE9	519	610	151153	12	1.9672131147540985
6abbf4232297e265fbed89b9	57219792324	Marini I.	I.	Marini	I. Marini	1	PE9	1	PE	1	101045437	autori_scopus_preferred-name_erc.tsv	2026-09-29 17:23:47.097000	57219792324	1	PE9	519	153	151153	138	90.19607843137256
6abbf4232297e265fbed8976	57216393463	De Luca G.	Giuseppe	De Luca	Giuseppe De Luca	1	LS1	1	LS	1	101040138	autori_scopus_preferred-name_erc.tsv	2026-09-29 17:23:47.054000	57216393463	1	LS1	23	126	13730	126	100.0
6abbf4232297e265fbed8976	57216393463	De Luca G.	Giuseppe	De Luca	Giuseppe De Luca	1	LS1	1	LS	1	101040138	autori_scopus_preferred-name_erc.tsv	2026-09-29 17:23:47.054000	57222390136	0	LS1	23	744	13730	2	0.2688172043010753
6abbf4232297e265fbed89dd	57222390136	de Luca C.	Claudia	de Luca	Claudia De Luca	1	SH4	1	SH	1	101042625	autori_scopus_preferred-name_erc.tsv	2026-09-29 17:23:47.109000	57216393463	0	SH4	82	126	47006	1	0.7936507936507936
6abbf4232297e265fbed89dd	57222390136	de Luca C.	Claudia	de Luca	Claudia De Luca	1	SH4	1	SH	1	101042625	autori_scopus_preferred-name_erc.tsv	2026-09-29 17:23:47.109000	57222390136	1	SH4	82	744	47006	453	60.88709677419355
6abbf4232297e265fbed89a4	57219456152	Perrone M.	Mattia	Perrone	Mattia Perrone	1	PE4	1	PE	1	101053661	autori_scopus_preferred-name_erc.tsv	2026-09-29 17:23:47.085000	57219456152	1	PE4	118	202	55310	202	100.0
6abbf4232297e265fbed89a4	57219456152	Perrone M.	Mattia	Perrone	Mattia Perrone	1	PE4	1	PE	1	101053661	autori_scopus_preferred-name_erc.tsv	2026-09-29 17:23:47.085000	57449060900	0	PE4	118	445	55310	5	1.1235955056179776
6abbf4232297e265fbed8a22	57449060900	Perrone M.	Michela	Perrone	Michela Perrone	1	LS4	1	LS	1	101045285	autori_scopus_preferred-name_erc.tsv	2026-09-29 17:23:47.154000	57219456152	0	LS4	61	202	38578	8	3.9603960396039604
6abbf4232297e265fbed8a22	57449060900	Perrone M.	Michela	Perrone	Michela Perrone	1	LS4	1	LS	1	101045285	autori_scopus_preferred-name_erc.tsv	2026-09-29 17:23:47.154000	57449060900	1	LS4	61	445	38578	61	13.707865168539326
6abbf4232297e265fbed89d8	57222110808	Franco S.	Silvia	Franco	Silvia Franco	1	PE3	1	PE	1	101066434	autori_scopus_preferred-name_erc.tsv	2026-09-29 17:23:47.106000	57222110808	1	PE3	33	524	19656	497	94.8473282442748
6abbf4232297e265fbed89d8	57222110808	Franco S.	Silvia	Franco	Silvia Franco	1	PE3	1	PE	1	101066434	autori_scopus_preferred-name_erc.tsv	2026-09-29 17:23:47.106000	8719813200	0	PE3	33	250	19656	15	6.0
6abbf4232297e265fbed8c6f	8719813200	Franco E.	Elisa	Franco	Elisa Franco	1	PE7	1	PE	1	101076926	autori_scopus_preferred-name_erc.tsv	2026-09-29 17:23:47.631000	57222110808	0	PE7	123	524	36114	8	1.5267175572519083
6abbf4232297e265fbed8c6f	8719813200	Franco E.	Elisa	Franco	Elisa Franco	1	PE7	1	PE	1	101076926	autori_scopus_preferred-name_erc.tsv	2026-09-29 17:23:47.631000	8719813200	1	PE7	123	250	36114	44	17.599999999999998
6abbf4232297e265fbed89e0	57222632363	Giovanelli J.	Joseph	Giovanelli	Joseph Giovanelli	1	PE6	1	PE	1	101041029	autori_scopus_preferred-name_erc.tsv	2026-09-29 17:23:47.111000	57222632363	1	PE6	23	138	5452	1	0.7246376811594203
6abbf4232297e265fbed89e0	57222632363	Giovanelli J.	Joseph	Giovanelli	Joseph Giovanelli	1	PE6	1	PE	1	101041029	autori_scopus_preferred-name_erc.tsv	2026-09-29 17:23:47.111000	59343058600	0	PE6	23	0	5452	0	0
6abbf4232297e265fbed8af2	59343058600	Giovanelli G.	Giulia	Giovanelli	Giulia Giovanelli	1	PE7	1	PE	1	101055379	autori_scopus_preferred-name_erc.tsv	2026-09-29 17:23:47.317000	57222632363	0	PE7	123	138	36114	3	2.1739130434782608
6abbf4232297e265fbed8af2	59343058600	Giovanelli G.	Giulia	Giovanelli	Giulia Giovanelli	1	PE7	1	PE	1	101055379	autori_scopus_preferred-name_erc.tsv	2026-09-29 17:23:47.317000	59343058600	1	PE7	123	0	36114	0	0
6abbf4232297e265fbed8a25	57462792400	Pastore F.	Francesco	Pastore	Francesco Pastore	1	LS5	1	LS	1	101078163	autori_scopus_preferred-name_erc.tsv	2026-09-29 17:23:47.157000	57462792400	1	LS5	31	392	15079	337	85.96938775510205
6abbf4232297e265fbed8a25	57462792400	Pastore F.	Francesco	Pastore	Francesco Pastore	1	LS5	1	LS	1	101078163	autori_scopus_preferred-name_erc.tsv	2026-09-29 17:23:47.157000	7101941822	0	LS5	31	1268	15079	31	2.444794952681388
6abbf4232297e265fbed8c2d	7101941822	Pastore A.	Annalisa	Pastore	Annalisa Pastore	1	LS1	1	LS	1	101040138	autori_scopus_preferred-name_erc.tsv	2026-09-29 17:23:47.591000	57462792400	0	LS1	23	392	13730	7	1.7857142857142856
6abbf4232297e265fbed8c2d	7101941822	Pastore A.	Annalisa	Pastore	Annalisa Pastore	1	LS1	1	LS	1	101040138	autori_scopus_preferred-name_erc.tsv	2026-09-29 17:23:47.591000	7101941822	1	LS1	23	1268	13730	600	47.3186119873817
6abbf4232297e265fbed8a48	57844180000	Vicentini F.	Francesco	Vicentini	Francesco Vicentini	1	PE5	1	PE	1	101039578	autori_scopus_preferred-name_erc.tsv	2026-09-29 17:23:47.183000	57844180000	1	PE5	116	124	47818	78	62.903225806451616
6abbf4232297e265fbed8a48	57844180000	Vicentini F.	Francesco	Vicentini	Francesco Vicentini	1	PE5	1	PE	1	101039578	autori_scopus_preferred-name_erc.tsv	2026-09-29 17:23:47.183000	58736473300	0	PE5	116	0	47818	0	0
6abbf4232297e265fbed8aa4	58736473300	Vicentini D.	Daniela	Vicentini	Daniela Vicentini	1	LS8	1	LS	1	101045015	autori_scopus_preferred-name_erc.tsv	2026-09-29 17:23:47.253000	57844180000	0	LS8	85	124	44172	0	0.0
6abbf4232297e265fbed8aa4	58736473300	Vicentini D.	Daniela	Vicentini	Daniela Vicentini	1	LS8	1	LS	1	101045015	autori_scopus_preferred-name_erc.tsv	2026-09-29 17:23:47.253000	58736473300	1	LS8	85	0	44172	0	0
6abbf4232297e265fbed8b0c	6506468475	Mannucci B.	Barbara	Mannucci	Barbara Mannucci	1	LS1	1	LS	1	101094471	autori_scopus_preferred-name_erc.tsv	2026-09-29 17:23:47.340000	6506468475	1	LS1	23	669	13730	48	7.174887892376682
6abbf4232297e265fbed8b0c	6506468475	Mannucci B.	Barbara	Mannucci	Barbara Mannucci	1	LS1	1	LS	1	101094471	autori_scopus_preferred-name_erc.tsv	2026-09-29 17:23:47.340000	6701685211	0	LS1	23	3648	13730	4	0.10964912280701754
6abbf4232297e265fbed8b95	6701685211	Mannucci F.	Filippo	Mannucci	F. Mannucci	1	PE9	1	PE	1	101040751	autori_scopus_preferred-name_erc.tsv	2026-09-29 17:23:47.460000	6506468475	0	PE9	519	669	151153	2	0.29895366218236175
6abbf4232297e265fbed8b95	6701685211	Mannucci F.	Filippo	Mannucci	F. Mannucci	1	PE9	1	PE	1	101040751	autori_scopus_preferred-name_erc.tsv	2026-09-29 17:23:47.460000	6701685211	1	PE9	519	3648	151153	3648	100.0
6abbf4232297e265fbed8b83	6604013253	Busonero F.	Fabio	Busonero	Fabio Busonero	1	LS8	1	LS	2	101045015 - 101060218	autori_scopus_preferred-name_erc.tsv	2026-09-29 17:23:47.443000	6604013253	1	LS8	85	74	44172	74	100.0
6abbf4232297e265fbed8b83	6604013253	Busonero F.	Fabio	Busonero	Fabio Busonero	1	LS8	1	LS	2	101045015 - 101060218	autori_scopus_preferred-name_erc.tsv	2026-09-29 17:23:47.443000	8657599600	0	LS8	85	1864	44172	13	0.6974248927038627
6abbf4232297e265fbed8c6d	8657599600	Busonero D.	D.	Busonero	D. Busonero	1	PE9	1	PE	1	101055318	autori_scopus_preferred-name_erc.tsv	2026-09-29 17:23:47.629000	6604013253	0	PE9	519	74	151153	0	0.0
6abbf4232297e265fbed8c6d	8657599600	Busonero D.	D.	Busonero	D. Busonero	1	PE9	1	PE	1	101055318	autori_scopus_preferred-name_erc.tsv	2026-09-29 17:23:47.629000	8657599600	1	PE9	519	1864	151153	1738	93.24034334763948
6abbf4232297e265fbed8b89	6701404489	Menna E.	Enzo	Menna	Enzo Menna	1	PE11	1	PE	1	101041229	autori_scopus_preferred-name_erc.tsv	2026-09-29 17:23:47.449000	6701404489	1	PE11	52	809	26404	218	26.94684796044499
6abbf4232297e265fbed8b89	6701404489	Menna E.	Enzo	Menna	Enzo Menna	1	PE11	1	PE	1	101041229	autori_scopus_preferred-name_erc.tsv	2026-09-29 17:23:47.449000	6701404490	0	PE11	52	598	26404	1	0.16722408026755853
6abbf4232297e265fbed8b8a	6701404490	Menna E.	Elisabetta	Menna	Elisabetta Menna	1	LS4	1	LS	1	101055323	autori_scopus_preferred-name_erc.tsv	2026-09-29 17:23:47.449000	6701404489	0	LS4	61	809	38578	3	0.3708281829419036
6abbf4232297e265fbed8b8a	6701404490	Menna E.	Elisabetta	Menna	Elisabetta Menna	1	LS4	1	LS	1	101055323	autori_scopus_preferred-name_erc.tsv	2026-09-29 17:23:47.449000	6701404490	1	LS4	61	598	38578	369	61.7056856187291
