_id	scopus_author_id	indexed_name	given_name	surname	name_in_project_dataset	n_panels	panels	n_domains	domains	n_projects	projects	source_file	imported_at	auid	match	unit	n_people_unit	n_references_author	n_references_unit	n_overlap	percentage
6abbf4212297e265fbed8332	25723154100	Gandolfi D.	Davide	Gandolfi	Davide Gandolfi	1	PE9	1	PE	1	101052347	autori_scopus_preferred-name_erc.tsv	2026-09-29 17:23:45.721000	25723154100	1	PE9	519	6079	208283	5908	97.18703734166803
6abbf4212297e265fbed8332	25723154100	Gandolfi D.	Davide	Gandolfi	Davide Gandolfi	1	PE9	1	PE	1	101052347	autori_scopus_preferred-name_erc.tsv	2026-09-29 17:23:45.721000	57220063229	0	PE9	519	252	208283	11	4.365079365079365
6abbf4222297e265fbed856d	57220063229	Gandolfi M.	Michele	Gandolfi	Michele Gandolfi	1	PE4	1	PE	1	101081361	autori_scopus_preferred-name_erc.tsv	2026-09-29 17:23:46.246000	25723154100	0	PE4	118	6079	83848	74	1.2173054778746504
6abbf4222297e265fbed856d	57220063229	Gandolfi M.	Michele	Gandolfi	Michele Gandolfi	1	PE4	1	PE	1	101081361	autori_scopus_preferred-name_erc.tsv	2026-09-29 17:23:46.246000	57220063229	1	PE4	118	252	83848	252	100.0
6abbf4212297e265fbed8334	55951218500	Davies M.	Melvyn B.	Davies	Melvyn B. Davies	1	PE9	1	PE	1	101052347	autori_scopus_preferred-name_erc.tsv	2026-09-29 17:23:45.723000	55951218500	1	PE9	519	4712	208283	4680	99.32088285229203
6abbf4212297e265fbed8334	55951218500	Davies M.	Melvyn B.	Davies	Melvyn B. Davies	1	PE9	1	PE	1	101052347	autori_scopus_preferred-name_erc.tsv	2026-09-29 17:23:45.723000	56911604400	0	PE9	519	1191	208283	32	2.686817800167926
6abbf4222297e265fbed881a	56911604400	Davies A.	Alexander Giles	Davies	A Giles Davies	1	PE7	1	PE	1	101081567	autori_scopus_preferred-name_erc.tsv	2026-09-29 17:23:46.801000	55951218500	0	PE7	123	4712	61474	9	0.19100169779286927
6abbf4222297e265fbed881a	56911604400	Davies A.	Alexander Giles	Davies	A Giles Davies	1	PE7	1	PE	1	101081567	autori_scopus_preferred-name_erc.tsv	2026-09-29 17:23:46.801000	56911604400	1	PE7	123	1191	61474	1191	100.0
6abbf4212297e265fbed8343	56521280600	Bonfanti A.	Andrea	Bonfanti	Andrea Bonfanti	1	PE9	1	PE	1	101052347	autori_scopus_preferred-name_erc.tsv	2026-09-29 17:23:45.736000	56521280600	1	PE9	519	2094	208283	2094	100.0
6abbf4212297e265fbed8343	56521280600	Bonfanti A.	Andrea	Bonfanti	Andrea Bonfanti	1	PE9	1	PE	1	101052347	autori_scopus_preferred-name_erc.tsv	2026-09-29 17:23:45.736000	55367411500	0	PE9	519	407	208283	3	0.7371007371007371
6abbf4222297e265fbed8754	55367411500	Bonfanti A.	Andrea Giovanni	Bonfanti	A. Bonfanti	1	PE7	1	PE	1	101054098	autori_scopus_preferred-name_erc.tsv	2026-09-29 17:23:46.668000	56521280600	0	PE7	123	2094	61474	8	0.38204393505253104
6abbf4222297e265fbed8754	55367411500	Bonfanti A.	Andrea Giovanni	Bonfanti	A. Bonfanti	1	PE7	1	PE	1	101054098	autori_scopus_preferred-name_erc.tsv	2026-09-29 17:23:46.668000	55367411500	1	PE7	123	407	61474	68	16.707616707616708
6abbf4212297e265fbed8348	57202863096	Facchini S.	Stefano	Facchini	Stefano Facchini	1	PE9	1	PE	3	101076613 - 101039651 - 101104656	autori_scopus_preferred-name_erc.tsv	2026-09-29 17:23:45.741000	57202863096	1	PE9	519	3023	208283	2928	96.85742639761827
6abbf4212297e265fbed8348	57202863096	Facchini S.	Stefano	Facchini	Stefano Facchini	1	PE9	1	PE	3	101076613 - 101039651 - 101104656	autori_scopus_preferred-name_erc.tsv	2026-09-29 17:23:45.741000	47661058900	0	PE9	519	637	208283	4	0.6279434850863422
6abbf4222297e265fbed8718	47661058900	Facchini S.	Silvia	Facchini	Silvia Facchini	1	SYG-LS	1	LS	1	101071900	autori_scopus_preferred-name_erc.tsv	2026-09-29 17:23:46.620000	57202863096	0	SYG-LS	47	3023	43061	7	0.23155805491233872
6abbf4222297e265fbed8718	47661058900	Facchini S.	Silvia	Facchini	Silvia Facchini	1	SYG-LS	1	LS	1	101071900	autori_scopus_preferred-name_erc.tsv	2026-09-29 17:23:46.620000	47661058900	1	SYG-LS	47	637	43061	611	95.91836734693877
6abbf4212297e265fbed8351	52663445700	Di Lorenzo F.	Flaviana	Di Lorenzo	Flaviana Di Lorenzo	1	PE5	1	PE	1	101039841	autori_scopus_preferred-name_erc.tsv	2026-09-29 17:23:45.749000	52663445700	1	PE5	116	2455	74299	2376	96.78207739307535
6abbf4212297e265fbed8351	52663445700	Di Lorenzo F.	Flaviana	Di Lorenzo	Flaviana Di Lorenzo	1	PE5	1	PE	1	101039841	autori_scopus_preferred-name_erc.tsv	2026-09-29 17:23:45.749000	57194904117	0	PE5	116	320	74299	16	5.0
6abbf4222297e265fbed8893	57194904117	Di Lorenzo G.	Giorgia	Di Lorenzo	Giorgia Di Lorenzo	1	LS4	1	LS	1	101045285	autori_scopus_preferred-name_erc.tsv	2026-09-29 17:23:46.882000	52663445700	0	LS4	61	2455	61867	72	2.9327902240325865
6abbf4222297e265fbed8893	57194904117	Di Lorenzo G.	Giorgia	Di Lorenzo	Giorgia Di Lorenzo	1	LS4	1	LS	1	101045285	autori_scopus_preferred-name_erc.tsv	2026-09-29 17:23:46.882000	57194904117	1	LS4	61	320	61867	236	73.75
6abbf4212297e265fbed8352	57213546755	Szabó M.	M. Gy	Szabó	G. M. Szabó	1	PE9	1	PE	1	101052347	autori_scopus_preferred-name_erc.tsv	2026-09-29 17:23:45.750000	57213546755	1	PE9	519	2269	208283	2269	100.0
6abbf4212297e265fbed8352	57213546755	Szabó M.	M. Gy	Szabó	G. M. Szabó	1	PE9	1	PE	1	101052347	autori_scopus_preferred-name_erc.tsv	2026-09-29 17:23:45.750000	44761456100	0	PE9	519	308	208283	15	4.870129870129871
6abbf4212297e265fbed83c2	44761456100	Szabó B.	Botond T.	Szabó	Botond Szabó	1	PE1	1	PE	1	101041064	autori_scopus_preferred-name_erc.tsv	2026-09-29 17:23:45.852000	57213546755	0	PE1	23	2269	6960	0	0.0
6abbf4212297e265fbed83c2	44761456100	Szabó B.	Botond T.	Szabó	Botond Szabó	1	PE1	1	PE	1	101041064	autori_scopus_preferred-name_erc.tsv	2026-09-29 17:23:45.852000	44761456100	1	PE1	23	308	6960	8	2.5974025974025974
6abbf4212297e265fbed835d	55329004700	Manara C.	Carlo Felice	Manara	Carlo F. Manara	1	PE9	1	PE	4	101076613 - 101039651 - 101098309 - 101104656	autori_scopus_preferred-name_erc.tsv	2026-09-29 17:23:45.760000	55329004700	1	PE9	519	3865	208283	3771	97.56791720569211
6abbf4212297e265fbed835d	55329004700	Manara C.	Carlo Felice	Manara	Carlo F. Manara	1	PE9	1	PE	4	101076613 - 101039651 - 101098309 - 101104656	autori_scopus_preferred-name_erc.tsv	2026-09-29 17:23:45.760000	57200563408	0	PE9	519	1301	208283	7	0.5380476556495004
6abbf4222297e265fbed852f	57200563408	Manara S.	Serena	Manara	Serena Manara	1	LS8	1	LS	2	101045015 - 101060218	autori_scopus_preferred-name_erc.tsv	2026-09-29 17:23:46.187000	55329004700	0	LS8	85	3865	68215	3	0.07761966364812418
6abbf4222297e265fbed852f	57200563408	Manara S.	Serena	Manara	Serena Manara	1	LS8	1	LS	2	101045015 - 101060218	autori_scopus_preferred-name_erc.tsv	2026-09-29 17:23:46.187000	57200563408	1	LS8	85	1301	68215	1090	83.78170637970793
6abbf4212297e265fbed835f	55945624800	Arnaboldi S.	Serena	Arnaboldi	Serena Arnaboldi	1	PE4	1	PE	1	101040798	autori_scopus_preferred-name_erc.tsv	2026-09-29 17:23:45.762000	55945624800	1	PE4	118	2174	83848	1599	73.55105795768169
6abbf4212297e265fbed835f	55945624800	Arnaboldi S.	Serena	Arnaboldi	Serena Arnaboldi	1	PE4	1	PE	1	101040798	autori_scopus_preferred-name_erc.tsv	2026-09-29 17:23:45.762000	56275157900	0	PE4	118	1481	83848	9	0.6076975016880486
6abbf4222297e265fbed87d6	56275157900	Arnaboldi M.	Magda	Arnaboldi	Magda Arnaboldi	1	PE9	1	PE	1	101055318	autori_scopus_preferred-name_erc.tsv	2026-09-29 17:23:46.751000	55945624800	0	PE9	519	2174	208283	15	0.6899724011039559
6abbf4222297e265fbed87d6	56275157900	Arnaboldi M.	Magda	Arnaboldi	Magda Arnaboldi	1	PE9	1	PE	1	101055318	autori_scopus_preferred-name_erc.tsv	2026-09-29 17:23:46.751000	56275157900	1	PE9	519	1481	208283	1013	68.39972991222147
6abbf4212297e265fbed836d	57216593054	Giordano G.	Giulia	Giordano	Giulia Giordano	1	PE7	1	PE	1	101076926	autori_scopus_preferred-name_erc.tsv	2026-09-29 17:23:45.774000	57216593054	1	PE7	123	2580	61474	2048	79.37984496124031
6abbf4212297e265fbed836d	57216593054	Giordano G.	Giulia	Giordano	Giulia Giordano	1	PE7	1	PE	1	101076926	autori_scopus_preferred-name_erc.tsv	2026-09-29 17:23:45.774000	56806349200	0	PE7	123	4993	61474	28	0.5607850991387944
6abbf4212297e265fbed836d	57216593054	Giordano G.	Giulia	Giordano	Giulia Giordano	1	PE7	1	PE	1	101076926	autori_scopus_preferred-name_erc.tsv	2026-09-29 17:23:45.774000	57196834241	0	PE7	123	446	61474	2	0.4484304932735426
6abbf4212297e265fbed836d	57216593054	Giordano G.	Giulia	Giordano	Giulia Giordano	1	PE7	1	PE	1	101076926	autori_scopus_preferred-name_erc.tsv	2026-09-29 17:23:45.774000	57203142562	0	PE7	123	705	61474	16	2.269503546099291
6abbf4212297e265fbed836d	57216593054	Giordano G.	Giulia	Giordano	Giulia Giordano	1	PE7	1	PE	1	101076926	autori_scopus_preferred-name_erc.tsv	2026-09-29 17:23:45.774000	57204645152	0	PE7	123	2316	61474	12	0.5181347150259068
6abbf4222297e265fbed8510	56806349200	Giordano F.	Francesco	Giordano	F. Giordano	1	PE9	1	PE	1	101076343	autori_scopus_preferred-name_erc.tsv	2026-09-29 17:23:46.158000	57216593054	0	PE9	519	2580	208283	14	0.5426356589147286
6abbf4222297e265fbed8510	56806349200	Giordano F.	Francesco	Giordano	F. Giordano	1	PE9	1	PE	1	101076343	autori_scopus_preferred-name_erc.tsv	2026-09-29 17:23:46.158000	56806349200	1	PE9	519	4993	208283	4900	98.13739234928902
6abbf4222297e265fbed8510	56806349200	Giordano F.	Francesco	Giordano	F. Giordano	1	PE9	1	PE	1	101076343	autori_scopus_preferred-name_erc.tsv	2026-09-29 17:23:46.158000	57196834241	0	PE9	519	446	208283	1	0.2242152466367713
6abbf4222297e265fbed8510	56806349200	Giordano F.	Francesco	Giordano	F. Giordano	1	PE9	1	PE	1	101076343	autori_scopus_preferred-name_erc.tsv	2026-09-29 17:23:46.158000	57203142562	0	PE9	519	705	208283	1	0.14184397163120568
6abbf4222297e265fbed8510	56806349200	Giordano F.	Francesco	Giordano	F. Giordano	1	PE9	1	PE	1	101076343	autori_scopus_preferred-name_erc.tsv	2026-09-29 17:23:46.158000	57204645152	0	PE9	519	2316	208283	5	0.2158894645941278
6abbf4222297e265fbed88a8	57196834241	Giordano F.	Francesca	Giordano	Francesca Giordano	1	LS8	1	LS	2	101045015 - 101060218	autori_scopus_preferred-name_erc.tsv	2026-09-29 17:23:46.903000	57216593054	0	LS8	85	2580	68215	37	1.4341085271317828
6abbf4222297e265fbed88a8	57196834241	Giordano F.	Francesca	Giordano	Francesca Giordano	1	LS8	1	LS	2	101045015 - 101060218	autori_scopus_preferred-name_erc.tsv	2026-09-29 17:23:46.903000	56806349200	0	LS8	85	4993	68215	10	0.2002803925495694
6abbf4222297e265fbed88a8	57196834241	Giordano F.	Francesca	Giordano	Francesca Giordano	1	LS8	1	LS	2	101045015 - 101060218	autori_scopus_preferred-name_erc.tsv	2026-09-29 17:23:46.903000	57196834241	1	LS8	85	446	68215	213	47.75784753363229
6abbf4222297e265fbed88a8	57196834241	Giordano F.	Francesca	Giordano	Francesca Giordano	1	LS8	1	LS	2	101045015 - 101060218	autori_scopus_preferred-name_erc.tsv	2026-09-29 17:23:46.903000	57203142562	0	LS8	85	705	68215	0	0.0
6abbf4222297e265fbed88a8	57196834241	Giordano F.	Francesca	Giordano	Francesca Giordano	1	LS8	1	LS	2	101045015 - 101060218	autori_scopus_preferred-name_erc.tsv	2026-09-29 17:23:46.903000	57204645152	0	LS8	85	2316	68215	1	0.04317789291882556
6abbf4222297e265fbed88ed	57203142562	Giordano G.	Goffredo	Giordano	Goffredo Giordano	1	PE8	1	PE	1	101039198	autori_scopus_preferred-name_erc.tsv	2026-09-29 17:23:46.950000	57216593054	0	PE8	200	2580	157556	100	3.875968992248062
6abbf4222297e265fbed88ed	57203142562	Giordano G.	Goffredo	Giordano	Goffredo Giordano	1	PE8	1	PE	1	101039198	autori_scopus_preferred-name_erc.tsv	2026-09-29 17:23:46.950000	56806349200	0	PE8	200	4993	157556	110	2.2030843180452635
6abbf4222297e265fbed88ed	57203142562	Giordano G.	Goffredo	Giordano	Goffredo Giordano	1	PE8	1	PE	1	101039198	autori_scopus_preferred-name_erc.tsv	2026-09-29 17:23:46.950000	57196834241	0	PE8	200	446	157556	42	9.417040358744394
6abbf4222297e265fbed88ed	57203142562	Giordano G.	Goffredo	Giordano	Goffredo Giordano	1	PE8	1	PE	1	101039198	autori_scopus_preferred-name_erc.tsv	2026-09-29 17:23:46.950000	57203142562	1	PE8	200	705	157556	674	95.60283687943263
6abbf4222297e265fbed88ed	57203142562	Giordano G.	Goffredo	Giordano	Goffredo Giordano	1	PE8	1	PE	1	101039198	autori_scopus_preferred-name_erc.tsv	2026-09-29 17:23:46.950000	57204645152	0	PE8	200	2316	157556	63	2.7202072538860103
6abbf4222297e265fbed8908	57204645152	Giordano G.	Girolamo	Giordano	Girolamo Giordano	1	PE5	1	PE	1	101054004	autori_scopus_preferred-name_erc.tsv	2026-09-29 17:23:46.975000	57216593054	0	PE5	116	2580	74299	13	0.5038759689922481
6abbf4222297e265fbed8908	57204645152	Giordano G.	Girolamo	Giordano	Girolamo Giordano	1	PE5	1	PE	1	101054004	autori_scopus_preferred-name_erc.tsv	2026-09-29 17:23:46.975000	56806349200	0	PE5	116	4993	74299	19	0.38053274584418184
6abbf4222297e265fbed8908	57204645152	Giordano G.	Girolamo	Giordano	Girolamo Giordano	1	PE5	1	PE	1	101054004	autori_scopus_preferred-name_erc.tsv	2026-09-29 17:23:46.975000	57196834241	0	PE5	116	446	74299	44	9.865470852017937
6abbf4222297e265fbed8908	57204645152	Giordano G.	Girolamo	Giordano	Girolamo Giordano	1	PE5	1	PE	1	101054004	autori_scopus_preferred-name_erc.tsv	2026-09-29 17:23:46.975000	57203142562	0	PE5	116	705	74299	20	2.8368794326241136
6abbf4222297e265fbed8908	57204645152	Giordano G.	Girolamo	Giordano	Girolamo Giordano	1	PE5	1	PE	1	101054004	autori_scopus_preferred-name_erc.tsv	2026-09-29 17:23:46.975000	57204645152	1	PE5	116	2316	74299	2091	90.28497409326425
6abbf4212297e265fbed8371	7004019407	Lodato G.	Giuseppe	Lodato	Giuseppe Lodato	1	PE9	1	PE	3	101039651 - 101076613 - 101104656	autori_scopus_preferred-name_erc.tsv	2026-09-29 17:23:45.778000	7004019407	1	PE9	519	6038	208283	5697	94.35243458098708
6abbf4212297e265fbed8371	7004019407	Lodato G.	Giuseppe	Lodato	Giuseppe Lodato	1	PE9	1	PE	3	101039651 - 101076613 - 101104656	autori_scopus_preferred-name_erc.tsv	2026-09-29 17:23:45.778000	36021173000	0	PE9	519	725	208283	2	0.27586206896551724
6abbf4222297e265fbed86d7	36021173000	Lodato S.	Simona	Lodato	Simona Lodato	1	LS5	1	LS	1	101043003	autori_scopus_preferred-name_erc.tsv	2026-09-29 17:23:46.577000	7004019407	0	LS5	31	6038	23227	7	0.11593242795627692
6abbf4222297e265fbed86d7	36021173000	Lodato S.	Simona	Lodato	Simona Lodato	1	LS5	1	LS	1	101043003	autori_scopus_preferred-name_erc.tsv	2026-09-29 17:23:46.577000	36021173000	1	LS5	31	725	23227	420	57.931034482758626
6abbf4212297e265fbed8387	57197815917	Pinto F.	Federica	Pinto	Federica Pinto	1	LS8	1	LS	1	101045015	autori_scopus_preferred-name_erc.tsv	2026-09-29 17:23:45.798000	57197815917	1	LS8	85	661	68215	586	88.6535552193646
6abbf4212297e265fbed8387	57197815917	Pinto F.	Federica	Pinto	Federica Pinto	1	LS8	1	LS	1	101045015	autori_scopus_preferred-name_erc.tsv	2026-09-29 17:23:45.798000	57195271004	0	LS8	85	129	68215	0	0.0
6abbf4212297e265fbed8387	57197815917	Pinto F.	Federica	Pinto	Federica Pinto	1	LS8	1	LS	1	101045015	autori_scopus_preferred-name_erc.tsv	2026-09-29 17:23:45.798000	58859358000	0	LS8	85	1115	68215	13	1.1659192825112108
6abbf4222297e265fbed8897	57195271004	Pinto D.	Diogo E.P.	Pinto	Diogo E. P. Pinto	1	PE3	1	PE	1	101040035	autori_scopus_preferred-name_erc.tsv	2026-09-29 17:23:46.886000	57197815917	0	PE3	33	661	30513	35	5.29500756429652
6abbf4222297e265fbed8897	57195271004	Pinto D.	Diogo E.P.	Pinto	Diogo E. P. Pinto	1	PE3	1	PE	1	101040035	autori_scopus_preferred-name_erc.tsv	2026-09-29 17:23:46.886000	57195271004	1	PE3	33	129	30513	129	100.0
6abbf4222297e265fbed8897	57195271004	Pinto D.	Diogo E.P.	Pinto	Diogo E. P. Pinto	1	PE3	1	PE	1	101040035	autori_scopus_preferred-name_erc.tsv	2026-09-29 17:23:46.886000	58859358000	0	PE3	33	1115	30513	1	0.08968609865470852
6abbf4232297e265fbed8ab2	58859358000	Pinto J.	Joaquim G.	Pinto	Joaquim G. Pinto	1	SH6	1	SH	1	101052653	autori_scopus_preferred-name_erc.tsv	2026-09-29 17:23:47.265000	57197815917	0	SH6	49	661	38048	29	4.387291981845689
6abbf4232297e265fbed8ab2	58859358000	Pinto J.	Joaquim G.	Pinto	Joaquim G. Pinto	1	SH6	1	SH	1	101052653	autori_scopus_preferred-name_erc.tsv	2026-09-29 17:23:47.265000	57195271004	0	SH6	49	129	38048	2	1.550387596899225
6abbf4232297e265fbed8ab2	58859358000	Pinto J.	Joaquim G.	Pinto	Joaquim G. Pinto	1	SH6	1	SH	1	101052653	autori_scopus_preferred-name_erc.tsv	2026-09-29 17:23:47.265000	58859358000	1	SH6	49	1115	38048	8	0.7174887892376681
6abbf4222297e265fbed8685	26324486200	Singh D.	Deepak	Singh	Deepak Singh	1	PE5	1	PE	1	101040025	autori_scopus_preferred-name_erc.tsv	2026-09-29 17:23:46.503000	26324486200	1	PE5	116	99	74299	73	73.73737373737373
6abbf4222297e265fbed8685	26324486200	Singh D.	Deepak	Singh	Deepak Singh	1	PE5	1	PE	1	101040025	autori_scopus_preferred-name_erc.tsv	2026-09-29 17:23:46.503000	57898515400	0	PE5	116	977	74299	33	3.3776867963152504
6abbf4232297e265fbed8a4b	57898515400	Singh M.	Mandeep	Singh	Mandeep Singh	1	PE8	1	PE	1	101061820	autori_scopus_preferred-name_erc.tsv	2026-09-29 17:23:47.187000	26324486200	0	PE8	200	99	157556	2	2.0202020202020203
6abbf4232297e265fbed8a4b	57898515400	Singh M.	Mandeep	Singh	Mandeep Singh	1	PE8	1	PE	1	101061820	autori_scopus_preferred-name_erc.tsv	2026-09-29 17:23:47.187000	57898515400	1	PE8	200	977	157556	170	17.400204708290687
6abbf4212297e265fbed838b	57224195115	Carbone C.	Chiara	Carbone	Chiara Carbone	1	SH4	1	SH	1	101042625	autori_scopus_preferred-name_erc.tsv	2026-09-29 17:23:45.801000	57224195115	1	SH4	82	240	67417	240	100.0
6abbf4212297e265fbed838b	57224195115	Carbone C.	Chiara	Carbone	Chiara Carbone	1	SH4	1	SH	1	101042625	autori_scopus_preferred-name_erc.tsv	2026-09-29 17:23:45.801000	7005260033	0	SH4	82	692	67417	2	0.2890173410404624
6abbf4212297e265fbed838b	57224195115	Carbone C.	Chiara	Carbone	Chiara Carbone	1	SH4	1	SH	1	101042625	autori_scopus_preferred-name_erc.tsv	2026-09-29 17:23:45.801000	57878631100	0	SH4	82	233	67417	15	6.437768240343347
6abbf4222297e265fbed85c7	7005260033	Carbone F.	Fabrizio	Carbone	Fabrizio Carbone	1	PE2	1	PE	1	101101048	autori_scopus_preferred-name_erc.tsv	2026-09-29 17:23:46.333000	57224195115	0	PE2	198	240	90740	0	0.0
6abbf4222297e265fbed85c7	7005260033	Carbone F.	Fabrizio	Carbone	Fabrizio Carbone	1	PE2	1	PE	1	101101048	autori_scopus_preferred-name_erc.tsv	2026-09-29 17:23:46.333000	7005260033	1	PE2	198	692	90740	441	63.72832369942196
6abbf4222297e265fbed85c7	7005260033	Carbone F.	Fabrizio	Carbone	Fabrizio Carbone	1	PE2	1	PE	1	101101048	autori_scopus_preferred-name_erc.tsv	2026-09-29 17:23:46.333000	57878631100	0	PE2	198	233	90740	3	1.2875536480686696
6abbf4232297e265fbed8a49	57878631100	Carbone E.	Erika	Carbone	Erika Carbone	1	LS1	1	LS	1	101041298	autori_scopus_preferred-name_erc.tsv	2026-09-29 17:23:47.184000	57224195115	0	LS1	23	240	22569	9	3.75
6abbf4232297e265fbed8a49	57878631100	Carbone E.	Erika	Carbone	Erika Carbone	1	LS1	1	LS	1	101041298	autori_scopus_preferred-name_erc.tsv	2026-09-29 17:23:47.184000	7005260033	0	LS1	23	692	22569	3	0.4335260115606936
6abbf4232297e265fbed8a49	57878631100	Carbone E.	Erika	Carbone	Erika Carbone	1	LS1	1	LS	1	101041298	autori_scopus_preferred-name_erc.tsv	2026-09-29 17:23:47.184000	57878631100	1	LS1	23	233	22569	192	82.40343347639485
6abbf4212297e265fbed8396	36460968600	Gatti T.	T.	Gatti	Teresa Gatti	1	PE11	1	PE	1	101041229	autori_scopus_preferred-name_erc.tsv	2026-09-29 17:23:45.812000	36460968600	1	PE11	52	2650	40805	2201	83.0566037735849
6abbf4212297e265fbed8396	36460968600	Gatti T.	T.	Gatti	Teresa Gatti	1	PE11	1	PE	1	101041229	autori_scopus_preferred-name_erc.tsv	2026-09-29 17:23:45.812000	57219563056	0	PE11	52	1113	40805	2	0.17969451931716085
6abbf4232297e265fbed89a8	57219563056	Gatti D.	Daniele	Gatti	Daniele Gatti	1	SH4	1	SH	1	101087053	autori_scopus_preferred-name_erc.tsv	2026-09-29 17:23:47.086000	36460968600	0	SH4	82	2650	67417	16	0.6037735849056604
6abbf4232297e265fbed89a8	57219563056	Gatti D.	Daniele	Gatti	Daniele Gatti	1	SH4	1	SH	1	101087053	autori_scopus_preferred-name_erc.tsv	2026-09-29 17:23:47.086000	57219563056	1	SH4	82	1113	67417	405	36.38814016172507
6abbf4212297e265fbed8398	54991922900	Natali M.	Mirco	Natali	Mirco Natali	1	PE5	1	PE	4	101077698 - 101040025 - 101106125 - 101105828	autori_scopus_preferred-name_erc.tsv	2026-09-29 17:23:45.814000	54991922900	1	PE5	116	2029	74299	1125	55.44603252833908
6abbf4212297e265fbed8398	54991922900	Natali M.	Mirco	Natali	Mirco Natali	1	PE5	1	PE	4	101077698 - 101040025 - 101106125 - 101105828	autori_scopus_preferred-name_erc.tsv	2026-09-29 17:23:45.814000	58883046200	0	PE5	116	0	74299	0	0
6abbf4222297e265fbed8599	58883046200	Natali D.	Daniele	Natali	Daniele Natali	1	PE8	1	PE	1	101039467	autori_scopus_preferred-name_erc.tsv	2026-09-29 17:23:46.288000	54991922900	0	PE8	200	2029	157556	121	5.963528831936915
6abbf4222297e265fbed8599	58883046200	Natali D.	Daniele	Natali	Daniele Natali	1	PE8	1	PE	1	101039467	autori_scopus_preferred-name_erc.tsv	2026-09-29 17:23:46.288000	58883046200	1	PE8	200	0	157556	0	0
6abbf4212297e265fbed839c	56856637200	Fabiani C.	Claudia	Fabiani	Claudia Fabiani	1	PE8	1	PE	1	101041255	autori_scopus_preferred-name_erc.tsv	2026-09-29 17:23:45.818000	56856637200	1	PE8	200	3528	157556	3528	100.0
6abbf4212297e265fbed839c	56856637200	Fabiani C.	Claudia	Fabiani	Claudia Fabiani	1	PE8	1	PE	1	101041255	autori_scopus_preferred-name_erc.tsv	2026-09-29 17:23:45.818000	24073172400	0	PE8	200	1981	157556	8	0.40383644623927306
6abbf4212297e265fbed8425	24073172400	Fabiani S.	Sergio	Fabiani	Sergio Fabiani	1	PE9	1	PE	1	101076343	autori_scopus_preferred-name_erc.tsv	2026-09-29 17:23:45.943000	56856637200	0	PE9	519	3528	208283	20	0.5668934240362812
6abbf4212297e265fbed8425	24073172400	Fabiani S.	Sergio	Fabiani	Sergio Fabiani	1	PE9	1	PE	1	101076343	autori_scopus_preferred-name_erc.tsv	2026-09-29 17:23:45.943000	24073172400	1	PE9	519	1981	208283	1855	93.63957597173145
6abbf4212297e265fbed83a2	57214531455	Esposito M.	Massimilliano	Esposito	M. Esposito	1	PE9	1	PE	1	101052347	autori_scopus_preferred-name_erc.tsv	2026-09-29 17:23:45.823000	57214531455	1	PE9	519	3069	208283	3069	100.0
6abbf4212297e265fbed83a2	57214531455	Esposito M.	Massimilliano	Esposito	M. Esposito	1	PE9	1	PE	1	101052347	autori_scopus_preferred-name_erc.tsv	2026-09-29 17:23:45.823000	35276925200	0	PE9	519	672	208283	0	0.0
6abbf4212297e265fbed83a2	57214531455	Esposito M.	Massimilliano	Esposito	M. Esposito	1	PE9	1	PE	1	101052347	autori_scopus_preferred-name_erc.tsv	2026-09-29 17:23:45.823000	57209463887	0	PE9	519	380	208283	1	0.2631578947368421
6abbf4212297e265fbed83a2	57214531455	Esposito M.	Massimilliano	Esposito	M. Esposito	1	PE9	1	PE	1	101052347	autori_scopus_preferred-name_erc.tsv	2026-09-29 17:23:45.823000	57217173071	0	PE9	519	216	208283	0	0.0
6abbf4222297e265fbed86b4	35276925200	Esposito I.	Iréne	Esposito	Irene Esposito	1	PE8	1	PE	1	101040383	autori_scopus_preferred-name_erc.tsv	2026-09-29 17:23:46.546000	57214531455	0	PE8	200	3069	157556	25	0.8145975887911373
6abbf4222297e265fbed86b4	35276925200	Esposito I.	Iréne	Esposito	Irene Esposito	1	PE8	1	PE	1	101040383	autori_scopus_preferred-name_erc.tsv	2026-09-29 17:23:46.546000	35276925200	1	PE8	200	672	157556	178	26.488095238095237
6abbf4222297e265fbed86b4	35276925200	Esposito I.	Iréne	Esposito	Irene Esposito	1	PE8	1	PE	1	101040383	autori_scopus_preferred-name_erc.tsv	2026-09-29 17:23:46.546000	57209463887	0	PE8	200	380	157556	7	1.8421052631578945
6abbf4222297e265fbed86b4	35276925200	Esposito I.	Iréne	Esposito	Irene Esposito	1	PE8	1	PE	1	101040383	autori_scopus_preferred-name_erc.tsv	2026-09-29 17:23:46.546000	57217173071	0	PE8	200	216	157556	9	4.166666666666666
6abbf4232297e265fbed8939	57209463887	Esposito C.	Carmen Mariarosaria	Esposito	Carmen Esposito	1	SH6	1	SH	2	101065320 - 101077348	autori_scopus_preferred-name_erc.tsv	2026-09-29 17:23:47.007000	57214531455	0	SH6	49	3069	38048	7	0.22808732486151842
6abbf4232297e265fbed8939	57209463887	Esposito C.	Carmen Mariarosaria	Esposito	Carmen Esposito	1	SH6	1	SH	2	101065320 - 101077348	autori_scopus_preferred-name_erc.tsv	2026-09-29 17:23:47.007000	35276925200	0	SH6	49	672	38048	5	0.744047619047619
6abbf4232297e265fbed8939	57209463887	Esposito C.	Carmen Mariarosaria	Esposito	Carmen Esposito	1	SH6	1	SH	2	101065320 - 101077348	autori_scopus_preferred-name_erc.tsv	2026-09-29 17:23:47.007000	57209463887	1	SH6	49	380	38048	219	57.631578947368425
6abbf4232297e265fbed8939	57209463887	Esposito C.	Carmen Mariarosaria	Esposito	Carmen Esposito	1	SH6	1	SH	2	101065320 - 101077348	autori_scopus_preferred-name_erc.tsv	2026-09-29 17:23:47.007000	57217173071	0	SH6	49	216	38048	4	1.8518518518518516
6abbf4232297e265fbed8986	57217173071	Esposito F.	Federica	Esposito	Federica Esposito	1	LS8	1	LS	1	101045015	autori_scopus_preferred-name_erc.tsv	2026-09-29 17:23:47.065000	57214531455	0	LS8	85	3069	68215	8	0.2606712284131639
6abbf4232297e265fbed8986	57217173071	Esposito F.	Federica	Esposito	Federica Esposito	1	LS8	1	LS	1	101045015	autori_scopus_preferred-name_erc.tsv	2026-09-29 17:23:47.065000	35276925200	0	LS8	85	672	68215	108	16.071428571428573
6abbf4232297e265fbed8986	57217173071	Esposito F.	Federica	Esposito	Federica Esposito	1	LS8	1	LS	1	101045015	autori_scopus_preferred-name_erc.tsv	2026-09-29 17:23:47.065000	57209463887	0	LS8	85	380	68215	11	2.8947368421052633
6abbf4232297e265fbed8986	57217173071	Esposito F.	Federica	Esposito	Federica Esposito	1	LS8	1	LS	1	101045015	autori_scopus_preferred-name_erc.tsv	2026-09-29 17:23:47.065000	57217173071	1	LS8	85	216	68215	153	70.83333333333334
6abbf4212297e265fbed83d2	56038545500	Rodríguez A.	Alex	Rodríguez	Alex Rodriguez	1	PE4	1	PE	1	101043272	autori_scopus_preferred-name_erc.tsv	2026-09-29 17:23:45.868000	56038545500	1	PE4	118	1504	83848	1236	82.18085106382979
6abbf4212297e265fbed83d2	56038545500	Rodríguez A.	Alex	Rodríguez	Alex Rodriguez	1	PE4	1	PE	1	101043272	autori_scopus_preferred-name_erc.tsv	2026-09-29 17:23:45.868000	58897772900	0	PE4	118	0	83848	0	0
6abbf4232297e265fbed8ab7	58897772900	Rodríguez R.	Ricardo I.	Rodríguez	Ricardo I. Rodríguez	1	PE5	1	PE	3	101040025 - 101106125 - 101105828	autori_scopus_preferred-name_erc.tsv	2026-09-29 17:23:47.270000	56038545500	0	PE5	116	1504	74299	124	8.24468085106383
6abbf4232297e265fbed8ab7	58897772900	Rodríguez R.	Ricardo I.	Rodríguez	Ricardo I. Rodríguez	1	PE5	1	PE	3	101040025 - 101106125 - 101105828	autori_scopus_preferred-name_erc.tsv	2026-09-29 17:23:47.270000	58897772900	1	PE5	116	0	74299	0	0
6abbf4212297e265fbed83d3	56089514300	Cutolo A.	A.	Cutolo	Arsenio Cutolo	1	PE8	1	PE	1	101052956	autori_scopus_preferred-name_erc.tsv	2026-09-29 17:23:45.869000	56089514300	1	PE8	200	1503	157556	1361	90.55222887558216
6abbf4212297e265fbed83d3	56089514300	Cutolo A.	A.	Cutolo	Arsenio Cutolo	1	PE8	1	PE	1	101052956	autori_scopus_preferred-name_erc.tsv	2026-09-29 17:23:45.869000	57211005005	0	PE8	200	1148	157556	9	0.7839721254355401
6abbf4222297e265fbed854e	57211005005	Cutolo E.	Edoardo Andrea	Cutolo	Edoardo Andrea Cutolo	1	LS9	1	LS	1	101053983	autori_scopus_preferred-name_erc.tsv	2026-09-29 17:23:46.216000	56089514300	0	LS9	22	1503	22960	0	0.0
6abbf4222297e265fbed854e	57211005005	Cutolo E.	Edoardo Andrea	Cutolo	Edoardo Andrea Cutolo	1	LS9	1	LS	1	101053983	autori_scopus_preferred-name_erc.tsv	2026-09-29 17:23:46.216000	57211005005	1	LS9	22	1148	22960	993	86.49825783972126
6abbf4212297e265fbed83e5	57194782748	Biagi N.	Nicola	Biagi	Nicola Biagi	1	PE7	1	PE	1	101077917	autori_scopus_preferred-name_erc.tsv	2026-09-29 17:23:45.886000	57194782748	1	PE7	123	502	61474	502	100.0
6abbf4212297e265fbed83e5	57194782748	Biagi N.	Nicola	Biagi	Nicola Biagi	1	PE7	1	PE	1	101077917	autori_scopus_preferred-name_erc.tsv	2026-09-29 17:23:45.886000	7003861327	0	PE7	123	3602	61474	21	0.5830094392004442
6abbf4232297e265fbed8bc5	7003861327	Biagi S.	Simone	Biagi	S. Biagi	1	PE9	1	PE	1	101076343	autori_scopus_preferred-name_erc.tsv	2026-09-29 17:23:47.501000	57194782748	0	PE9	519	502	208283	11	2.1912350597609564
6abbf4232297e265fbed8bc5	7003861327	Biagi S.	Simone	Biagi	S. Biagi	1	PE9	1	PE	1	101076343	autori_scopus_preferred-name_erc.tsv	2026-09-29 17:23:47.501000	7003861327	1	PE9	519	3602	208283	2651	73.59800111049417
6abbf4212297e265fbed83e6	57199326106	Antonelli L.	Lucio Angelo	Antonelli	Lucio Angelo Antonelli	1	PE9	1	PE	1	101076343	autori_scopus_preferred-name_erc.tsv	2026-09-29 17:23:45.887000	57199326106	1	PE9	519	7961	208283	7770	97.60080391910564
6abbf4212297e265fbed83e6	57199326106	Antonelli L.	Lucio Angelo	Antonelli	Lucio Angelo Antonelli	1	PE9	1	PE	1	101076343	autori_scopus_preferred-name_erc.tsv	2026-09-29 17:23:45.887000	35095999100	0	PE9	519	16044	208283	985	6.139366741460982
6abbf4212297e265fbed83e6	57199326106	Antonelli L.	Lucio Angelo	Antonelli	Lucio Angelo Antonelli	1	PE9	1	PE	1	101076343	autori_scopus_preferred-name_erc.tsv	2026-09-29 17:23:45.887000	7003984798	0	PE9	519	1554	208283	11	0.7078507078507079
6abbf4222297e265fbed869a	35095999100	Antonelli M.	Mario	Antonelli	M. Antonelli	1	PE2	1	PE	1	101089007	autori_scopus_preferred-name_erc.tsv	2026-09-29 17:23:46.522000	57199326106	0	PE2	198	7961	90740	1940	24.368797889712347
6abbf4222297e265fbed869a	35095999100	Antonelli M.	Mario	Antonelli	M. Antonelli	1	PE2	1	PE	1	101089007	autori_scopus_preferred-name_erc.tsv	2026-09-29 17:23:46.522000	35095999100	1	PE2	198	16044	90740	15906	99.13986537023186
6abbf4222297e265fbed869a	35095999100	Antonelli M.	Mario	Antonelli	M. Antonelli	1	PE2	1	PE	1	101089007	autori_scopus_preferred-name_erc.tsv	2026-09-29 17:23:46.522000	7003984798	0	PE2	198	1554	90740	71	4.568854568854569
6abbf4232297e265fbed8bce	7003984798	Antonelli C.	Cristian	Antonelli	Cristian Antonelli	1	PE7	1	PE	1	101077917	autori_scopus_preferred-name_erc.tsv	2026-09-29 17:23:47.508000	57199326106	0	PE7	123	7961	61474	29	0.36427584474312275
6abbf4232297e265fbed8bce	7003984798	Antonelli C.	Cristian	Antonelli	Cristian Antonelli	1	PE7	1	PE	1	101077917	autori_scopus_preferred-name_erc.tsv	2026-09-29 17:23:47.508000	35095999100	0	PE7	123	16044	61474	33	0.2056843679880329
6abbf4232297e265fbed8bce	7003984798	Antonelli C.	Cristian	Antonelli	Cristian Antonelli	1	PE7	1	PE	1	101077917	autori_scopus_preferred-name_erc.tsv	2026-09-29 17:23:47.508000	7003984798	1	PE7	123	1554	61474	419	26.962676962676962
6abbf4212297e265fbed83e7	57200755004	Wang M.	Mengjiao	Wang	Mengjiao Wang	1	PE11	1	PE	1	101041229	autori_scopus_preferred-name_erc.tsv	2026-09-29 17:23:45.887000	57200755004	1	PE11	52	807	40805	538	66.66666666666666
6abbf4212297e265fbed83e7	57200755004	Wang M.	Mengjiao	Wang	Mengjiao Wang	1	PE11	1	PE	1	101041229	autori_scopus_preferred-name_erc.tsv	2026-09-29 17:23:45.887000	57224735774	0	PE11	52	362	40805	3	0.8287292817679558
6abbf4232297e265fbed89ee	57224735774	Wang Q.	Qiuran	Wang	Qiuran Wang	1	SH4	1	SH	1	101096728	autori_scopus_preferred-name_erc.tsv	2026-09-29 17:23:47.121000	57200755004	0	SH4	82	807	67417	4	0.49566294919454773
6abbf4232297e265fbed89ee	57224735774	Wang Q.	Qiuran	Wang	Qiuran Wang	1	SH4	1	SH	1	101096728	autori_scopus_preferred-name_erc.tsv	2026-09-29 17:23:47.121000	57224735774	1	SH4	82	362	67417	362	100.0
6abbf4212297e265fbed83ed	57214470766	Gamba R.	Rossella	Gamba	Rossella Gamba	1	PE9	1	PE	1	101043372	autori_scopus_preferred-name_erc.tsv	2026-09-29 17:23:45.893000	57214470766	1	PE9	519	616	208283	611	99.18831168831169
6abbf4212297e265fbed83ed	57214470766	Gamba R.	Rossella	Gamba	Rossella Gamba	1	PE9	1	PE	1	101043372	autori_scopus_preferred-name_erc.tsv	2026-09-29 17:23:45.893000	23392458000	0	PE9	519	3112	208283	34	1.0925449871465296
6abbf4222297e265fbed84b3	23392458000	Gamba M.	Marco	Gamba	Marco Gamba	1	SH4	1	SH	1	101041885	autori_scopus_preferred-name_erc.tsv	2026-09-29 17:23:46.072000	57214470766	0	SH4	82	616	67417	2	0.3246753246753247
6abbf4222297e265fbed84b3	23392458000	Gamba M.	Marco	Gamba	Marco Gamba	1	SH4	1	SH	1	101041885	autori_scopus_preferred-name_erc.tsv	2026-09-29 17:23:46.072000	23392458000	1	SH4	82	3112	67417	1768	56.81233933161953
6abbf4212297e265fbed83f8	57427422000	Ricci L.	Liviana	Ricci	Liviana Ricci	1	LS8	1	LS	1	101045015	autori_scopus_preferred-name_erc.tsv	2026-09-29 17:23:45.903000	57427422000	1	LS8	85	245	68215	174	71.0204081632653
6abbf4212297e265fbed83f8	57427422000	Ricci L.	Liviana	Ricci	Liviana Ricci	1	LS8	1	LS	1	101045015	autori_scopus_preferred-name_erc.tsv	2026-09-29 17:23:45.903000	57218589809	0	LS8	85	284	68215	2	0.7042253521126761
6abbf4212297e265fbed83f8	57427422000	Ricci L.	Liviana	Ricci	Liviana Ricci	1	LS8	1	LS	1	101045015	autori_scopus_preferred-name_erc.tsv	2026-09-29 17:23:45.903000	57209088804	0	LS8	85	1270	68215	88	6.929133858267717
6abbf4222297e265fbed8568	57218589809	Ricci S.	Saverio	Ricci	Saverio Ricci	1	PE7	1	PE	1	101042585	autori_scopus_preferred-name_erc.tsv	2026-09-29 17:23:46.241000	57427422000	0	PE7	123	245	61474	0	0.0
6abbf4222297e265fbed8568	57218589809	Ricci S.	Saverio	Ricci	Saverio Ricci	1	PE7	1	PE	1	101042585	autori_scopus_preferred-name_erc.tsv	2026-09-29 17:23:46.241000	57218589809	1	PE7	123	284	61474	258	90.84507042253522
6abbf4222297e265fbed8568	57218589809	Ricci S.	Saverio	Ricci	Saverio Ricci	1	PE7	1	PE	1	101042585	autori_scopus_preferred-name_erc.tsv	2026-09-29 17:23:46.241000	57209088804	0	PE7	123	1270	61474	5	0.39370078740157477
6abbf4232297e265fbed8936	57209088804	Ricci S.	Stefano	Ricci	Stefano Ricci	1	SH6	1	SH	1	101077348	autori_scopus_preferred-name_erc.tsv	2026-09-29 17:23:47.006000	57427422000	0	SH6	49	245	38048	14	5.714285714285714
6abbf4232297e265fbed8936	57209088804	Ricci S.	Stefano	Ricci	Stefano Ricci	1	SH6	1	SH	1	101077348	autori_scopus_preferred-name_erc.tsv	2026-09-29 17:23:47.006000	57218589809	0	SH6	49	284	38048	0	0.0
6abbf4232297e265fbed8936	57209088804	Ricci S.	Stefano	Ricci	Stefano Ricci	1	SH6	1	SH	1	101077348	autori_scopus_preferred-name_erc.tsv	2026-09-29 17:23:47.006000	57209088804	1	SH6	49	1270	38048	1150	90.5511811023622
6abbf4212297e265fbed83fb	58003585600	Calcaterra S.	Stefano	Calcaterra	Stefano Calcaterra	1	PE7	1	PE	1	101097569	autori_scopus_preferred-name_erc.tsv	2026-09-29 17:23:45.905000	58003585600	1	PE7	123	100	61474	100	100.0
6abbf4212297e265fbed83fb	58003585600	Calcaterra S.	Stefano	Calcaterra	Stefano Calcaterra	1	PE7	1	PE	1	101097569	autori_scopus_preferred-name_erc.tsv	2026-09-29 17:23:45.905000	58730345300	0	PE7	123	52	61474	0	0.0
6abbf4232297e265fbed8aa3	58730345300	Calcaterra M.	Matteo	Calcaterra	Matteo Calcaterra	1	SH7	1	SH	2	101044703 - 101056873	autori_scopus_preferred-name_erc.tsv	2026-09-29 17:23:47.252000	58003585600	0	SH7	23	100	32901	0	0.0
6abbf4232297e265fbed8aa3	58730345300	Calcaterra M.	Matteo	Calcaterra	Matteo Calcaterra	1	SH7	1	SH	2	101044703 - 101056873	autori_scopus_preferred-name_erc.tsv	2026-09-29 17:23:47.252000	58730345300	1	SH7	23	52	32901	25	48.07692307692308
6abbf4212297e265fbed8403	6603679093	Isella G.	Giovanni	Isella	Giovanni Isella	1	PE7	1	PE	1	101097569	autori_scopus_preferred-name_erc.tsv	2026-09-29 17:23:45.913000	6603679093	1	PE7	123	2803	61474	1827	65.18016410988227
6abbf4212297e265fbed8403	6603679093	Isella G.	Giovanni	Isella	Giovanni Isella	1	PE7	1	PE	1	101097569	autori_scopus_preferred-name_erc.tsv	2026-09-29 17:23:45.913000	8699469900	0	PE7	123	1337	61474	7	0.5235602094240838
6abbf4222297e265fbed85de	8699469900	Isella A.	Andrea	Isella	Andrea Isella	1	PE9	1	PE	1	101076613	autori_scopus_preferred-name_erc.tsv	2026-09-29 17:23:46.355000	6603679093	0	PE9	519	2803	208283	18	0.6421691045308598
6abbf4222297e265fbed85de	8699469900	Isella A.	Andrea	Isella	Andrea Isella	1	PE9	1	PE	1	101076613	autori_scopus_preferred-name_erc.tsv	2026-09-29 17:23:46.355000	8699469900	1	PE9	519	1337	208283	1313	98.20493642483171
6abbf4212297e265fbed8412	7006063472	Raimondi M.	Manuela Teresa	Raimondi	Manuela Teresa Raimondi	1	PE8	1	PE	2	101068512 - 101053122	autori_scopus_preferred-name_erc.tsv	2026-09-29 17:23:45.927000	7006063472	1	PE8	200	3552	157556	2799	78.80067567567568
6abbf4212297e265fbed8412	7006063472	Raimondi M.	Manuela Teresa	Raimondi	Manuela Teresa Raimondi	1	PE8	1	PE	2	101068512 - 101053122	autori_scopus_preferred-name_erc.tsv	2026-09-29 17:23:45.927000	57222326454	0	PE8	200	666	157556	6	0.9009009009009009
6abbf4232297e265fbed89dc	57222326454	Raimondi T.	Teresa	Raimondi	Teresa Raimondi	1	SH4	1	SH	1	101041885	autori_scopus_preferred-name_erc.tsv	2026-09-29 17:23:47.109000	7006063472	0	SH4	82	3552	67417	42	1.1824324324324325
6abbf4232297e265fbed89dc	57222326454	Raimondi T.	Teresa	Raimondi	Teresa Raimondi	1	SH4	1	SH	1	101041885	autori_scopus_preferred-name_erc.tsv	2026-09-29 17:23:47.109000	57222326454	1	SH4	82	666	67417	602	90.39039039039038
6abbf4212297e265fbed841c	16029615600	Schiattarella G.	Gabriele Giacomo	Schiattarella	Gabriele G. Schiattarella	1	LS4	1	LS	1	101078307	autori_scopus_preferred-name_erc.tsv	2026-09-29 17:23:45.935000	16029615600	1	LS4	61	2710	61867	223	8.228782287822877
6abbf4212297e265fbed841c	16029615600	Schiattarella G.	Gabriele Giacomo	Schiattarella	Gabriele G. Schiattarella	1	LS4	1	LS	1	101078307	autori_scopus_preferred-name_erc.tsv	2026-09-29 17:23:45.935000	57190862946	0	LS4	61	488	61867	3	0.6147540983606558
6abbf4222297e265fbed851c	57190862946	Schiattarella C.	Chiara	Schiattarella	Chiara Schiattarella	1	PE7	1	PE	1	101081567	autori_scopus_preferred-name_erc.tsv	2026-09-29 17:23:46.170000	16029615600	0	PE7	123	2710	61474	12	0.44280442804428044
6abbf4222297e265fbed851c	57190862946	Schiattarella C.	Chiara	Schiattarella	Chiara Schiattarella	1	PE7	1	PE	1	101081567	autori_scopus_preferred-name_erc.tsv	2026-09-29 17:23:46.170000	57190862946	1	PE7	123	488	61474	35	7.172131147540983
6abbf4212297e265fbed8421	22836019000	Salvato M.	Mara	Salvato	Mara Salvato	1	PE9	1	PE	2	101086378 - 101045437	autori_scopus_preferred-name_erc.tsv	2026-09-29 17:23:45.940000	22836019000	1	PE9	519	6311	208283	5938	94.08968467754714
6abbf4212297e265fbed8421	22836019000	Salvato M.	Mara	Salvato	Mara Salvato	1	PE9	1	PE	2	101086378 - 101045437	autori_scopus_preferred-name_erc.tsv	2026-09-29 17:23:45.940000	57211158383	0	PE9	519	382	208283	9	2.356020942408377
6abbf4232297e265fbed8944	57211158383	Salvato E.	Erica	Salvato	Erica Salvato	1	PE7	1	PE	1	101076926	autori_scopus_preferred-name_erc.tsv	2026-09-29 17:23:47.012000	22836019000	0	PE7	123	6311	61474	17	0.2693709396292188
6abbf4232297e265fbed8944	57211158383	Salvato E.	Erica	Salvato	Erica Salvato	1	PE7	1	PE	1	101076926	autori_scopus_preferred-name_erc.tsv	2026-09-29 17:23:47.012000	57211158383	1	PE7	123	382	61474	91	23.82198952879581
6abbf4222297e265fbed8840	57189469058	Liu Z.	Zheming	Liu	Zheming Liu	1	PE11	1	PE	1	101041229	autori_scopus_preferred-name_erc.tsv	2026-09-29 17:23:46.829000	57189469058	1	PE11	52	281	40805	192	68.32740213523132
6abbf4222297e265fbed8840	57189469058	Liu Z.	Zheming	Liu	Zheming Liu	1	PE11	1	PE	1	101041229	autori_scopus_preferred-name_erc.tsv	2026-09-29 17:23:46.829000	57201201897	0	PE11	52	116	40805	40	34.48275862068966
6abbf4222297e265fbed88c8	57201201897	Liu Y.	Ying	Liu	Ying Liu	1	PE5	1	PE	1	101095974	autori_scopus_preferred-name_erc.tsv	2026-09-29 17:23:46.924000	57189469058	0	PE5	116	281	74299	161	57.29537366548043
6abbf4222297e265fbed88c8	57201201897	Liu Y.	Ying	Liu	Ying Liu	1	PE5	1	PE	1	101095974	autori_scopus_preferred-name_erc.tsv	2026-09-29 17:23:46.924000	57201201897	1	PE5	116	116	74299	116	100.0
6abbf4212297e265fbed844e	56284355200	Romano C.	C.	Romano	Claudia Romano	1	PE10	1	PE	1	101044772	autori_scopus_preferred-name_erc.tsv	2026-09-29 17:23:45.980000	56284355200	1	PE10	63	2635	67689	2077	78.82352941176471
6abbf4212297e265fbed844e	56284355200	Romano C.	C.	Romano	Claudia Romano	1	PE10	1	PE	1	101044772	autori_scopus_preferred-name_erc.tsv	2026-09-29 17:23:45.980000	57195250950	0	PE10	63	1647	67689	39	2.3679417122040074
6abbf4222297e265fbed8896	57195250950	Romano V.	Valentino	Romano	Valentino Romano	1	PE11	1	PE	1	101055097	autori_scopus_preferred-name_erc.tsv	2026-09-29 17:23:46.886000	56284355200	0	PE11	52	2635	40805	34	1.2903225806451613
6abbf4222297e265fbed8896	57195250950	Romano V.	Valentino	Romano	Valentino Romano	1	PE11	1	PE	1	101055097	autori_scopus_preferred-name_erc.tsv	2026-09-29 17:23:46.886000	57195250950	1	PE11	52	1647	40805	303	18.397085610200364
6abbf4212297e265fbed845c	57193119619	Brunetti G.	Gianfranco F.	Brunetti	G. Brunetti	1	PE9	1	PE	1	101086378	autori_scopus_preferred-name_erc.tsv	2026-09-29 17:23:45.991000	57193119619	1	PE9	519	4534	208283	4389	96.80194089104543
6abbf4212297e265fbed845c	57193119619	Brunetti G.	Gianfranco F.	Brunetti	G. Brunetti	1	PE9	1	PE	1	101086378	autori_scopus_preferred-name_erc.tsv	2026-09-29 17:23:45.991000	57338928700	0	PE9	519	54	208283	0	0.0
6abbf4232297e265fbed8a11	57338928700	Brunetti I.	Irene	Brunetti	Irene Brunetti	1	PE7	1	PE	1	101097876	autori_scopus_preferred-name_erc.tsv	2026-09-29 17:23:47.147000	57193119619	0	PE7	123	4534	61474	18	0.3970004411116012
6abbf4232297e265fbed8a11	57338928700	Brunetti I.	Irene	Brunetti	Irene Brunetti	1	PE7	1	PE	1	101097876	autori_scopus_preferred-name_erc.tsv	2026-09-29 17:23:47.147000	57338928700	1	PE7	123	54	61474	2	3.7037037037037033
6abbf4212297e265fbed845d	57194286495	Mecozzi B.	Beniamino	Mecozzi	Beniamino Mecozzi	1	SH6	1	SH	1	101052653	autori_scopus_preferred-name_erc.tsv	2026-09-29 17:23:45.992000	57194286495	1	SH6	49	2597	38048	2484	95.64882556796303
6abbf4212297e265fbed845d	57194286495	Mecozzi B.	Beniamino	Mecozzi	Beniamino Mecozzi	1	SH6	1	SH	1	101052653	autori_scopus_preferred-name_erc.tsv	2026-09-29 17:23:45.992000	57203628230	0	SH6	49	1445	38048	0	0.0
6abbf4222297e265fbed88f8	57203628230	Mecozzi A.	A.	Mecozzi	Antonio Mecozzi	1	PE7	1	PE	1	101077917	autori_scopus_preferred-name_erc.tsv	2026-09-29 17:23:46.960000	57194286495	0	PE7	123	2597	61474	1	0.03850596842510589
6abbf4222297e265fbed88f8	57203628230	Mecozzi A.	A.	Mecozzi	Antonio Mecozzi	1	PE7	1	PE	1	101077917	autori_scopus_preferred-name_erc.tsv	2026-09-29 17:23:46.960000	57203628230	1	PE7	123	1445	61474	339	23.460207612456745
6abbf4222297e265fbed8472	57477394000	Corti M.	Mattia	Corti	Mattia Corti	1	SYG-PE	1	PE	1	101115663	autori_scopus_preferred-name_erc.tsv	2026-09-29 17:23:46.011000	57477394000	1	SYG-PE	78	182	62561	182	100.0
6abbf4222297e265fbed8472	57477394000	Corti M.	Mattia	Corti	Mattia Corti	1	SYG-PE	1	PE	1	101115663	autori_scopus_preferred-name_erc.tsv	2026-09-29 17:23:46.011000	56581966700	0	SYG-PE	78	459	62561	14	3.0501089324618738
6abbf4222297e265fbed8472	57477394000	Corti M.	Mattia	Corti	Mattia Corti	1	SYG-PE	1	PE	1	101115663	autori_scopus_preferred-name_erc.tsv	2026-09-29 17:23:46.011000	7006220309	0	SYG-PE	78	3166	62561	35	1.1054958938723942
6abbf4222297e265fbed87f9	56581966700	Corti V.	Vasco	Corti	Vasco Corti	1	PE5	1	PE	3	101040025 - 101106125 - 101105828	autori_scopus_preferred-name_erc.tsv	2026-09-29 17:23:46.775000	57477394000	0	PE5	116	182	74299	1	0.5494505494505495
6abbf4222297e265fbed87f9	56581966700	Corti V.	Vasco	Corti	Vasco Corti	1	PE5	1	PE	3	101040025 - 101106125 - 101105828	autori_scopus_preferred-name_erc.tsv	2026-09-29 17:23:46.775000	56581966700	1	PE5	116	459	74299	130	28.322440087145967
6abbf4222297e265fbed87f9	56581966700	Corti V.	Vasco	Corti	Vasco Corti	1	PE5	1	PE	3	101040025 - 101106125 - 101105828	autori_scopus_preferred-name_erc.tsv	2026-09-29 17:23:46.775000	7006220309	0	PE5	116	3166	74299	0	0.0
6abbf4232297e265fbed8c16	7006220309	Corti G.	Giacomo	Corti	Giacomo Corti	1	PE10	1	PE	2	101087245 - 101119486	autori_scopus_preferred-name_erc.tsv	2026-09-29 17:23:47.572000	57477394000	0	PE10	63	182	67689	2	1.098901098901099
6abbf4232297e265fbed8c16	7006220309	Corti G.	Giacomo	Corti	Giacomo Corti	1	PE10	1	PE	2	101087245 - 101119486	autori_scopus_preferred-name_erc.tsv	2026-09-29 17:23:47.572000	56581966700	0	PE10	63	459	67689	0	0.0
6abbf4232297e265fbed8c16	7006220309	Corti G.	Giacomo	Corti	Giacomo Corti	1	PE10	1	PE	2	101087245 - 101119486	autori_scopus_preferred-name_erc.tsv	2026-09-29 17:23:47.572000	7006220309	1	PE10	63	3166	67689	2474	78.14276689829438
6abbf4222297e265fbed8475	57668086600	Kim D.	Dawoon E.	Kim	Dawoon E. Kim	1	PE9	1	PE	1	101076343	autori_scopus_preferred-name_erc.tsv	2026-09-29 17:23:46.014000	57668086600	1	PE9	519	739	208283	706	95.53450608930987
6abbf4222297e265fbed8475	57668086600	Kim D.	Dawoon E.	Kim	Dawoon E. Kim	1	PE9	1	PE	1	101076343	autori_scopus_preferred-name_erc.tsv	2026-09-29 17:23:46.014000	58290088200	0	PE9	519	49	208283	0	0.0
6abbf4222297e265fbed8591	58290088200	Kim S.	Sung-hwan	Kim	Sung-Hwan Kim	1	PE6	1	PE	1	101039208	autori_scopus_preferred-name_erc.tsv	2026-09-29 17:23:46.281000	57668086600	0	PE6	23	739	7721	0	0.0
6abbf4222297e265fbed8591	58290088200	Kim S.	Sung-hwan	Kim	Sung-Hwan Kim	1	PE6	1	PE	1	101039208	autori_scopus_preferred-name_erc.tsv	2026-09-29 17:23:46.281000	58290088200	1	PE6	23	49	7721	49	100.0
6abbf4222297e265fbed8496	7402527192	Costa E.	Enrico	Costa	Enrico Costa	1	PE9	1	PE	1	101076343	autori_scopus_preferred-name_erc.tsv	2026-09-29 17:23:46.045000	7402527192	1	PE9	519	2688	208283	2675	99.51636904761905
6abbf4222297e265fbed8496	7402527192	Costa E.	Enrico	Costa	Enrico Costa	1	PE9	1	PE	1	101076343	autori_scopus_preferred-name_erc.tsv	2026-09-29 17:23:46.045000	57102696600	0	PE9	519	249	208283	1	0.4016064257028112
6abbf4222297e265fbed8515	57102696600	Costa P.	Paolo	Costa	Paolo Costa	1	PE5	1	PE	3	101040025 - 101106125 - 101105828	autori_scopus_preferred-name_erc.tsv	2026-09-29 17:23:46.163000	7402527192	0	PE5	116	2688	74299	2	0.0744047619047619
6abbf4222297e265fbed8515	57102696600	Costa P.	Paolo	Costa	Paolo Costa	1	PE5	1	PE	3	101040025 - 101106125 - 101105828	autori_scopus_preferred-name_erc.tsv	2026-09-29 17:23:46.163000	57102696600	1	PE5	116	249	74299	249	100.0
6abbf4222297e265fbed849d	10040033000	Monaco G.	Giulio	Monaco	Giulio Monaco	1	PE3	1	PE	1	101053167	autori_scopus_preferred-name_erc.tsv	2026-09-29 17:23:46.051000	10040033000	1	PE3	33	1879	30513	926	49.28153273017563
6abbf4222297e265fbed849d	10040033000	Monaco G.	Giulio	Monaco	Giulio Monaco	1	PE3	1	PE	1	101053167	autori_scopus_preferred-name_erc.tsv	2026-09-29 17:23:46.051000	59227903300	0	PE3	33	0	30513	0	0
6abbf4222297e265fbed849d	10040033000	Monaco G.	Giulio	Monaco	Giulio Monaco	1	PE3	1	PE	1	101053167	autori_scopus_preferred-name_erc.tsv	2026-09-29 17:23:46.051000	7006221760	0	PE3	33	2233	30513	1	0.044782803403493054
6abbf4232297e265fbed8adc	59227903300	Monaco M.	Mariagrazia	Monaco	Mariagrazia Monaco	1	LS4	1	LS	1	101045285	autori_scopus_preferred-name_erc.tsv	2026-09-29 17:23:47.299000	10040033000	0	LS4	61	1879	61867	4	0.21287919105907396
6abbf4232297e265fbed8adc	59227903300	Monaco M.	Mariagrazia	Monaco	Mariagrazia Monaco	1	LS4	1	LS	1	101045285	autori_scopus_preferred-name_erc.tsv	2026-09-29 17:23:47.299000	59227903300	1	LS4	61	0	61867	0	0
6abbf4232297e265fbed8adc	59227903300	Monaco M.	Mariagrazia	Monaco	Mariagrazia Monaco	1	LS4	1	LS	1	101045285	autori_scopus_preferred-name_erc.tsv	2026-09-29 17:23:47.299000	7006221760	0	LS4	61	2233	61867	3	0.13434841021047916
6abbf4232297e265fbed8c17	7006221760	Monaco P.	Pierluigi	Monaco	Pierluigi Monaco	1	PE9	1	PE	1	101042299	autori_scopus_preferred-name_erc.tsv	2026-09-29 17:23:47.573000	10040033000	0	PE9	519	1879	208283	23	1.2240553485896752
6abbf4232297e265fbed8c17	7006221760	Monaco P.	Pierluigi	Monaco	Pierluigi Monaco	1	PE9	1	PE	1	101042299	autori_scopus_preferred-name_erc.tsv	2026-09-29 17:23:47.573000	59227903300	0	PE9	519	0	208283	0	0
6abbf4232297e265fbed8c17	7006221760	Monaco P.	Pierluigi	Monaco	Pierluigi Monaco	1	PE9	1	PE	1	101042299	autori_scopus_preferred-name_erc.tsv	2026-09-29 17:23:47.573000	7006221760	1	PE9	519	2233	208283	1684	75.41424093148231
6abbf4222297e265fbed84a5	15047667100	Galbusera F.	F.	Galbusera	Fabio Galbusera	1	PE8	1	PE	1	101044828	autori_scopus_preferred-name_erc.tsv	2026-09-29 17:23:46.059000	15047667100	1	PE8	200	4152	157556	131	3.1551059730250484
6abbf4222297e265fbed84a5	15047667100	Galbusera F.	F.	Galbusera	Fabio Galbusera	1	PE8	1	PE	1	101044828	autori_scopus_preferred-name_erc.tsv	2026-09-29 17:23:46.059000	58863173900	0	PE8	200	48	157556	0	0.0
6abbf4232297e265fbed8ab3	58863173900	Galbusera A.	Alessia	Galbusera	Alessia Galbusera	1	SH6	1	SH	2	101065320 - 101077348	autori_scopus_preferred-name_erc.tsv	2026-09-29 17:23:47.266000	15047667100	0	SH6	49	4152	38048	36	0.8670520231213872
6abbf4232297e265fbed8ab3	58863173900	Galbusera A.	Alessia	Galbusera	Alessia Galbusera	1	SH6	1	SH	2	101065320 - 101077348	autori_scopus_preferred-name_erc.tsv	2026-09-29 17:23:47.266000	58863173900	1	SH6	49	48	38048	0	0.0
6abbf4222297e265fbed84bf	27568039400	Santini P.	Paola	Santini	Paola Santini	1	PE9	1	PE	1	101053208	autori_scopus_preferred-name_erc.tsv	2026-09-29 17:23:46.083000	27568039400	1	PE9	519	4571	208283	4472	97.83417195362065
6abbf4222297e265fbed84bf	27568039400	Santini P.	Paola	Santini	Paola Santini	1	PE9	1	PE	1	101053208	autori_scopus_preferred-name_erc.tsv	2026-09-29 17:23:46.083000	7006198153	0	PE9	519	963	208283	20	2.0768431983385254
6abbf4232297e265fbed8c15	7006198153	Santini P.	Paolo	Santini	P. Santini	1	SYG-PE	1	PE	1	101071533	autori_scopus_preferred-name_erc.tsv	2026-09-29 17:23:47.571000	27568039400	0	SYG-PE	78	4571	62561	1035	22.642747757602276
6abbf4232297e265fbed8c15	7006198153	Santini P.	Paolo	Santini	P. Santini	1	SYG-PE	1	PE	1	101071533	autori_scopus_preferred-name_erc.tsv	2026-09-29 17:23:47.571000	7006198153	1	SYG-PE	78	963	62561	963	100.0
6abbf4222297e265fbed84c2	35148174600	Paggi M.	Marco	Paggi	M. Paggi	1	PE8	1	PE	1	101052956	autori_scopus_preferred-name_erc.tsv	2026-09-29 17:23:46.086000	35148174600	1	PE8	200	4442	157556	2123	47.79378658262044
6abbf4222297e265fbed84c2	35148174600	Paggi M.	Marco	Paggi	M. Paggi	1	PE8	1	PE	1	101052956	autori_scopus_preferred-name_erc.tsv	2026-09-29 17:23:46.086000	36933029700	0	PE8	200	3302	157556	7	0.21199273167777105
6abbf4222297e265fbed86ff	36933029700	Paggi A.	Alessandro	Paggi	Alessandro Paggi	1	PE9	1	PE	1	101076343	autori_scopus_preferred-name_erc.tsv	2026-09-29 17:23:46.609000	35148174600	0	PE9	519	4442	208283	21	0.47276001800990547
6abbf4222297e265fbed86ff	36933029700	Paggi A.	Alessandro	Paggi	Alessandro Paggi	1	PE9	1	PE	1	101076343	autori_scopus_preferred-name_erc.tsv	2026-09-29 17:23:46.609000	36933029700	1	PE9	519	3302	208283	3066	92.85281647486372
6abbf4222297e265fbed84d0	36893312700	Martinelli C.	Chiara	Martinelli	Chiara Martinelli	1	PE8	1	PE	2	101068512 - 101053122	autori_scopus_preferred-name_erc.tsv	2026-09-29 17:23:46.098000	36893312700	1	PE8	200	2490	157556	1635	65.66265060240963
6abbf4222297e265fbed84d0	36893312700	Martinelli C.	Chiara	Martinelli	Chiara Martinelli	1	PE8	1	PE	2	101068512 - 101053122	autori_scopus_preferred-name_erc.tsv	2026-09-29 17:23:46.098000	57208149448	0	PE8	200	437	157556	20	4.576659038901601
6abbf4222297e265fbed84d0	36893312700	Martinelli C.	Chiara	Martinelli	Chiara Martinelli	1	PE8	1	PE	2	101068512 - 101053122	autori_scopus_preferred-name_erc.tsv	2026-09-29 17:23:46.098000	57190342916	0	PE8	200	1400	157556	142	10.142857142857142
6abbf4222297e265fbed8546	57208149448	Martinelli A.	Alessandro	Martinelli	Alessandro Martinelli	1	PE3	1	PE	1	101053167	autori_scopus_preferred-name_erc.tsv	2026-09-29 17:23:46.209000	36893312700	0	PE3	33	2490	30513	83	3.3333333333333335
6abbf4222297e265fbed8546	57208149448	Martinelli A.	Alessandro	Martinelli	Alessandro Martinelli	1	PE3	1	PE	1	101053167	autori_scopus_preferred-name_erc.tsv	2026-09-29 17:23:46.209000	57208149448	1	PE3	33	437	30513	407	93.13501144164759
6abbf4222297e265fbed8546	57208149448	Martinelli A.	Alessandro	Martinelli	Alessandro Martinelli	1	PE3	1	PE	1	101053167	autori_scopus_preferred-name_erc.tsv	2026-09-29 17:23:46.209000	57190342916	0	PE3	33	1400	30513	9	0.6428571428571428
6abbf4222297e265fbed8850	57190342916	Martinelli I.	Ilaria	Martinelli	Ilaria Martinelli	1	SH4	1	SH	1	101042625	autori_scopus_preferred-name_erc.tsv	2026-09-29 17:23:46.843000	36893312700	0	SH4	82	2490	67417	23	0.9236947791164659
6abbf4222297e265fbed8850	57190342916	Martinelli I.	Ilaria	Martinelli	Ilaria Martinelli	1	SH4	1	SH	1	101042625	autori_scopus_preferred-name_erc.tsv	2026-09-29 17:23:46.843000	57208149448	0	SH4	82	437	67417	1	0.2288329519450801
6abbf4222297e265fbed8850	57190342916	Martinelli I.	Ilaria	Martinelli	Ilaria Martinelli	1	SH4	1	SH	1	101042625	autori_scopus_preferred-name_erc.tsv	2026-09-29 17:23:46.843000	57190342916	1	SH4	82	1400	67417	1056	75.42857142857143
6abbf4222297e265fbed84d1	37003280500	Vacca G.	Giuseppe	Vacca	Giuseppe Vacca	1	SYG-PE	1	PE	1	101115663	autori_scopus_preferred-name_erc.tsv	2026-09-29 17:23:46.099000	37003280500	1	SYG-PE	78	624	62561	555	88.9423076923077
6abbf4222297e265fbed84d1	37003280500	Vacca G.	Giuseppe	Vacca	Giuseppe Vacca	1	SYG-PE	1	PE	1	101115663	autori_scopus_preferred-name_erc.tsv	2026-09-29 17:23:46.099000	57217795988	0	SYG-PE	78	1084	62561	6	0.5535055350553505
6abbf4232297e265fbed898e	57217795988	Vacca A.	Antonio	Vacca	Antonio Vacca	1	LS4	1	LS	1	101078307	autori_scopus_preferred-name_erc.tsv	2026-09-29 17:23:47.072000	37003280500	0	LS4	61	624	61867	3	0.4807692307692308
6abbf4232297e265fbed898e	57217795988	Vacca A.	Antonio	Vacca	Antonio Vacca	1	LS4	1	LS	1	101078307	autori_scopus_preferred-name_erc.tsv	2026-09-29 17:23:47.072000	57217795988	1	LS4	61	1084	61867	57	5.258302583025831
6abbf4222297e265fbed84d2	37018396300	Marchetti R.	Roberta	Marchetti	Roberta Marchetti	1	PE5	1	PE	1	101039841	autori_scopus_preferred-name_erc.tsv	2026-09-29 17:23:46.100000	37018396300	1	PE5	116	1543	74299	1543	100.0
6abbf4222297e265fbed84d2	37018396300	Marchetti R.	Roberta	Marchetti	Roberta Marchetti	1	PE5	1	PE	1	101039841	autori_scopus_preferred-name_erc.tsv	2026-09-29 17:23:46.100000	57193493644	0	PE5	116	815	74299	70	8.588957055214724
6abbf4222297e265fbed84d2	37018396300	Marchetti R.	Roberta	Marchetti	Roberta Marchetti	1	PE5	1	PE	1	101039841	autori_scopus_preferred-name_erc.tsv	2026-09-29 17:23:46.100000	7103204997	0	PE5	116	6212	74299	146	2.350289761751449
6abbf4222297e265fbed8877	57193493644	Marchetti F.	Filippo	Marchetti	Filippo Marchetti	1	PE4	1	PE	2	101112805 - 101088032	autori_scopus_preferred-name_erc.tsv	2026-09-29 17:23:46.860000	37018396300	0	PE4	118	1543	83848	94	6.09202851587816
6abbf4222297e265fbed8877	57193493644	Marchetti F.	Filippo	Marchetti	Filippo Marchetti	1	PE4	1	PE	2	101112805 - 101088032	autori_scopus_preferred-name_erc.tsv	2026-09-29 17:23:46.860000	57193493644	1	PE4	118	815	83848	747	91.65644171779141
6abbf4222297e265fbed8877	57193493644	Marchetti F.	Filippo	Marchetti	Filippo Marchetti	1	PE4	1	PE	2	101112805 - 101088032	autori_scopus_preferred-name_erc.tsv	2026-09-29 17:23:46.860000	7103204997	0	PE4	118	6212	83848	66	1.0624597553122987
6abbf4232297e265fbed8c3e	7103204997	Marchetti P.	P.	Marchetti	Piero Marchetti	1	LS4	1	LS	1	101043671	autori_scopus_preferred-name_erc.tsv	2026-09-29 17:23:47.607000	37018396300	0	LS4	61	1543	61867	26	1.6850291639662993
6abbf4232297e265fbed8c3e	7103204997	Marchetti P.	P.	Marchetti	Piero Marchetti	1	LS4	1	LS	1	101043671	autori_scopus_preferred-name_erc.tsv	2026-09-29 17:23:47.607000	57193493644	0	LS4	61	815	61867	37	4.539877300613497
6abbf4232297e265fbed8c3e	7103204997	Marchetti P.	P.	Marchetti	Piero Marchetti	1	LS4	1	LS	1	101043671	autori_scopus_preferred-name_erc.tsv	2026-09-29 17:23:47.607000	7103204997	1	LS4	61	6212	61867	856	13.779781068898906
6abbf4222297e265fbed84d3	37040936100	Tanzi L.	Luca	Tanzi	Luca Tanzi	1	PE2	1	PE	1	101055319	autori_scopus_preferred-name_erc.tsv	2026-09-29 17:23:46.101000	37040936100	1	PE2	198	370	90740	304	82.16216216216216
6abbf4222297e265fbed84d3	37040936100	Tanzi L.	Luca	Tanzi	Luca Tanzi	1	PE2	1	PE	1	101055319	autori_scopus_preferred-name_erc.tsv	2026-09-29 17:23:46.101000	57223193616	0	PE2	198	234	90740	0	0.0
6abbf4232297e265fbed89e5	57223193616	Tanzi A.	Adele	Tanzi	Adele Tanzi	1	LS7	1	LS	1	101045467	autori_scopus_preferred-name_erc.tsv	2026-09-29 17:23:47.114000	37040936100	0	LS7	98	370	119327	0	0.0
6abbf4232297e265fbed89e5	57223193616	Tanzi A.	Adele	Tanzi	Adele Tanzi	1	LS7	1	LS	1	101045467	autori_scopus_preferred-name_erc.tsv	2026-09-29 17:23:47.114000	57223193616	1	LS7	98	234	119327	234	100.0
6abbf4222297e265fbed84e1	55246218600	Huang R.	Ruojun	Huang	Ruojun Huang	1	PE1	1	PE	1	101053472	autori_scopus_preferred-name_erc.tsv	2026-09-29 17:23:46.114000	55246218600	1	PE1	23	109	6960	109	100.0
6abbf4222297e265fbed84e1	55246218600	Huang R.	Ruojun	Huang	Ruojun Huang	1	PE1	1	PE	1	101053472	autori_scopus_preferred-name_erc.tsv	2026-09-29 17:23:46.114000	57211634315	0	PE1	23	737	6960	1	0.13568521031207598
6abbf4222297e265fbed8552	57211634315	Huang K.	Kun D.	Huang	Kun D. Huang	1	LS8	1	LS	1	101045015	autori_scopus_preferred-name_erc.tsv	2026-09-29 17:23:46.220000	55246218600	0	LS8	85	109	68215	0	0.0
6abbf4222297e265fbed8552	57211634315	Huang K.	Kun D.	Huang	Kun D. Huang	1	LS8	1	LS	1	101045015	autori_scopus_preferred-name_erc.tsv	2026-09-29 17:23:46.220000	57211634315	1	LS8	85	737	68215	737	100.0
6abbf4222297e265fbed84e5	55375394900	Rinaldi L.	Luca	Rinaldi	Luca Rinaldi	1	SH4	1	SH	1	101087053	autori_scopus_preferred-name_erc.tsv	2026-09-29 17:23:46.116000	55375394900	1	SH4	82	2603	67417	1180	45.33230887437572
6abbf4222297e265fbed84e5	55375394900	Rinaldi L.	Luca	Rinaldi	Luca Rinaldi	1	SH4	1	SH	1	101087053	autori_scopus_preferred-name_erc.tsv	2026-09-29 17:23:46.116000	8325324100	0	SH4	82	742	67417	3	0.40431266846361186
6abbf4232297e265fbed8c57	8325324100	Rinaldi A.	Alessandra	Rinaldi	Alessandra Rinaldi	1	LS9	1	LS	1	101040462	autori_scopus_preferred-name_erc.tsv	2026-09-29 17:23:47.617000	55375394900	0	LS9	22	2603	22960	7	0.2689204763734153
6abbf4232297e265fbed8c57	8325324100	Rinaldi A.	Alessandra	Rinaldi	Alessandra Rinaldi	1	LS9	1	LS	1	101040462	autori_scopus_preferred-name_erc.tsv	2026-09-29 17:23:47.617000	8325324100	1	LS9	22	742	22960	2	0.2695417789757413
6abbf4222297e265fbed84eb	55697020400	Conte R.	Riccardo	Conte	Riccardo Conte	1	PE4	1	PE	1	101081361	autori_scopus_preferred-name_erc.tsv	2026-09-29 17:23:46.122000	55697020400	1	PE4	118	1445	83848	1006	69.61937716262976
6abbf4222297e265fbed84eb	55697020400	Conte R.	Riccardo	Conte	Riccardo Conte	1	PE4	1	PE	1	101081361	autori_scopus_preferred-name_erc.tsv	2026-09-29 17:23:46.122000	56268146200	0	PE4	118	244	83848	62	25.40983606557377
6abbf4222297e265fbed87d0	56268146200	Conte A.	Adriano Mosca	Conte	Adriano Mosca Conte	1	PE3	1	PE	1	101066434	autori_scopus_preferred-name_erc.tsv	2026-09-29 17:23:46.746000	55697020400	0	PE3	33	1445	30513	54	3.7370242214532867
6abbf4222297e265fbed87d0	56268146200	Conte A.	Adriano Mosca	Conte	Adriano Mosca Conte	1	PE3	1	PE	1	101066434	autori_scopus_preferred-name_erc.tsv	2026-09-29 17:23:46.746000	56268146200	1	PE3	33	244	30513	165	67.62295081967213
6abbf4222297e265fbed84f8	56195219500	Camargo F.	Franco V.A.	Camargo	Franco V. A. Camargo	1	LS9	1	LS	1	101053983	autori_scopus_preferred-name_erc.tsv	2026-09-29 17:23:46.135000	56195219500	1	LS9	22	1088	22960	354	32.536764705882355
6abbf4222297e265fbed84f8	56195219500	Camargo F.	Franco V.A.	Camargo	Franco V. A. Camargo	1	LS9	1	LS	1	101053983	autori_scopus_preferred-name_erc.tsv	2026-09-29 17:23:46.135000	59304306700	0	LS9	22	0	22960	0	0
6abbf4232297e265fbed8aeb	59304306700	Camargo F.	Franco V.A.	Camargo	Franco V. A. Camargo	1	PE4	1	PE	2	101047137 - 101076859	autori_scopus_preferred-name_erc.tsv	2026-09-29 17:23:47.311000	56195219500	0	PE4	118	1088	83848	429	39.43014705882353
6abbf4232297e265fbed8aeb	59304306700	Camargo F.	Franco V.A.	Camargo	Franco V. A. Camargo	1	PE4	1	PE	2	101047137 - 101076859	autori_scopus_preferred-name_erc.tsv	2026-09-29 17:23:47.311000	59304306700	1	PE4	118	0	83848	0	0
6abbf4222297e265fbed8502	56394720500	Venturi D.	Daniele	Venturi	Daniele Venturi	1	PE6	1	PE	2	101096871 - 101054911	autori_scopus_preferred-name_erc.tsv	2026-09-29 17:23:46.144000	56394720500	1	PE6	23	1380	7721	324	23.47826086956522
6abbf4222297e265fbed8502	56394720500	Venturi D.	Daniele	Venturi	Daniele Venturi	1	PE6	1	PE	2	101096871 - 101054911	autori_scopus_preferred-name_erc.tsv	2026-09-29 17:23:46.144000	57201649820	0	PE6	23	1985	7721	0	0.0
6abbf4222297e265fbed88d1	57201649820	Venturi G.	Giacomo	Venturi	G. Venturi	1	PE9	1	PE	1	101040751	autori_scopus_preferred-name_erc.tsv	2026-09-29 17:23:46.928000	56394720500	0	PE9	519	1380	208283	0	0.0
6abbf4222297e265fbed88d1	57201649820	Venturi G.	Giacomo	Venturi	G. Venturi	1	PE9	1	PE	1	101040751	autori_scopus_preferred-name_erc.tsv	2026-09-29 17:23:46.928000	57201649820	1	PE9	519	1985	208283	1985	100.0
6abbf4222297e265fbed850a	56638659600	Filippini T.	Tommaso	Filippini	Tommaso Filippini	1	SH4	1	SH	1	101042625	autori_scopus_preferred-name_erc.tsv	2026-09-29 17:23:46.152000	56638659600	1	SH4	82	7787	67417	6906	88.68627199178117
6abbf4222297e265fbed850a	56638659600	Filippini T.	Tommaso	Filippini	Tommaso Filippini	1	SH4	1	SH	1	101042625	autori_scopus_preferred-name_erc.tsv	2026-09-29 17:23:46.152000	54402939800	0	SH4	82	1578	67417	3	0.19011406844106463
6abbf4222297e265fbed850a	56638659600	Filippini T.	Tommaso	Filippini	Tommaso Filippini	1	SH4	1	SH	1	101042625	autori_scopus_preferred-name_erc.tsv	2026-09-29 17:23:46.152000	57192251704	0	SH4	82	1186	67417	8	0.6745362563237773
6abbf4222297e265fbed8722	54402939800	Filippini G.	Giacomo	Filippini	Giacomo Filippini	1	PE5	1	PE	1	101039578	autori_scopus_preferred-name_erc.tsv	2026-09-29 17:23:46.624000	56638659600	0	PE5	116	7787	74299	42	0.5393604725825093
6abbf4222297e265fbed8722	54402939800	Filippini G.	Giacomo	Filippini	Giacomo Filippini	1	PE5	1	PE	1	101039578	autori_scopus_preferred-name_erc.tsv	2026-09-29 17:23:46.624000	54402939800	1	PE5	116	1578	74299	514	32.57287705956908
6abbf4222297e265fbed8722	54402939800	Filippini G.	Giacomo	Filippini	Giacomo Filippini	1	PE5	1	PE	1	101039578	autori_scopus_preferred-name_erc.tsv	2026-09-29 17:23:46.624000	57192251704	0	PE5	116	1186	74299	6	0.5059021922428331
6abbf4222297e265fbed8861	57192251704	Filippini F.	Francesco	Filippini	F. Filippini	1	PE9	1	PE	1	101076343	autori_scopus_preferred-name_erc.tsv	2026-09-29 17:23:46.851000	56638659600	0	PE9	519	7787	208283	9	0.11557724412482341
6abbf4222297e265fbed8861	57192251704	Filippini F.	Francesco	Filippini	F. Filippini	1	PE9	1	PE	1	101076343	autori_scopus_preferred-name_erc.tsv	2026-09-29 17:23:46.851000	54402939800	0	PE9	519	1578	208283	12	0.7604562737642585
6abbf4222297e265fbed8861	57192251704	Filippini F.	Francesco	Filippini	F. Filippini	1	PE9	1	PE	1	101076343	autori_scopus_preferred-name_erc.tsv	2026-09-29 17:23:46.851000	57192251704	1	PE9	519	1186	208283	1186	100.0
6abbf4222297e265fbed8516	57188624879	Capone F.	Federico	Capone	Federico Capone	1	LS4	1	LS	1	101078307	autori_scopus_preferred-name_erc.tsv	2026-09-29 17:23:46.164000	57188624879	1	LS4	61	640	61867	50	7.8125
6abbf4222297e265fbed8516	57188624879	Capone F.	Federico	Capone	Federico Capone	1	LS4	1	LS	1	101078307	autori_scopus_preferred-name_erc.tsv	2026-09-29 17:23:46.164000	35434659900	0	LS4	61	2941	61867	9	0.3060183611016661
6abbf4222297e265fbed86bf	35434659900	Capone A.	Antonio	Capone	A. Capone	1	PE9	1	PE	1	101076343	autori_scopus_preferred-name_erc.tsv	2026-09-29 17:23:46.556000	57188624879	0	PE9	519	640	208283	0	0.0
6abbf4222297e265fbed86bf	35434659900	Capone A.	Antonio	Capone	A. Capone	1	PE9	1	PE	1	101076343	autori_scopus_preferred-name_erc.tsv	2026-09-29 17:23:46.556000	35434659900	1	PE9	519	2941	208283	2782	94.59367562053723
6abbf4222297e265fbed8523	57193874792	Calabro A.	Antonello	Calabro	Antonello Calabró	1	PE9	1	PE	1	101053208	autori_scopus_preferred-name_erc.tsv	2026-09-29 17:23:46.175000	57193874792	1	PE9	519	3817	208283	3618	94.78648152999737
6abbf4222297e265fbed8523	57193874792	Calabro A.	Antonello	Calabro	Antonello Calabró	1	PE9	1	PE	1	101053208	autori_scopus_preferred-name_erc.tsv	2026-09-29 17:23:46.175000	57202022068	0	PE9	519	307	208283	0	0.0
6abbf4222297e265fbed88d7	57202022068	Calabro L.	Laura	Calabro	Laura Calabrò	1	PE10	1	PE	1	101044772	autori_scopus_preferred-name_erc.tsv	2026-09-29 17:23:46.933000	57193874792	0	PE10	63	3817	67689	20	0.5239717055279014
6abbf4222297e265fbed88d7	57202022068	Calabro L.	Laura	Calabro	Laura Calabrò	1	PE10	1	PE	1	101044772	autori_scopus_preferred-name_erc.tsv	2026-09-29 17:23:46.933000	57202022068	1	PE10	63	307	67689	68	22.149837133550488
6abbf4222297e265fbed8529	57195808631	Russo S.	Simone	Russo	Simone Russo	1	SYG-LS	1	LS	1	101071900	autori_scopus_preferred-name_erc.tsv	2026-09-29 17:23:46.181000	57195808631	1	SYG-LS	47	531	43061	525	98.87005649717514
6abbf4222297e265fbed8529	57195808631	Russo S.	Simone	Russo	Simone Russo	1	SYG-LS	1	LS	1	101071900	autori_scopus_preferred-name_erc.tsv	2026-09-29 17:23:46.181000	57194018820	0	SYG-LS	47	833	43061	19	2.2809123649459786
6abbf4222297e265fbed8885	57194018820	Russo L.	Luca	Russo	Luca Russo	1	LS7	1	LS	1	101077710	autori_scopus_preferred-name_erc.tsv	2026-09-29 17:23:46.872000	57195808631	0	LS7	98	531	119327	50	9.416195856873824
6abbf4222297e265fbed8885	57194018820	Russo L.	Luca	Russo	Luca Russo	1	LS7	1	LS	1	101077710	autori_scopus_preferred-name_erc.tsv	2026-09-29 17:23:46.872000	57194018820	1	LS7	98	833	119327	761	91.35654261704683
6abbf4222297e265fbed8534	57201496275	Bonetti L.	Lorenzo	Bonetti	Lorenzo Bonetti	1	PE8	1	PE	1	101039467	autori_scopus_preferred-name_erc.tsv	2026-09-29 17:23:46.191000	57201496275	1	PE8	200	1241	157556	190	15.310233682514102
6abbf4222297e265fbed8534	57201496275	Bonetti L.	Lorenzo	Bonetti	Lorenzo Bonetti	1	PE8	1	PE	1	101039467	autori_scopus_preferred-name_erc.tsv	2026-09-29 17:23:46.191000	57216803267	0	PE8	200	390	157556	29	7.435897435897436
6abbf4222297e265fbed8560	57216803267	Bonetti G.	Giorgia	Bonetti	Giorgia Bonetti	1	PE4	1	PE	1	101040798	autori_scopus_preferred-name_erc.tsv	2026-09-29 17:23:46.234000	57201496275	0	PE4	118	1241	83848	30	2.4174053182917
6abbf4222297e265fbed8560	57216803267	Bonetti G.	Giorgia	Bonetti	Giorgia Bonetti	1	PE4	1	PE	1	101040798	autori_scopus_preferred-name_erc.tsv	2026-09-29 17:23:46.234000	57216803267	1	PE4	118	390	83848	390	100.0
6abbf4222297e265fbed8542	57204970253	Pignatti C.	Clemente	Pignatti	Clemente Pignatti	1	SH3	1	SH	1	101039655	autori_scopus_preferred-name_erc.tsv	2026-09-29 17:23:46.205000	57204970253	1	SH3	10	0	5270	0	0
6abbf4222297e265fbed8542	57204970253	Pignatti C.	Clemente	Pignatti	Clemente Pignatti	1	SH3	1	SH	1	101039655	autori_scopus_preferred-name_erc.tsv	2026-09-29 17:23:46.205000	6603840161	0	SH3	10	1484	5270	2	0.13477088948787064
6abbf4232297e265fbed8b7b	6603840161	Pignatti S.	Stefano	Pignatti	Stefano Pignatti	1	LS9	1	LS	1	101086622	autori_scopus_preferred-name_erc.tsv	2026-09-29 17:23:47.435000	57204970253	0	LS9	22	0	22960	0	0
6abbf4232297e265fbed8b7b	6603840161	Pignatti S.	Stefano	Pignatti	Stefano Pignatti	1	LS9	1	LS	1	101086622	autori_scopus_preferred-name_erc.tsv	2026-09-29 17:23:47.435000	6603840161	1	LS9	22	1484	22960	96	6.46900269541779
6abbf4222297e265fbed8561	57216891177	Scuderi S.	Sarah Adriana	Scuderi	Sarah Adriana Scuderi	1	LS4	1	LS	1	101052444	autori_scopus_preferred-name_erc.tsv	2026-09-29 17:23:46.234000	57216891177	1	LS4	61	2109	61867	174	8.250355618776672
6abbf4222297e265fbed8561	57216891177	Scuderi S.	Sarah Adriana	Scuderi	Sarah Adriana Scuderi	1	LS4	1	LS	1	101052444	autori_scopus_preferred-name_erc.tsv	2026-09-29 17:23:46.234000	36338222000	0	LS4	61	20	61867	1	5.0
6abbf4222297e265fbed86e5	36338222000	Scuderi C.	Cristina	Scuderi	Cristina Scuderi	1	LS8	1	LS	1	101045015	autori_scopus_preferred-name_erc.tsv	2026-09-29 17:23:46.589000	57216891177	0	LS8	85	2109	68215	62	2.939781887150308
6abbf4222297e265fbed86e5	36338222000	Scuderi C.	Cristina	Scuderi	Cristina Scuderi	1	LS8	1	LS	1	101045015	autori_scopus_preferred-name_erc.tsv	2026-09-29 17:23:46.589000	36338222000	1	LS8	85	20	68215	20	100.0
6abbf4222297e265fbed856f	57221150686	Mandelli V.	Veronica	Mandelli	Veronica Mandelli	1	SH4	1	SH	1	101087263	autori_scopus_preferred-name_erc.tsv	2026-09-29 17:23:46.248000	57221150686	1	SH4	82	231	67417	231	100.0
6abbf4222297e265fbed856f	57221150686	Mandelli V.	Veronica	Mandelli	Veronica Mandelli	1	SH4	1	SH	1	101087263	autori_scopus_preferred-name_erc.tsv	2026-09-29 17:23:46.248000	58358365900	0	SH4	82	236	67417	1	0.423728813559322
6abbf4232297e265fbed8a78	58358365900	Mandelli G.	Giacomo	Mandelli	Giacomo Mandelli	1	PE4	1	PE	1	101081361	autori_scopus_preferred-name_erc.tsv	2026-09-29 17:23:47.216000	57221150686	0	PE4	118	231	83848	8	3.463203463203463
6abbf4232297e265fbed8a78	58358365900	Mandelli G.	Giacomo	Mandelli	Giacomo Mandelli	1	PE4	1	PE	1	101081361	autori_scopus_preferred-name_erc.tsv	2026-09-29 17:23:47.216000	58358365900	1	PE4	118	236	83848	236	100.0
6abbf4222297e265fbed858f	58095137400	Cocchi S.	Sebastiano	Cocchi	Sebastiano Cocchi	1	PE7	1	PE	1	101077917	autori_scopus_preferred-name_erc.tsv	2026-09-29 17:23:46.279000	58095137400	1	PE7	123	58	61474	45	77.58620689655173
6abbf4222297e265fbed858f	58095137400	Cocchi S.	Sebastiano	Cocchi	Sebastiano Cocchi	1	PE7	1	PE	1	101077917	autori_scopus_preferred-name_erc.tsv	2026-09-29 17:23:46.279000	56576467500	0	PE7	123	346	61474	1	0.2890173410404624
6abbf4222297e265fbed87f8	56576467500	Cocchi M.	Massimo	Cocchi	Massimo Cocchi	1	PE9	1	PE	1	101076343	autori_scopus_preferred-name_erc.tsv	2026-09-29 17:23:46.775000	58095137400	0	PE9	519	58	208283	6	10.344827586206897
6abbf4222297e265fbed87f8	56576467500	Cocchi M.	Massimo	Cocchi	Massimo Cocchi	1	PE9	1	PE	1	101076343	autori_scopus_preferred-name_erc.tsv	2026-09-29 17:23:46.775000	56576467500	1	PE9	519	346	208283	325	93.9306358381503
6abbf4222297e265fbed8595	58500461500	Marchini F.	F.	Marchini	Francesco Marchini	1	PE8	1	PE	1	101041255	autori_scopus_preferred-name_erc.tsv	2026-09-29 17:23:46.285000	58500461500	1	PE8	200	131	157556	131	100.0
6abbf4222297e265fbed8595	58500461500	Marchini F.	F.	Marchini	Francesco Marchini	1	PE8	1	PE	1	101041255	autori_scopus_preferred-name_erc.tsv	2026-09-29 17:23:46.285000	55075943300	0	PE8	200	1184	157556	9	0.7601351351351352
6abbf4222297e265fbed8736	55075943300	Marchini A.	Alessandro	Marchini	Alessandro Marchini	1	PE9	1	PE	1	101076343	autori_scopus_preferred-name_erc.tsv	2026-09-29 17:23:46.642000	58500461500	0	PE9	519	131	208283	0	0.0
6abbf4222297e265fbed8736	55075943300	Marchini A.	Alessandro	Marchini	Alessandro Marchini	1	PE9	1	PE	1	101076343	autori_scopus_preferred-name_erc.tsv	2026-09-29 17:23:46.642000	55075943300	1	PE9	519	1184	208283	1094	92.39864864864865
6abbf4222297e265fbed85a1	59274086600	Valente S.	Stefano	Valente	Stefano Valente	1	PE5	1	PE	1	101039578	autori_scopus_preferred-name_erc.tsv	2026-09-29 17:23:46.297000	59274086600	1	PE5	116	109	74299	85	77.98165137614679
6abbf4222297e265fbed85a1	59274086600	Valente S.	Stefano	Valente	Stefano Valente	1	PE5	1	PE	1	101039578	autori_scopus_preferred-name_erc.tsv	2026-09-29 17:23:46.297000	57190488065	0	PE5	116	1528	74299	17	1.112565445026178
6abbf4222297e265fbed8851	57190488065	Valente D.	Daria	Valente	Daria Valente	1	SH4	1	SH	1	101041885	autori_scopus_preferred-name_erc.tsv	2026-09-29 17:23:46.844000	59274086600	0	SH4	82	109	67417	0	0.0
6abbf4222297e265fbed8851	57190488065	Valente D.	Daria	Valente	Daria Valente	1	SH4	1	SH	1	101041885	autori_scopus_preferred-name_erc.tsv	2026-09-29 17:23:46.844000	57190488065	1	SH4	82	1528	67417	1280	83.7696335078534
6abbf4222297e265fbed85a2	59302925800	Paduano A.	Angelo	Paduano	Angelo Paduano	1	PE8	1	PE	1	101075903	autori_scopus_preferred-name_erc.tsv	2026-09-29 17:23:46.298000	59302925800	1	PE8	200	0	157556	0	0
6abbf4222297e265fbed85a2	59302925800	Paduano A.	Angelo	Paduano	Angelo Paduano	1	PE8	1	PE	1	101075903	autori_scopus_preferred-name_erc.tsv	2026-09-29 17:23:46.298000	7003751883	0	PE8	200	3322	157556	211	6.351595424443107
6abbf4232297e265fbed8bbd	7003751883	Paduano L.	Luigi	Paduano	Luigi Paduano	1	PE5	1	PE	1	101039841	autori_scopus_preferred-name_erc.tsv	2026-09-29 17:23:47.494000	59302925800	0	PE5	116	0	74299	0	0
6abbf4232297e265fbed8bbd	7003751883	Paduano L.	Luigi	Paduano	Luigi Paduano	1	PE5	1	PE	1	101039841	autori_scopus_preferred-name_erc.tsv	2026-09-29 17:23:47.494000	7003751883	1	PE5	116	3322	74299	1708	51.414810355207706
6abbf4222297e265fbed85be	7003853565	Treu T.	Tommaso L.	Treu	Tommaso Treu	1	PE9	1	PE	1	101053208	autori_scopus_preferred-name_erc.tsv	2026-09-29 17:23:46.324000	7003853565	1	PE9	519	4682	208283	4073	86.99273814609141
6abbf4222297e265fbed85be	7003853565	Treu T.	Tommaso L.	Treu	Tommaso Treu	1	PE9	1	PE	1	101053208	autori_scopus_preferred-name_erc.tsv	2026-09-29 17:23:46.324000	25923619600	0	PE9	519	4147	208283	34	0.8198697853870267
6abbf4222297e265fbed8682	25923619600	Treu L.	Laura	Treu	Laura Treu	1	PE8	1	PE	1	101098064	autori_scopus_preferred-name_erc.tsv	2026-09-29 17:23:46.501000	7003853565	0	PE8	200	4682	157556	21	0.448526270824434
6abbf4222297e265fbed8682	25923619600	Treu L.	Laura	Treu	Laura Treu	1	PE8	1	PE	1	101098064	autori_scopus_preferred-name_erc.tsv	2026-09-29 17:23:46.501000	25923619600	1	PE8	200	4147	157556	3934	94.86375693272245
6abbf4222297e265fbed85c2	7004450805	Sala E.	Evis	Sala	Evis Sala	1	LS7	1	LS	1	101077710	autori_scopus_preferred-name_erc.tsv	2026-09-29 17:23:46.328000	7004450805	1	LS7	98	2828	119327	835	29.526166902404526
6abbf4222297e265fbed85c2	7004450805	Sala E.	Evis	Sala	Evis Sala	1	LS7	1	LS	1	101077710	autori_scopus_preferred-name_erc.tsv	2026-09-29 17:23:46.328000	55907556200	0	LS7	98	927	119327	1	0.10787486515641855
6abbf4222297e265fbed8798	55907556200	Sala B.	Benedetto	Sala	Benedetto Sala	1	SH6	1	SH	1	101052653	autori_scopus_preferred-name_erc.tsv	2026-09-29 17:23:46.707000	7004450805	0	SH6	49	2828	38048	10	0.3536067892503536
6abbf4222297e265fbed8798	55907556200	Sala B.	Benedetto	Sala	Benedetto Sala	1	SH6	1	SH	1	101052653	autori_scopus_preferred-name_erc.tsv	2026-09-29 17:23:46.707000	55907556200	1	SH6	49	927	38048	713	76.91477885652644
6abbf4222297e265fbed85ca	7005924048	De Angelis A.	Alessandro D.	De Angelis	A. De Angelis	1	PE9	1	PE	1	101076343	autori_scopus_preferred-name_erc.tsv	2026-09-29 17:23:46.335000	7005924048	1	PE9	519	6411	208283	6187	96.50600530338481
6abbf4222297e265fbed85ca	7005924048	De Angelis A.	Alessandro D.	De Angelis	A. De Angelis	1	PE9	1	PE	1	101076343	autori_scopus_preferred-name_erc.tsv	2026-09-29 17:23:46.335000	35572110200	0	PE9	519	2666	208283	54	2.0255063765941483
6abbf4222297e265fbed85ca	7005924048	De Angelis A.	Alessandro D.	De Angelis	A. De Angelis	1	PE9	1	PE	1	101076343	autori_scopus_preferred-name_erc.tsv	2026-09-29 17:23:46.335000	57201851771	0	PE9	519	877	208283	18	2.0524515393386547
6abbf4222297e265fbed86c8	35572110200	De Angelis C.	Costantino	De Angelis	Costantino De Angelis	1	PE7	1	PE	1	101044797	autori_scopus_preferred-name_erc.tsv	2026-09-29 17:23:46.564000	7005924048	0	PE7	123	6411	61474	24	0.37435657463734207
6abbf4222297e265fbed86c8	35572110200	De Angelis C.	Costantino	De Angelis	Costantino De Angelis	1	PE7	1	PE	1	101044797	autori_scopus_preferred-name_erc.tsv	2026-09-29 17:23:46.564000	35572110200	1	PE7	123	2666	61474	2089	78.35708927231808
6abbf4222297e265fbed86c8	35572110200	De Angelis C.	Costantino	De Angelis	Costantino De Angelis	1	PE7	1	PE	1	101044797	autori_scopus_preferred-name_erc.tsv	2026-09-29 17:23:46.564000	57201851771	0	PE7	123	877	61474	106	12.086659064994299
6abbf4222297e265fbed88d5	57201851771	De Angelis D.	Dario	De Angelis	Dario De Angelis	1	PE4	1	PE	1	101095012	autori_scopus_preferred-name_erc.tsv	2026-09-29 17:23:46.932000	7005924048	0	PE4	118	6411	83848	28	0.4367493370768991
6abbf4222297e265fbed88d5	57201851771	De Angelis D.	Dario	De Angelis	Dario De Angelis	1	PE4	1	PE	1	101095012	autori_scopus_preferred-name_erc.tsv	2026-09-29 17:23:46.932000	35572110200	0	PE4	118	2666	83848	1283	48.1245311327832
6abbf4222297e265fbed88d5	57201851771	De Angelis D.	Dario	De Angelis	Dario De Angelis	1	PE4	1	PE	1	101095012	autori_scopus_preferred-name_erc.tsv	2026-09-29 17:23:46.932000	57201851771	1	PE4	118	877	83848	669	76.28278221208666
6abbf4222297e265fbed85d9	7401962189	Schneider C.	Claus Michael	Schneider	Claus Michael Schneider	1	SYG-PE	1	PE	1	101071259	autori_scopus_preferred-name_erc.tsv	2026-09-29 17:23:46.349000	7401962189	1	SYG-PE	78	1008	62561	829	82.2420634920635
6abbf4222297e265fbed85d9	7401962189	Schneider C.	Claus Michael	Schneider	Claus Michael Schneider	1	SYG-PE	1	PE	1	101071259	autori_scopus_preferred-name_erc.tsv	2026-09-29 17:23:46.349000	56188182400	0	SYG-PE	78	6269	62561	3049	48.636146115807946
6abbf4222297e265fbed87c1	56188182400	Schneider R.	Raffaella	Schneider	R Schneider	1	PE9	1	PE	1	101088676	autori_scopus_preferred-name_erc.tsv	2026-09-29 17:23:46.736000	7401962189	0	PE9	519	1008	208283	17	1.6865079365079365
6abbf4222297e265fbed87c1	56188182400	Schneider R.	Raffaella	Schneider	R Schneider	1	PE9	1	PE	1	101088676	autori_scopus_preferred-name_erc.tsv	2026-09-29 17:23:46.736000	56188182400	1	PE9	519	6269	208283	6007	95.82070505662786
6abbf4222297e265fbed85db	8212471500	Cassano R.	R.	Cassano	R. Cassano	1	PE9	1	PE	1	101086378	autori_scopus_preferred-name_erc.tsv	2026-09-29 17:23:46.352000	8212471500	1	PE9	519	2187	208283	2165	98.99405578417924
6abbf4222297e265fbed85db	8212471500	Cassano R.	R.	Cassano	R. Cassano	1	PE9	1	PE	1	101086378	autori_scopus_preferred-name_erc.tsv	2026-09-29 17:23:46.352000	59349928300	0	PE9	519	0	208283	0	0
6abbf4232297e265fbed8af6	59349928300	Cassano B.	Blanca	Cassano	Blanca Cassano	1	PE8	1	PE	1	101040383	autori_scopus_preferred-name_erc.tsv	2026-09-29 17:23:47.321000	8212471500	0	PE8	200	2187	157556	11	0.5029721079103796
6abbf4232297e265fbed8af6	59349928300	Cassano B.	Blanca	Cassano	Blanca Cassano	1	PE8	1	PE	1	101040383	autori_scopus_preferred-name_erc.tsv	2026-09-29 17:23:47.321000	59349928300	1	PE8	200	0	157556	0	0
6abbf4222297e265fbed85dc	8387869900	Vitiello M.	Miriam Serena	Vitiello	Miriam S Vitiello	1	PE7	1	PE	1	101081567	autori_scopus_preferred-name_erc.tsv	2026-09-29 17:23:46.353000	8387869900	1	PE7	123	2694	61474	2386	88.56718634001484
6abbf4222297e265fbed85dc	8387869900	Vitiello M.	Miriam Serena	Vitiello	Miriam S Vitiello	1	PE7	1	PE	1	101081567	autori_scopus_preferred-name_erc.tsv	2026-09-29 17:23:46.353000	7005142905	0	PE7	123	691	61474	6	0.8683068017366137
6abbf4232297e265fbed8bfc	7005142905	Vitiello M.	Mariateresa	Vitiello	Mariateresa Vitiello	1	PE5	1	PE	1	101039841	autori_scopus_preferred-name_erc.tsv	2026-09-29 17:23:47.549000	8387869900	0	PE5	116	2694	74299	55	2.0415738678544915
6abbf4232297e265fbed8bfc	7005142905	Vitiello M.	Mariateresa	Vitiello	Mariateresa Vitiello	1	PE5	1	PE	1	101039841	autori_scopus_preferred-name_erc.tsv	2026-09-29 17:23:47.549000	7005142905	1	PE5	116	691	74299	278	40.2315484804631
6abbf4222297e265fbed862a	16300846100	Conti I.	Irene	Conti	Irene Conti	1	PE4	1	PE	1	101043272	autori_scopus_preferred-name_erc.tsv	2026-09-29 17:23:46.423000	16300846100	1	PE4	118	1917	83848	1917	100.0
6abbf4222297e265fbed862a	16300846100	Conti I.	Irene	Conti	Irene Conti	1	PE4	1	PE	1	101043272	autori_scopus_preferred-name_erc.tsv	2026-09-29 17:23:46.423000	8583299000	0	PE4	118	299	83848	1	0.33444816053511706
6abbf4232297e265fbed8c6a	8583299000	Conti P.	Pierangelo	Conti	Pierangelo Conti	1	LS7	1	LS	1	101088370	autori_scopus_preferred-name_erc.tsv	2026-09-29 17:23:47.627000	16300846100	0	LS7	98	1917	119327	12	0.6259780907668232
6abbf4232297e265fbed8c6a	8583299000	Conti P.	Pierangelo	Conti	Pierangelo Conti	1	LS7	1	LS	1	101088370	autori_scopus_preferred-name_erc.tsv	2026-09-29 17:23:47.627000	8583299000	1	LS7	98	299	119327	0	0.0
6abbf4222297e265fbed8630	16642191800	Botta P.	Paolo	Botta	Paolo Botta	1	LS5	1	LS	1	101055340	autori_scopus_preferred-name_erc.tsv	2026-09-29 17:23:46.428000	16642191800	1	LS5	31	100	23227	100	100.0
6abbf4222297e265fbed8630	16642191800	Botta P.	Paolo	Botta	Paolo Botta	1	LS5	1	LS	1	101055340	autori_scopus_preferred-name_erc.tsv	2026-09-29 17:23:46.428000	24723441600	0	LS5	31	2774	23227	19	0.684931506849315
6abbf4222297e265fbed866b	24723441600	Botta L.	Lorenzo	Botta	Lorenzo Botta	1	LS9	1	LS	1	101054658	autori_scopus_preferred-name_erc.tsv	2026-09-29 17:23:46.480000	16642191800	0	LS9	22	100	22960	0	0.0
6abbf4222297e265fbed866b	24723441600	Botta L.	Lorenzo	Botta	Lorenzo Botta	1	LS9	1	LS	1	101054658	autori_scopus_preferred-name_erc.tsv	2026-09-29 17:23:46.480000	24723441600	1	LS9	22	2774	22960	1849	66.65465032444125
6abbf4222297e265fbed8637	19638894400	Marino G.	Gianluca	Marino	Gianluca Marino	1	SH6	1	SH	1	101052653	autori_scopus_preferred-name_erc.tsv	2026-09-29 17:23:46.434000	19638894400	1	SH6	49	301	38048	77	25.581395348837212
6abbf4222297e265fbed8637	19638894400	Marino G.	Gianluca	Marino	Gianluca Marino	1	SH6	1	SH	1	101052653	autori_scopus_preferred-name_erc.tsv	2026-09-29 17:23:46.434000	55980341800	0	SH6	49	3481	38048	4	0.11490950876185005
6abbf4222297e265fbed8637	19638894400	Marino G.	Gianluca	Marino	Gianluca Marino	1	SH6	1	SH	1	101052653	autori_scopus_preferred-name_erc.tsv	2026-09-29 17:23:46.434000	7202998420	0	SH6	49	535	38048	4	0.7476635514018692
6abbf4222297e265fbed87a3	55980341800	Marino A.	Attilio	Marino	Attilio Marino	1	PE8	1	PE	1	101146025	autori_scopus_preferred-name_erc.tsv	2026-09-29 17:23:46.712000	19638894400	0	PE8	200	301	157556	1	0.33222591362126247
6abbf4222297e265fbed87a3	55980341800	Marino A.	Attilio	Marino	Attilio Marino	1	PE8	1	PE	1	101146025	autori_scopus_preferred-name_erc.tsv	2026-09-29 17:23:46.712000	55980341800	1	PE8	200	3481	157556	3354	96.35162309681125
6abbf4222297e265fbed87a3	55980341800	Marino A.	Attilio	Marino	Attilio Marino	1	PE8	1	PE	1	101146025	autori_scopus_preferred-name_erc.tsv	2026-09-29 17:23:46.712000	7202998420	0	PE8	200	535	157556	5	0.9345794392523363
6abbf4232297e265fbed8c46	7202998420	Marino G.	Giuseppe	Marino	G. Marino	1	PE9	1	PE	1	101052347	autori_scopus_preferred-name_erc.tsv	2026-09-29 17:23:47.612000	19638894400	0	PE9	519	301	208283	15	4.983388704318937
6abbf4232297e265fbed8c46	7202998420	Marino G.	Giuseppe	Marino	G. Marino	1	PE9	1	PE	1	101052347	autori_scopus_preferred-name_erc.tsv	2026-09-29 17:23:47.612000	55980341800	0	PE9	519	3481	208283	6	0.17236426314277506
6abbf4232297e265fbed8c46	7202998420	Marino G.	Giuseppe	Marino	G. Marino	1	PE9	1	PE	1	101052347	autori_scopus_preferred-name_erc.tsv	2026-09-29 17:23:47.612000	7202998420	1	PE9	519	535	208283	535	100.0
6abbf4222297e265fbed863e	22951956900	Rusconi R.	Roberto	Rusconi	Roberto Rusconi	1	LS8	1	LS	1	101045015	autori_scopus_preferred-name_erc.tsv	2026-09-29 17:23:46.440000	22951956900	1	LS8	85	1133	68215	143	12.62135922330097
6abbf4222297e265fbed863e	22951956900	Rusconi R.	Roberto	Rusconi	Roberto Rusconi	1	LS8	1	LS	1	101045015	autori_scopus_preferred-name_erc.tsv	2026-09-29 17:23:46.440000	57966564200	0	LS8	85	44	68215	0	0.0
6abbf4232297e265fbed8a55	57966564200	Rusconi M.	Martina	Rusconi	Martina Rusconi	1	PE8	1	PE	1	101089265	autori_scopus_preferred-name_erc.tsv	2026-09-29 17:23:47.196000	22951956900	0	PE8	200	1133	157556	97	8.561341571050308
6abbf4232297e265fbed8a55	57966564200	Rusconi M.	Martina	Rusconi	Martina Rusconi	1	PE8	1	PE	1	101089265	autori_scopus_preferred-name_erc.tsv	2026-09-29 17:23:47.196000	57966564200	1	PE8	200	44	157556	12	27.27272727272727
6abbf4222297e265fbed8653	23767226900	Luongo L.	Livio	Luongo	Livio Luongo	1	LS4	1	LS	1	101045285	autori_scopus_preferred-name_erc.tsv	2026-09-29 17:23:46.459000	23767226900	1	LS4	61	3910	61867	196	5.012787723785166
6abbf4222297e265fbed8653	23767226900	Luongo L.	Livio	Luongo	Livio Luongo	1	LS4	1	LS	1	101045285	autori_scopus_preferred-name_erc.tsv	2026-09-29 17:23:46.459000	57296133700	0	LS4	61	109	61867	0	0.0
6abbf4232297e265fbed8a0b	57296133700	Luongo E.	Eliseo	Luongo	Eliseo Luongo	1	PE1	1	PE	1	101053472	autori_scopus_preferred-name_erc.tsv	2026-09-29 17:23:47.143000	23767226900	0	PE1	23	3910	6960	1	0.025575447570332477
6abbf4232297e265fbed8a0b	57296133700	Luongo E.	Eliseo	Luongo	Eliseo Luongo	1	PE1	1	PE	1	101053472	autori_scopus_preferred-name_erc.tsv	2026-09-29 17:23:47.143000	57296133700	1	PE1	23	109	6960	60	55.04587155963303
6abbf4222297e265fbed867a	25635583100	Botti L.	Lorenzo Alessio	Botti	Lorenzo Botti	1	LS7	1	LS	1	101088370	autori_scopus_preferred-name_erc.tsv	2026-09-29 17:23:46.494000	25635583100	1	LS7	98	686	119327	0	0.0
6abbf4222297e265fbed867a	25635583100	Botti L.	Lorenzo Alessio	Botti	Lorenzo Botti	1	LS7	1	LS	1	101088370	autori_scopus_preferred-name_erc.tsv	2026-09-29 17:23:46.494000	57190044602	0	LS7	98	383	119327	0	0.0
6abbf4222297e265fbed867a	25635583100	Botti L.	Lorenzo Alessio	Botti	Lorenzo Botti	1	LS7	1	LS	1	101088370	autori_scopus_preferred-name_erc.tsv	2026-09-29 17:23:46.494000	57209618946	0	LS7	98	247	119327	1	0.4048582995951417
6abbf4222297e265fbed8848	57190044602	Botti M.	Michele	Botti	Michele Botti	1	SYG-PE	1	PE	1	101115663	autori_scopus_preferred-name_erc.tsv	2026-09-29 17:23:46.836000	25635583100	0	SYG-PE	78	686	62561	281	40.96209912536443
6abbf4222297e265fbed8848	57190044602	Botti M.	Michele	Botti	Michele Botti	1	SYG-PE	1	PE	1	101115663	autori_scopus_preferred-name_erc.tsv	2026-09-29 17:23:46.836000	57190044602	1	SYG-PE	78	383	62561	373	97.38903394255874
6abbf4222297e265fbed8848	57190044602	Botti M.	Michele	Botti	Michele Botti	1	SYG-PE	1	PE	1	101115663	autori_scopus_preferred-name_erc.tsv	2026-09-29 17:23:46.836000	57209618946	0	SYG-PE	78	247	62561	7	2.834008097165992
6abbf4232297e265fbed893b	57209618946	Botti G.	Giacomo	Botti	Giacomo Botti	1	PE4	1	PE	1	101081361	autori_scopus_preferred-name_erc.tsv	2026-09-29 17:23:47.008000	25635583100	0	PE4	118	686	83848	2	0.2915451895043732
6abbf4232297e265fbed893b	57209618946	Botti G.	Giacomo	Botti	Giacomo Botti	1	PE4	1	PE	1	101081361	autori_scopus_preferred-name_erc.tsv	2026-09-29 17:23:47.008000	57190044602	0	PE4	118	383	83848	1	0.26109660574412535
6abbf4232297e265fbed893b	57209618946	Botti G.	Giacomo	Botti	Giacomo Botti	1	PE4	1	PE	1	101081361	autori_scopus_preferred-name_erc.tsv	2026-09-29 17:23:47.008000	57209618946	1	PE4	118	247	83848	247	100.0
6abbf4222297e265fbed867f	25821783000	Castelli I.	Ivano Eligio	Castelli	Ivano E. Castelli	1	PE8	1	PE	1	101041255	autori_scopus_preferred-name_erc.tsv	2026-09-29 17:23:46.498000	25821783000	1	PE8	200	573	157556	157	27.399650959860384
6abbf4222297e265fbed867f	25821783000	Castelli I.	Ivano Eligio	Castelli	Ivano E. Castelli	1	PE8	1	PE	1	101041255	autori_scopus_preferred-name_erc.tsv	2026-09-29 17:23:46.498000	58890441500	0	PE8	200	639	157556	50	7.82472613458529
6abbf4232297e265fbed8ab5	58890441500	Castelli M.	Matteo	Castelli	Matteo Castelli	1	PE4	1	PE	2	101112805 - 101088032	autori_scopus_preferred-name_erc.tsv	2026-09-29 17:23:47.268000	25821783000	0	PE4	118	573	83848	88	15.357766143106458
6abbf4232297e265fbed8ab5	58890441500	Castelli M.	Matteo	Castelli	Matteo Castelli	1	PE4	1	PE	2	101112805 - 101088032	autori_scopus_preferred-name_erc.tsv	2026-09-29 17:23:47.268000	58890441500	1	PE4	118	639	83848	639	100.0
6abbf4222297e265fbed86a0	35188911400	Greco S.	Simona	Greco	Simona Greco	1	LS7	1	LS	1	101054460	autori_scopus_preferred-name_erc.tsv	2026-09-29 17:23:46.527000	35188911400	1	LS7	98	1667	119327	1667	100.0
6abbf4222297e265fbed86a0	35188911400	Greco S.	Simona	Greco	Simona Greco	1	LS7	1	LS	1	101054460	autori_scopus_preferred-name_erc.tsv	2026-09-29 17:23:46.527000	57207823228	0	LS7	98	1619	119327	17	1.0500308832612724
6abbf4222297e265fbed8922	57207823228	Greco G.	Gabriele	Greco	Gabriele Greco	1	PE8	1	PE	1	101086644	autori_scopus_preferred-name_erc.tsv	2026-09-29 17:23:46.997000	35188911400	0	PE8	200	1667	157556	137	8.218356328734252
6abbf4222297e265fbed8922	57207823228	Greco G.	Gabriele	Greco	Gabriele Greco	1	PE8	1	PE	1	101086644	autori_scopus_preferred-name_erc.tsv	2026-09-29 17:23:46.997000	57207823228	1	PE8	200	1619	157556	425	26.25077208153181
6abbf4222297e265fbed86a6	35226936400	Albert J.	Justin E.	Albert	J. Albert	1	PE2	1	PE	1	101089007	autori_scopus_preferred-name_erc.tsv	2026-09-29 17:23:46.533000	35226936400	1	PE2	198	14522	90740	14522	100.0
6abbf4222297e265fbed86a6	35226936400	Albert J.	Justin E.	Albert	J. Albert	1	PE2	1	PE	1	101089007	autori_scopus_preferred-name_erc.tsv	2026-09-29 17:23:46.533000	56382023100	0	PE2	198	3692	90740	1246	33.7486457204767
6abbf4222297e265fbed87db	56382023100	Albert A.	Andrea M.	Albert	A. Albert	1	PE9	1	PE	1	101076343	autori_scopus_preferred-name_erc.tsv	2026-09-29 17:23:46.756000	35226936400	0	PE9	519	14522	208283	911	6.273240600468255
6abbf4222297e265fbed87db	56382023100	Albert A.	Andrea M.	Albert	A. Albert	1	PE9	1	PE	1	101076343	autori_scopus_preferred-name_erc.tsv	2026-09-29 17:23:46.756000	56382023100	1	PE9	519	3692	208283	3692	100.0
6abbf4222297e265fbed86c7	35565483100	Mariani P.	Pierpaolo	Mariani	Pier Paolo Mariani	1	PE7	1	PE	1	101118089	autori_scopus_preferred-name_erc.tsv	2026-09-29 17:23:46.563000	35565483100	1	PE7	123	226	61474	58	25.663716814159294
6abbf4222297e265fbed86c7	35565483100	Mariani P.	Pierpaolo	Mariani	Pier Paolo Mariani	1	PE7	1	PE	1	101118089	autori_scopus_preferred-name_erc.tsv	2026-09-29 17:23:46.563000	58067948000	0	PE7	123	47	61474	0	0.0
6abbf4232297e265fbed8a5f	58067948000	Mariani F.	Francesca	Mariani	Francesca Mariani	1	PE2	1	PE	1	101040024	autori_scopus_preferred-name_erc.tsv	2026-09-29 17:23:47.201000	35565483100	0	PE2	198	226	90740	0	0.0
6abbf4232297e265fbed8a5f	58067948000	Mariani F.	Francesca	Mariani	Francesca Mariani	1	PE2	1	PE	1	101040024	autori_scopus_preferred-name_erc.tsv	2026-09-29 17:23:47.201000	58067948000	1	PE2	198	47	90740	47	100.0
6abbf4222297e265fbed86cc	35745690800	Crippa A.	Alessandro	Crippa	Alessandro Crippa	1	SH4	1	SH	1	101087263	autori_scopus_preferred-name_erc.tsv	2026-09-29 17:23:46.567000	35745690800	1	SH4	82	1158	67417	968	83.59240069084629
6abbf4222297e265fbed86cc	35745690800	Crippa A.	Alessandro	Crippa	Alessandro Crippa	1	SH4	1	SH	1	101087263	autori_scopus_preferred-name_erc.tsv	2026-09-29 17:23:46.567000	57219561802	0	SH4	82	361	67417	7	1.9390581717451523
6abbf4232297e265fbed89a7	57219561802	Crippa M.	Martina	Crippa	Martina Crippa	1	PE4	1	PE	1	101053661	autori_scopus_preferred-name_erc.tsv	2026-09-29 17:23:47.085000	35745690800	0	PE4	118	1158	83848	4	0.3454231433506045
6abbf4232297e265fbed89a7	57219561802	Crippa M.	Martina	Crippa	Martina Crippa	1	PE4	1	PE	1	101053661	autori_scopus_preferred-name_erc.tsv	2026-09-29 17:23:47.085000	57219561802	1	PE4	118	361	83848	281	77.8393351800554
6abbf4222297e265fbed86d6	36010058800	Passerini L.	Laura	Passerini	Laura Passerini	1	LS7	1	LS	1	101044032	autori_scopus_preferred-name_erc.tsv	2026-09-29 17:23:46.576000	36010058800	1	LS7	98	817	119327	617	75.5201958384333
6abbf4222297e265fbed86d6	36010058800	Passerini L.	Laura	Passerini	Laura Passerini	1	LS7	1	LS	1	101044032	autori_scopus_preferred-name_erc.tsv	2026-09-29 17:23:46.576000	7006983227	0	LS7	98	2135	119327	63	2.9508196721311477
6abbf4232297e265fbed8c23	7006983227	Passerini A.	Andrea	Passerini	Andrea Passerini	1	LS8	1	LS	1	101045015	autori_scopus_preferred-name_erc.tsv	2026-09-29 17:23:47.583000	36010058800	0	LS8	85	817	68215	67	8.200734394124847
6abbf4232297e265fbed8c23	7006983227	Passerini A.	Andrea	Passerini	Andrea Passerini	1	LS8	1	LS	1	101045015	autori_scopus_preferred-name_erc.tsv	2026-09-29 17:23:47.583000	7006983227	1	LS8	85	2135	68215	40	1.873536299765808
6abbf4222297e265fbed8700	36943101100	Villa A.	Anna	Villa	Anna Villa	1	LS7	1	LS	1	101044032	autori_scopus_preferred-name_erc.tsv	2026-09-29 17:23:46.609000	36943101100	1	LS7	98	4008	119327	618	15.419161676646706
6abbf4222297e265fbed8700	36943101100	Villa A.	Anna	Villa	Anna Villa	1	LS7	1	LS	1	101044032	autori_scopus_preferred-name_erc.tsv	2026-09-29 17:23:46.609000	7004574612	0	LS7	98	26	119327	0	0.0
6abbf4232297e265fbed8bee	7004574612	Villa C.	Corrado	Villa	C. Villa	1	PE7	1	PE	1	101054098	autori_scopus_preferred-name_erc.tsv	2026-09-29 17:23:47.536000	36943101100	0	PE7	123	4008	61474	4	0.09980039920159679
6abbf4232297e265fbed8bee	7004574612	Villa C.	Corrado	Villa	C. Villa	1	PE7	1	PE	1	101054098	autori_scopus_preferred-name_erc.tsv	2026-09-29 17:23:47.536000	7004574612	1	PE7	123	26	61474	24	92.3076923076923
6abbf4222297e265fbed8709	37080145300	Castiglioni E.	Elisabetta	Castiglioni	Elisabetta Castiglioni	1	SH6	1	SH	1	101054883	autori_scopus_preferred-name_erc.tsv	2026-09-29 17:23:46.613000	37080145300	1	SH6	49	633	38048	393	62.08530805687204
6abbf4222297e265fbed8709	37080145300	Castiglioni E.	Elisabetta	Castiglioni	Elisabetta Castiglioni	1	SH6	1	SH	1	101054883	autori_scopus_preferred-name_erc.tsv	2026-09-29 17:23:46.613000	59281425400	0	SH6	49	0	38048	0	0
6abbf4232297e265fbed8ae6	59281425400	Castiglioni I.	Ilaria	Castiglioni	Ilaria Castiglioni	1	LS2	1	LS	1	101088408	autori_scopus_preferred-name_erc.tsv	2026-09-29 17:23:47.306000	37080145300	0	LS2	6	633	3908	0	0.0
6abbf4232297e265fbed8ae6	59281425400	Castiglioni I.	Ilaria	Castiglioni	Ilaria Castiglioni	1	LS2	1	LS	1	101088408	autori_scopus_preferred-name_erc.tsv	2026-09-29 17:23:47.306000	59281425400	1	LS2	6	0	3908	0	0
6abbf4222297e265fbed870b	37116505500	Bertero A.	Alessandro	Bertero	Alessandro Bertero	1	LS1	1	LS	1	101076026	autori_scopus_preferred-name_erc.tsv	2026-09-29 17:23:46.615000	37116505500	1	LS1	23	515	22569	13	2.524271844660194
6abbf4222297e265fbed870b	37116505500	Bertero A.	Alessandro	Bertero	Alessandro Bertero	1	LS1	1	LS	1	101076026	autori_scopus_preferred-name_erc.tsv	2026-09-29 17:23:46.615000	57189520921	0	LS1	23	2054	22569	34	1.6553067185978578
6abbf4222297e265fbed8843	57189520921	Bertero E.	Edoardo	Bertero	Edoardo Bertero	1	LS7	1	LS	1	101054460	autori_scopus_preferred-name_erc.tsv	2026-09-29 17:23:46.832000	37116505500	0	LS7	98	515	119327	95	18.446601941747574
6abbf4222297e265fbed8843	57189520921	Bertero E.	Edoardo	Bertero	Edoardo Bertero	1	LS7	1	LS	1	101054460	autori_scopus_preferred-name_erc.tsv	2026-09-29 17:23:46.832000	57189520921	1	LS7	98	2054	119327	741	36.075949367088604
6abbf4222297e265fbed870c	38162613300	Scharff S.	Sebastian	Scharff	Sebastian Scharff	1	SH6	1	SH	1	101043954	autori_scopus_preferred-name_erc.tsv	2026-09-29 17:23:46.615000	38162613300	1	SH6	49	133	38048	15	11.278195488721805
6abbf4222297e265fbed870c	38162613300	Scharff S.	Sebastian	Scharff	Sebastian Scharff	1	SH6	1	SH	1	101043954	autori_scopus_preferred-name_erc.tsv	2026-09-29 17:23:46.615000	57195200228	0	SH6	49	172	38048	0	0.0
6abbf4222297e265fbed8895	57195200228	Scharff R.	Rob B.N.	Scharff	Rob Bernardus Nicolaas Scharff	1	PE8	1	PE	1	101039198	autori_scopus_preferred-name_erc.tsv	2026-09-29 17:23:46.884000	38162613300	0	PE8	200	133	157556	0	0.0
6abbf4222297e265fbed8895	57195200228	Scharff R.	Rob B.N.	Scharff	Rob Bernardus Nicolaas Scharff	1	PE8	1	PE	1	101039198	autori_scopus_preferred-name_erc.tsv	2026-09-29 17:23:46.884000	57195200228	1	PE8	200	172	157556	55	31.976744186046513
6abbf4222297e265fbed8713	43761202200	Grassi E.	Elisa Stellaria	Grassi	Elisa Stellaria Grassi	1	LS1	1	LS	1	101041298	autori_scopus_preferred-name_erc.tsv	2026-09-29 17:23:46.618000	43761202200	1	LS1	23	920	22569	794	86.30434782608695
6abbf4222297e265fbed8713	43761202200	Grassi E.	Elisa Stellaria	Grassi	Elisa Stellaria Grassi	1	LS1	1	LS	1	101041298	autori_scopus_preferred-name_erc.tsv	2026-09-29 17:23:46.618000	58418445400	0	LS1	23	28	22569	3	10.714285714285714
6abbf4222297e265fbed8713	43761202200	Grassi E.	Elisa Stellaria	Grassi	Elisa Stellaria Grassi	1	LS1	1	LS	1	101041298	autori_scopus_preferred-name_erc.tsv	2026-09-29 17:23:46.618000	7101807658	0	LS1	23	5841	22569	70	1.1984249272384866
6abbf4232297e265fbed8a7c	58418445400	Grassi F.	Federica	Grassi	Federica Grassi	1	PE5	1	PE	1	101040025	autori_scopus_preferred-name_erc.tsv	2026-09-29 17:23:47.219000	43761202200	0	PE5	116	920	74299	14	1.5217391304347827
6abbf4232297e265fbed8a7c	58418445400	Grassi F.	Federica	Grassi	Federica Grassi	1	PE5	1	PE	1	101040025	autori_scopus_preferred-name_erc.tsv	2026-09-29 17:23:47.219000	58418445400	1	PE5	116	28	74299	28	100.0
6abbf4232297e265fbed8a7c	58418445400	Grassi F.	Federica	Grassi	Federica Grassi	1	PE5	1	PE	1	101040025	autori_scopus_preferred-name_erc.tsv	2026-09-29 17:23:47.219000	7101807658	0	PE5	116	5841	74299	76	1.3011470638589282
6abbf4232297e265fbed8c2b	7101807658	Grassi C.	Claudio	Grassi	Claudio Grassi	1	LS5	1	LS	1	101078163	autori_scopus_preferred-name_erc.tsv	2026-09-29 17:23:47.590000	43761202200	0	LS5	31	920	23227	8	0.8695652173913043
6abbf4232297e265fbed8c2b	7101807658	Grassi C.	Claudio	Grassi	Claudio Grassi	1	LS5	1	LS	1	101078163	autori_scopus_preferred-name_erc.tsv	2026-09-29 17:23:47.590000	58418445400	0	LS5	31	28	23227	0	0.0
6abbf4232297e265fbed8c2b	7101807658	Grassi C.	Claudio	Grassi	Claudio Grassi	1	LS5	1	LS	1	101078163	autori_scopus_preferred-name_erc.tsv	2026-09-29 17:23:47.590000	7101807658	1	LS5	31	5841	23227	3457	59.185071049477834
6abbf4222297e265fbed8719	50261110100	Barbieri L.	Letizia	Barbieri	Letizia Barbieri	1	PE4	1	PE	2	101094131 - 101092725	autori_scopus_preferred-name_erc.tsv	2026-09-29 17:23:46.620000	50261110100	1	PE4	118	492	83848	492	100.0
6abbf4222297e265fbed8719	50261110100	Barbieri L.	Letizia	Barbieri	Letizia Barbieri	1	PE4	1	PE	2	101094131 - 101092725	autori_scopus_preferred-name_erc.tsv	2026-09-29 17:23:46.620000	58993960400	0	PE4	118	0	83848	0	0
6abbf4232297e265fbed8ac2	58993960400	Barbieri M.	Marianna	Barbieri	Marianna Barbieri	1	PE5	1	PE	1	101077698	autori_scopus_preferred-name_erc.tsv	2026-09-29 17:23:47.280000	50261110100	0	PE5	116	492	74299	114	23.170731707317074
6abbf4232297e265fbed8ac2	58993960400	Barbieri M.	Marianna	Barbieri	Marianna Barbieri	1	PE5	1	PE	1	101077698	autori_scopus_preferred-name_erc.tsv	2026-09-29 17:23:47.280000	58993960400	1	PE5	116	0	74299	0	0
6abbf4222297e265fbed8728	54789225100	Saraceno C.	Claudia	Saraceno	Claudia Saraceno	1	LS7	1	LS	1	101053962	autori_scopus_preferred-name_erc.tsv	2026-09-29 17:23:46.629000	54789225100	1	LS7	98	808	119327	749	92.69801980198021
6abbf4222297e265fbed8728	54789225100	Saraceno C.	Claudia	Saraceno	Claudia Saraceno	1	LS7	1	LS	1	101053962	autori_scopus_preferred-name_erc.tsv	2026-09-29 17:23:46.629000	58567265800	0	LS7	98	77	119327	0	0.0
6abbf4232297e265fbed8a8b	58567265800	Saraceno P.	Piermarco	Saraceno	Piermarco Saraceno	1	LS9	1	LS	1	101053983	autori_scopus_preferred-name_erc.tsv	2026-09-29 17:23:47.232000	54789225100	0	LS9	22	808	22960	12	1.4851485148514851
6abbf4232297e265fbed8a8b	58567265800	Saraceno P.	Piermarco	Saraceno	Piermarco Saraceno	1	LS9	1	LS	1	101053983	autori_scopus_preferred-name_erc.tsv	2026-09-29 17:23:47.232000	58567265800	1	LS9	22	77	22960	77	100.0
6abbf4222297e265fbed8737	55077809800	Papini R.	Riccardo	Papini	R. Papini	1	PE9	1	PE	1	101052347	autori_scopus_preferred-name_erc.tsv	2026-09-29 17:23:46.643000	55077809800	1	PE9	519	886	208283	875	98.75846501128667
6abbf4222297e265fbed8737	55077809800	Papini R.	Riccardo	Papini	R. Papini	1	PE9	1	PE	1	101052347	autori_scopus_preferred-name_erc.tsv	2026-09-29 17:23:46.643000	57219761993	0	PE9	519	34	208283	2	5.88235294117647
6abbf4232297e265fbed89b6	57219761993	Papini A.	Andrea	Papini	Andrea Papini	1	PE1	1	PE	1	101053472	autori_scopus_preferred-name_erc.tsv	2026-09-29 17:23:47.095000	55077809800	0	PE1	23	886	6960	2	0.2257336343115124
6abbf4232297e265fbed89b6	57219761993	Papini A.	Andrea	Papini	Andrea Papini	1	PE1	1	PE	1	101053472	autori_scopus_preferred-name_erc.tsv	2026-09-29 17:23:47.095000	57219761993	1	PE1	23	34	6960	34	100.0
6abbf4222297e265fbed874a	55338295100	Stella M.	Martina	Stella	Martina Stella	1	PE4	1	PE	1	101043272	autori_scopus_preferred-name_erc.tsv	2026-09-29 17:23:46.660000	55338295100	1	PE4	118	364	83848	161	44.230769230769226
6abbf4222297e265fbed874a	55338295100	Stella M.	Martina	Stella	Martina Stella	1	PE4	1	PE	1	101043272	autori_scopus_preferred-name_erc.tsv	2026-09-29 17:23:46.660000	7101770170	0	PE4	118	2695	83848	13	0.48237476808905383
6abbf4232297e265fbed8c2a	7101770170	Stella L.	Luigi	Stella	Luigi Stella	1	PE9	1	PE	1	101076343	autori_scopus_preferred-name_erc.tsv	2026-09-29 17:23:47.589000	55338295100	0	PE9	519	364	208283	25	6.868131868131869
6abbf4232297e265fbed8c2a	7101770170	Stella L.	Luigi	Stella	Luigi Stella	1	PE9	1	PE	1	101076343	autori_scopus_preferred-name_erc.tsv	2026-09-29 17:23:47.589000	7101770170	1	PE9	519	2695	208283	2486	92.24489795918367
6abbf4222297e265fbed87a4	55984908600	Sartori B.	Barbara	Sartori	Barbara Sartori	1	PE11	1	PE	1	101041229	autori_scopus_preferred-name_erc.tsv	2026-09-29 17:23:46.713000	55984908600	1	PE11	52	567	40805	323	56.96649029982363
6abbf4222297e265fbed87a4	55984908600	Sartori B.	Barbara	Sartori	Barbara Sartori	1	PE11	1	PE	1	101041229	autori_scopus_preferred-name_erc.tsv	2026-09-29 17:23:46.713000	58717862900	0	PE11	52	39	40805	2	5.128205128205128
6abbf4222297e265fbed87a4	55984908600	Sartori B.	Barbara	Sartori	Barbara Sartori	1	PE11	1	PE	1	101041229	autori_scopus_preferred-name_erc.tsv	2026-09-29 17:23:46.713000	6603820829	0	PE11	52	1649	40805	0	0.0
6abbf4232297e265fbed8a9f	58717862900	Sartori P.	Paolo	Sartori	Paolo Sartori	1	PE8	1	PE	1	101069436	autori_scopus_preferred-name_erc.tsv	2026-09-29 17:23:47.248000	55984908600	0	PE8	200	567	157556	92	16.225749559082892
6abbf4232297e265fbed8a9f	58717862900	Sartori P.	Paolo	Sartori	Paolo Sartori	1	PE8	1	PE	1	101069436	autori_scopus_preferred-name_erc.tsv	2026-09-29 17:23:47.248000	58717862900	1	PE8	200	39	157556	6	15.384615384615385
6abbf4232297e265fbed8a9f	58717862900	Sartori P.	Paolo	Sartori	Paolo Sartori	1	PE8	1	PE	1	101069436	autori_scopus_preferred-name_erc.tsv	2026-09-29 17:23:47.248000	6603820829	0	PE8	200	1649	157556	11	0.667070952092177
6abbf4232297e265fbed8b7a	6603820829	Sartori I.	Ivana	Sartori	Ivana Sartori	1	SYG-LS	1	LS	1	101071900	autori_scopus_preferred-name_erc.tsv	2026-09-29 17:23:47.434000	55984908600	0	SYG-LS	47	567	43061	6	1.0582010582010581
6abbf4232297e265fbed8b7a	6603820829	Sartori I.	Ivana	Sartori	Ivana Sartori	1	SYG-LS	1	LS	1	101071900	autori_scopus_preferred-name_erc.tsv	2026-09-29 17:23:47.434000	58717862900	0	SYG-LS	47	39	43061	0	0.0
6abbf4232297e265fbed8b7a	6603820829	Sartori I.	Ivana	Sartori	Ivana Sartori	1	SYG-LS	1	LS	1	101071900	autori_scopus_preferred-name_erc.tsv	2026-09-29 17:23:47.434000	6603820829	1	SYG-LS	47	1649	43061	1178	71.43723468768951
6abbf4222297e265fbed87bf	56181497000	Capelli R.	Riccardo	Capelli	Riccardo Capelli	1	PE4	1	PE	1	101053661	autori_scopus_preferred-name_erc.tsv	2026-09-29 17:23:46.734000	56181497000	1	PE4	118	1757	83848	1215	69.15196357427433
6abbf4222297e265fbed87bf	56181497000	Capelli R.	Riccardo	Capelli	Riccardo Capelli	1	PE4	1	PE	1	101053661	autori_scopus_preferred-name_erc.tsv	2026-09-29 17:23:46.734000	7004511670	0	PE4	118	582	83848	76	13.058419243986256
6abbf4232297e265fbed8bea	7004511670	Capelli R.	Raffaella	Capelli	Raffaella Capelli	1	PE7	1	PE	1	101055379	autori_scopus_preferred-name_erc.tsv	2026-09-29 17:23:47.532000	56181497000	0	PE7	123	1757	61474	27	1.5367103016505406
6abbf4232297e265fbed8bea	7004511670	Capelli R.	Raffaella	Capelli	Raffaella Capelli	1	PE7	1	PE	1	101055379	autori_scopus_preferred-name_erc.tsv	2026-09-29 17:23:47.532000	7004511670	1	PE7	123	582	61474	431	74.05498281786942
6abbf4222297e265fbed87d5	56274915100	Lombardi M.	Marco	Lombardi	Marco Lombardi	1	PE9	1	PE	1	101055318	autori_scopus_preferred-name_erc.tsv	2026-09-29 17:23:46.750000	56274915100	1	PE9	519	1681	208283	1335	79.41701368233196
6abbf4222297e265fbed87d5	56274915100	Lombardi M.	Marco	Lombardi	Marco Lombardi	1	PE9	1	PE	1	101055318	autori_scopus_preferred-name_erc.tsv	2026-09-29 17:23:46.750000	58571153400	0	PE9	519	0	208283	0	0
6abbf4232297e265fbed8a8c	58571153400	Lombardi G.	Giovanni	Lombardi	Giovanni Lombardi	1	PE7	1	PE	1	101077917	autori_scopus_preferred-name_erc.tsv	2026-09-29 17:23:47.233000	56274915100	0	PE7	123	1681	61474	17	1.0113027959547887
6abbf4232297e265fbed8a8c	58571153400	Lombardi G.	Giovanni	Lombardi	Giovanni Lombardi	1	PE7	1	PE	1	101077917	autori_scopus_preferred-name_erc.tsv	2026-09-29 17:23:47.233000	58571153400	1	PE7	123	0	61474	0	0
6abbf4222297e265fbed87e1	56397823600	Caputo C.	Claudio	Caputo	C. Caputo	1	PE2	1	PE	1	101115353	autori_scopus_preferred-name_erc.tsv	2026-09-29 17:23:46.761000	56397823600	1	PE2	198	8502	90740	8490	99.85885673959068
6abbf4222297e265fbed87e1	56397823600	Caputo C.	Claudio	Caputo	C. Caputo	1	PE2	1	PE	1	101115353	autori_scopus_preferred-name_erc.tsv	2026-09-29 17:23:46.761000	58476390600	0	PE2	198	486	90740	11	2.263374485596708
6abbf4222297e265fbed87e1	56397823600	Caputo C.	Claudio	Caputo	C. Caputo	1	PE2	1	PE	1	101115353	autori_scopus_preferred-name_erc.tsv	2026-09-29 17:23:46.761000	7102895151	0	PE2	198	785	90740	40	5.095541401273886
6abbf4232297e265fbed8a7e	58476390600	Caputo M.	Mariapia	Caputo	Mariapia Caputo	1	PE8	1	PE	1	101040383	autori_scopus_preferred-name_erc.tsv	2026-09-29 17:23:47.221000	56397823600	0	PE8	200	8502	157556	64	0.7527640555163491
6abbf4232297e265fbed8a7e	58476390600	Caputo M.	Mariapia	Caputo	Mariapia Caputo	1	PE8	1	PE	1	101040383	autori_scopus_preferred-name_erc.tsv	2026-09-29 17:23:47.221000	58476390600	1	PE8	200	486	157556	159	32.71604938271605
6abbf4232297e265fbed8a7e	58476390600	Caputo M.	Mariapia	Caputo	Mariapia Caputo	1	PE8	1	PE	1	101040383	autori_scopus_preferred-name_erc.tsv	2026-09-29 17:23:47.221000	7102895151	0	PE8	200	785	157556	74	9.42675159235669
6abbf4232297e265fbed8c3a	7102895151	Caputo M.	Marco	Caputo	Marco Caputo	1	PE3	1	PE	1	101117424	autori_scopus_preferred-name_erc.tsv	2026-09-29 17:23:47.603000	56397823600	0	PE3	33	8502	30513	8	0.09409550693954363
6abbf4232297e265fbed8c3a	7102895151	Caputo M.	Marco	Caputo	Marco Caputo	1	PE3	1	PE	1	101117424	autori_scopus_preferred-name_erc.tsv	2026-09-29 17:23:47.603000	58476390600	0	PE3	33	486	30513	16	3.292181069958848
6abbf4232297e265fbed8c3a	7102895151	Caputo M.	Marco	Caputo	Marco Caputo	1	PE3	1	PE	1	101117424	autori_scopus_preferred-name_erc.tsv	2026-09-29 17:23:47.603000	7102895151	1	PE3	33	785	30513	308	39.23566878980892
6abbf4222297e265fbed87e2	56400444300	Donati G.	Greta	Donati	Greta Donati	1	PE5	1	PE	1	101039841	autori_scopus_preferred-name_erc.tsv	2026-09-29 17:23:46.762000	56400444300	1	PE5	116	1422	74299	664	46.69479606188467
6abbf4222297e265fbed87e2	56400444300	Donati G.	Greta	Donati	Greta Donati	1	PE5	1	PE	1	101039841	autori_scopus_preferred-name_erc.tsv	2026-09-29 17:23:46.762000	7003921934	0	PE5	116	2588	74299	158	6.105100463678516
6abbf4232297e265fbed8bc7	7003921934	Donati C.	Claudio	Donati	Claudio Donati	1	LS8	1	LS	1	101045015	autori_scopus_preferred-name_erc.tsv	2026-09-29 17:23:47.503000	56400444300	0	LS8	85	1422	68215	14	0.9845288326300985
6abbf4232297e265fbed8bc7	7003921934	Donati C.	Claudio	Donati	Claudio Donati	1	LS8	1	LS	1	101045015	autori_scopus_preferred-name_erc.tsv	2026-09-29 17:23:47.503000	7003921934	1	LS8	85	2588	68215	1699	65.64914992272026
6abbf4222297e265fbed87e8	56423307400	Prato M.	Maurizio	Prato	Maurizio Prato	1	PE5	1	PE	1	101039578	autori_scopus_preferred-name_erc.tsv	2026-09-29 17:23:46.767000	56423307400	1	PE5	116	11747	74299	3174	27.019664595215797
6abbf4222297e265fbed87e8	56423307400	Prato M.	Maurizio	Prato	Maurizio Prato	1	PE5	1	PE	1	101039578	autori_scopus_preferred-name_erc.tsv	2026-09-29 17:23:46.767000	57208455894	0	PE5	116	10996	74299	2106	19.1524190614769
6abbf4222297e265fbed87e8	56423307400	Prato M.	Maurizio	Prato	Maurizio Prato	1	PE5	1	PE	1	101039578	autori_scopus_preferred-name_erc.tsv	2026-09-29 17:23:46.767000	57302838900	0	PE5	116	60	74299	1	1.6666666666666667
6abbf4232297e265fbed892d	57208455894	Prato M.	Mirko	Prato	Mirko Prato	1	PE11	1	PE	1	101044020	autori_scopus_preferred-name_erc.tsv	2026-09-29 17:23:47.003000	56423307400	0	PE11	52	11747	40805	955	8.129735251553589
6abbf4232297e265fbed892d	57208455894	Prato M.	Mirko	Prato	Mirko Prato	1	PE11	1	PE	1	101044020	autori_scopus_preferred-name_erc.tsv	2026-09-29 17:23:47.003000	57208455894	1	PE11	52	10996	40805	3201	29.11058566751546
6abbf4232297e265fbed892d	57208455894	Prato M.	Mirko	Prato	Mirko Prato	1	PE11	1	PE	1	101044020	autori_scopus_preferred-name_erc.tsv	2026-09-29 17:23:47.003000	57302838900	0	PE11	52	60	40805	0	0.0
6abbf4232297e265fbed8a0c	57302838900	Prato O.	Ornella	Prato	Ornella Prato	1	SH6	1	SH	2	101055195 - 101071707	autori_scopus_preferred-name_erc.tsv	2026-09-29 17:23:47.144000	56423307400	0	SH6	49	11747	38048	16	0.1362049885077041
6abbf4232297e265fbed8a0c	57302838900	Prato O.	Ornella	Prato	Ornella Prato	1	SH6	1	SH	2	101055195 - 101071707	autori_scopus_preferred-name_erc.tsv	2026-09-29 17:23:47.144000	57208455894	0	SH6	49	10996	38048	13	0.11822480902146235
6abbf4232297e265fbed8a0c	57302838900	Prato O.	Ornella	Prato	Ornella Prato	1	SH6	1	SH	2	101055195 - 101071707	autori_scopus_preferred-name_erc.tsv	2026-09-29 17:23:47.144000	57302838900	1	SH6	49	60	38048	60	100.0
6abbf4222297e265fbed8803	56670371400	Fumagalli I.	Ivan	Fumagalli	Ivan Fumagalli	1	SYG-PE	1	PE	1	101115663	autori_scopus_preferred-name_erc.tsv	2026-09-29 17:23:46.780000	56670371400	1	SYG-PE	78	586	62561	489	83.44709897610922
6abbf4222297e265fbed8803	56670371400	Fumagalli I.	Ivan	Fumagalli	Ivan Fumagalli	1	SYG-PE	1	PE	1	101115663	autori_scopus_preferred-name_erc.tsv	2026-09-29 17:23:46.780000	7005453483	0	SYG-PE	78	1127	62561	1	0.08873114463176575
6abbf4232297e265fbed8c04	7005453483	Fumagalli S.	Stefano	Fumagalli	Stefano Fumagalli	1	LS6	1	LS	1	101054805	autori_scopus_preferred-name_erc.tsv	2026-09-29 17:23:47.556000	56670371400	0	LS6	20	586	17452	0	0.0
6abbf4232297e265fbed8c04	7005453483	Fumagalli S.	Stefano	Fumagalli	Stefano Fumagalli	1	LS6	1	LS	1	101054805	autori_scopus_preferred-name_erc.tsv	2026-09-29 17:23:47.556000	7005453483	1	LS6	20	1127	17452	85	7.542147293700088
6abbf4222297e265fbed880f	56830260800	Rosso F.	Federica	Rosso	Federica Rosso	1	PE8	1	PE	1	101041255	autori_scopus_preferred-name_erc.tsv	2026-09-29 17:23:46.792000	56830260800	1	PE8	200	2016	157556	853	42.31150793650794
6abbf4222297e265fbed880f	56830260800	Rosso F.	Federica	Rosso	Federica Rosso	1	PE8	1	PE	1	101041255	autori_scopus_preferred-name_erc.tsv	2026-09-29 17:23:46.792000	57207774702	0	PE8	200	877	157556	82	9.35005701254276
6abbf4222297e265fbed891f	57207774702	Rosso C.	Cristian	Rosso	Cristian Rosso	1	PE5	1	PE	1	101040025	autori_scopus_preferred-name_erc.tsv	2026-09-29 17:23:46.994000	56830260800	0	PE5	116	2016	74299	3	0.1488095238095238
6abbf4222297e265fbed891f	57207774702	Rosso C.	Cristian	Rosso	Cristian Rosso	1	PE5	1	PE	1	101040025	autori_scopus_preferred-name_erc.tsv	2026-09-29 17:23:46.994000	57207774702	1	PE5	116	877	74299	354	40.364880273660205
6abbf4222297e265fbed881e	56956669800	Zanella G.	Giacomo	Zanella	Giacomo Zanella	1	PE1	1	PE	1	101076564	autori_scopus_preferred-name_erc.tsv	2026-09-29 17:23:46.805000	56956669800	1	PE1	23	426	6960	37	8.685446009389672
6abbf4222297e265fbed881e	56956669800	Zanella G.	Giacomo	Zanella	Giacomo Zanella	1	PE1	1	PE	1	101076564	autori_scopus_preferred-name_erc.tsv	2026-09-29 17:23:46.805000	57201412747	0	PE1	23	943	6960	5	0.5302226935312832
6abbf4222297e265fbed88cc	57201412747	Zanella A.	Alberto	Zanella	Alberto, Zanella	1	PE7	1	PE	1	101078411	autori_scopus_preferred-name_erc.tsv	2026-09-29 17:23:46.926000	56956669800	0	PE7	123	426	61474	8	1.8779342723004695
6abbf4222297e265fbed88cc	57201412747	Zanella A.	Alberto	Zanella	Alberto, Zanella	1	PE7	1	PE	1	101078411	autori_scopus_preferred-name_erc.tsv	2026-09-29 17:23:46.926000	57201412747	1	PE7	123	943	61474	111	11.770943796394485
6abbf4222297e265fbed8828	57070087300	Distefano N.	Natalia	Distefano	Natalia Distefano	1	SH7	1	SH	1	101039222	autori_scopus_preferred-name_erc.tsv	2026-09-29 17:23:46.813000	57070087300	1	SH7	23	950	32901	5	0.5263157894736842
6abbf4222297e265fbed8828	57070087300	Distefano N.	Natalia	Distefano	Natalia Distefano	1	SH7	1	SH	1	101039222	autori_scopus_preferred-name_erc.tsv	2026-09-29 17:23:46.813000	9433557800	0	SH7	23	2420	32901	13	0.5371900826446281
6abbf4232297e265fbed8c7d	9433557800	Distefano C.	Carla	Distefano	C. Distefano	1	PE9	1	PE	1	101076343	autori_scopus_preferred-name_erc.tsv	2026-09-29 17:23:47.644000	57070087300	0	PE9	519	950	208283	1	0.10526315789473684
6abbf4232297e265fbed8c7d	9433557800	Distefano C.	Carla	Distefano	C. Distefano	1	PE9	1	PE	1	101076343	autori_scopus_preferred-name_erc.tsv	2026-09-29 17:23:47.644000	9433557800	1	PE9	519	2420	208283	2371	97.97520661157024
6abbf4222297e265fbed882b	57114750700	Riccardi E.	Elisa	Riccardi	Elisa Riccardi	1	PE7	1	PE	1	101081567	autori_scopus_preferred-name_erc.tsv	2026-09-29 17:23:46.815000	57114750700	1	PE7	123	350	61474	328	93.71428571428572
6abbf4222297e265fbed882b	57114750700	Riccardi E.	Elisa	Riccardi	Elisa Riccardi	1	PE7	1	PE	1	101081567	autori_scopus_preferred-name_erc.tsv	2026-09-29 17:23:46.815000	57807559600	0	PE7	123	47	61474	3	6.382978723404255
6abbf4232297e265fbed8a44	57807559600	Riccardi B.	Brian	Riccardi	Brian Riccardi	1	PE6	1	PE	1	101039208	autori_scopus_preferred-name_erc.tsv	2026-09-29 17:23:47.179000	57114750700	0	PE6	23	350	7721	0	0.0
6abbf4232297e265fbed8a44	57807559600	Riccardi B.	Brian	Riccardi	Brian Riccardi	1	PE6	1	PE	1	101039208	autori_scopus_preferred-name_erc.tsv	2026-09-29 17:23:47.179000	57807559600	1	PE6	23	47	7721	16	34.04255319148936
6abbf4222297e265fbed8864	57192318084	Corrias M.	Maria Valeria	Corrias	Maria Valeria Corrias	1	LS8	1	LS	1	101045015	autori_scopus_preferred-name_erc.tsv	2026-09-29 17:23:46.851000	57192318084	1	LS8	85	1478	68215	1136	76.86062246278755
6abbf4222297e265fbed8864	57192318084	Corrias M.	Maria Valeria	Corrias	Maria Valeria Corrias	1	LS8	1	LS	1	101045015	autori_scopus_preferred-name_erc.tsv	2026-09-29 17:23:46.851000	57222762966	0	LS8	85	216	68215	0	0.0
6abbf4232297e265fbed89e1	57222762966	Corrias N.	Nicola	Corrias	Nicola Corrias	1	PE7	1	PE	1	101077917	autori_scopus_preferred-name_erc.tsv	2026-09-29 17:23:47.112000	57192318084	0	PE7	123	1478	61474	2	0.13531799729364005
6abbf4232297e265fbed89e1	57222762966	Corrias N.	Nicola	Corrias	Nicola Corrias	1	PE7	1	PE	1	101077917	autori_scopus_preferred-name_erc.tsv	2026-09-29 17:23:47.112000	57222762966	1	PE7	123	216	61474	109	50.46296296296296
6abbf4222297e265fbed887c	57193613731	de Simone M.	Marta	de Simone	M. De Simone	1	PE9	1	PE	1	101098309	autori_scopus_preferred-name_erc.tsv	2026-09-29 17:23:46.865000	57193613731	1	PE9	519	1186	208283	1166	98.31365935919055
6abbf4222297e265fbed887c	57193613731	de Simone M.	Marta	de Simone	M. De Simone	1	PE9	1	PE	1	101098309	autori_scopus_preferred-name_erc.tsv	2026-09-29 17:23:46.865000	57435288800	0	PE9	519	1895	208283	66	3.4828496042216357
6abbf4232297e265fbed8a20	57435288800	de Simone M.	Monica	de Simone	Monica de Simone	1	PE4	1	PE	1	101095012	autori_scopus_preferred-name_erc.tsv	2026-09-29 17:23:47.153000	57193613731	0	PE4	118	1186	83848	40	3.372681281618887
6abbf4232297e265fbed8a20	57435288800	de Simone M.	Monica	de Simone	Monica de Simone	1	PE4	1	PE	1	101095012	autori_scopus_preferred-name_erc.tsv	2026-09-29 17:23:47.153000	57435288800	1	PE4	118	1895	83848	1895	100.0
6abbf4222297e265fbed889b	57195475054	Del Vecchio A.	Alessandro D.	Del Vecchio	Alessandro Del Vecchio	1	PE7	1	PE	1	101118089	autori_scopus_preferred-name_erc.tsv	2026-09-29 17:23:46.890000	57195475054	1	PE7	123	820	61474	763	93.04878048780488
6abbf4222297e265fbed889b	57195475054	Del Vecchio A.	Alessandro D.	Del Vecchio	Alessandro Del Vecchio	1	PE7	1	PE	1	101118089	autori_scopus_preferred-name_erc.tsv	2026-09-29 17:23:46.890000	57213093829	0	PE7	123	1358	61474	24	1.7673048600883652
6abbf4232297e265fbed8961	57213093829	Del Vecchio M.	Maria	Del Vecchio	Maria Del Vecchio	1	SYG-LS	1	LS	1	101071900	autori_scopus_preferred-name_erc.tsv	2026-09-29 17:23:47.039000	57195475054	0	SYG-LS	47	820	43061	23	2.804878048780488
6abbf4232297e265fbed8961	57213093829	Del Vecchio M.	Maria	Del Vecchio	Maria Del Vecchio	1	SYG-LS	1	LS	1	101071900	autori_scopus_preferred-name_erc.tsv	2026-09-29 17:23:47.039000	57213093829	1	SYG-LS	47	1358	43061	631	46.46539027982327
6abbf4222297e265fbed88ad	57198798056	Sun P.	Peihao	Sun	Peihao Sun	1	PE3	1	PE	1	101053167	autori_scopus_preferred-name_erc.tsv	2026-09-29 17:23:46.908000	57198798056	1	PE3	33	181	30513	79	43.646408839779006
6abbf4222297e265fbed88ad	57198798056	Sun P.	Peihao	Sun	Peihao Sun	1	PE3	1	PE	1	101053167	autori_scopus_preferred-name_erc.tsv	2026-09-29 17:23:46.908000	57212083420	0	PE3	33	557	30513	3	0.5385996409335727
6abbf4232297e265fbed8955	57212083420	Sun Y.	Yifan	Sun	Y. Sun	1	PE7	1	PE	1	101081871	autori_scopus_preferred-name_erc.tsv	2026-09-29 17:23:47.028000	57198798056	0	PE7	123	181	61474	5	2.7624309392265194
6abbf4232297e265fbed8955	57212083420	Sun Y.	Yifan	Sun	Y. Sun	1	PE7	1	PE	1	101081871	autori_scopus_preferred-name_erc.tsv	2026-09-29 17:23:47.028000	57212083420	1	PE7	123	557	61474	514	92.28007181328546
6abbf4232297e265fbed8927	57208220408	Rossi B.	Barbara	Rossi	Barbara Rossi	1	LS6	1	LS	1	101069397	autori_scopus_preferred-name_erc.tsv	2026-09-29 17:23:47.001000	57208220408	1	LS6	20	1289	17452	1289	100.0
6abbf4232297e265fbed8927	57208220408	Rossi B.	Barbara	Rossi	Barbara Rossi	1	LS6	1	LS	1	101069397	autori_scopus_preferred-name_erc.tsv	2026-09-29 17:23:47.001000	57225778410	0	LS6	20	60	17452	0	0.0
6abbf4232297e265fbed8927	57208220408	Rossi B.	Barbara	Rossi	Barbara Rossi	1	LS6	1	LS	1	101069397	autori_scopus_preferred-name_erc.tsv	2026-09-29 17:23:47.001000	59212806900	0	LS6	20	0	17452	0	0
6abbf4232297e265fbed89f7	57225778410	Rossi M.	Marco	Rossi	Marco Rossi	1	PE8	1	PE	1	101052956	autori_scopus_preferred-name_erc.tsv	2026-09-29 17:23:47.127000	57208220408	0	PE8	200	1289	157556	91	7.059736229635376
6abbf4232297e265fbed89f7	57225778410	Rossi M.	Marco	Rossi	Marco Rossi	1	PE8	1	PE	1	101052956	autori_scopus_preferred-name_erc.tsv	2026-09-29 17:23:47.127000	57225778410	1	PE8	200	60	157556	44	73.33333333333333
6abbf4232297e265fbed89f7	57225778410	Rossi M.	Marco	Rossi	Marco Rossi	1	PE8	1	PE	1	101052956	autori_scopus_preferred-name_erc.tsv	2026-09-29 17:23:47.127000	59212806900	0	PE8	200	0	157556	0	0
6abbf4232297e265fbed8ad9	59212806900	Rossi G.	Greta	Rossi	Greta Rossi	1	PE5	1	PE	1	101077698	autori_scopus_preferred-name_erc.tsv	2026-09-29 17:23:47.297000	57208220408	0	PE5	116	1289	74299	13	1.008533747090768
6abbf4232297e265fbed8ad9	59212806900	Rossi G.	Greta	Rossi	Greta Rossi	1	PE5	1	PE	1	101077698	autori_scopus_preferred-name_erc.tsv	2026-09-29 17:23:47.297000	57225778410	0	PE5	116	60	74299	0	0.0
6abbf4232297e265fbed8ad9	59212806900	Rossi G.	Greta	Rossi	Greta Rossi	1	PE5	1	PE	1	101077698	autori_scopus_preferred-name_erc.tsv	2026-09-29 17:23:47.297000	59212806900	1	PE5	116	0	74299	0	0
6abbf4232297e265fbed8929	57208295241	Leonardi S.	Salvatore	Leonardi	Salvatore Leonardi	1	SH7	1	SH	1	101039222	autori_scopus_preferred-name_erc.tsv	2026-09-29 17:23:47.002000	57208295241	1	SH7	23	950	32901	5	0.5263157894736842
6abbf4232297e265fbed8929	57208295241	Leonardi S.	Salvatore	Leonardi	Salvatore Leonardi	1	SH7	1	SH	1	101039222	autori_scopus_preferred-name_erc.tsv	2026-09-29 17:23:47.002000	58488163200	0	SH7	23	142	32901	0	0.0
6abbf4232297e265fbed8a7f	58488163200	Leonardi P.	Pietro	Leonardi	P. Leonardi	1	PE9	1	PE	1	101052347	autori_scopus_preferred-name_erc.tsv	2026-09-29 17:23:47.222000	57208295241	0	PE9	519	950	208283	1	0.10526315789473684
6abbf4232297e265fbed8a7f	58488163200	Leonardi P.	Pietro	Leonardi	P. Leonardi	1	PE9	1	PE	1	101052347	autori_scopus_preferred-name_erc.tsv	2026-09-29 17:23:47.222000	58488163200	1	PE9	519	142	208283	125	88.02816901408451
6abbf4232297e265fbed894c	57211559733	Angelini G.	Gabriele	Angelini	Gabriele Angelini	1	LS6	1	LS	1	101069397	autori_scopus_preferred-name_erc.tsv	2026-09-29 17:23:47.019000	57211559733	1	LS6	20	469	17452	469	100.0
6abbf4232297e265fbed894c	57211559733	Angelini G.	Gabriele	Angelini	Gabriele Angelini	1	LS6	1	LS	1	101069397	autori_scopus_preferred-name_erc.tsv	2026-09-29 17:23:47.019000	7006878358	0	LS6	20	871	17452	0	0.0
6abbf4232297e265fbed8c20	7006878358	Angelini R.	Roberta	Angelini	Roberta Angelini	1	PE3	1	PE	1	101066434	autori_scopus_preferred-name_erc.tsv	2026-09-29 17:23:47.580000	57211559733	0	PE3	33	469	30513	0	0.0
6abbf4232297e265fbed8c20	7006878358	Angelini R.	Roberta	Angelini	Roberta Angelini	1	PE3	1	PE	1	101066434	autori_scopus_preferred-name_erc.tsv	2026-09-29 17:23:47.580000	7006878358	1	PE3	33	871	30513	720	82.66360505166476
6abbf4232297e265fbed8952	57211902060	Marini G.	Giovanni	Marini	Giovanni Marini	1	PE4	1	PE	1	101052708	autori_scopus_preferred-name_erc.tsv	2026-09-29 17:23:47.025000	57211902060	1	PE4	118	655	83848	408	62.29007633587786
6abbf4232297e265fbed8952	57211902060	Marini G.	Giovanni	Marini	Giovanni Marini	1	PE4	1	PE	1	101052708	autori_scopus_preferred-name_erc.tsv	2026-09-29 17:23:47.025000	57219792324	0	PE4	118	153	83848	1	0.6535947712418301
6abbf4232297e265fbed89b9	57219792324	Marini I.	I.	Marini	I. Marini	1	PE9	1	PE	1	101045437	autori_scopus_preferred-name_erc.tsv	2026-09-29 17:23:47.097000	57211902060	0	PE9	519	655	208283	18	2.7480916030534353
6abbf4232297e265fbed89b9	57219792324	Marini I.	I.	Marini	I. Marini	1	PE9	1	PE	1	101045437	autori_scopus_preferred-name_erc.tsv	2026-09-29 17:23:47.097000	57219792324	1	PE9	519	153	208283	140	91.50326797385621
6abbf4232297e265fbed8976	57216393463	De Luca G.	Giuseppe	De Luca	Giuseppe De Luca	1	LS1	1	LS	1	101040138	autori_scopus_preferred-name_erc.tsv	2026-09-29 17:23:47.054000	57216393463	1	LS1	23	126	22569	126	100.0
6abbf4232297e265fbed8976	57216393463	De Luca G.	Giuseppe	De Luca	Giuseppe De Luca	1	LS1	1	LS	1	101040138	autori_scopus_preferred-name_erc.tsv	2026-09-29 17:23:47.054000	57222390136	0	LS1	23	744	22569	2	0.2688172043010753
6abbf4232297e265fbed89dd	57222390136	de Luca C.	Claudia	de Luca	Claudia De Luca	1	SH4	1	SH	1	101042625	autori_scopus_preferred-name_erc.tsv	2026-09-29 17:23:47.109000	57216393463	0	SH4	82	126	67417	2	1.5873015873015872
6abbf4232297e265fbed89dd	57222390136	de Luca C.	Claudia	de Luca	Claudia De Luca	1	SH4	1	SH	1	101042625	autori_scopus_preferred-name_erc.tsv	2026-09-29 17:23:47.109000	57222390136	1	SH4	82	744	67417	455	61.155913978494624
6abbf4232297e265fbed89a4	57219456152	Perrone M.	Mattia	Perrone	Mattia Perrone	1	PE4	1	PE	1	101053661	autori_scopus_preferred-name_erc.tsv	2026-09-29 17:23:47.085000	57219456152	1	PE4	118	202	83848	202	100.0
6abbf4232297e265fbed89a4	57219456152	Perrone M.	Mattia	Perrone	Mattia Perrone	1	PE4	1	PE	1	101053661	autori_scopus_preferred-name_erc.tsv	2026-09-29 17:23:47.085000	57449060900	0	PE4	118	445	83848	6	1.348314606741573
6abbf4232297e265fbed8a22	57449060900	Perrone M.	Michela	Perrone	Michela Perrone	1	LS4	1	LS	1	101045285	autori_scopus_preferred-name_erc.tsv	2026-09-29 17:23:47.154000	57219456152	0	LS4	61	202	61867	9	4.455445544554455
6abbf4232297e265fbed8a22	57449060900	Perrone M.	Michela	Perrone	Michela Perrone	1	LS4	1	LS	1	101045285	autori_scopus_preferred-name_erc.tsv	2026-09-29 17:23:47.154000	57449060900	1	LS4	61	445	61867	66	14.831460674157304
6abbf4232297e265fbed89d8	57222110808	Franco S.	Silvia	Franco	Silvia Franco	1	PE3	1	PE	1	101066434	autori_scopus_preferred-name_erc.tsv	2026-09-29 17:23:47.106000	57222110808	1	PE3	33	524	30513	497	94.8473282442748
6abbf4232297e265fbed89d8	57222110808	Franco S.	Silvia	Franco	Silvia Franco	1	PE3	1	PE	1	101066434	autori_scopus_preferred-name_erc.tsv	2026-09-29 17:23:47.106000	8719813200	0	PE3	33	561	30513	23	4.09982174688057
6abbf4232297e265fbed8c6f	8719813200	Franco E.	Elisa	Franco	Elisa Franco	1	PE7	1	PE	1	101076926	autori_scopus_preferred-name_erc.tsv	2026-09-29 17:23:47.631000	57222110808	0	PE7	123	524	61474	10	1.9083969465648856
6abbf4232297e265fbed8c6f	8719813200	Franco E.	Elisa	Franco	Elisa Franco	1	PE7	1	PE	1	101076926	autori_scopus_preferred-name_erc.tsv	2026-09-29 17:23:47.631000	8719813200	1	PE7	123	561	61474	315	56.14973262032086
6abbf4232297e265fbed89e0	57222632363	Giovanelli J.	Joseph	Giovanelli	Joseph Giovanelli	1	PE6	1	PE	1	101041029	autori_scopus_preferred-name_erc.tsv	2026-09-29 17:23:47.111000	57222632363	1	PE6	23	138	7721	2	1.4492753623188406
6abbf4232297e265fbed89e0	57222632363	Giovanelli J.	Joseph	Giovanelli	Joseph Giovanelli	1	PE6	1	PE	1	101041029	autori_scopus_preferred-name_erc.tsv	2026-09-29 17:23:47.111000	59343058600	0	PE6	23	0	7721	0	0
6abbf4232297e265fbed8af2	59343058600	Giovanelli G.	Giulia	Giovanelli	Giulia Giovanelli	1	PE7	1	PE	1	101055379	autori_scopus_preferred-name_erc.tsv	2026-09-29 17:23:47.317000	57222632363	0	PE7	123	138	61474	3	2.1739130434782608
6abbf4232297e265fbed8af2	59343058600	Giovanelli G.	Giulia	Giovanelli	Giulia Giovanelli	1	PE7	1	PE	1	101055379	autori_scopus_preferred-name_erc.tsv	2026-09-29 17:23:47.317000	59343058600	1	PE7	123	0	61474	0	0
6abbf4232297e265fbed8a25	57462792400	Pastore F.	Francesco	Pastore	Francesco Pastore	1	LS5	1	LS	1	101078163	autori_scopus_preferred-name_erc.tsv	2026-09-29 17:23:47.157000	57462792400	1	LS5	31	392	23227	337	85.96938775510205
6abbf4232297e265fbed8a25	57462792400	Pastore F.	Francesco	Pastore	Francesco Pastore	1	LS5	1	LS	1	101078163	autori_scopus_preferred-name_erc.tsv	2026-09-29 17:23:47.157000	7101941822	0	LS5	31	2417	23227	63	2.6065370293752586
6abbf4232297e265fbed8c2d	7101941822	Pastore A.	Annalisa	Pastore	Annalisa Pastore	1	LS1	1	LS	1	101040138	autori_scopus_preferred-name_erc.tsv	2026-09-29 17:23:47.591000	57462792400	0	LS1	23	392	22569	8	2.0408163265306123
6abbf4232297e265fbed8c2d	7101941822	Pastore A.	Annalisa	Pastore	Annalisa Pastore	1	LS1	1	LS	1	101040138	autori_scopus_preferred-name_erc.tsv	2026-09-29 17:23:47.591000	7101941822	1	LS1	23	2417	22569	1053	43.56640463384361
6abbf4232297e265fbed8a48	57844180000	Vicentini F.	Francesco	Vicentini	Francesco Vicentini	1	PE5	1	PE	1	101039578	autori_scopus_preferred-name_erc.tsv	2026-09-29 17:23:47.183000	57844180000	1	PE5	116	124	74299	78	62.903225806451616
6abbf4232297e265fbed8a48	57844180000	Vicentini F.	Francesco	Vicentini	Francesco Vicentini	1	PE5	1	PE	1	101039578	autori_scopus_preferred-name_erc.tsv	2026-09-29 17:23:47.183000	58736473300	0	PE5	116	0	74299	0	0
6abbf4232297e265fbed8aa4	58736473300	Vicentini D.	Daniela	Vicentini	Daniela Vicentini	1	LS8	1	LS	1	101045015	autori_scopus_preferred-name_erc.tsv	2026-09-29 17:23:47.253000	57844180000	0	LS8	85	124	68215	2	1.6129032258064515
6abbf4232297e265fbed8aa4	58736473300	Vicentini D.	Daniela	Vicentini	Daniela Vicentini	1	LS8	1	LS	1	101045015	autori_scopus_preferred-name_erc.tsv	2026-09-29 17:23:47.253000	58736473300	1	LS8	85	0	68215	0	0
6abbf4232297e265fbed8b0c	6506468475	Mannucci B.	Barbara	Mannucci	Barbara Mannucci	1	LS1	1	LS	1	101094471	autori_scopus_preferred-name_erc.tsv	2026-09-29 17:23:47.340000	6506468475	1	LS1	23	1451	22569	67	4.617505168849069
6abbf4232297e265fbed8b0c	6506468475	Mannucci B.	Barbara	Mannucci	Barbara Mannucci	1	LS1	1	LS	1	101094471	autori_scopus_preferred-name_erc.tsv	2026-09-29 17:23:47.340000	6701685211	0	LS1	23	5512	22569	4	0.07256894049346879
6abbf4232297e265fbed8b95	6701685211	Mannucci F.	Filippo	Mannucci	F. Mannucci	1	PE9	1	PE	1	101040751	autori_scopus_preferred-name_erc.tsv	2026-09-29 17:23:47.460000	6506468475	0	PE9	519	1451	208283	4	0.2756719503790489
6abbf4232297e265fbed8b95	6701685211	Mannucci F.	Filippo	Mannucci	F. Mannucci	1	PE9	1	PE	1	101040751	autori_scopus_preferred-name_erc.tsv	2026-09-29 17:23:47.460000	6701685211	1	PE9	519	5512	208283	5468	99.20174165457183
6abbf4232297e265fbed8b83	6604013253	Busonero F.	Fabio	Busonero	Fabio Busonero	1	LS8	1	LS	2	101045015 - 101060218	autori_scopus_preferred-name_erc.tsv	2026-09-29 17:23:47.443000	6604013253	1	LS8	85	472	68215	380	80.50847457627118
6abbf4232297e265fbed8b83	6604013253	Busonero F.	Fabio	Busonero	Fabio Busonero	1	LS8	1	LS	2	101045015 - 101060218	autori_scopus_preferred-name_erc.tsv	2026-09-29 17:23:47.443000	8657599600	0	LS8	85	1996	68215	15	0.751503006012024
6abbf4232297e265fbed8c6d	8657599600	Busonero D.	D.	Busonero	D. Busonero	1	PE9	1	PE	1	101055318	autori_scopus_preferred-name_erc.tsv	2026-09-29 17:23:47.629000	6604013253	0	PE9	519	472	208283	2	0.423728813559322
6abbf4232297e265fbed8c6d	8657599600	Busonero D.	D.	Busonero	D. Busonero	1	PE9	1	PE	1	101055318	autori_scopus_preferred-name_erc.tsv	2026-09-29 17:23:47.629000	8657599600	1	PE9	519	1996	208283	1867	93.5370741482966
6abbf4232297e265fbed8b89	6701404489	Menna E.	Enzo	Menna	Enzo Menna	1	PE11	1	PE	1	101041229	autori_scopus_preferred-name_erc.tsv	2026-09-29 17:23:47.449000	6701404489	1	PE11	52	1779	40805	676	37.998875772906125
6abbf4232297e265fbed8b89	6701404489	Menna E.	Enzo	Menna	Enzo Menna	1	PE11	1	PE	1	101041229	autori_scopus_preferred-name_erc.tsv	2026-09-29 17:23:47.449000	6701404490	0	PE11	52	1496	40805	9	0.6016042780748663
6abbf4232297e265fbed8b8a	6701404490	Menna E.	Elisabetta	Menna	Elisabetta Menna	1	LS4	1	LS	1	101055323	autori_scopus_preferred-name_erc.tsv	2026-09-29 17:23:47.449000	6701404489	0	LS4	61	1779	61867	13	0.7307476110174256
6abbf4232297e265fbed8b8a	6701404490	Menna E.	Elisabetta	Menna	Elisabetta Menna	1	LS4	1	LS	1	101055323	autori_scopus_preferred-name_erc.tsv	2026-09-29 17:23:47.449000	6701404490	1	LS4	61	1496	61867	775	51.8048128342246
