_id	scopus_author_id	indexed_name	given_name	surname	name_in_project_dataset	n_panels	panels	n_domains	domains	n_projects	projects	source_file	imported_at	auid	match	unit	n_people_unit	n_references_author	n_references_unit	n_overlap	percentage
6abbbff12297e265fbed7038	25723154100	Gandolfi D.	Davide	Gandolfi	Davide Gandolfi	1	PE9	1	PE	1	101052347	autori_scopus_preferred-name_erc.tsv	2026-09-29 13:41:05.169000	25723154100	1	PE	1546	4745	531928	4745	100.0
6abbbff12297e265fbed7038	25723154100	Gandolfi D.	Davide	Gandolfi	Davide Gandolfi	1	PE9	1	PE	1	101052347	autori_scopus_preferred-name_erc.tsv	2026-09-29 13:41:05.169000	57220063229	0	PE	1546	252	531928	252	100.0
6abbbff12297e265fbed7273	57220063229	Gandolfi M.	Michele	Gandolfi	Michele Gandolfi	1	PE4	1	PE	1	101081361	autori_scopus_preferred-name_erc.tsv	2026-09-29 13:41:05.512000	25723154100	0	PE	1546	4745	531928	4745	100.0
6abbbff12297e265fbed7273	57220063229	Gandolfi M.	Michele	Gandolfi	Michele Gandolfi	1	PE4	1	PE	1	101081361	autori_scopus_preferred-name_erc.tsv	2026-09-29 13:41:05.512000	57220063229	1	PE	1546	252	531928	252	100.0
6abbbff12297e265fbed703a	55951218500	Davies M.	Melvyn B.	Davies	Melvyn B. Davies	1	PE9	1	PE	1	101052347	autori_scopus_preferred-name_erc.tsv	2026-09-29 13:41:05.171000	55951218500	1	PE	1546	4506	531928	4485	99.53395472703063
6abbbff12297e265fbed703a	55951218500	Davies M.	Melvyn B.	Davies	Melvyn B. Davies	1	PE9	1	PE	1	101052347	autori_scopus_preferred-name_erc.tsv	2026-09-29 13:41:05.171000	56911604400	0	PE	1546	803	531928	803	100.0
6abbbff12297e265fbed7520	56911604400	Davies A.	Alexander Giles	Davies	A Giles Davies	1	PE7	1	PE	1	101081567	autori_scopus_preferred-name_erc.tsv	2026-09-29 13:41:05.832000	55951218500	0	PE	1546	4506	531928	4485	99.53395472703063
6abbbff12297e265fbed7520	56911604400	Davies A.	Alexander Giles	Davies	A Giles Davies	1	PE7	1	PE	1	101081567	autori_scopus_preferred-name_erc.tsv	2026-09-29 13:41:05.832000	56911604400	1	PE	1546	803	531928	803	100.0
6abbbff12297e265fbed7049	56521280600	Bonfanti A.	Andrea	Bonfanti	Andrea Bonfanti	1	PE9	1	PE	1	101052347	autori_scopus_preferred-name_erc.tsv	2026-09-29 13:41:05.185000	56521280600	1	PE	1546	1975	531928	1975	100.0
6abbbff12297e265fbed7049	56521280600	Bonfanti A.	Andrea	Bonfanti	Andrea Bonfanti	1	PE9	1	PE	1	101052347	autori_scopus_preferred-name_erc.tsv	2026-09-29 13:41:05.185000	55367411500	0	PE	1546	293	531928	69	23.549488054607508
6abbbff12297e265fbed745a	55367411500	Bonfanti A.	Andrea Giovanni	Bonfanti	A. Bonfanti	1	PE7	1	PE	1	101054098	autori_scopus_preferred-name_erc.tsv	2026-09-29 13:41:05.746000	56521280600	0	PE	1546	1975	531928	1975	100.0
6abbbff12297e265fbed745a	55367411500	Bonfanti A.	Andrea Giovanni	Bonfanti	A. Bonfanti	1	PE7	1	PE	1	101054098	autori_scopus_preferred-name_erc.tsv	2026-09-29 13:41:05.746000	55367411500	1	PE	1546	293	531928	69	23.549488054607508
6abbbff12297e265fbed704e	57202863096	Facchini S.	Stefano	Facchini	Stefano Facchini	1	PE9	1	PE	3	101076613 - 101039651 - 101104656	autori_scopus_preferred-name_erc.tsv	2026-09-29 13:41:05.188000	57202863096	1	PE	1546	2507	531928	2415	96.3302752293578
6abbbff12297e265fbed704e	57202863096	Facchini S.	Stefano	Facchini	Stefano Facchini	1	PE9	1	PE	3	101076613 - 101039651 - 101104656	autori_scopus_preferred-name_erc.tsv	2026-09-29 13:41:05.188000	47661058900	0	PE	1546	599	531928	24	4.006677796327212
6abbbff12297e265fbed741e	47661058900	Facchini S.	Silvia	Facchini	Silvia Facchini	1	SYG-LS	1	LS	1	101071900	autori_scopus_preferred-name_erc.tsv	2026-09-29 13:41:05.721000	57202863096	0	LS	394	2507	230606	24	0.9573195053849222
6abbbff12297e265fbed741e	47661058900	Facchini S.	Silvia	Facchini	Silvia Facchini	1	SYG-LS	1	LS	1	101071900	autori_scopus_preferred-name_erc.tsv	2026-09-29 13:41:05.721000	47661058900	1	LS	394	599	230606	599	100.0
6abbbff12297e265fbed7057	52663445700	Di Lorenzo F.	Flaviana	Di Lorenzo	Flaviana Di Lorenzo	1	PE5	1	PE	1	101039841	autori_scopus_preferred-name_erc.tsv	2026-09-29 13:41:05.196000	52663445700	1	PE	1546	1474	531928	1439	97.62550881953868
6abbbff12297e265fbed7057	52663445700	Di Lorenzo F.	Flaviana	Di Lorenzo	Flaviana Di Lorenzo	1	PE5	1	PE	1	101039841	autori_scopus_preferred-name_erc.tsv	2026-09-29 13:41:05.196000	57194904117	0	PE	1546	320	531928	33	10.3125
6abbbff12297e265fbed7599	57194904117	Di Lorenzo G.	Giorgia	Di Lorenzo	Giorgia Di Lorenzo	1	LS4	1	LS	1	101045285	autori_scopus_preferred-name_erc.tsv	2026-09-29 13:41:05.879000	52663445700	0	LS	394	1474	230606	95	6.445047489823609
6abbbff12297e265fbed7599	57194904117	Di Lorenzo G.	Giorgia	Di Lorenzo	Giorgia Di Lorenzo	1	LS4	1	LS	1	101045285	autori_scopus_preferred-name_erc.tsv	2026-09-29 13:41:05.879000	57194904117	1	LS	394	320	230606	234	73.125
6abbbff12297e265fbed7058	57213546755	Szabó M.	M. Gy	Szabó	G. M. Szabó	1	PE9	1	PE	1	101052347	autori_scopus_preferred-name_erc.tsv	2026-09-29 13:41:05.197000	57213546755	1	PE	1546	2199	531928	2199	100.0
6abbbff12297e265fbed7058	57213546755	Szabó M.	M. Gy	Szabó	G. M. Szabó	1	PE9	1	PE	1	101052347	autori_scopus_preferred-name_erc.tsv	2026-09-29 13:41:05.197000	44761456100	0	PE	1546	308	531928	35	11.363636363636363
6abbbff12297e265fbed70c8	44761456100	Szabó B.	Botond T.	Szabó	Botond Szabó	1	PE1	1	PE	1	101041064	autori_scopus_preferred-name_erc.tsv	2026-09-29 13:41:05.295000	57213546755	0	PE	1546	2199	531928	2199	100.0
6abbbff12297e265fbed70c8	44761456100	Szabó B.	Botond T.	Szabó	Botond Szabó	1	PE1	1	PE	1	101041064	autori_scopus_preferred-name_erc.tsv	2026-09-29 13:41:05.295000	44761456100	1	PE	1546	308	531928	35	11.363636363636363
6abbbff12297e265fbed7063	55329004700	Manara C.	Carlo Felice	Manara	Carlo F. Manara	1	PE9	1	PE	4	101076613 - 101039651 - 101098309 - 101104656	autori_scopus_preferred-name_erc.tsv	2026-09-29 13:41:05.206000	55329004700	1	PE	1546	2744	531928	2670	97.30320699708454
6abbbff12297e265fbed7063	55329004700	Manara C.	Carlo Felice	Manara	Carlo F. Manara	1	PE9	1	PE	4	101076613 - 101039651 - 101098309 - 101104656	autori_scopus_preferred-name_erc.tsv	2026-09-29 13:41:05.206000	57200563408	0	PE	1546	826	531928	148	17.91767554479419
6abbbff12297e265fbed7235	57200563408	Manara S.	Serena	Manara	Serena Manara	1	LS8	1	LS	2	101045015 - 101060218	autori_scopus_preferred-name_erc.tsv	2026-09-29 13:41:05.479000	55329004700	0	LS	394	2744	230606	15	0.5466472303206997
6abbbff12297e265fbed7235	57200563408	Manara S.	Serena	Manara	Serena Manara	1	LS8	1	LS	2	101045015 - 101060218	autori_scopus_preferred-name_erc.tsv	2026-09-29 13:41:05.479000	57200563408	1	LS	394	826	230606	642	77.72397094430993
6abbbff12297e265fbed7065	55945624800	Arnaboldi S.	Serena	Arnaboldi	Serena Arnaboldi	1	PE4	1	PE	1	101040798	autori_scopus_preferred-name_erc.tsv	2026-09-29 13:41:05.208000	55945624800	1	PE	1546	1556	531928	1169	75.12853470437018
6abbbff12297e265fbed7065	55945624800	Arnaboldi S.	Serena	Arnaboldi	Serena Arnaboldi	1	PE4	1	PE	1	101040798	autori_scopus_preferred-name_erc.tsv	2026-09-29 13:41:05.208000	56275157900	0	PE	1546	952	531928	659	69.22268907563026
6abbbff12297e265fbed74dc	56275157900	Arnaboldi M.	Magda	Arnaboldi	Magda Arnaboldi	1	PE9	1	PE	1	101055318	autori_scopus_preferred-name_erc.tsv	2026-09-29 13:41:05.801000	55945624800	0	PE	1546	1556	531928	1169	75.12853470437018
6abbbff12297e265fbed74dc	56275157900	Arnaboldi M.	Magda	Arnaboldi	Magda Arnaboldi	1	PE9	1	PE	1	101055318	autori_scopus_preferred-name_erc.tsv	2026-09-29 13:41:05.801000	56275157900	1	PE	1546	952	531928	659	69.22268907563026
6abbbff12297e265fbed7073	57216593054	Giordano G.	Giulia	Giordano	Giulia Giordano	1	PE7	1	PE	1	101076926	autori_scopus_preferred-name_erc.tsv	2026-09-29 13:41:05.221000	57216593054	1	PE	1546	1796	531928	1284	71.49220489977728
6abbbff12297e265fbed7073	57216593054	Giordano G.	Giulia	Giordano	Giulia Giordano	1	PE7	1	PE	1	101076926	autori_scopus_preferred-name_erc.tsv	2026-09-29 13:41:05.221000	56806349200	0	PE	1546	3248	531928	3230	99.44581280788178
6abbbff12297e265fbed7073	57216593054	Giordano G.	Giulia	Giordano	Giulia Giordano	1	PE7	1	PE	1	101076926	autori_scopus_preferred-name_erc.tsv	2026-09-29 13:41:05.221000	57196834241	0	PE	1546	330	531928	61	18.484848484848484
6abbbff12297e265fbed7073	57216593054	Giordano G.	Giulia	Giordano	Giulia Giordano	1	PE7	1	PE	1	101076926	autori_scopus_preferred-name_erc.tsv	2026-09-29 13:41:05.221000	57203142562	0	PE	1546	648	531928	648	100.0
6abbbff12297e265fbed7073	57216593054	Giordano G.	Giulia	Giordano	Giulia Giordano	1	PE7	1	PE	1	101076926	autori_scopus_preferred-name_erc.tsv	2026-09-29 13:41:05.221000	57204645152	0	PE	1546	1471	531928	1380	93.8137321549966
6abbbff12297e265fbed7216	56806349200	Giordano F.	Francesco	Giordano	F. Giordano	1	PE9	1	PE	1	101076343	autori_scopus_preferred-name_erc.tsv	2026-09-29 13:41:05.465000	57216593054	0	PE	1546	1796	531928	1284	71.49220489977728
6abbbff12297e265fbed7216	56806349200	Giordano F.	Francesco	Giordano	F. Giordano	1	PE9	1	PE	1	101076343	autori_scopus_preferred-name_erc.tsv	2026-09-29 13:41:05.465000	56806349200	1	PE	1546	3248	531928	3230	99.44581280788178
6abbbff12297e265fbed7216	56806349200	Giordano F.	Francesco	Giordano	F. Giordano	1	PE9	1	PE	1	101076343	autori_scopus_preferred-name_erc.tsv	2026-09-29 13:41:05.465000	57196834241	0	PE	1546	330	531928	61	18.484848484848484
6abbbff12297e265fbed7216	56806349200	Giordano F.	Francesco	Giordano	F. Giordano	1	PE9	1	PE	1	101076343	autori_scopus_preferred-name_erc.tsv	2026-09-29 13:41:05.465000	57203142562	0	PE	1546	648	531928	648	100.0
6abbbff12297e265fbed7216	56806349200	Giordano F.	Francesco	Giordano	F. Giordano	1	PE9	1	PE	1	101076343	autori_scopus_preferred-name_erc.tsv	2026-09-29 13:41:05.465000	57204645152	0	PE	1546	1471	531928	1380	93.8137321549966
6abbbff12297e265fbed75ae	57196834241	Giordano F.	Francesca	Giordano	Francesca Giordano	1	LS8	1	LS	2	101045015 - 101060218	autori_scopus_preferred-name_erc.tsv	2026-09-29 13:41:05.883000	57216593054	0	LS	394	1796	230606	131	7.293986636971046
6abbbff12297e265fbed75ae	57196834241	Giordano F.	Francesca	Giordano	Francesca Giordano	1	LS8	1	LS	2	101045015 - 101060218	autori_scopus_preferred-name_erc.tsv	2026-09-29 13:41:05.883000	56806349200	0	LS	394	3248	230606	19	0.5849753694581281
6abbbff12297e265fbed75ae	57196834241	Giordano F.	Francesca	Giordano	Francesca Giordano	1	LS8	1	LS	2	101045015 - 101060218	autori_scopus_preferred-name_erc.tsv	2026-09-29 13:41:05.883000	57196834241	1	LS	394	330	230606	222	67.27272727272727
6abbbff12297e265fbed75ae	57196834241	Giordano F.	Francesca	Giordano	Francesca Giordano	1	LS8	1	LS	2	101045015 - 101060218	autori_scopus_preferred-name_erc.tsv	2026-09-29 13:41:05.883000	57203142562	0	LS	394	648	230606	10	1.5432098765432098
6abbbff12297e265fbed75ae	57196834241	Giordano F.	Francesca	Giordano	Francesca Giordano	1	LS8	1	LS	2	101045015 - 101060218	autori_scopus_preferred-name_erc.tsv	2026-09-29 13:41:05.883000	57204645152	0	LS	394	1471	230606	12	0.8157715839564922
6abbbff12297e265fbed75f3	57203142562	Giordano G.	Goffredo	Giordano	Goffredo Giordano	1	PE8	1	PE	1	101039198	autori_scopus_preferred-name_erc.tsv	2026-09-29 13:41:05.904000	57216593054	0	PE	1546	1796	531928	1284	71.49220489977728
6abbbff12297e265fbed75f3	57203142562	Giordano G.	Goffredo	Giordano	Goffredo Giordano	1	PE8	1	PE	1	101039198	autori_scopus_preferred-name_erc.tsv	2026-09-29 13:41:05.904000	56806349200	0	PE	1546	3248	531928	3230	99.44581280788178
6abbbff12297e265fbed75f3	57203142562	Giordano G.	Goffredo	Giordano	Goffredo Giordano	1	PE8	1	PE	1	101039198	autori_scopus_preferred-name_erc.tsv	2026-09-29 13:41:05.904000	57196834241	0	PE	1546	330	531928	61	18.484848484848484
6abbbff12297e265fbed75f3	57203142562	Giordano G.	Goffredo	Giordano	Goffredo Giordano	1	PE8	1	PE	1	101039198	autori_scopus_preferred-name_erc.tsv	2026-09-29 13:41:05.904000	57203142562	1	PE	1546	648	531928	648	100.0
6abbbff12297e265fbed75f3	57203142562	Giordano G.	Goffredo	Giordano	Goffredo Giordano	1	PE8	1	PE	1	101039198	autori_scopus_preferred-name_erc.tsv	2026-09-29 13:41:05.904000	57204645152	0	PE	1546	1471	531928	1380	93.8137321549966
6abbbff12297e265fbed760e	57204645152	Giordano G.	Girolamo	Giordano	Girolamo Giordano	1	PE5	1	PE	1	101054004	autori_scopus_preferred-name_erc.tsv	2026-09-29 13:41:05.911000	57216593054	0	PE	1546	1796	531928	1284	71.49220489977728
6abbbff12297e265fbed760e	57204645152	Giordano G.	Girolamo	Giordano	Girolamo Giordano	1	PE5	1	PE	1	101054004	autori_scopus_preferred-name_erc.tsv	2026-09-29 13:41:05.911000	56806349200	0	PE	1546	3248	531928	3230	99.44581280788178
6abbbff12297e265fbed760e	57204645152	Giordano G.	Girolamo	Giordano	Girolamo Giordano	1	PE5	1	PE	1	101054004	autori_scopus_preferred-name_erc.tsv	2026-09-29 13:41:05.911000	57196834241	0	PE	1546	330	531928	61	18.484848484848484
6abbbff12297e265fbed760e	57204645152	Giordano G.	Girolamo	Giordano	Girolamo Giordano	1	PE5	1	PE	1	101054004	autori_scopus_preferred-name_erc.tsv	2026-09-29 13:41:05.911000	57203142562	0	PE	1546	648	531928	648	100.0
6abbbff12297e265fbed760e	57204645152	Giordano G.	Girolamo	Giordano	Girolamo Giordano	1	PE5	1	PE	1	101054004	autori_scopus_preferred-name_erc.tsv	2026-09-29 13:41:05.911000	57204645152	1	PE	1546	1471	531928	1380	93.8137321549966
6abbbff12297e265fbed7077	7004019407	Lodato G.	Giuseppe	Lodato	Giuseppe Lodato	1	PE9	1	PE	3	101039651 - 101076613 - 101104656	autori_scopus_preferred-name_erc.tsv	2026-09-29 13:41:05.223000	7004019407	1	PE	1546	4716	531928	4541	96.28922815945717
6abbbff12297e265fbed7077	7004019407	Lodato G.	Giuseppe	Lodato	Giuseppe Lodato	1	PE9	1	PE	3	101039651 - 101076613 - 101104656	autori_scopus_preferred-name_erc.tsv	2026-09-29 13:41:05.223000	36021173000	0	PE	1546	666	531928	61	9.15915915915916
6abbbff12297e265fbed73dd	36021173000	Lodato S.	Simona	Lodato	Simona Lodato	1	LS5	1	LS	1	101043003	autori_scopus_preferred-name_erc.tsv	2026-09-29 13:41:05.702000	7004019407	0	LS	394	4716	230606	15	0.3180661577608142
6abbbff12297e265fbed73dd	36021173000	Lodato S.	Simona	Lodato	Simona Lodato	1	LS5	1	LS	1	101043003	autori_scopus_preferred-name_erc.tsv	2026-09-29 13:41:05.702000	36021173000	1	LS	394	666	230606	430	64.56456456456456
6abbbff12297e265fbed708d	57197815917	Pinto F.	Federica	Pinto	Federica Pinto	1	LS8	1	LS	1	101045015	autori_scopus_preferred-name_erc.tsv	2026-09-29 13:41:05.244000	57197815917	1	LS	394	546	230606	546	100.0
6abbbff12297e265fbed708d	57197815917	Pinto F.	Federica	Pinto	Federica Pinto	1	LS8	1	LS	1	101045015	autori_scopus_preferred-name_erc.tsv	2026-09-29 13:41:05.244000	57195271004	0	LS	394	129	230606	4	3.10077519379845
6abbbff12297e265fbed708d	57197815917	Pinto F.	Federica	Pinto	Federica Pinto	1	LS8	1	LS	1	101045015	autori_scopus_preferred-name_erc.tsv	2026-09-29 13:41:05.244000	58859358000	0	LS	394	1048	230606	15	1.4312977099236641
6abbbff12297e265fbed759d	57195271004	Pinto D.	Diogo E.P.	Pinto	Diogo E. P. Pinto	1	PE3	1	PE	1	101040035	autori_scopus_preferred-name_erc.tsv	2026-09-29 13:41:05.880000	57197815917	0	PE	1546	546	531928	131	23.992673992673993
6abbbff12297e265fbed759d	57195271004	Pinto D.	Diogo E.P.	Pinto	Diogo E. P. Pinto	1	PE3	1	PE	1	101040035	autori_scopus_preferred-name_erc.tsv	2026-09-29 13:41:05.880000	57195271004	1	PE	1546	129	531928	129	100.0
6abbbff12297e265fbed759d	57195271004	Pinto D.	Diogo E.P.	Pinto	Diogo E. P. Pinto	1	PE3	1	PE	1	101040035	autori_scopus_preferred-name_erc.tsv	2026-09-29 13:41:05.880000	58859358000	0	PE	1546	1048	531928	101	9.63740458015267
6abbbff22297e265fbed77b8	58859358000	Pinto J.	Joaquim G.	Pinto	Joaquim G. Pinto	1	SH6	1	SH	1	101052653	autori_scopus_preferred-name_erc.tsv	2026-09-29 13:41:06.140000	57197815917	0	SH	189	546	102795	48	8.791208791208792
6abbbff22297e265fbed77b8	58859358000	Pinto J.	Joaquim G.	Pinto	Joaquim G. Pinto	1	SH6	1	SH	1	101052653	autori_scopus_preferred-name_erc.tsv	2026-09-29 13:41:06.140000	57195271004	0	SH	189	129	102795	0	0.0
6abbbff22297e265fbed77b8	58859358000	Pinto J.	Joaquim G.	Pinto	Joaquim G. Pinto	1	SH6	1	SH	1	101052653	autori_scopus_preferred-name_erc.tsv	2026-09-29 13:41:06.140000	58859358000	1	SH	189	1048	102795	34	3.2442748091603053
6abbbff12297e265fbed738b	26324486200	Singh D.	Deepak	Singh	Deepak Singh	1	PE5	1	PE	1	101040025	autori_scopus_preferred-name_erc.tsv	2026-09-29 13:41:05.669000	26324486200	1	PE	1546	99	531928	74	74.74747474747475
6abbbff12297e265fbed738b	26324486200	Singh D.	Deepak	Singh	Deepak Singh	1	PE5	1	PE	1	101040025	autori_scopus_preferred-name_erc.tsv	2026-09-29 13:41:05.669000	57898515400	0	PE	1546	883	531928	87	9.85277463193658
6abbbff22297e265fbed7751	57898515400	Singh M.	Mandeep	Singh	Mandeep Singh	1	PE8	1	PE	1	101061820	autori_scopus_preferred-name_erc.tsv	2026-09-29 13:41:06.076000	26324486200	0	PE	1546	99	531928	74	74.74747474747475
6abbbff22297e265fbed7751	57898515400	Singh M.	Mandeep	Singh	Mandeep Singh	1	PE8	1	PE	1	101061820	autori_scopus_preferred-name_erc.tsv	2026-09-29 13:41:06.076000	57898515400	1	PE	1546	883	531928	87	9.85277463193658
6abbbff12297e265fbed7091	57224195115	Carbone C.	Chiara	Carbone	Chiara Carbone	1	SH4	1	SH	1	101042625	autori_scopus_preferred-name_erc.tsv	2026-09-29 13:41:05.248000	57224195115	1	SH	189	240	102795	240	100.0
6abbbff12297e265fbed7091	57224195115	Carbone C.	Chiara	Carbone	Chiara Carbone	1	SH4	1	SH	1	101042625	autori_scopus_preferred-name_erc.tsv	2026-09-29 13:41:05.248000	7005260033	0	SH	189	392	102795	2	0.5102040816326531
6abbbff12297e265fbed7091	57224195115	Carbone C.	Chiara	Carbone	Chiara Carbone	1	SH4	1	SH	1	101042625	autori_scopus_preferred-name_erc.tsv	2026-09-29 13:41:05.248000	57878631100	0	SH	189	233	102795	15	6.437768240343347
6abbbff12297e265fbed72cd	7005260033	Carbone F.	Fabrizio	Carbone	Fabrizio Carbone	1	PE2	1	PE	1	101101048	autori_scopus_preferred-name_erc.tsv	2026-09-29 13:41:05.558000	57224195115	0	PE	1546	240	531928	16	6.666666666666667
6abbbff12297e265fbed72cd	7005260033	Carbone F.	Fabrizio	Carbone	Fabrizio Carbone	1	PE2	1	PE	1	101101048	autori_scopus_preferred-name_erc.tsv	2026-09-29 13:41:05.558000	7005260033	1	PE	1546	392	531928	362	92.3469387755102
6abbbff12297e265fbed72cd	7005260033	Carbone F.	Fabrizio	Carbone	Fabrizio Carbone	1	PE2	1	PE	1	101101048	autori_scopus_preferred-name_erc.tsv	2026-09-29 13:41:05.558000	57878631100	0	PE	1546	233	531928	22	9.44206008583691
6abbbff22297e265fbed774f	57878631100	Carbone E.	Erika	Carbone	Erika Carbone	1	LS1	1	LS	1	101041298	autori_scopus_preferred-name_erc.tsv	2026-09-29 13:41:06.074000	57224195115	0	LS	394	240	230606	85	35.41666666666667
6abbbff22297e265fbed774f	57878631100	Carbone E.	Erika	Carbone	Erika Carbone	1	LS1	1	LS	1	101041298	autori_scopus_preferred-name_erc.tsv	2026-09-29 13:41:06.074000	7005260033	0	LS	394	392	230606	4	1.0204081632653061
6abbbff22297e265fbed774f	57878631100	Carbone E.	Erika	Carbone	Erika Carbone	1	LS1	1	LS	1	101041298	autori_scopus_preferred-name_erc.tsv	2026-09-29 13:41:06.074000	57878631100	1	LS	394	233	230606	197	84.54935622317596
6abbbff12297e265fbed709c	36460968600	Gatti T.	T.	Gatti	Teresa Gatti	1	PE11	1	PE	1	101041229	autori_scopus_preferred-name_erc.tsv	2026-09-29 13:41:05.257000	36460968600	1	PE	1546	1757	531928	1733	98.63403528742174
6abbbff12297e265fbed709c	36460968600	Gatti T.	T.	Gatti	Teresa Gatti	1	PE11	1	PE	1	101041229	autori_scopus_preferred-name_erc.tsv	2026-09-29 13:41:05.257000	57219563056	0	PE	1546	1113	531928	31	2.785265049415993
6abbbff12297e265fbed76ae	57219563056	Gatti D.	Daniele	Gatti	Daniele Gatti	1	SH4	1	SH	1	101087053	autori_scopus_preferred-name_erc.tsv	2026-09-29 13:41:05.955000	36460968600	0	SH	189	1757	102795	7	0.398406374501992
6abbbff12297e265fbed76ae	57219563056	Gatti D.	Daniele	Gatti	Daniele Gatti	1	SH4	1	SH	1	101087053	autori_scopus_preferred-name_erc.tsv	2026-09-29 13:41:05.955000	57219563056	1	SH	189	1113	102795	377	33.872416891284814
6abbbff12297e265fbed709e	54991922900	Natali M.	Mirco	Natali	Mirco Natali	1	PE5	1	PE	4	101077698 - 101040025 - 101106125 - 101105828	autori_scopus_preferred-name_erc.tsv	2026-09-29 13:41:05.259000	54991922900	1	PE	1546	1310	531928	712	54.351145038167935
6abbbff12297e265fbed709e	54991922900	Natali M.	Mirco	Natali	Mirco Natali	1	PE5	1	PE	4	101077698 - 101040025 - 101106125 - 101105828	autori_scopus_preferred-name_erc.tsv	2026-09-29 13:41:05.259000	58883046200	0	PE	1546	0	531928	0	0
6abbbff12297e265fbed729f	58883046200	Natali D.	Daniele	Natali	Daniele Natali	1	PE8	1	PE	1	101039467	autori_scopus_preferred-name_erc.tsv	2026-09-29 13:41:05.537000	54991922900	0	PE	1546	1310	531928	712	54.351145038167935
6abbbff12297e265fbed729f	58883046200	Natali D.	Daniele	Natali	Daniele Natali	1	PE8	1	PE	1	101039467	autori_scopus_preferred-name_erc.tsv	2026-09-29 13:41:05.537000	58883046200	1	PE	1546	0	531928	0	0
6abbbff12297e265fbed70a2	56856637200	Fabiani C.	Claudia	Fabiani	Claudia Fabiani	1	PE8	1	PE	1	101041255	autori_scopus_preferred-name_erc.tsv	2026-09-29 13:41:05.263000	56856637200	1	PE	1546	2553	531928	2553	100.0
6abbbff12297e265fbed70a2	56856637200	Fabiani C.	Claudia	Fabiani	Claudia Fabiani	1	PE8	1	PE	1	101041255	autori_scopus_preferred-name_erc.tsv	2026-09-29 13:41:05.263000	24073172400	0	PE	1546	1770	531928	1770	100.0
6abbbff12297e265fbed712b	24073172400	Fabiani S.	Sergio	Fabiani	Sergio Fabiani	1	PE9	1	PE	1	101076343	autori_scopus_preferred-name_erc.tsv	2026-09-29 13:41:05.342000	56856637200	0	PE	1546	2553	531928	2553	100.0
6abbbff12297e265fbed712b	24073172400	Fabiani S.	Sergio	Fabiani	Sergio Fabiani	1	PE9	1	PE	1	101076343	autori_scopus_preferred-name_erc.tsv	2026-09-29 13:41:05.342000	24073172400	1	PE	1546	1770	531928	1770	100.0
6abbbff12297e265fbed70a8	57214531455	Esposito M.	Massimilliano	Esposito	M. Esposito	1	PE9	1	PE	1	101052347	autori_scopus_preferred-name_erc.tsv	2026-09-29 13:41:05.268000	57214531455	1	PE	1546	2083	531928	2083	100.0
6abbbff12297e265fbed70a8	57214531455	Esposito M.	Massimilliano	Esposito	M. Esposito	1	PE9	1	PE	1	101052347	autori_scopus_preferred-name_erc.tsv	2026-09-29 13:41:05.268000	35276925200	0	PE	1546	517	531928	169	32.688588007736946
6abbbff12297e265fbed70a8	57214531455	Esposito M.	Massimilliano	Esposito	M. Esposito	1	PE9	1	PE	1	101052347	autori_scopus_preferred-name_erc.tsv	2026-09-29 13:41:05.268000	57209463887	0	PE	1546	313	531928	12	3.8338658146964857
6abbbff12297e265fbed70a8	57214531455	Esposito M.	Massimilliano	Esposito	M. Esposito	1	PE9	1	PE	1	101052347	autori_scopus_preferred-name_erc.tsv	2026-09-29 13:41:05.268000	57217173071	0	PE	1546	216	531928	11	5.092592592592593
6abbbff12297e265fbed73ba	35276925200	Esposito I.	Iréne	Esposito	Irene Esposito	1	PE8	1	PE	1	101040383	autori_scopus_preferred-name_erc.tsv	2026-09-29 13:41:05.686000	57214531455	0	PE	1546	2083	531928	2083	100.0
6abbbff12297e265fbed73ba	35276925200	Esposito I.	Iréne	Esposito	Irene Esposito	1	PE8	1	PE	1	101040383	autori_scopus_preferred-name_erc.tsv	2026-09-29 13:41:05.686000	35276925200	1	PE	1546	517	531928	169	32.688588007736946
6abbbff12297e265fbed73ba	35276925200	Esposito I.	Iréne	Esposito	Irene Esposito	1	PE8	1	PE	1	101040383	autori_scopus_preferred-name_erc.tsv	2026-09-29 13:41:05.686000	57209463887	0	PE	1546	313	531928	12	3.8338658146964857
6abbbff12297e265fbed73ba	35276925200	Esposito I.	Iréne	Esposito	Irene Esposito	1	PE8	1	PE	1	101040383	autori_scopus_preferred-name_erc.tsv	2026-09-29 13:41:05.686000	57217173071	0	PE	1546	216	531928	11	5.092592592592593
6abbbff12297e265fbed763f	57209463887	Esposito C.	Carmen Mariarosaria	Esposito	Carmen Esposito	1	SH6	1	SH	2	101065320 - 101077348	autori_scopus_preferred-name_erc.tsv	2026-09-29 13:41:05.922000	57214531455	0	SH	189	2083	102795	11	0.528084493518963
6abbbff12297e265fbed763f	57209463887	Esposito C.	Carmen Mariarosaria	Esposito	Carmen Esposito	1	SH6	1	SH	2	101065320 - 101077348	autori_scopus_preferred-name_erc.tsv	2026-09-29 13:41:05.922000	35276925200	0	SH	189	517	102795	9	1.7408123791102514
6abbbff12297e265fbed763f	57209463887	Esposito C.	Carmen Mariarosaria	Esposito	Carmen Esposito	1	SH6	1	SH	2	101065320 - 101077348	autori_scopus_preferred-name_erc.tsv	2026-09-29 13:41:05.922000	57209463887	1	SH	189	313	102795	211	67.41214057507987
6abbbff12297e265fbed763f	57209463887	Esposito C.	Carmen Mariarosaria	Esposito	Carmen Esposito	1	SH6	1	SH	2	101065320 - 101077348	autori_scopus_preferred-name_erc.tsv	2026-09-29 13:41:05.922000	57217173071	0	SH	189	216	102795	8	3.7037037037037033
6abbbff12297e265fbed768c	57217173071	Esposito F.	Federica	Esposito	Federica Esposito	1	LS8	1	LS	1	101045015	autori_scopus_preferred-name_erc.tsv	2026-09-29 13:41:05.938000	57214531455	0	LS	394	2083	230606	35	1.6802688430148822
6abbbff12297e265fbed768c	57217173071	Esposito F.	Federica	Esposito	Federica Esposito	1	LS8	1	LS	1	101045015	autori_scopus_preferred-name_erc.tsv	2026-09-29 13:41:05.938000	35276925200	0	LS	394	517	230606	98	18.95551257253385
6abbbff12297e265fbed768c	57217173071	Esposito F.	Federica	Esposito	Federica Esposito	1	LS8	1	LS	1	101045015	autori_scopus_preferred-name_erc.tsv	2026-09-29 13:41:05.938000	57209463887	0	LS	394	313	230606	11	3.5143769968051117
6abbbff12297e265fbed768c	57217173071	Esposito F.	Federica	Esposito	Federica Esposito	1	LS8	1	LS	1	101045015	autori_scopus_preferred-name_erc.tsv	2026-09-29 13:41:05.938000	57217173071	1	LS	394	216	230606	216	100.0
6abbbff12297e265fbed70d8	56038545500	Rodríguez A.	Alex	Rodríguez	Alex Rodriguez	1	PE4	1	PE	1	101043272	autori_scopus_preferred-name_erc.tsv	2026-09-29 13:41:05.306000	56038545500	1	PE	1546	1257	531928	1215	96.65871121718376
6abbbff12297e265fbed70d8	56038545500	Rodríguez A.	Alex	Rodríguez	Alex Rodriguez	1	PE4	1	PE	1	101043272	autori_scopus_preferred-name_erc.tsv	2026-09-29 13:41:05.306000	58897772900	0	PE	1546	0	531928	0	0
6abbbff22297e265fbed77bd	58897772900	Rodríguez R.	Ricardo I.	Rodríguez	Ricardo I. Rodríguez	1	PE5	1	PE	3	101040025 - 101106125 - 101105828	autori_scopus_preferred-name_erc.tsv	2026-09-29 13:41:06.143000	56038545500	0	PE	1546	1257	531928	1215	96.65871121718376
6abbbff22297e265fbed77bd	58897772900	Rodríguez R.	Ricardo I.	Rodríguez	Ricardo I. Rodríguez	1	PE5	1	PE	3	101040025 - 101106125 - 101105828	autori_scopus_preferred-name_erc.tsv	2026-09-29 13:41:06.143000	58897772900	1	PE	1546	0	531928	0	0
6abbbff12297e265fbed70d9	56089514300	Cutolo A.	A.	Cutolo	Arsenio Cutolo	1	PE8	1	PE	1	101052956	autori_scopus_preferred-name_erc.tsv	2026-09-29 13:41:05.307000	56089514300	1	PE	1546	1062	531928	933	87.85310734463276
6abbbff12297e265fbed70d9	56089514300	Cutolo A.	A.	Cutolo	Arsenio Cutolo	1	PE8	1	PE	1	101052956	autori_scopus_preferred-name_erc.tsv	2026-09-29 13:41:05.307000	57211005005	0	PE	1546	1148	531928	61	5.313588850174216
6abbbff12297e265fbed7254	57211005005	Cutolo E.	Edoardo Andrea	Cutolo	Edoardo Andrea Cutolo	1	LS9	1	LS	1	101053983	autori_scopus_preferred-name_erc.tsv	2026-09-29 13:41:05.493000	56089514300	0	LS	394	1062	230606	29	2.7306967984934087
6abbbff12297e265fbed7254	57211005005	Cutolo E.	Edoardo Andrea	Cutolo	Edoardo Andrea Cutolo	1	LS9	1	LS	1	101053983	autori_scopus_preferred-name_erc.tsv	2026-09-29 13:41:05.493000	57211005005	1	LS	394	1148	230606	988	86.06271777003485
6abbbff12297e265fbed70eb	57194782748	Biagi N.	Nicola	Biagi	Nicola Biagi	1	PE7	1	PE	1	101077917	autori_scopus_preferred-name_erc.tsv	2026-09-29 13:41:05.316000	57194782748	1	PE	1546	443	531928	443	100.0
6abbbff12297e265fbed70eb	57194782748	Biagi N.	Nicola	Biagi	Nicola Biagi	1	PE7	1	PE	1	101077917	autori_scopus_preferred-name_erc.tsv	2026-09-29 13:41:05.316000	7003861327	0	PE	1546	2546	531928	2419	95.01178318931657
6abbbff22297e265fbed78cb	7003861327	Biagi S.	Simone	Biagi	S. Biagi	1	PE9	1	PE	1	101076343	autori_scopus_preferred-name_erc.tsv	2026-09-29 13:41:06.333000	57194782748	0	PE	1546	443	531928	443	100.0
6abbbff22297e265fbed78cb	7003861327	Biagi S.	Simone	Biagi	S. Biagi	1	PE9	1	PE	1	101076343	autori_scopus_preferred-name_erc.tsv	2026-09-29 13:41:06.333000	7003861327	1	PE	1546	2546	531928	2419	95.01178318931657
6abbbff12297e265fbed70ec	57199326106	Antonelli L.	Lucio Angelo	Antonelli	Lucio Angelo Antonelli	1	PE9	1	PE	1	101076343	autori_scopus_preferred-name_erc.tsv	2026-09-29 13:41:05.316000	57199326106	1	PE	1546	4738	531928	4702	99.24018573237653
6abbbff12297e265fbed70ec	57199326106	Antonelli L.	Lucio Angelo	Antonelli	Lucio Angelo Antonelli	1	PE9	1	PE	1	101076343	autori_scopus_preferred-name_erc.tsv	2026-09-29 13:41:05.316000	35095999100	0	PE	1546	8217	531928	8181	99.5618838992333
6abbbff12297e265fbed70ec	57199326106	Antonelli L.	Lucio Angelo	Antonelli	Lucio Angelo Antonelli	1	PE9	1	PE	1	101076343	autori_scopus_preferred-name_erc.tsv	2026-09-29 13:41:05.316000	7003984798	0	PE	1546	1139	531928	277	24.319578577699737
6abbbff12297e265fbed73a0	35095999100	Antonelli M.	Mario	Antonelli	M. Antonelli	1	PE2	1	PE	1	101089007	autori_scopus_preferred-name_erc.tsv	2026-09-29 13:41:05.677000	57199326106	0	PE	1546	4738	531928	4702	99.24018573237653
6abbbff12297e265fbed73a0	35095999100	Antonelli M.	Mario	Antonelli	M. Antonelli	1	PE2	1	PE	1	101089007	autori_scopus_preferred-name_erc.tsv	2026-09-29 13:41:05.677000	35095999100	1	PE	1546	8217	531928	8181	99.5618838992333
6abbbff12297e265fbed73a0	35095999100	Antonelli M.	Mario	Antonelli	M. Antonelli	1	PE2	1	PE	1	101089007	autori_scopus_preferred-name_erc.tsv	2026-09-29 13:41:05.677000	7003984798	0	PE	1546	1139	531928	277	24.319578577699737
6abbbff22297e265fbed78d4	7003984798	Antonelli C.	Cristian	Antonelli	Cristian Antonelli	1	PE7	1	PE	1	101077917	autori_scopus_preferred-name_erc.tsv	2026-09-29 13:41:06.340000	57199326106	0	PE	1546	4738	531928	4702	99.24018573237653
6abbbff22297e265fbed78d4	7003984798	Antonelli C.	Cristian	Antonelli	Cristian Antonelli	1	PE7	1	PE	1	101077917	autori_scopus_preferred-name_erc.tsv	2026-09-29 13:41:06.340000	35095999100	0	PE	1546	8217	531928	8181	99.5618838992333
6abbbff22297e265fbed78d4	7003984798	Antonelli C.	Cristian	Antonelli	Cristian Antonelli	1	PE7	1	PE	1	101077917	autori_scopus_preferred-name_erc.tsv	2026-09-29 13:41:06.340000	7003984798	1	PE	1546	1139	531928	277	24.319578577699737
6abbbff12297e265fbed70ed	57200755004	Wang M.	Mengjiao	Wang	Mengjiao Wang	1	PE11	1	PE	1	101041229	autori_scopus_preferred-name_erc.tsv	2026-09-29 13:41:05.317000	57200755004	1	PE	1546	567	531928	493	86.94885361552028
6abbbff12297e265fbed70ed	57200755004	Wang M.	Mengjiao	Wang	Mengjiao Wang	1	PE11	1	PE	1	101041229	autori_scopus_preferred-name_erc.tsv	2026-09-29 13:41:05.317000	57224735774	0	PE	1546	362	531928	56	15.469613259668508
6abbbff22297e265fbed76f4	57224735774	Wang Q.	Qiuran	Wang	Qiuran Wang	1	SH4	1	SH	1	101096728	autori_scopus_preferred-name_erc.tsv	2026-09-29 13:41:06.005000	57200755004	0	SH	189	567	102795	4	0.7054673721340388
6abbbff22297e265fbed76f4	57224735774	Wang Q.	Qiuran	Wang	Qiuran Wang	1	SH4	1	SH	1	101096728	autori_scopus_preferred-name_erc.tsv	2026-09-29 13:41:06.005000	57224735774	1	SH	189	362	102795	362	100.0
6abbbff12297e265fbed70f3	57214470766	Gamba R.	Rossella	Gamba	Rossella Gamba	1	PE9	1	PE	1	101043372	autori_scopus_preferred-name_erc.tsv	2026-09-29 13:41:05.320000	57214470766	1	PE	1546	616	531928	607	98.53896103896103
6abbbff12297e265fbed70f3	57214470766	Gamba R.	Rossella	Gamba	Rossella Gamba	1	PE9	1	PE	1	101043372	autori_scopus_preferred-name_erc.tsv	2026-09-29 13:41:05.320000	23392458000	0	PE	1546	2318	531928	60	2.5884383088869716
6abbbff12297e265fbed71b9	23392458000	Gamba M.	Marco	Gamba	Marco Gamba	1	SH4	1	SH	1	101041885	autori_scopus_preferred-name_erc.tsv	2026-09-29 13:41:05.416000	57214470766	0	SH	189	616	102795	4	0.6493506493506493
6abbbff12297e265fbed71b9	23392458000	Gamba M.	Marco	Gamba	Marco Gamba	1	SH4	1	SH	1	101041885	autori_scopus_preferred-name_erc.tsv	2026-09-29 13:41:05.416000	23392458000	1	SH	189	2318	102795	1449	62.51078515962036
6abbbff12297e265fbed70fe	57427422000	Ricci L.	Liviana	Ricci	Liviana Ricci	1	LS8	1	LS	1	101045015	autori_scopus_preferred-name_erc.tsv	2026-09-29 13:41:05.324000	57427422000	1	LS	394	245	230606	170	69.38775510204081
6abbbff12297e265fbed70fe	57427422000	Ricci L.	Liviana	Ricci	Liviana Ricci	1	LS8	1	LS	1	101045015	autori_scopus_preferred-name_erc.tsv	2026-09-29 13:41:05.324000	57218589809	0	LS	394	284	230606	9	3.169014084507042
6abbbff12297e265fbed70fe	57427422000	Ricci L.	Liviana	Ricci	Liviana Ricci	1	LS8	1	LS	1	101045015	autori_scopus_preferred-name_erc.tsv	2026-09-29 13:41:05.324000	57209088804	0	LS	394	723	230606	82	11.341632088520056
6abbbff12297e265fbed726e	57218589809	Ricci S.	Saverio	Ricci	Saverio Ricci	1	PE7	1	PE	1	101042585	autori_scopus_preferred-name_erc.tsv	2026-09-29 13:41:05.508000	57427422000	0	PE	1546	245	531928	46	18.775510204081634
6abbbff12297e265fbed726e	57218589809	Ricci S.	Saverio	Ricci	Saverio Ricci	1	PE7	1	PE	1	101042585	autori_scopus_preferred-name_erc.tsv	2026-09-29 13:41:05.508000	57218589809	1	PE	1546	284	531928	284	100.0
6abbbff12297e265fbed726e	57218589809	Ricci S.	Saverio	Ricci	Saverio Ricci	1	PE7	1	PE	1	101042585	autori_scopus_preferred-name_erc.tsv	2026-09-29 13:41:05.508000	57209088804	0	PE	1546	723	531928	66	9.12863070539419
6abbbff12297e265fbed763c	57209088804	Ricci S.	Stefano	Ricci	Stefano Ricci	1	SH6	1	SH	1	101077348	autori_scopus_preferred-name_erc.tsv	2026-09-29 13:41:05.921000	57427422000	0	SH	189	245	102795	15	6.122448979591836
6abbbff12297e265fbed763c	57209088804	Ricci S.	Stefano	Ricci	Stefano Ricci	1	SH6	1	SH	1	101077348	autori_scopus_preferred-name_erc.tsv	2026-09-29 13:41:05.921000	57218589809	0	SH	189	284	102795	14	4.929577464788732
6abbbff12297e265fbed763c	57209088804	Ricci S.	Stefano	Ricci	Stefano Ricci	1	SH6	1	SH	1	101077348	autori_scopus_preferred-name_erc.tsv	2026-09-29 13:41:05.921000	57209088804	1	SH	189	723	102795	598	82.71092669432917
6abbbff12297e265fbed7101	58003585600	Calcaterra S.	Stefano	Calcaterra	Stefano Calcaterra	1	PE7	1	PE	1	101097569	autori_scopus_preferred-name_erc.tsv	2026-09-29 13:41:05.326000	58003585600	1	PE	1546	100	531928	100	100.0
6abbbff12297e265fbed7101	58003585600	Calcaterra S.	Stefano	Calcaterra	Stefano Calcaterra	1	PE7	1	PE	1	101097569	autori_scopus_preferred-name_erc.tsv	2026-09-29 13:41:05.326000	58730345300	0	PE	1546	52	531928	1	1.9230769230769231
6abbbff22297e265fbed77a9	58730345300	Calcaterra M.	Matteo	Calcaterra	Matteo Calcaterra	1	SH7	1	SH	2	101044703 - 101056873	autori_scopus_preferred-name_erc.tsv	2026-09-29 13:41:06.128000	58003585600	0	SH	189	100	102795	0	0.0
6abbbff22297e265fbed77a9	58730345300	Calcaterra M.	Matteo	Calcaterra	Matteo Calcaterra	1	SH7	1	SH	2	101044703 - 101056873	autori_scopus_preferred-name_erc.tsv	2026-09-29 13:41:06.128000	58730345300	1	SH	189	52	102795	23	44.230769230769226
6abbbff12297e265fbed7109	6603679093	Isella G.	Giovanni	Isella	Giovanni Isella	1	PE7	1	PE	1	101097569	autori_scopus_preferred-name_erc.tsv	2026-09-29 13:41:05.329000	6603679093	1	PE	1546	1263	531928	901	71.33808392715756
6abbbff12297e265fbed7109	6603679093	Isella G.	Giovanni	Isella	Giovanni Isella	1	PE7	1	PE	1	101097569	autori_scopus_preferred-name_erc.tsv	2026-09-29 13:41:05.329000	8699469900	0	PE	1546	593	531928	593	100.0
6abbbff12297e265fbed72e4	8699469900	Isella A.	Andrea	Isella	Andrea Isella	1	PE9	1	PE	1	101076613	autori_scopus_preferred-name_erc.tsv	2026-09-29 13:41:05.567000	6603679093	0	PE	1546	1263	531928	901	71.33808392715756
6abbbff12297e265fbed72e4	8699469900	Isella A.	Andrea	Isella	Andrea Isella	1	PE9	1	PE	1	101076613	autori_scopus_preferred-name_erc.tsv	2026-09-29 13:41:05.567000	8699469900	1	PE	1546	593	531928	593	100.0
6abbbff12297e265fbed7118	7006063472	Raimondi M.	Manuela Teresa	Raimondi	Manuela Teresa Raimondi	1	PE8	1	PE	2	101068512 - 101053122	autori_scopus_preferred-name_erc.tsv	2026-09-29 13:41:05.335000	7006063472	1	PE	1546	2537	531928	2374	93.57508868742609
6abbbff12297e265fbed7118	7006063472	Raimondi M.	Manuela Teresa	Raimondi	Manuela Teresa Raimondi	1	PE8	1	PE	2	101068512 - 101053122	autori_scopus_preferred-name_erc.tsv	2026-09-29 13:41:05.335000	57222326454	0	PE	1546	666	531928	23	3.453453453453453
6abbbff12297e265fbed76e2	57222326454	Raimondi T.	Teresa	Raimondi	Teresa Raimondi	1	SH4	1	SH	1	101041885	autori_scopus_preferred-name_erc.tsv	2026-09-29 13:41:05.991000	7006063472	0	SH	189	2537	102795	43	1.694915254237288
6abbbff12297e265fbed76e2	57222326454	Raimondi T.	Teresa	Raimondi	Teresa Raimondi	1	SH4	1	SH	1	101041885	autori_scopus_preferred-name_erc.tsv	2026-09-29 13:41:05.991000	57222326454	1	SH	189	666	102795	604	90.69069069069069
6abbbff12297e265fbed7122	16029615600	Schiattarella G.	Gabriele Giacomo	Schiattarella	Gabriele G. Schiattarella	1	LS4	1	LS	1	101078307	autori_scopus_preferred-name_erc.tsv	2026-09-29 13:41:05.339000	16029615600	1	LS	394	1830	230606	552	30.16393442622951
6abbbff12297e265fbed7122	16029615600	Schiattarella G.	Gabriele Giacomo	Schiattarella	Gabriele G. Schiattarella	1	LS4	1	LS	1	101078307	autori_scopus_preferred-name_erc.tsv	2026-09-29 13:41:05.339000	57190862946	0	LS	394	239	230606	21	8.786610878661087
6abbbff12297e265fbed7222	57190862946	Schiattarella C.	Chiara	Schiattarella	Chiara Schiattarella	1	PE7	1	PE	1	101081567	autori_scopus_preferred-name_erc.tsv	2026-09-29 13:41:05.469000	16029615600	0	PE	1546	1830	531928	92	5.027322404371585
6abbbff12297e265fbed7222	57190862946	Schiattarella C.	Chiara	Schiattarella	Chiara Schiattarella	1	PE7	1	PE	1	101081567	autori_scopus_preferred-name_erc.tsv	2026-09-29 13:41:05.469000	57190862946	1	PE	1546	239	531928	106	44.35146443514644
6abbbff12297e265fbed7127	22836019000	Salvato M.	Mara	Salvato	Mara Salvato	1	PE9	1	PE	2	101086378 - 101045437	autori_scopus_preferred-name_erc.tsv	2026-09-29 13:41:05.341000	22836019000	1	PE	1546	2938	531928	2826	96.18788291354663
6abbbff12297e265fbed7127	22836019000	Salvato M.	Mara	Salvato	Mara Salvato	1	PE9	1	PE	2	101086378 - 101045437	autori_scopus_preferred-name_erc.tsv	2026-09-29 13:41:05.341000	57211158383	0	PE	1546	358	531928	101	28.212290502793298
6abbbff12297e265fbed764a	57211158383	Salvato E.	Erica	Salvato	Erica Salvato	1	PE7	1	PE	1	101076926	autori_scopus_preferred-name_erc.tsv	2026-09-29 13:41:05.925000	22836019000	0	PE	1546	2938	531928	2826	96.18788291354663
6abbbff12297e265fbed764a	57211158383	Salvato E.	Erica	Salvato	Erica Salvato	1	PE7	1	PE	1	101076926	autori_scopus_preferred-name_erc.tsv	2026-09-29 13:41:05.925000	57211158383	1	PE	1546	358	531928	101	28.212290502793298
6abbbff12297e265fbed7546	57189469058	Liu Z.	Zheming	Liu	Zheming Liu	1	PE11	1	PE	1	101041229	autori_scopus_preferred-name_erc.tsv	2026-09-29 13:41:05.848000	57189469058	1	PE	1546	281	531928	281	100.0
6abbbff12297e265fbed7546	57189469058	Liu Z.	Zheming	Liu	Zheming Liu	1	PE11	1	PE	1	101041229	autori_scopus_preferred-name_erc.tsv	2026-09-29 13:41:05.848000	57201201897	0	PE	1546	116	531928	116	100.0
6abbbff12297e265fbed75ce	57201201897	Liu Y.	Ying	Liu	Ying Liu	1	PE5	1	PE	1	101095974	autori_scopus_preferred-name_erc.tsv	2026-09-29 13:41:05.892000	57189469058	0	PE	1546	281	531928	281	100.0
6abbbff12297e265fbed75ce	57201201897	Liu Y.	Ying	Liu	Ying Liu	1	PE5	1	PE	1	101095974	autori_scopus_preferred-name_erc.tsv	2026-09-29 13:41:05.892000	57201201897	1	PE	1546	116	531928	116	100.0
6abbbff12297e265fbed7154	56284355200	Romano C.	C.	Romano	Claudia Romano	1	PE10	1	PE	1	101044772	autori_scopus_preferred-name_erc.tsv	2026-09-29 13:41:05.357000	56284355200	1	PE	1546	1930	531928	1632	84.55958549222798
6abbbff12297e265fbed7154	56284355200	Romano C.	C.	Romano	Claudia Romano	1	PE10	1	PE	1	101044772	autori_scopus_preferred-name_erc.tsv	2026-09-29 13:41:05.357000	57195250950	0	PE	1546	1251	531928	439	35.09192645883294
6abbbff12297e265fbed759c	57195250950	Romano V.	Valentino	Romano	Valentino Romano	1	PE11	1	PE	1	101055097	autori_scopus_preferred-name_erc.tsv	2026-09-29 13:41:05.880000	56284355200	0	PE	1546	1930	531928	1632	84.55958549222798
6abbbff12297e265fbed759c	57195250950	Romano V.	Valentino	Romano	Valentino Romano	1	PE11	1	PE	1	101055097	autori_scopus_preferred-name_erc.tsv	2026-09-29 13:41:05.880000	57195250950	1	PE	1546	1251	531928	439	35.09192645883294
6abbbff12297e265fbed7162	57193119619	Brunetti G.	Gianfranco F.	Brunetti	G. Brunetti	1	PE9	1	PE	1	101086378	autori_scopus_preferred-name_erc.tsv	2026-09-29 13:41:05.361000	57193119619	1	PE	1546	3311	531928	3303	99.75838115372999
6abbbff12297e265fbed7162	57193119619	Brunetti G.	Gianfranco F.	Brunetti	G. Brunetti	1	PE9	1	PE	1	101086378	autori_scopus_preferred-name_erc.tsv	2026-09-29 13:41:05.361000	57338928700	0	PE	1546	54	531928	17	31.48148148148148
6abbbff22297e265fbed7717	57338928700	Brunetti I.	Irene	Brunetti	Irene Brunetti	1	PE7	1	PE	1	101097876	autori_scopus_preferred-name_erc.tsv	2026-09-29 13:41:06.029000	57193119619	0	PE	1546	3311	531928	3303	99.75838115372999
6abbbff22297e265fbed7717	57338928700	Brunetti I.	Irene	Brunetti	Irene Brunetti	1	PE7	1	PE	1	101097876	autori_scopus_preferred-name_erc.tsv	2026-09-29 13:41:06.029000	57338928700	1	PE	1546	54	531928	17	31.48148148148148
6abbbff12297e265fbed7163	57194286495	Mecozzi B.	Beniamino	Mecozzi	Beniamino Mecozzi	1	SH6	1	SH	1	101052653	autori_scopus_preferred-name_erc.tsv	2026-09-29 13:41:05.362000	57194286495	1	SH	189	2404	102795	2269	94.38435940099833
6abbbff12297e265fbed7163	57194286495	Mecozzi B.	Beniamino	Mecozzi	Beniamino Mecozzi	1	SH6	1	SH	1	101052653	autori_scopus_preferred-name_erc.tsv	2026-09-29 13:41:05.362000	57203628230	0	SH	189	992	102795	5	0.5040322580645161
6abbbff12297e265fbed75fe	57203628230	Mecozzi A.	A.	Mecozzi	Antonio Mecozzi	1	PE7	1	PE	1	101077917	autori_scopus_preferred-name_erc.tsv	2026-09-29 13:41:05.907000	57194286495	0	PE	1546	2404	531928	144	5.990016638935108
6abbbff12297e265fbed75fe	57203628230	Mecozzi A.	A.	Mecozzi	Antonio Mecozzi	1	PE7	1	PE	1	101077917	autori_scopus_preferred-name_erc.tsv	2026-09-29 13:41:05.907000	57203628230	1	PE	1546	992	531928	304	30.64516129032258
6abbbff12297e265fbed7178	57477394000	Corti M.	Mattia	Corti	Mattia Corti	1	SYG-PE	1	PE	1	101115663	autori_scopus_preferred-name_erc.tsv	2026-09-29 13:41:05.368000	57477394000	1	PE	1546	182	531928	182	100.0
6abbbff12297e265fbed7178	57477394000	Corti M.	Mattia	Corti	Mattia Corti	1	SYG-PE	1	PE	1	101115663	autori_scopus_preferred-name_erc.tsv	2026-09-29 13:41:05.368000	56581966700	0	PE	1546	205	531928	119	58.048780487804876
6abbbff12297e265fbed7178	57477394000	Corti M.	Mattia	Corti	Mattia Corti	1	SYG-PE	1	PE	1	101115663	autori_scopus_preferred-name_erc.tsv	2026-09-29 13:41:05.368000	7006220309	0	PE	1546	1721	531928	1627	94.53805926786751
6abbbff12297e265fbed74ff	56581966700	Corti V.	Vasco	Corti	Vasco Corti	1	PE5	1	PE	3	101040025 - 101106125 - 101105828	autori_scopus_preferred-name_erc.tsv	2026-09-29 13:41:05.818000	57477394000	0	PE	1546	182	531928	182	100.0
6abbbff12297e265fbed74ff	56581966700	Corti V.	Vasco	Corti	Vasco Corti	1	PE5	1	PE	3	101040025 - 101106125 - 101105828	autori_scopus_preferred-name_erc.tsv	2026-09-29 13:41:05.818000	56581966700	1	PE	1546	205	531928	119	58.048780487804876
6abbbff12297e265fbed74ff	56581966700	Corti V.	Vasco	Corti	Vasco Corti	1	PE5	1	PE	3	101040025 - 101106125 - 101105828	autori_scopus_preferred-name_erc.tsv	2026-09-29 13:41:05.818000	7006220309	0	PE	1546	1721	531928	1627	94.53805926786751
6abbbff22297e265fbed791c	7006220309	Corti G.	Giacomo	Corti	Giacomo Corti	1	PE10	1	PE	2	101087245 - 101119486	autori_scopus_preferred-name_erc.tsv	2026-09-29 13:41:06.374000	57477394000	0	PE	1546	182	531928	182	100.0
6abbbff22297e265fbed791c	7006220309	Corti G.	Giacomo	Corti	Giacomo Corti	1	PE10	1	PE	2	101087245 - 101119486	autori_scopus_preferred-name_erc.tsv	2026-09-29 13:41:06.374000	56581966700	0	PE	1546	205	531928	119	58.048780487804876
6abbbff22297e265fbed791c	7006220309	Corti G.	Giacomo	Corti	Giacomo Corti	1	PE10	1	PE	2	101087245 - 101119486	autori_scopus_preferred-name_erc.tsv	2026-09-29 13:41:06.374000	7006220309	1	PE	1546	1721	531928	1627	94.53805926786751
6abbbff12297e265fbed717b	57668086600	Kim D.	Dawoon E.	Kim	Dawoon E. Kim	1	PE9	1	PE	1	101076343	autori_scopus_preferred-name_erc.tsv	2026-09-29 13:41:05.369000	57668086600	1	PE	1546	739	531928	703	95.12855209742895
6abbbff12297e265fbed717b	57668086600	Kim D.	Dawoon E.	Kim	Dawoon E. Kim	1	PE9	1	PE	1	101076343	autori_scopus_preferred-name_erc.tsv	2026-09-29 13:41:05.369000	58290088200	0	PE	1546	49	531928	49	100.0
6abbbff12297e265fbed7297	58290088200	Kim S.	Sung-hwan	Kim	Sung-Hwan Kim	1	PE6	1	PE	1	101039208	autori_scopus_preferred-name_erc.tsv	2026-09-29 13:41:05.534000	57668086600	0	PE	1546	739	531928	703	95.12855209742895
6abbbff12297e265fbed7297	58290088200	Kim S.	Sung-hwan	Kim	Sung-Hwan Kim	1	PE6	1	PE	1	101039208	autori_scopus_preferred-name_erc.tsv	2026-09-29 13:41:05.534000	58290088200	1	PE	1546	49	531928	49	100.0
6abbbff12297e265fbed719c	7402527192	Costa E.	Enrico	Costa	Enrico Costa	1	PE9	1	PE	1	101076343	autori_scopus_preferred-name_erc.tsv	2026-09-29 13:41:05.397000	7402527192	1	PE	1546	2506	531928	2506	100.0
6abbbff12297e265fbed719c	7402527192	Costa E.	Enrico	Costa	Enrico Costa	1	PE9	1	PE	1	101076343	autori_scopus_preferred-name_erc.tsv	2026-09-29 13:41:05.397000	57102696600	0	PE	1546	249	531928	249	100.0
6abbbff12297e265fbed721b	57102696600	Costa P.	Paolo	Costa	Paolo Costa	1	PE5	1	PE	3	101040025 - 101106125 - 101105828	autori_scopus_preferred-name_erc.tsv	2026-09-29 13:41:05.467000	7402527192	0	PE	1546	2506	531928	2506	100.0
6abbbff12297e265fbed721b	57102696600	Costa P.	Paolo	Costa	Paolo Costa	1	PE5	1	PE	3	101040025 - 101106125 - 101105828	autori_scopus_preferred-name_erc.tsv	2026-09-29 13:41:05.467000	57102696600	1	PE	1546	249	531928	249	100.0
6abbbff12297e265fbed71a3	10040033000	Monaco G.	Giulio	Monaco	Giulio Monaco	1	PE3	1	PE	1	101053167	autori_scopus_preferred-name_erc.tsv	2026-09-29 13:41:05.402000	10040033000	1	PE	1546	1122	531928	669	59.62566844919787
6abbbff12297e265fbed71a3	10040033000	Monaco G.	Giulio	Monaco	Giulio Monaco	1	PE3	1	PE	1	101053167	autori_scopus_preferred-name_erc.tsv	2026-09-29 13:41:05.402000	59227903300	0	PE	1546	0	531928	0	0
6abbbff12297e265fbed71a3	10040033000	Monaco G.	Giulio	Monaco	Giulio Monaco	1	PE3	1	PE	1	101053167	autori_scopus_preferred-name_erc.tsv	2026-09-29 13:41:05.402000	7006221760	0	PE	1546	1232	531928	888	72.07792207792207
6abbbff22297e265fbed77e2	59227903300	Monaco M.	Mariagrazia	Monaco	Mariagrazia Monaco	1	LS4	1	LS	1	101045285	autori_scopus_preferred-name_erc.tsv	2026-09-29 13:41:06.164000	10040033000	0	LS	394	1122	230606	7	0.6238859180035651
6abbbff22297e265fbed77e2	59227903300	Monaco M.	Mariagrazia	Monaco	Mariagrazia Monaco	1	LS4	1	LS	1	101045285	autori_scopus_preferred-name_erc.tsv	2026-09-29 13:41:06.164000	59227903300	1	LS	394	0	230606	0	0
6abbbff22297e265fbed77e2	59227903300	Monaco M.	Mariagrazia	Monaco	Mariagrazia Monaco	1	LS4	1	LS	1	101045285	autori_scopus_preferred-name_erc.tsv	2026-09-29 13:41:06.164000	7006221760	0	LS	394	1232	230606	4	0.3246753246753247
6abbbff22297e265fbed791d	7006221760	Monaco P.	Pierluigi	Monaco	Pierluigi Monaco	1	PE9	1	PE	1	101042299	autori_scopus_preferred-name_erc.tsv	2026-09-29 13:41:06.375000	10040033000	0	PE	1546	1122	531928	669	59.62566844919787
6abbbff22297e265fbed791d	7006221760	Monaco P.	Pierluigi	Monaco	Pierluigi Monaco	1	PE9	1	PE	1	101042299	autori_scopus_preferred-name_erc.tsv	2026-09-29 13:41:06.375000	59227903300	0	PE	1546	0	531928	0	0
6abbbff22297e265fbed791d	7006221760	Monaco P.	Pierluigi	Monaco	Pierluigi Monaco	1	PE9	1	PE	1	101042299	autori_scopus_preferred-name_erc.tsv	2026-09-29 13:41:06.375000	7006221760	1	PE	1546	1232	531928	888	72.07792207792207
6abbbff12297e265fbed71ab	15047667100	Galbusera F.	F.	Galbusera	Fabio Galbusera	1	PE8	1	PE	1	101044828	autori_scopus_preferred-name_erc.tsv	2026-09-29 13:41:05.409000	15047667100	1	PE	1546	2200	531928	70	3.1818181818181817
6abbbff12297e265fbed71ab	15047667100	Galbusera F.	F.	Galbusera	Fabio Galbusera	1	PE8	1	PE	1	101044828	autori_scopus_preferred-name_erc.tsv	2026-09-29 13:41:05.409000	58863173900	0	PE	1546	48	531928	0	0.0
6abbbff22297e265fbed77b9	58863173900	Galbusera A.	Alessia	Galbusera	Alessia Galbusera	1	SH6	1	SH	2	101065320 - 101077348	autori_scopus_preferred-name_erc.tsv	2026-09-29 13:41:06.141000	15047667100	0	SH	189	2200	102795	51	2.3181818181818183
6abbbff22297e265fbed77b9	58863173900	Galbusera A.	Alessia	Galbusera	Alessia Galbusera	1	SH6	1	SH	2	101065320 - 101077348	autori_scopus_preferred-name_erc.tsv	2026-09-29 13:41:06.141000	58863173900	1	SH	189	48	102795	0	0.0
6abbbff12297e265fbed71c5	27568039400	Santini P.	Paola	Santini	Paola Santini	1	PE9	1	PE	1	101053208	autori_scopus_preferred-name_erc.tsv	2026-09-29 13:41:05.426000	27568039400	1	PE	1546	2609	531928	2569	98.46684553468762
6abbbff12297e265fbed71c5	27568039400	Santini P.	Paola	Santini	Paola Santini	1	PE9	1	PE	1	101053208	autori_scopus_preferred-name_erc.tsv	2026-09-29 13:41:05.426000	7006198153	0	PE	1546	512	531928	512	100.0
6abbbff22297e265fbed791b	7006198153	Santini P.	Paolo	Santini	P. Santini	1	SYG-PE	1	PE	1	101071533	autori_scopus_preferred-name_erc.tsv	2026-09-29 13:41:06.373000	27568039400	0	PE	1546	2609	531928	2569	98.46684553468762
6abbbff22297e265fbed791b	7006198153	Santini P.	Paolo	Santini	P. Santini	1	SYG-PE	1	PE	1	101071533	autori_scopus_preferred-name_erc.tsv	2026-09-29 13:41:06.373000	7006198153	1	PE	1546	512	531928	512	100.0
6abbbff12297e265fbed71c8	35148174600	Paggi M.	Marco	Paggi	M. Paggi	1	PE8	1	PE	1	101052956	autori_scopus_preferred-name_erc.tsv	2026-09-29 13:41:05.429000	35148174600	1	PE	1546	2427	531928	1003	41.32674083230326
6abbbff12297e265fbed71c8	35148174600	Paggi M.	Marco	Paggi	M. Paggi	1	PE8	1	PE	1	101052956	autori_scopus_preferred-name_erc.tsv	2026-09-29 13:41:05.429000	36933029700	0	PE	1546	2419	531928	2244	92.76560562215792
6abbbff12297e265fbed7405	36933029700	Paggi A.	Alessandro	Paggi	Alessandro Paggi	1	PE9	1	PE	1	101076343	autori_scopus_preferred-name_erc.tsv	2026-09-29 13:41:05.716000	35148174600	0	PE	1546	2427	531928	1003	41.32674083230326
6abbbff12297e265fbed7405	36933029700	Paggi A.	Alessandro	Paggi	Alessandro Paggi	1	PE9	1	PE	1	101076343	autori_scopus_preferred-name_erc.tsv	2026-09-29 13:41:05.716000	36933029700	1	PE	1546	2419	531928	2244	92.76560562215792
6abbbff12297e265fbed71d6	36893312700	Martinelli C.	Chiara	Martinelli	Chiara Martinelli	1	PE8	1	PE	2	101068512 - 101053122	autori_scopus_preferred-name_erc.tsv	2026-09-29 13:41:05.438000	36893312700	1	PE	1546	1660	531928	1215	73.19277108433735
6abbbff12297e265fbed71d6	36893312700	Martinelli C.	Chiara	Martinelli	Chiara Martinelli	1	PE8	1	PE	2	101068512 - 101053122	autori_scopus_preferred-name_erc.tsv	2026-09-29 13:41:05.438000	57208149448	0	PE	1546	386	531928	386	100.0
6abbbff12297e265fbed71d6	36893312700	Martinelli C.	Chiara	Martinelli	Chiara Martinelli	1	PE8	1	PE	2	101068512 - 101053122	autori_scopus_preferred-name_erc.tsv	2026-09-29 13:41:05.438000	57190342916	0	PE	1546	1029	531928	101	9.815354713313896
6abbbff12297e265fbed724c	57208149448	Martinelli A.	Alessandro	Martinelli	Alessandro Martinelli	1	PE3	1	PE	1	101053167	autori_scopus_preferred-name_erc.tsv	2026-09-29 13:41:05.489000	36893312700	0	PE	1546	1660	531928	1215	73.19277108433735
6abbbff12297e265fbed724c	57208149448	Martinelli A.	Alessandro	Martinelli	Alessandro Martinelli	1	PE3	1	PE	1	101053167	autori_scopus_preferred-name_erc.tsv	2026-09-29 13:41:05.489000	57208149448	1	PE	1546	386	531928	386	100.0
6abbbff12297e265fbed724c	57208149448	Martinelli A.	Alessandro	Martinelli	Alessandro Martinelli	1	PE3	1	PE	1	101053167	autori_scopus_preferred-name_erc.tsv	2026-09-29 13:41:05.489000	57190342916	0	PE	1546	1029	531928	101	9.815354713313896
6abbbff12297e265fbed7556	57190342916	Martinelli I.	Ilaria	Martinelli	Ilaria Martinelli	1	SH4	1	SH	1	101042625	autori_scopus_preferred-name_erc.tsv	2026-09-29 13:41:05.855000	36893312700	0	SH	189	1660	102795	23	1.3855421686746987
6abbbff12297e265fbed7556	57190342916	Martinelli I.	Ilaria	Martinelli	Ilaria Martinelli	1	SH4	1	SH	1	101042625	autori_scopus_preferred-name_erc.tsv	2026-09-29 13:41:05.855000	57208149448	0	SH	189	386	102795	1	0.2590673575129534
6abbbff12297e265fbed7556	57190342916	Martinelli I.	Ilaria	Martinelli	Ilaria Martinelli	1	SH4	1	SH	1	101042625	autori_scopus_preferred-name_erc.tsv	2026-09-29 13:41:05.855000	57190342916	1	SH	189	1029	102795	917	89.1156462585034
6abbbff12297e265fbed71d7	37003280500	Vacca G.	Giuseppe	Vacca	Giuseppe Vacca	1	SYG-PE	1	PE	1	101115663	autori_scopus_preferred-name_erc.tsv	2026-09-29 13:41:05.439000	37003280500	1	PE	1546	483	531928	453	93.7888198757764
6abbbff12297e265fbed71d7	37003280500	Vacca G.	Giuseppe	Vacca	Giuseppe Vacca	1	SYG-PE	1	PE	1	101115663	autori_scopus_preferred-name_erc.tsv	2026-09-29 13:41:05.439000	57217795988	0	PE	1546	1084	531928	40	3.6900369003690034
6abbbff12297e265fbed7694	57217795988	Vacca A.	Antonio	Vacca	Antonio Vacca	1	LS4	1	LS	1	101078307	autori_scopus_preferred-name_erc.tsv	2026-09-29 13:41:05.943000	37003280500	0	LS	394	483	230606	4	0.8281573498964804
6abbbff12297e265fbed7694	57217795988	Vacca A.	Antonio	Vacca	Antonio Vacca	1	LS4	1	LS	1	101078307	autori_scopus_preferred-name_erc.tsv	2026-09-29 13:41:05.943000	57217795988	1	LS	394	1084	230606	179	16.512915129151292
6abbbff12297e265fbed71d8	37018396300	Marchetti R.	Roberta	Marchetti	Roberta Marchetti	1	PE5	1	PE	1	101039841	autori_scopus_preferred-name_erc.tsv	2026-09-29 13:41:05.439000	37018396300	1	PE	1546	970	531928	970	100.0
6abbbff12297e265fbed71d8	37018396300	Marchetti R.	Roberta	Marchetti	Roberta Marchetti	1	PE5	1	PE	1	101039841	autori_scopus_preferred-name_erc.tsv	2026-09-29 13:41:05.439000	57193493644	0	PE	1546	483	531928	440	91.09730848861284
6abbbff12297e265fbed71d8	37018396300	Marchetti R.	Roberta	Marchetti	Roberta Marchetti	1	PE5	1	PE	1	101039841	autori_scopus_preferred-name_erc.tsv	2026-09-29 13:41:05.439000	7103204997	0	PE	1546	3537	531928	205	5.795872208085949
6abbbff12297e265fbed757d	57193493644	Marchetti F.	Filippo	Marchetti	Filippo Marchetti	1	PE4	1	PE	2	101112805 - 101088032	autori_scopus_preferred-name_erc.tsv	2026-09-29 13:41:05.869000	37018396300	0	PE	1546	970	531928	970	100.0
6abbbff12297e265fbed757d	57193493644	Marchetti F.	Filippo	Marchetti	Filippo Marchetti	1	PE4	1	PE	2	101112805 - 101088032	autori_scopus_preferred-name_erc.tsv	2026-09-29 13:41:05.869000	57193493644	1	PE	1546	483	531928	440	91.09730848861284
6abbbff12297e265fbed757d	57193493644	Marchetti F.	Filippo	Marchetti	Filippo Marchetti	1	PE4	1	PE	2	101112805 - 101088032	autori_scopus_preferred-name_erc.tsv	2026-09-29 13:41:05.869000	7103204997	0	PE	1546	3537	531928	205	5.795872208085949
6abbbff22297e265fbed7944	7103204997	Marchetti P.	P.	Marchetti	Piero Marchetti	1	LS4	1	LS	1	101043671	autori_scopus_preferred-name_erc.tsv	2026-09-29 13:41:06.393000	37018396300	0	LS	394	970	230606	72	7.422680412371134
6abbbff22297e265fbed7944	7103204997	Marchetti P.	P.	Marchetti	Piero Marchetti	1	LS4	1	LS	1	101043671	autori_scopus_preferred-name_erc.tsv	2026-09-29 13:41:06.393000	57193493644	0	LS	394	483	230606	60	12.422360248447205
6abbbff22297e265fbed7944	7103204997	Marchetti P.	P.	Marchetti	Piero Marchetti	1	LS4	1	LS	1	101043671	autori_scopus_preferred-name_erc.tsv	2026-09-29 13:41:06.393000	7103204997	1	LS	394	3537	230606	714	20.18659881255301
6abbbff12297e265fbed71d9	37040936100	Tanzi L.	Luca	Tanzi	Luca Tanzi	1	PE2	1	PE	1	101055319	autori_scopus_preferred-name_erc.tsv	2026-09-29 13:41:05.440000	37040936100	1	PE	1546	83	531928	83	100.0
6abbbff12297e265fbed71d9	37040936100	Tanzi L.	Luca	Tanzi	Luca Tanzi	1	PE2	1	PE	1	101055319	autori_scopus_preferred-name_erc.tsv	2026-09-29 13:41:05.440000	57223193616	0	PE	1546	234	531928	18	7.6923076923076925
6abbbff12297e265fbed76eb	57223193616	Tanzi A.	Adele	Tanzi	Adele Tanzi	1	LS7	1	LS	1	101045467	autori_scopus_preferred-name_erc.tsv	2026-09-29 13:41:05.999000	37040936100	0	LS	394	83	230606	1	1.2048192771084338
6abbbff12297e265fbed76eb	57223193616	Tanzi A.	Adele	Tanzi	Adele Tanzi	1	LS7	1	LS	1	101045467	autori_scopus_preferred-name_erc.tsv	2026-09-29 13:41:05.999000	57223193616	1	LS	394	234	230606	234	100.0
6abbbff12297e265fbed71e7	55246218600	Huang R.	Ruojun	Huang	Ruojun Huang	1	PE1	1	PE	1	101053472	autori_scopus_preferred-name_erc.tsv	2026-09-29 13:41:05.446000	55246218600	1	PE	1546	109	531928	109	100.0
6abbbff12297e265fbed71e7	55246218600	Huang R.	Ruojun	Huang	Ruojun Huang	1	PE1	1	PE	1	101053472	autori_scopus_preferred-name_erc.tsv	2026-09-29 13:41:05.446000	57211634315	0	PE	1546	681	531928	149	21.879588839941263
6abbbff12297e265fbed7258	57211634315	Huang K.	Kun D.	Huang	Kun D. Huang	1	LS8	1	LS	1	101045015	autori_scopus_preferred-name_erc.tsv	2026-09-29 13:41:05.495000	55246218600	0	LS	394	109	230606	0	0.0
6abbbff12297e265fbed7258	57211634315	Huang K.	Kun D.	Huang	Kun D. Huang	1	LS8	1	LS	1	101045015	autori_scopus_preferred-name_erc.tsv	2026-09-29 13:41:05.495000	57211634315	1	LS	394	681	230606	681	100.0
6abbbff12297e265fbed71eb	55375394900	Rinaldi L.	Luca	Rinaldi	Luca Rinaldi	1	SH4	1	SH	1	101087053	autori_scopus_preferred-name_erc.tsv	2026-09-29 13:41:05.448000	55375394900	1	SH	189	1735	102795	817	47.08933717579251
6abbbff12297e265fbed71eb	55375394900	Rinaldi L.	Luca	Rinaldi	Luca Rinaldi	1	SH4	1	SH	1	101087053	autori_scopus_preferred-name_erc.tsv	2026-09-29 13:41:05.448000	8325324100	0	SH	189	461	102795	3	0.6507592190889371
6abbbff22297e265fbed795d	8325324100	Rinaldi A.	Alessandra	Rinaldi	Alessandra Rinaldi	1	LS9	1	LS	1	101040462	autori_scopus_preferred-name_erc.tsv	2026-09-29 13:41:06.403000	55375394900	0	LS	394	1735	230606	164	9.452449567723344
6abbbff22297e265fbed795d	8325324100	Rinaldi A.	Alessandra	Rinaldi	Alessandra Rinaldi	1	LS9	1	LS	1	101040462	autori_scopus_preferred-name_erc.tsv	2026-09-29 13:41:06.403000	8325324100	1	LS	394	461	230606	5	1.0845986984815619
6abbbff12297e265fbed71f1	55697020400	Conte R.	Riccardo	Conte	Riccardo Conte	1	PE4	1	PE	1	101081361	autori_scopus_preferred-name_erc.tsv	2026-09-29 13:41:05.450000	55697020400	1	PE	1546	1149	531928	748	65.10008703220191
6abbbff12297e265fbed71f1	55697020400	Conte R.	Riccardo	Conte	Riccardo Conte	1	PE4	1	PE	1	101081361	autori_scopus_preferred-name_erc.tsv	2026-09-29 13:41:05.450000	56268146200	0	PE	1546	143	531928	94	65.73426573426573
6abbbff12297e265fbed74d6	56268146200	Conte A.	Adriano Mosca	Conte	Adriano Mosca Conte	1	PE3	1	PE	1	101066434	autori_scopus_preferred-name_erc.tsv	2026-09-29 13:41:05.800000	55697020400	0	PE	1546	1149	531928	748	65.10008703220191
6abbbff12297e265fbed74d6	56268146200	Conte A.	Adriano Mosca	Conte	Adriano Mosca Conte	1	PE3	1	PE	1	101066434	autori_scopus_preferred-name_erc.tsv	2026-09-29 13:41:05.800000	56268146200	1	PE	1546	143	531928	94	65.73426573426573
6abbbff12297e265fbed71fe	56195219500	Camargo F.	Franco V.A.	Camargo	Franco V. A. Camargo	1	LS9	1	LS	1	101053983	autori_scopus_preferred-name_erc.tsv	2026-09-29 13:41:05.456000	56195219500	1	LS	394	832	230606	286	34.375
6abbbff12297e265fbed71fe	56195219500	Camargo F.	Franco V.A.	Camargo	Franco V. A. Camargo	1	LS9	1	LS	1	101053983	autori_scopus_preferred-name_erc.tsv	2026-09-29 13:41:05.456000	59304306700	0	LS	394	0	230606	0	0
6abbbff22297e265fbed77f1	59304306700	Camargo F.	Franco V.A.	Camargo	Franco V. A. Camargo	1	PE4	1	PE	2	101047137 - 101076859	autori_scopus_preferred-name_erc.tsv	2026-09-29 13:41:06.178000	56195219500	0	PE	1546	832	531928	382	45.91346153846153
6abbbff22297e265fbed77f1	59304306700	Camargo F.	Franco V.A.	Camargo	Franco V. A. Camargo	1	PE4	1	PE	2	101047137 - 101076859	autori_scopus_preferred-name_erc.tsv	2026-09-29 13:41:06.178000	59304306700	1	PE	1546	0	531928	0	0
6abbbff12297e265fbed7208	56394720500	Venturi D.	Daniele	Venturi	Daniele Venturi	1	PE6	1	PE	2	101096871 - 101054911	autori_scopus_preferred-name_erc.tsv	2026-09-29 13:41:05.459000	56394720500	1	PE	1546	800	531928	275	34.375
6abbbff12297e265fbed7208	56394720500	Venturi D.	Daniele	Venturi	Daniele Venturi	1	PE6	1	PE	2	101096871 - 101054911	autori_scopus_preferred-name_erc.tsv	2026-09-29 13:41:05.459000	57201649820	0	PE	1546	1696	531928	1696	100.0
6abbbff12297e265fbed75d7	57201649820	Venturi G.	Giacomo	Venturi	G. Venturi	1	PE9	1	PE	1	101040751	autori_scopus_preferred-name_erc.tsv	2026-09-29 13:41:05.894000	56394720500	0	PE	1546	800	531928	275	34.375
6abbbff12297e265fbed75d7	57201649820	Venturi G.	Giacomo	Venturi	G. Venturi	1	PE9	1	PE	1	101040751	autori_scopus_preferred-name_erc.tsv	2026-09-29 13:41:05.894000	57201649820	1	PE	1546	1696	531928	1696	100.0
6abbbff12297e265fbed7210	56638659600	Filippini T.	Tommaso	Filippini	Tommaso Filippini	1	SH4	1	SH	1	101042625	autori_scopus_preferred-name_erc.tsv	2026-09-29 13:41:05.463000	56638659600	1	SH	189	5919	102795	5086	85.92667680351411
6abbbff12297e265fbed7210	56638659600	Filippini T.	Tommaso	Filippini	Tommaso Filippini	1	SH4	1	SH	1	101042625	autori_scopus_preferred-name_erc.tsv	2026-09-29 13:41:05.463000	54402939800	0	SH	189	1490	102795	2	0.1342281879194631
6abbbff12297e265fbed7210	56638659600	Filippini T.	Tommaso	Filippini	Tommaso Filippini	1	SH4	1	SH	1	101042625	autori_scopus_preferred-name_erc.tsv	2026-09-29 13:41:05.463000	57192251704	0	SH	189	1186	102795	13	1.0961214165261384
6abbbff12297e265fbed7428	54402939800	Filippini G.	Giacomo	Filippini	Giacomo Filippini	1	PE5	1	PE	1	101039578	autori_scopus_preferred-name_erc.tsv	2026-09-29 13:41:05.726000	56638659600	0	PE	1546	5919	531928	242	4.088528467646562
6abbbff12297e265fbed7428	54402939800	Filippini G.	Giacomo	Filippini	Giacomo Filippini	1	PE5	1	PE	1	101039578	autori_scopus_preferred-name_erc.tsv	2026-09-29 13:41:05.726000	54402939800	1	PE	1546	1490	531928	1044	70.06711409395973
6abbbff12297e265fbed7428	54402939800	Filippini G.	Giacomo	Filippini	Giacomo Filippini	1	PE5	1	PE	1	101039578	autori_scopus_preferred-name_erc.tsv	2026-09-29 13:41:05.726000	57192251704	0	PE	1546	1186	531928	1186	100.0
6abbbff12297e265fbed7567	57192251704	Filippini F.	Francesco	Filippini	F. Filippini	1	PE9	1	PE	1	101076343	autori_scopus_preferred-name_erc.tsv	2026-09-29 13:41:05.861000	56638659600	0	PE	1546	5919	531928	242	4.088528467646562
6abbbff12297e265fbed7567	57192251704	Filippini F.	Francesco	Filippini	F. Filippini	1	PE9	1	PE	1	101076343	autori_scopus_preferred-name_erc.tsv	2026-09-29 13:41:05.861000	54402939800	0	PE	1546	1490	531928	1044	70.06711409395973
6abbbff12297e265fbed7567	57192251704	Filippini F.	Francesco	Filippini	F. Filippini	1	PE9	1	PE	1	101076343	autori_scopus_preferred-name_erc.tsv	2026-09-29 13:41:05.861000	57192251704	1	PE	1546	1186	531928	1186	100.0
6abbbff12297e265fbed721c	57188624879	Capone F.	Federico	Capone	Federico Capone	1	LS4	1	LS	1	101078307	autori_scopus_preferred-name_erc.tsv	2026-09-29 13:41:05.467000	57188624879	1	LS	394	610	230606	165	27.049180327868854
6abbbff12297e265fbed721c	57188624879	Capone F.	Federico	Capone	Federico Capone	1	LS4	1	LS	1	101078307	autori_scopus_preferred-name_erc.tsv	2026-09-29 13:41:05.467000	35434659900	0	LS	394	1612	230606	17	1.054590570719603
6abbbff12297e265fbed73c5	35434659900	Capone A.	Antonio	Capone	A. Capone	1	PE9	1	PE	1	101076343	autori_scopus_preferred-name_erc.tsv	2026-09-29 13:41:05.692000	57188624879	0	PE	1546	610	531928	38	6.229508196721312
6abbbff12297e265fbed73c5	35434659900	Capone A.	Antonio	Capone	A. Capone	1	PE9	1	PE	1	101076343	autori_scopus_preferred-name_erc.tsv	2026-09-29 13:41:05.692000	35434659900	1	PE	1546	1612	531928	1612	100.0
6abbbff12297e265fbed7229	57193874792	Calabro A.	Antonello	Calabro	Antonello Calabró	1	PE9	1	PE	1	101053208	autori_scopus_preferred-name_erc.tsv	2026-09-29 13:41:05.473000	57193874792	1	PE	1546	3522	531928	3328	94.49176604202158
6abbbff12297e265fbed7229	57193874792	Calabro A.	Antonello	Calabro	Antonello Calabró	1	PE9	1	PE	1	101053208	autori_scopus_preferred-name_erc.tsv	2026-09-29 13:41:05.473000	57202022068	0	PE	1546	307	531928	58	18.892508143322477
6abbbff12297e265fbed75dd	57202022068	Calabro L.	Laura	Calabro	Laura Calabrò	1	PE10	1	PE	1	101044772	autori_scopus_preferred-name_erc.tsv	2026-09-29 13:41:05.898000	57193874792	0	PE	1546	3522	531928	3328	94.49176604202158
6abbbff12297e265fbed75dd	57202022068	Calabro L.	Laura	Calabro	Laura Calabrò	1	PE10	1	PE	1	101044772	autori_scopus_preferred-name_erc.tsv	2026-09-29 13:41:05.898000	57202022068	1	PE	1546	307	531928	58	18.892508143322477
6abbbff12297e265fbed722f	57195808631	Russo S.	Simone	Russo	Simone Russo	1	SYG-LS	1	LS	1	101071900	autori_scopus_preferred-name_erc.tsv	2026-09-29 13:41:05.476000	57195808631	1	LS	394	474	230606	474	100.0
6abbbff12297e265fbed722f	57195808631	Russo S.	Simone	Russo	Simone Russo	1	SYG-LS	1	LS	1	101071900	autori_scopus_preferred-name_erc.tsv	2026-09-29 13:41:05.476000	57194018820	0	LS	394	782	230606	710	90.7928388746803
6abbbff12297e265fbed758b	57194018820	Russo L.	Luca	Russo	Luca Russo	1	LS7	1	LS	1	101077710	autori_scopus_preferred-name_erc.tsv	2026-09-29 13:41:05.876000	57195808631	0	LS	394	474	230606	474	100.0
6abbbff12297e265fbed758b	57194018820	Russo L.	Luca	Russo	Luca Russo	1	LS7	1	LS	1	101077710	autori_scopus_preferred-name_erc.tsv	2026-09-29 13:41:05.876000	57194018820	1	LS	394	782	230606	710	90.7928388746803
6abbbff12297e265fbed723a	57201496275	Bonetti L.	Lorenzo	Bonetti	Lorenzo Bonetti	1	PE8	1	PE	1	101039467	autori_scopus_preferred-name_erc.tsv	2026-09-29 13:41:05.481000	57201496275	1	PE	1546	1001	531928	167	16.683316683316683
6abbbff12297e265fbed723a	57201496275	Bonetti L.	Lorenzo	Bonetti	Lorenzo Bonetti	1	PE8	1	PE	1	101039467	autori_scopus_preferred-name_erc.tsv	2026-09-29 13:41:05.481000	57216803267	0	PE	1546	390	531928	390	100.0
6abbbff12297e265fbed7266	57216803267	Bonetti G.	Giorgia	Bonetti	Giorgia Bonetti	1	PE4	1	PE	1	101040798	autori_scopus_preferred-name_erc.tsv	2026-09-29 13:41:05.502000	57201496275	0	PE	1546	1001	531928	167	16.683316683316683
6abbbff12297e265fbed7266	57216803267	Bonetti G.	Giorgia	Bonetti	Giorgia Bonetti	1	PE4	1	PE	1	101040798	autori_scopus_preferred-name_erc.tsv	2026-09-29 13:41:05.502000	57216803267	1	PE	1546	390	531928	390	100.0
6abbbff12297e265fbed7248	57204970253	Pignatti C.	Clemente	Pignatti	Clemente Pignatti	1	SH3	1	SH	1	101039655	autori_scopus_preferred-name_erc.tsv	2026-09-29 13:41:05.488000	57204970253	1	SH	189	0	102795	0	0
6abbbff12297e265fbed7248	57204970253	Pignatti C.	Clemente	Pignatti	Clemente Pignatti	1	SH3	1	SH	1	101039655	autori_scopus_preferred-name_erc.tsv	2026-09-29 13:41:05.488000	6603840161	0	SH	189	1040	102795	19	1.826923076923077
6abbbff22297e265fbed7881	6603840161	Pignatti S.	Stefano	Pignatti	Stefano Pignatti	1	LS9	1	LS	1	101086622	autori_scopus_preferred-name_erc.tsv	2026-09-29 13:41:06.287000	57204970253	0	LS	394	0	230606	0	0
6abbbff22297e265fbed7881	6603840161	Pignatti S.	Stefano	Pignatti	Stefano Pignatti	1	LS9	1	LS	1	101086622	autori_scopus_preferred-name_erc.tsv	2026-09-29 13:41:06.287000	6603840161	1	LS	394	1040	230606	84	8.076923076923077
6abbbff12297e265fbed7267	57216891177	Scuderi S.	Sarah Adriana	Scuderi	Sarah Adriana Scuderi	1	LS4	1	LS	1	101052444	autori_scopus_preferred-name_erc.tsv	2026-09-29 13:41:05.503000	57216891177	1	LS	394	2109	230606	279	13.229018492176387
6abbbff12297e265fbed7267	57216891177	Scuderi S.	Sarah Adriana	Scuderi	Sarah Adriana Scuderi	1	LS4	1	LS	1	101052444	autori_scopus_preferred-name_erc.tsv	2026-09-29 13:41:05.503000	36338222000	0	LS	394	0	230606	0	0
6abbbff12297e265fbed73eb	36338222000	Scuderi C.	Cristina	Scuderi	Cristina Scuderi	1	LS8	1	LS	1	101045015	autori_scopus_preferred-name_erc.tsv	2026-09-29 13:41:05.707000	57216891177	0	LS	394	2109	230606	279	13.229018492176387
6abbbff12297e265fbed73eb	36338222000	Scuderi C.	Cristina	Scuderi	Cristina Scuderi	1	LS8	1	LS	1	101045015	autori_scopus_preferred-name_erc.tsv	2026-09-29 13:41:05.707000	36338222000	1	LS	394	0	230606	0	0
6abbbff12297e265fbed7275	57221150686	Mandelli V.	Veronica	Mandelli	Veronica Mandelli	1	SH4	1	SH	1	101087263	autori_scopus_preferred-name_erc.tsv	2026-09-29 13:41:05.513000	57221150686	1	SH	189	231	102795	231	100.0
6abbbff12297e265fbed7275	57221150686	Mandelli V.	Veronica	Mandelli	Veronica Mandelli	1	SH4	1	SH	1	101087263	autori_scopus_preferred-name_erc.tsv	2026-09-29 13:41:05.513000	58358365900	0	SH	189	236	102795	1	0.423728813559322
6abbbff22297e265fbed777e	58358365900	Mandelli G.	Giacomo	Mandelli	Giacomo Mandelli	1	PE4	1	PE	1	101081361	autori_scopus_preferred-name_erc.tsv	2026-09-29 13:41:06.102000	57221150686	0	PE	1546	231	531928	15	6.493506493506493
6abbbff22297e265fbed777e	58358365900	Mandelli G.	Giacomo	Mandelli	Giacomo Mandelli	1	PE4	1	PE	1	101081361	autori_scopus_preferred-name_erc.tsv	2026-09-29 13:41:06.102000	58358365900	1	PE	1546	236	531928	236	100.0
6abbbff12297e265fbed7295	58095137400	Cocchi S.	Sebastiano	Cocchi	Sebastiano Cocchi	1	PE7	1	PE	1	101077917	autori_scopus_preferred-name_erc.tsv	2026-09-29 13:41:05.533000	58095137400	1	PE	1546	58	531928	45	77.58620689655173
6abbbff12297e265fbed7295	58095137400	Cocchi S.	Sebastiano	Cocchi	Sebastiano Cocchi	1	PE7	1	PE	1	101077917	autori_scopus_preferred-name_erc.tsv	2026-09-29 13:41:05.533000	56576467500	0	PE	1546	244	531928	244	100.0
6abbbff12297e265fbed74fe	56576467500	Cocchi M.	Massimo	Cocchi	Massimo Cocchi	1	PE9	1	PE	1	101076343	autori_scopus_preferred-name_erc.tsv	2026-09-29 13:41:05.817000	58095137400	0	PE	1546	58	531928	45	77.58620689655173
6abbbff12297e265fbed74fe	56576467500	Cocchi M.	Massimo	Cocchi	Massimo Cocchi	1	PE9	1	PE	1	101076343	autori_scopus_preferred-name_erc.tsv	2026-09-29 13:41:05.817000	56576467500	1	PE	1546	244	531928	244	100.0
6abbbff12297e265fbed729b	58500461500	Marchini F.	F.	Marchini	Francesco Marchini	1	PE8	1	PE	1	101041255	autori_scopus_preferred-name_erc.tsv	2026-09-29 13:41:05.536000	58500461500	1	PE	1546	131	531928	131	100.0
6abbbff12297e265fbed729b	58500461500	Marchini F.	F.	Marchini	Francesco Marchini	1	PE8	1	PE	1	101041255	autori_scopus_preferred-name_erc.tsv	2026-09-29 13:41:05.536000	55075943300	0	PE	1546	984	531928	946	96.13821138211382
6abbbff12297e265fbed743c	55075943300	Marchini A.	Alessandro	Marchini	Alessandro Marchini	1	PE9	1	PE	1	101076343	autori_scopus_preferred-name_erc.tsv	2026-09-29 13:41:05.735000	58500461500	0	PE	1546	131	531928	131	100.0
6abbbff12297e265fbed743c	55075943300	Marchini A.	Alessandro	Marchini	Alessandro Marchini	1	PE9	1	PE	1	101076343	autori_scopus_preferred-name_erc.tsv	2026-09-29 13:41:05.735000	55075943300	1	PE	1546	984	531928	946	96.13821138211382
6abbbff12297e265fbed72a7	59274086600	Valente S.	Stefano	Valente	Stefano Valente	1	PE5	1	PE	1	101039578	autori_scopus_preferred-name_erc.tsv	2026-09-29 13:41:05.541000	59274086600	1	PE	1546	74	531928	74	100.0
6abbbff12297e265fbed72a7	59274086600	Valente S.	Stefano	Valente	Stefano Valente	1	PE5	1	PE	1	101039578	autori_scopus_preferred-name_erc.tsv	2026-09-29 13:41:05.541000	57190488065	0	PE	1546	1250	531928	43	3.44
6abbbff12297e265fbed7557	57190488065	Valente D.	Daria	Valente	Daria Valente	1	SH4	1	SH	1	101041885	autori_scopus_preferred-name_erc.tsv	2026-09-29 13:41:05.855000	59274086600	0	SH	189	74	102795	0	0.0
6abbbff12297e265fbed7557	57190488065	Valente D.	Daria	Valente	Daria Valente	1	SH4	1	SH	1	101041885	autori_scopus_preferred-name_erc.tsv	2026-09-29 13:41:05.855000	57190488065	1	SH	189	1250	102795	1049	83.91999999999999
6abbbff12297e265fbed72a8	59302925800	Paduano A.	Angelo	Paduano	Angelo Paduano	1	PE8	1	PE	1	101075903	autori_scopus_preferred-name_erc.tsv	2026-09-29 13:41:05.541000	59302925800	1	PE	1546	0	531928	0	0
6abbbff12297e265fbed72a8	59302925800	Paduano A.	Angelo	Paduano	Angelo Paduano	1	PE8	1	PE	1	101075903	autori_scopus_preferred-name_erc.tsv	2026-09-29 13:41:05.541000	7003751883	0	PE	1546	2022	531928	1208	59.74282888229476
6abbbff22297e265fbed78c3	7003751883	Paduano L.	Luigi	Paduano	Luigi Paduano	1	PE5	1	PE	1	101039841	autori_scopus_preferred-name_erc.tsv	2026-09-29 13:41:06.328000	59302925800	0	PE	1546	0	531928	0	0
6abbbff22297e265fbed78c3	7003751883	Paduano L.	Luigi	Paduano	Luigi Paduano	1	PE5	1	PE	1	101039841	autori_scopus_preferred-name_erc.tsv	2026-09-29 13:41:06.328000	7003751883	1	PE	1546	2022	531928	1208	59.74282888229476
6abbbff12297e265fbed72c4	7003853565	Treu T.	Tommaso L.	Treu	Tommaso Treu	1	PE9	1	PE	1	101053208	autori_scopus_preferred-name_erc.tsv	2026-09-29 13:41:05.554000	7003853565	1	PE	1546	3014	531928	2639	87.55806237558062
6abbbff12297e265fbed72c4	7003853565	Treu T.	Tommaso L.	Treu	Tommaso Treu	1	PE9	1	PE	1	101053208	autori_scopus_preferred-name_erc.tsv	2026-09-29 13:41:05.554000	25923619600	0	PE	1546	2734	531928	2619	95.79370885149963
6abbbff12297e265fbed7388	25923619600	Treu L.	Laura	Treu	Laura Treu	1	PE8	1	PE	1	101098064	autori_scopus_preferred-name_erc.tsv	2026-09-29 13:41:05.668000	7003853565	0	PE	1546	3014	531928	2639	87.55806237558062
6abbbff12297e265fbed7388	25923619600	Treu L.	Laura	Treu	Laura Treu	1	PE8	1	PE	1	101098064	autori_scopus_preferred-name_erc.tsv	2026-09-29 13:41:05.668000	25923619600	1	PE	1546	2734	531928	2619	95.79370885149963
6abbbff12297e265fbed72c8	7004450805	Sala E.	Evis	Sala	Evis Sala	1	LS7	1	LS	1	101077710	autori_scopus_preferred-name_erc.tsv	2026-09-29 13:41:05.556000	7004450805	1	LS	394	2388	230606	783	32.788944723618094
6abbbff12297e265fbed72c8	7004450805	Sala E.	Evis	Sala	Evis Sala	1	LS7	1	LS	1	101077710	autori_scopus_preferred-name_erc.tsv	2026-09-29 13:41:05.556000	55907556200	0	LS	394	540	230606	6	1.1111111111111112
6abbbff12297e265fbed749e	55907556200	Sala B.	Benedetto	Sala	Benedetto Sala	1	SH6	1	SH	1	101052653	autori_scopus_preferred-name_erc.tsv	2026-09-29 13:41:05.780000	7004450805	0	SH	189	2388	102795	50	2.0938023450586267
6abbbff12297e265fbed749e	55907556200	Sala B.	Benedetto	Sala	Benedetto Sala	1	SH6	1	SH	1	101052653	autori_scopus_preferred-name_erc.tsv	2026-09-29 13:41:05.780000	55907556200	1	SH	189	540	102795	397	73.51851851851852
6abbbff12297e265fbed72d0	7005924048	De Angelis A.	Alessandro D.	De Angelis	A. De Angelis	1	PE9	1	PE	1	101076343	autori_scopus_preferred-name_erc.tsv	2026-09-29 13:41:05.559000	7005924048	1	PE	1546	3122	531928	3047	97.59769378603458
6abbbff12297e265fbed72d0	7005924048	De Angelis A.	Alessandro D.	De Angelis	A. De Angelis	1	PE9	1	PE	1	101076343	autori_scopus_preferred-name_erc.tsv	2026-09-29 13:41:05.559000	35572110200	0	PE	1546	1960	531928	1845	94.13265306122449
6abbbff12297e265fbed72d0	7005924048	De Angelis A.	Alessandro D.	De Angelis	A. De Angelis	1	PE9	1	PE	1	101076343	autori_scopus_preferred-name_erc.tsv	2026-09-29 13:41:05.559000	57201851771	0	PE	1546	825	531928	723	87.63636363636364
6abbbff12297e265fbed73ce	35572110200	De Angelis C.	Costantino	De Angelis	Costantino De Angelis	1	PE7	1	PE	1	101044797	autori_scopus_preferred-name_erc.tsv	2026-09-29 13:41:05.696000	7005924048	0	PE	1546	3122	531928	3047	97.59769378603458
6abbbff12297e265fbed73ce	35572110200	De Angelis C.	Costantino	De Angelis	Costantino De Angelis	1	PE7	1	PE	1	101044797	autori_scopus_preferred-name_erc.tsv	2026-09-29 13:41:05.696000	35572110200	1	PE	1546	1960	531928	1845	94.13265306122449
6abbbff12297e265fbed73ce	35572110200	De Angelis C.	Costantino	De Angelis	Costantino De Angelis	1	PE7	1	PE	1	101044797	autori_scopus_preferred-name_erc.tsv	2026-09-29 13:41:05.696000	57201851771	0	PE	1546	825	531928	723	87.63636363636364
6abbbff12297e265fbed75db	57201851771	De Angelis D.	Dario	De Angelis	Dario De Angelis	1	PE4	1	PE	1	101095012	autori_scopus_preferred-name_erc.tsv	2026-09-29 13:41:05.897000	7005924048	0	PE	1546	3122	531928	3047	97.59769378603458
6abbbff12297e265fbed75db	57201851771	De Angelis D.	Dario	De Angelis	Dario De Angelis	1	PE4	1	PE	1	101095012	autori_scopus_preferred-name_erc.tsv	2026-09-29 13:41:05.897000	35572110200	0	PE	1546	1960	531928	1845	94.13265306122449
6abbbff12297e265fbed75db	57201851771	De Angelis D.	Dario	De Angelis	Dario De Angelis	1	PE4	1	PE	1	101095012	autori_scopus_preferred-name_erc.tsv	2026-09-29 13:41:05.897000	57201851771	1	PE	1546	825	531928	723	87.63636363636364
6abbbff12297e265fbed72df	7401962189	Schneider C.	Claus Michael	Schneider	Claus Michael Schneider	1	SYG-PE	1	PE	1	101071259	autori_scopus_preferred-name_erc.tsv	2026-09-29 13:41:05.565000	7401962189	1	PE	1546	747	531928	700	93.70816599732262
6abbbff12297e265fbed72df	7401962189	Schneider C.	Claus Michael	Schneider	Claus Michael Schneider	1	SYG-PE	1	PE	1	101071259	autori_scopus_preferred-name_erc.tsv	2026-09-29 13:41:05.565000	56188182400	0	PE	1546	4662	531928	4469	95.86014586014586
6abbbff12297e265fbed74c7	56188182400	Schneider R.	Raffaella	Schneider	R Schneider	1	PE9	1	PE	1	101088676	autori_scopus_preferred-name_erc.tsv	2026-09-29 13:41:05.796000	7401962189	0	PE	1546	747	531928	700	93.70816599732262
6abbbff12297e265fbed74c7	56188182400	Schneider R.	Raffaella	Schneider	R Schneider	1	PE9	1	PE	1	101088676	autori_scopus_preferred-name_erc.tsv	2026-09-29 13:41:05.796000	56188182400	1	PE	1546	4662	531928	4469	95.86014586014586
6abbbff12297e265fbed72e1	8212471500	Cassano R.	R.	Cassano	R. Cassano	1	PE9	1	PE	1	101086378	autori_scopus_preferred-name_erc.tsv	2026-09-29 13:41:05.566000	8212471500	1	PE	1546	1528	531928	1528	100.0
6abbbff12297e265fbed72e1	8212471500	Cassano R.	R.	Cassano	R. Cassano	1	PE9	1	PE	1	101086378	autori_scopus_preferred-name_erc.tsv	2026-09-29 13:41:05.566000	59349928300	0	PE	1546	0	531928	0	0
6abbbff22297e265fbed77fc	59349928300	Cassano B.	Blanca	Cassano	Blanca Cassano	1	PE8	1	PE	1	101040383	autori_scopus_preferred-name_erc.tsv	2026-09-29 13:41:06.188000	8212471500	0	PE	1546	1528	531928	1528	100.0
6abbbff22297e265fbed77fc	59349928300	Cassano B.	Blanca	Cassano	Blanca Cassano	1	PE8	1	PE	1	101040383	autori_scopus_preferred-name_erc.tsv	2026-09-29 13:41:06.188000	59349928300	1	PE	1546	0	531928	0	0
6abbbff12297e265fbed72e2	8387869900	Vitiello M.	Miriam Serena	Vitiello	Miriam S Vitiello	1	PE7	1	PE	1	101081567	autori_scopus_preferred-name_erc.tsv	2026-09-29 13:41:05.566000	8387869900	1	PE	1546	1794	531928	1601	89.24191750278708
6abbbff12297e265fbed72e2	8387869900	Vitiello M.	Miriam Serena	Vitiello	Miriam S Vitiello	1	PE7	1	PE	1	101081567	autori_scopus_preferred-name_erc.tsv	2026-09-29 13:41:05.566000	7005142905	0	PE	1546	372	531928	263	70.6989247311828
6abbbff22297e265fbed7902	7005142905	Vitiello M.	Mariateresa	Vitiello	Mariateresa Vitiello	1	PE5	1	PE	1	101039841	autori_scopus_preferred-name_erc.tsv	2026-09-29 13:41:06.360000	8387869900	0	PE	1546	1794	531928	1601	89.24191750278708
6abbbff22297e265fbed7902	7005142905	Vitiello M.	Mariateresa	Vitiello	Mariateresa Vitiello	1	PE5	1	PE	1	101039841	autori_scopus_preferred-name_erc.tsv	2026-09-29 13:41:06.360000	7005142905	1	PE	1546	372	531928	263	70.6989247311828
6abbbff12297e265fbed7330	16300846100	Conti I.	Irene	Conti	Irene Conti	1	PE4	1	PE	1	101043272	autori_scopus_preferred-name_erc.tsv	2026-09-29 13:41:05.620000	16300846100	1	PE	1546	1773	531928	1773	100.0
6abbbff12297e265fbed7330	16300846100	Conti I.	Irene	Conti	Irene Conti	1	PE4	1	PE	1	101043272	autori_scopus_preferred-name_erc.tsv	2026-09-29 13:41:05.620000	8583299000	0	PE	1546	132	531928	7	5.303030303030303
6abbbff22297e265fbed7970	8583299000	Conti P.	Pierangelo	Conti	Pierangelo Conti	1	LS7	1	LS	1	101088370	autori_scopus_preferred-name_erc.tsv	2026-09-29 13:41:06.411000	16300846100	0	LS	394	1773	230606	169	9.531866892272983
6abbbff22297e265fbed7970	8583299000	Conti P.	Pierangelo	Conti	Pierangelo Conti	1	LS7	1	LS	1	101088370	autori_scopus_preferred-name_erc.tsv	2026-09-29 13:41:06.411000	8583299000	1	LS	394	132	230606	0	0.0
6abbbff12297e265fbed7336	16642191800	Botta P.	Paolo	Botta	Paolo Botta	1	LS5	1	LS	1	101055340	autori_scopus_preferred-name_erc.tsv	2026-09-29 13:41:05.625000	16642191800	1	LS	394	100	230606	100	100.0
6abbbff12297e265fbed7336	16642191800	Botta P.	Paolo	Botta	Paolo Botta	1	LS5	1	LS	1	101055340	autori_scopus_preferred-name_erc.tsv	2026-09-29 13:41:05.625000	24723441600	0	LS	394	1580	230606	1086	68.73417721518987
6abbbff12297e265fbed7371	24723441600	Botta L.	Lorenzo	Botta	Lorenzo Botta	1	LS9	1	LS	1	101054658	autori_scopus_preferred-name_erc.tsv	2026-09-29 13:41:05.658000	16642191800	0	LS	394	100	230606	100	100.0
6abbbff12297e265fbed7371	24723441600	Botta L.	Lorenzo	Botta	Lorenzo Botta	1	LS9	1	LS	1	101054658	autori_scopus_preferred-name_erc.tsv	2026-09-29 13:41:05.658000	24723441600	1	LS	394	1580	230606	1086	68.73417721518987
6abbbff12297e265fbed733d	19638894400	Marino G.	Gianluca	Marino	Gianluca Marino	1	SH6	1	SH	1	101052653	autori_scopus_preferred-name_erc.tsv	2026-09-29 13:41:05.629000	19638894400	1	SH	189	241	102795	56	23.236514522821576
6abbbff12297e265fbed733d	19638894400	Marino G.	Gianluca	Marino	Gianluca Marino	1	SH6	1	SH	1	101052653	autori_scopus_preferred-name_erc.tsv	2026-09-29 13:41:05.629000	55980341800	0	SH	189	2265	102795	22	0.9713024282560706
6abbbff12297e265fbed733d	19638894400	Marino G.	Gianluca	Marino	Gianluca Marino	1	SH6	1	SH	1	101052653	autori_scopus_preferred-name_erc.tsv	2026-09-29 13:41:05.629000	7202998420	0	SH	189	535	102795	5	0.9345794392523363
6abbbff12297e265fbed74a9	55980341800	Marino A.	Attilio	Marino	Attilio Marino	1	PE8	1	PE	1	101146025	autori_scopus_preferred-name_erc.tsv	2026-09-29 13:41:05.785000	19638894400	0	PE	1546	241	531928	77	31.950207468879665
6abbbff12297e265fbed74a9	55980341800	Marino A.	Attilio	Marino	Attilio Marino	1	PE8	1	PE	1	101146025	autori_scopus_preferred-name_erc.tsv	2026-09-29 13:41:05.785000	55980341800	1	PE	1546	2265	531928	2226	98.27814569536424
6abbbff12297e265fbed74a9	55980341800	Marino A.	Attilio	Marino	Attilio Marino	1	PE8	1	PE	1	101146025	autori_scopus_preferred-name_erc.tsv	2026-09-29 13:41:05.785000	7202998420	0	PE	1546	535	531928	535	100.0
6abbbff22297e265fbed794c	7202998420	Marino G.	Giuseppe	Marino	G. Marino	1	PE9	1	PE	1	101052347	autori_scopus_preferred-name_erc.tsv	2026-09-29 13:41:06.397000	19638894400	0	PE	1546	241	531928	77	31.950207468879665
6abbbff22297e265fbed794c	7202998420	Marino G.	Giuseppe	Marino	G. Marino	1	PE9	1	PE	1	101052347	autori_scopus_preferred-name_erc.tsv	2026-09-29 13:41:06.397000	55980341800	0	PE	1546	2265	531928	2226	98.27814569536424
6abbbff22297e265fbed794c	7202998420	Marino G.	Giuseppe	Marino	G. Marino	1	PE9	1	PE	1	101052347	autori_scopus_preferred-name_erc.tsv	2026-09-29 13:41:06.397000	7202998420	1	PE	1546	535	531928	535	100.0
6abbbff12297e265fbed7344	22951956900	Rusconi R.	Roberto	Rusconi	Roberto Rusconi	1	LS8	1	LS	1	101045015	autori_scopus_preferred-name_erc.tsv	2026-09-29 13:41:05.632000	22951956900	1	LS	394	899	230606	147	16.35150166852058
6abbbff12297e265fbed7344	22951956900	Rusconi R.	Roberto	Rusconi	Roberto Rusconi	1	LS8	1	LS	1	101045015	autori_scopus_preferred-name_erc.tsv	2026-09-29 13:41:05.632000	57966564200	0	LS	394	44	230606	0	0.0
6abbbff22297e265fbed775b	57966564200	Rusconi M.	Martina	Rusconi	Martina Rusconi	1	PE8	1	PE	1	101089265	autori_scopus_preferred-name_erc.tsv	2026-09-29 13:41:06.082000	22951956900	0	PE	1546	899	531928	66	7.341490545050055
6abbbff22297e265fbed775b	57966564200	Rusconi M.	Martina	Rusconi	Martina Rusconi	1	PE8	1	PE	1	101089265	autori_scopus_preferred-name_erc.tsv	2026-09-29 13:41:06.082000	57966564200	1	PE	1546	44	531928	20	45.45454545454545
6abbbff12297e265fbed7359	23767226900	Luongo L.	Livio	Luongo	Livio Luongo	1	LS4	1	LS	1	101045285	autori_scopus_preferred-name_erc.tsv	2026-09-29 13:41:05.647000	23767226900	1	LS	394	2353	230606	214	9.094772630684233
6abbbff12297e265fbed7359	23767226900	Luongo L.	Livio	Luongo	Livio Luongo	1	LS4	1	LS	1	101045285	autori_scopus_preferred-name_erc.tsv	2026-09-29 13:41:05.647000	57296133700	0	LS	394	109	230606	0	0.0
6abbbff22297e265fbed7711	57296133700	Luongo E.	Eliseo	Luongo	Eliseo Luongo	1	PE1	1	PE	1	101053472	autori_scopus_preferred-name_erc.tsv	2026-09-29 13:41:06.024000	23767226900	0	PE	1546	2353	531928	97	4.122396940076499
6abbbff22297e265fbed7711	57296133700	Luongo E.	Eliseo	Luongo	Eliseo Luongo	1	PE1	1	PE	1	101053472	autori_scopus_preferred-name_erc.tsv	2026-09-29 13:41:06.024000	57296133700	1	PE	1546	109	531928	57	52.293577981651374
6abbbff12297e265fbed7380	25635583100	Botti L.	Lorenzo Alessio	Botti	Lorenzo Botti	1	LS7	1	LS	1	101088370	autori_scopus_preferred-name_erc.tsv	2026-09-29 13:41:05.665000	25635583100	1	LS	394	424	230606	0	0.0
6abbbff12297e265fbed7380	25635583100	Botti L.	Lorenzo Alessio	Botti	Lorenzo Botti	1	LS7	1	LS	1	101088370	autori_scopus_preferred-name_erc.tsv	2026-09-29 13:41:05.665000	57190044602	0	LS	394	352	230606	0	0.0
6abbbff12297e265fbed7380	25635583100	Botti L.	Lorenzo Alessio	Botti	Lorenzo Botti	1	LS7	1	LS	1	101088370	autori_scopus_preferred-name_erc.tsv	2026-09-29 13:41:05.665000	57209618946	0	LS	394	207	230606	13	6.280193236714976
6abbbff12297e265fbed754e	57190044602	Botti M.	Michele	Botti	Michele Botti	1	SYG-PE	1	PE	1	101115663	autori_scopus_preferred-name_erc.tsv	2026-09-29 13:41:05.852000	25635583100	0	PE	1546	424	531928	179	42.21698113207547
6abbbff12297e265fbed754e	57190044602	Botti M.	Michele	Botti	Michele Botti	1	SYG-PE	1	PE	1	101115663	autori_scopus_preferred-name_erc.tsv	2026-09-29 13:41:05.852000	57190044602	1	PE	1546	352	531928	341	96.875
6abbbff12297e265fbed754e	57190044602	Botti M.	Michele	Botti	Michele Botti	1	SYG-PE	1	PE	1	101115663	autori_scopus_preferred-name_erc.tsv	2026-09-29 13:41:05.852000	57209618946	0	PE	1546	207	531928	207	100.0
6abbbff12297e265fbed7641	57209618946	Botti G.	Giacomo	Botti	Giacomo Botti	1	PE4	1	PE	1	101081361	autori_scopus_preferred-name_erc.tsv	2026-09-29 13:41:05.923000	25635583100	0	PE	1546	424	531928	179	42.21698113207547
6abbbff12297e265fbed7641	57209618946	Botti G.	Giacomo	Botti	Giacomo Botti	1	PE4	1	PE	1	101081361	autori_scopus_preferred-name_erc.tsv	2026-09-29 13:41:05.923000	57190044602	0	PE	1546	352	531928	341	96.875
6abbbff12297e265fbed7641	57209618946	Botti G.	Giacomo	Botti	Giacomo Botti	1	PE4	1	PE	1	101081361	autori_scopus_preferred-name_erc.tsv	2026-09-29 13:41:05.923000	57209618946	1	PE	1546	207	531928	207	100.0
6abbbff12297e265fbed7385	25821783000	Castelli I.	Ivano Eligio	Castelli	Ivano E. Castelli	1	PE8	1	PE	1	101041255	autori_scopus_preferred-name_erc.tsv	2026-09-29 13:41:05.667000	25821783000	1	PE	1546	423	531928	164	38.77068557919622
6abbbff12297e265fbed7385	25821783000	Castelli I.	Ivano Eligio	Castelli	Ivano E. Castelli	1	PE8	1	PE	1	101041255	autori_scopus_preferred-name_erc.tsv	2026-09-29 13:41:05.667000	58890441500	0	PE	1546	639	531928	639	100.0
6abbbff22297e265fbed77bb	58890441500	Castelli M.	Matteo	Castelli	Matteo Castelli	1	PE4	1	PE	2	101112805 - 101088032	autori_scopus_preferred-name_erc.tsv	2026-09-29 13:41:06.142000	25821783000	0	PE	1546	423	531928	164	38.77068557919622
6abbbff22297e265fbed77bb	58890441500	Castelli M.	Matteo	Castelli	Matteo Castelli	1	PE4	1	PE	2	101112805 - 101088032	autori_scopus_preferred-name_erc.tsv	2026-09-29 13:41:06.142000	58890441500	1	PE	1546	639	531928	639	100.0
6abbbff12297e265fbed73a6	35188911400	Greco S.	Simona	Greco	Simona Greco	1	LS7	1	LS	1	101054460	autori_scopus_preferred-name_erc.tsv	2026-09-29 13:41:05.679000	35188911400	1	LS	394	1108	230606	1108	100.0
6abbbff12297e265fbed73a6	35188911400	Greco S.	Simona	Greco	Simona Greco	1	LS7	1	LS	1	101054460	autori_scopus_preferred-name_erc.tsv	2026-09-29 13:41:05.679000	57207823228	0	LS	394	1495	230606	33	2.2073578595317724
6abbbff12297e265fbed7628	57207823228	Greco G.	Gabriele	Greco	Gabriele Greco	1	PE8	1	PE	1	101086644	autori_scopus_preferred-name_erc.tsv	2026-09-29 13:41:05.917000	35188911400	0	PE	1546	1108	531928	123	11.101083032490974
6abbbff12297e265fbed7628	57207823228	Greco G.	Gabriele	Greco	Gabriele Greco	1	PE8	1	PE	1	101086644	autori_scopus_preferred-name_erc.tsv	2026-09-29 13:41:05.917000	57207823228	1	PE	1546	1495	531928	676	45.21739130434783
6abbbff12297e265fbed73ac	35226936400	Albert J.	Justin E.	Albert	J. Albert	1	PE2	1	PE	1	101089007	autori_scopus_preferred-name_erc.tsv	2026-09-29 13:41:05.681000	35226936400	1	PE	1546	8038	531928	8038	100.0
6abbbff12297e265fbed73ac	35226936400	Albert J.	Justin E.	Albert	J. Albert	1	PE2	1	PE	1	101089007	autori_scopus_preferred-name_erc.tsv	2026-09-29 13:41:05.681000	56382023100	0	PE	1546	1782	531928	1782	100.0
6abbbff12297e265fbed74e1	56382023100	Albert A.	Andrea M.	Albert	A. Albert	1	PE9	1	PE	1	101076343	autori_scopus_preferred-name_erc.tsv	2026-09-29 13:41:05.802000	35226936400	0	PE	1546	8038	531928	8038	100.0
6abbbff12297e265fbed74e1	56382023100	Albert A.	Andrea M.	Albert	A. Albert	1	PE9	1	PE	1	101076343	autori_scopus_preferred-name_erc.tsv	2026-09-29 13:41:05.802000	56382023100	1	PE	1546	1782	531928	1782	100.0
6abbbff12297e265fbed73cd	35565483100	Mariani P.	Pierpaolo	Mariani	Pier Paolo Mariani	1	PE7	1	PE	1	101118089	autori_scopus_preferred-name_erc.tsv	2026-09-29 13:41:05.696000	35565483100	1	PE	1546	83	531928	2	2.4096385542168677
6abbbff12297e265fbed73cd	35565483100	Mariani P.	Pierpaolo	Mariani	Pier Paolo Mariani	1	PE7	1	PE	1	101118089	autori_scopus_preferred-name_erc.tsv	2026-09-29 13:41:05.696000	58067948000	0	PE	1546	47	531928	47	100.0
6abbbff22297e265fbed7765	58067948000	Mariani F.	Francesca	Mariani	Francesca Mariani	1	PE2	1	PE	1	101040024	autori_scopus_preferred-name_erc.tsv	2026-09-29 13:41:06.089000	35565483100	0	PE	1546	83	531928	2	2.4096385542168677
6abbbff22297e265fbed7765	58067948000	Mariani F.	Francesca	Mariani	Francesca Mariani	1	PE2	1	PE	1	101040024	autori_scopus_preferred-name_erc.tsv	2026-09-29 13:41:06.089000	58067948000	1	PE	1546	47	531928	47	100.0
6abbbff12297e265fbed73d2	35745690800	Crippa A.	Alessandro	Crippa	Alessandro Crippa	1	SH4	1	SH	1	101087263	autori_scopus_preferred-name_erc.tsv	2026-09-29 13:41:05.698000	35745690800	1	SH	189	662	102795	530	80.06042296072508
6abbbff12297e265fbed73d2	35745690800	Crippa A.	Alessandro	Crippa	Alessandro Crippa	1	SH4	1	SH	1	101087263	autori_scopus_preferred-name_erc.tsv	2026-09-29 13:41:05.698000	57219561802	0	SH	189	361	102795	10	2.7700831024930745
6abbbff12297e265fbed76ad	57219561802	Crippa M.	Martina	Crippa	Martina Crippa	1	PE4	1	PE	1	101053661	autori_scopus_preferred-name_erc.tsv	2026-09-29 13:41:05.954000	35745690800	0	PE	1546	662	531928	20	3.0211480362537766
6abbbff12297e265fbed76ad	57219561802	Crippa M.	Martina	Crippa	Martina Crippa	1	PE4	1	PE	1	101053661	autori_scopus_preferred-name_erc.tsv	2026-09-29 13:41:05.954000	57219561802	1	PE	1546	361	531928	293	81.16343490304709
6abbbff12297e265fbed73dc	36010058800	Passerini L.	Laura	Passerini	Laura Passerini	1	LS7	1	LS	1	101044032	autori_scopus_preferred-name_erc.tsv	2026-09-29 13:41:05.702000	36010058800	1	LS	394	551	230606	452	82.03266787658802
6abbbff12297e265fbed73dc	36010058800	Passerini L.	Laura	Passerini	Laura Passerini	1	LS7	1	LS	1	101044032	autori_scopus_preferred-name_erc.tsv	2026-09-29 13:41:05.702000	7006983227	0	LS	394	1488	230606	71	4.771505376344086
6abbbff22297e265fbed7929	7006983227	Passerini A.	Andrea	Passerini	Andrea Passerini	1	LS8	1	LS	1	101045015	autori_scopus_preferred-name_erc.tsv	2026-09-29 13:41:06.381000	36010058800	0	LS	394	551	230606	452	82.03266787658802
6abbbff22297e265fbed7929	7006983227	Passerini A.	Andrea	Passerini	Andrea Passerini	1	LS8	1	LS	1	101045015	autori_scopus_preferred-name_erc.tsv	2026-09-29 13:41:06.381000	7006983227	1	LS	394	1488	230606	71	4.771505376344086
6abbbff12297e265fbed7406	36943101100	Villa A.	Anna	Villa	Anna Villa	1	LS7	1	LS	1	101044032	autori_scopus_preferred-name_erc.tsv	2026-09-29 13:41:05.716000	36943101100	1	LS	394	2017	230606	626	31.036192364898362
6abbbff12297e265fbed7406	36943101100	Villa A.	Anna	Villa	Anna Villa	1	LS7	1	LS	1	101044032	autori_scopus_preferred-name_erc.tsv	2026-09-29 13:41:05.716000	7004574612	0	LS	394	22	230606	0	0.0
6abbbff22297e265fbed78f4	7004574612	Villa C.	Corrado	Villa	C. Villa	1	PE7	1	PE	1	101054098	autori_scopus_preferred-name_erc.tsv	2026-09-29 13:41:06.354000	36943101100	0	PE	1546	2017	531928	95	4.709965294992563
6abbbff22297e265fbed78f4	7004574612	Villa C.	Corrado	Villa	C. Villa	1	PE7	1	PE	1	101054098	autori_scopus_preferred-name_erc.tsv	2026-09-29 13:41:06.354000	7004574612	1	PE	1546	22	531928	22	100.0
6abbbff12297e265fbed740f	37080145300	Castiglioni E.	Elisabetta	Castiglioni	Elisabetta Castiglioni	1	SH6	1	SH	1	101054883	autori_scopus_preferred-name_erc.tsv	2026-09-29 13:41:05.718000	37080145300	1	SH	189	376	102795	301	80.0531914893617
6abbbff12297e265fbed740f	37080145300	Castiglioni E.	Elisabetta	Castiglioni	Elisabetta Castiglioni	1	SH6	1	SH	1	101054883	autori_scopus_preferred-name_erc.tsv	2026-09-29 13:41:05.718000	59281425400	0	SH	189	0	102795	0	0
6abbbff22297e265fbed77ec	59281425400	Castiglioni I.	Ilaria	Castiglioni	Ilaria Castiglioni	1	LS2	1	LS	1	101088408	autori_scopus_preferred-name_erc.tsv	2026-09-29 13:41:06.173000	37080145300	0	LS	394	376	230606	4	1.0638297872340425
6abbbff22297e265fbed77ec	59281425400	Castiglioni I.	Ilaria	Castiglioni	Ilaria Castiglioni	1	LS2	1	LS	1	101088408	autori_scopus_preferred-name_erc.tsv	2026-09-29 13:41:06.173000	59281425400	1	LS	394	0	230606	0	0
6abbbff12297e265fbed7411	37116505500	Bertero A.	Alessandro	Bertero	Alessandro Bertero	1	LS1	1	LS	1	101076026	autori_scopus_preferred-name_erc.tsv	2026-09-29 13:41:05.718000	37116505500	1	LS	394	448	230606	84	18.75
6abbbff12297e265fbed7411	37116505500	Bertero A.	Alessandro	Bertero	Alessandro Bertero	1	LS1	1	LS	1	101076026	autori_scopus_preferred-name_erc.tsv	2026-09-29 13:41:05.718000	57189520921	0	LS	394	1460	230606	539	36.917808219178085
6abbbff12297e265fbed7549	57189520921	Bertero E.	Edoardo	Bertero	Edoardo Bertero	1	LS7	1	LS	1	101054460	autori_scopus_preferred-name_erc.tsv	2026-09-29 13:41:05.850000	37116505500	0	LS	394	448	230606	84	18.75
6abbbff12297e265fbed7549	57189520921	Bertero E.	Edoardo	Bertero	Edoardo Bertero	1	LS7	1	LS	1	101054460	autori_scopus_preferred-name_erc.tsv	2026-09-29 13:41:05.850000	57189520921	1	LS	394	1460	230606	539	36.917808219178085
6abbbff12297e265fbed7412	38162613300	Scharff S.	Sebastian	Scharff	Sebastian Scharff	1	SH6	1	SH	1	101043954	autori_scopus_preferred-name_erc.tsv	2026-09-29 13:41:05.719000	38162613300	1	SH	189	133	102795	14	10.526315789473683
6abbbff12297e265fbed7412	38162613300	Scharff S.	Sebastian	Scharff	Sebastian Scharff	1	SH6	1	SH	1	101043954	autori_scopus_preferred-name_erc.tsv	2026-09-29 13:41:05.719000	57195200228	0	SH	189	172	102795	3	1.744186046511628
6abbbff12297e265fbed759b	57195200228	Scharff R.	Rob B.N.	Scharff	Rob Bernardus Nicolaas Scharff	1	PE8	1	PE	1	101039198	autori_scopus_preferred-name_erc.tsv	2026-09-29 13:41:05.880000	38162613300	0	PE	1546	133	531928	0	0.0
6abbbff12297e265fbed759b	57195200228	Scharff R.	Rob B.N.	Scharff	Rob Bernardus Nicolaas Scharff	1	PE8	1	PE	1	101039198	autori_scopus_preferred-name_erc.tsv	2026-09-29 13:41:05.880000	57195200228	1	PE	1546	172	531928	52	30.23255813953488
6abbbff12297e265fbed7419	43761202200	Grassi E.	Elisa Stellaria	Grassi	Elisa Stellaria Grassi	1	LS1	1	LS	1	101041298	autori_scopus_preferred-name_erc.tsv	2026-09-29 13:41:05.720000	43761202200	1	LS	394	648	230606	525	81.01851851851852
6abbbff12297e265fbed7419	43761202200	Grassi E.	Elisa Stellaria	Grassi	Elisa Stellaria Grassi	1	LS1	1	LS	1	101041298	autori_scopus_preferred-name_erc.tsv	2026-09-29 13:41:05.720000	58418445400	0	LS	394	28	230606	5	17.857142857142858
6abbbff12297e265fbed7419	43761202200	Grassi E.	Elisa Stellaria	Grassi	Elisa Stellaria Grassi	1	LS1	1	LS	1	101041298	autori_scopus_preferred-name_erc.tsv	2026-09-29 13:41:05.720000	7101807658	0	LS	394	3966	230606	2746	69.2385274836107
6abbbff22297e265fbed7782	58418445400	Grassi F.	Federica	Grassi	Federica Grassi	1	PE5	1	PE	1	101040025	autori_scopus_preferred-name_erc.tsv	2026-09-29 13:41:06.105000	43761202200	0	PE	1546	648	531928	34	5.246913580246913
6abbbff22297e265fbed7782	58418445400	Grassi F.	Federica	Grassi	Federica Grassi	1	PE5	1	PE	1	101040025	autori_scopus_preferred-name_erc.tsv	2026-09-29 13:41:06.105000	58418445400	1	PE	1546	28	531928	28	100.0
6abbbff22297e265fbed7782	58418445400	Grassi F.	Federica	Grassi	Federica Grassi	1	PE5	1	PE	1	101040025	autori_scopus_preferred-name_erc.tsv	2026-09-29 13:41:06.105000	7101807658	0	PE	1546	3966	531928	196	4.942007060010085
6abbbff22297e265fbed7931	7101807658	Grassi C.	Claudio	Grassi	Claudio Grassi	1	LS5	1	LS	1	101078163	autori_scopus_preferred-name_erc.tsv	2026-09-29 13:41:06.385000	43761202200	0	LS	394	648	230606	525	81.01851851851852
6abbbff22297e265fbed7931	7101807658	Grassi C.	Claudio	Grassi	Claudio Grassi	1	LS5	1	LS	1	101078163	autori_scopus_preferred-name_erc.tsv	2026-09-29 13:41:06.385000	58418445400	0	LS	394	28	230606	5	17.857142857142858
6abbbff22297e265fbed7931	7101807658	Grassi C.	Claudio	Grassi	Claudio Grassi	1	LS5	1	LS	1	101078163	autori_scopus_preferred-name_erc.tsv	2026-09-29 13:41:06.385000	7101807658	1	LS	394	3966	230606	2746	69.2385274836107
6abbbff12297e265fbed741f	50261110100	Barbieri L.	Letizia	Barbieri	Letizia Barbieri	1	PE4	1	PE	2	101094131 - 101092725	autori_scopus_preferred-name_erc.tsv	2026-09-29 13:41:05.721000	50261110100	1	PE	1546	199	531928	199	100.0
6abbbff12297e265fbed741f	50261110100	Barbieri L.	Letizia	Barbieri	Letizia Barbieri	1	PE4	1	PE	2	101094131 - 101092725	autori_scopus_preferred-name_erc.tsv	2026-09-29 13:41:05.721000	58993960400	0	PE	1546	0	531928	0	0
6abbbff22297e265fbed77c8	58993960400	Barbieri M.	Marianna	Barbieri	Marianna Barbieri	1	PE5	1	PE	1	101077698	autori_scopus_preferred-name_erc.tsv	2026-09-29 13:41:06.147000	50261110100	0	PE	1546	199	531928	199	100.0
6abbbff22297e265fbed77c8	58993960400	Barbieri M.	Marianna	Barbieri	Marianna Barbieri	1	PE5	1	PE	1	101077698	autori_scopus_preferred-name_erc.tsv	2026-09-29 13:41:06.147000	58993960400	1	PE	1546	0	531928	0	0
6abbbff12297e265fbed742e	54789225100	Saraceno C.	Claudia	Saraceno	Claudia Saraceno	1	LS7	1	LS	1	101053962	autori_scopus_preferred-name_erc.tsv	2026-09-29 13:41:05.730000	54789225100	1	LS	394	598	230606	598	100.0
6abbbff12297e265fbed742e	54789225100	Saraceno C.	Claudia	Saraceno	Claudia Saraceno	1	LS7	1	LS	1	101053962	autori_scopus_preferred-name_erc.tsv	2026-09-29 13:41:05.730000	58567265800	0	LS	394	77	230606	77	100.0
6abbbff22297e265fbed7791	58567265800	Saraceno P.	Piermarco	Saraceno	Piermarco Saraceno	1	LS9	1	LS	1	101053983	autori_scopus_preferred-name_erc.tsv	2026-09-29 13:41:06.119000	54789225100	0	LS	394	598	230606	598	100.0
6abbbff22297e265fbed7791	58567265800	Saraceno P.	Piermarco	Saraceno	Piermarco Saraceno	1	LS9	1	LS	1	101053983	autori_scopus_preferred-name_erc.tsv	2026-09-29 13:41:06.119000	58567265800	1	LS	394	77	230606	77	100.0
6abbbff12297e265fbed743d	55077809800	Papini R.	Riccardo	Papini	R. Papini	1	PE9	1	PE	1	101052347	autori_scopus_preferred-name_erc.tsv	2026-09-29 13:41:05.735000	55077809800	1	PE	1546	786	531928	786	100.0
6abbbff12297e265fbed743d	55077809800	Papini R.	Riccardo	Papini	R. Papini	1	PE9	1	PE	1	101052347	autori_scopus_preferred-name_erc.tsv	2026-09-29 13:41:05.735000	57219761993	0	PE	1546	34	531928	34	100.0
6abbbff12297e265fbed76bc	57219761993	Papini A.	Andrea	Papini	Andrea Papini	1	PE1	1	PE	1	101053472	autori_scopus_preferred-name_erc.tsv	2026-09-29 13:41:05.962000	55077809800	0	PE	1546	786	531928	786	100.0
6abbbff12297e265fbed76bc	57219761993	Papini A.	Andrea	Papini	Andrea Papini	1	PE1	1	PE	1	101053472	autori_scopus_preferred-name_erc.tsv	2026-09-29 13:41:05.962000	57219761993	1	PE	1546	34	531928	34	100.0
6abbbff12297e265fbed7450	55338295100	Stella M.	Martina	Stella	Martina Stella	1	PE4	1	PE	1	101043272	autori_scopus_preferred-name_erc.tsv	2026-09-29 13:41:05.741000	55338295100	1	PE	1546	364	531928	167	45.879120879120876
6abbbff12297e265fbed7450	55338295100	Stella M.	Martina	Stella	Martina Stella	1	PE4	1	PE	1	101043272	autori_scopus_preferred-name_erc.tsv	2026-09-29 13:41:05.741000	7101770170	0	PE	1546	1218	531928	1122	92.11822660098522
6abbbff22297e265fbed7930	7101770170	Stella L.	Luigi	Stella	Luigi Stella	1	PE9	1	PE	1	101076343	autori_scopus_preferred-name_erc.tsv	2026-09-29 13:41:06.385000	55338295100	0	PE	1546	364	531928	167	45.879120879120876
6abbbff22297e265fbed7930	7101770170	Stella L.	Luigi	Stella	Luigi Stella	1	PE9	1	PE	1	101076343	autori_scopus_preferred-name_erc.tsv	2026-09-29 13:41:06.385000	7101770170	1	PE	1546	1218	531928	1122	92.11822660098522
6abbbff12297e265fbed74aa	55984908600	Sartori B.	Barbara	Sartori	Barbara Sartori	1	PE11	1	PE	1	101041229	autori_scopus_preferred-name_erc.tsv	2026-09-29 13:41:05.785000	55984908600	1	PE	1546	396	531928	277	69.94949494949495
6abbbff12297e265fbed74aa	55984908600	Sartori B.	Barbara	Sartori	Barbara Sartori	1	PE11	1	PE	1	101041229	autori_scopus_preferred-name_erc.tsv	2026-09-29 13:41:05.785000	58717862900	0	PE	1546	39	531928	6	15.384615384615385
6abbbff12297e265fbed74aa	55984908600	Sartori B.	Barbara	Sartori	Barbara Sartori	1	PE11	1	PE	1	101041229	autori_scopus_preferred-name_erc.tsv	2026-09-29 13:41:05.785000	6603820829	0	PE	1546	1205	531928	27	2.240663900414938
6abbbff22297e265fbed77a5	58717862900	Sartori P.	Paolo	Sartori	Paolo Sartori	1	PE8	1	PE	1	101069436	autori_scopus_preferred-name_erc.tsv	2026-09-29 13:41:06.127000	55984908600	0	PE	1546	396	531928	277	69.94949494949495
6abbbff22297e265fbed77a5	58717862900	Sartori P.	Paolo	Sartori	Paolo Sartori	1	PE8	1	PE	1	101069436	autori_scopus_preferred-name_erc.tsv	2026-09-29 13:41:06.127000	58717862900	1	PE	1546	39	531928	6	15.384615384615385
6abbbff22297e265fbed77a5	58717862900	Sartori P.	Paolo	Sartori	Paolo Sartori	1	PE8	1	PE	1	101069436	autori_scopus_preferred-name_erc.tsv	2026-09-29 13:41:06.127000	6603820829	0	PE	1546	1205	531928	27	2.240663900414938
6abbbff22297e265fbed7880	6603820829	Sartori I.	Ivana	Sartori	Ivana Sartori	1	SYG-LS	1	LS	1	101071900	autori_scopus_preferred-name_erc.tsv	2026-09-29 13:41:06.286000	55984908600	0	LS	394	396	230606	54	13.636363636363635
6abbbff22297e265fbed7880	6603820829	Sartori I.	Ivana	Sartori	Ivana Sartori	1	SYG-LS	1	LS	1	101071900	autori_scopus_preferred-name_erc.tsv	2026-09-29 13:41:06.286000	58717862900	0	LS	394	39	230606	1	2.564102564102564
6abbbff22297e265fbed7880	6603820829	Sartori I.	Ivana	Sartori	Ivana Sartori	1	SYG-LS	1	LS	1	101071900	autori_scopus_preferred-name_erc.tsv	2026-09-29 13:41:06.286000	6603820829	1	LS	394	1205	230606	1014	84.149377593361
6abbbff12297e265fbed74c5	56181497000	Capelli R.	Riccardo	Capelli	Riccardo Capelli	1	PE4	1	PE	1	101053661	autori_scopus_preferred-name_erc.tsv	2026-09-29 13:41:05.795000	56181497000	1	PE	1546	1373	531928	939	68.39038601602331
6abbbff12297e265fbed74c5	56181497000	Capelli R.	Riccardo	Capelli	Riccardo Capelli	1	PE4	1	PE	1	101053661	autori_scopus_preferred-name_erc.tsv	2026-09-29 13:41:05.795000	7004511670	0	PE	1546	349	531928	269	77.07736389684814
6abbbff22297e265fbed78f0	7004511670	Capelli R.	Raffaella	Capelli	Raffaella Capelli	1	PE7	1	PE	1	101055379	autori_scopus_preferred-name_erc.tsv	2026-09-29 13:41:06.352000	56181497000	0	PE	1546	1373	531928	939	68.39038601602331
6abbbff22297e265fbed78f0	7004511670	Capelli R.	Raffaella	Capelli	Raffaella Capelli	1	PE7	1	PE	1	101055379	autori_scopus_preferred-name_erc.tsv	2026-09-29 13:41:06.352000	7004511670	1	PE	1546	349	531928	269	77.07736389684814
6abbbff12297e265fbed74db	56274915100	Lombardi M.	Marco	Lombardi	Marco Lombardi	1	PE9	1	PE	1	101055318	autori_scopus_preferred-name_erc.tsv	2026-09-29 13:41:05.801000	56274915100	1	PE	1546	534	531928	425	79.5880149812734
6abbbff12297e265fbed74db	56274915100	Lombardi M.	Marco	Lombardi	Marco Lombardi	1	PE9	1	PE	1	101055318	autori_scopus_preferred-name_erc.tsv	2026-09-29 13:41:05.801000	58571153400	0	PE	1546	0	531928	0	0
6abbbff22297e265fbed7792	58571153400	Lombardi G.	Giovanni	Lombardi	Giovanni Lombardi	1	PE7	1	PE	1	101077917	autori_scopus_preferred-name_erc.tsv	2026-09-29 13:41:06.119000	56274915100	0	PE	1546	534	531928	425	79.5880149812734
6abbbff22297e265fbed7792	58571153400	Lombardi G.	Giovanni	Lombardi	Giovanni Lombardi	1	PE7	1	PE	1	101077917	autori_scopus_preferred-name_erc.tsv	2026-09-29 13:41:06.119000	58571153400	1	PE	1546	0	531928	0	0
6abbbff12297e265fbed74e7	56397823600	Caputo C.	Claudio	Caputo	C. Caputo	1	PE2	1	PE	1	101115353	autori_scopus_preferred-name_erc.tsv	2026-09-29 13:41:05.805000	56397823600	1	PE	1546	7114	531928	7110	99.94377284228281
6abbbff12297e265fbed74e7	56397823600	Caputo C.	Claudio	Caputo	C. Caputo	1	PE2	1	PE	1	101115353	autori_scopus_preferred-name_erc.tsv	2026-09-29 13:41:05.805000	58476390600	0	PE	1546	486	531928	174	35.80246913580247
6abbbff12297e265fbed74e7	56397823600	Caputo C.	Claudio	Caputo	C. Caputo	1	PE2	1	PE	1	101115353	autori_scopus_preferred-name_erc.tsv	2026-09-29 13:41:05.805000	7102895151	0	PE	1546	412	531928	249	60.43689320388349
6abbbff22297e265fbed7784	58476390600	Caputo M.	Mariapia	Caputo	Mariapia Caputo	1	PE8	1	PE	1	101040383	autori_scopus_preferred-name_erc.tsv	2026-09-29 13:41:06.107000	56397823600	0	PE	1546	7114	531928	7110	99.94377284228281
6abbbff22297e265fbed7784	58476390600	Caputo M.	Mariapia	Caputo	Mariapia Caputo	1	PE8	1	PE	1	101040383	autori_scopus_preferred-name_erc.tsv	2026-09-29 13:41:06.107000	58476390600	1	PE	1546	486	531928	174	35.80246913580247
6abbbff22297e265fbed7784	58476390600	Caputo M.	Mariapia	Caputo	Mariapia Caputo	1	PE8	1	PE	1	101040383	autori_scopus_preferred-name_erc.tsv	2026-09-29 13:41:06.107000	7102895151	0	PE	1546	412	531928	249	60.43689320388349
6abbbff22297e265fbed7940	7102895151	Caputo M.	Marco	Caputo	Marco Caputo	1	PE3	1	PE	1	101117424	autori_scopus_preferred-name_erc.tsv	2026-09-29 13:41:06.392000	56397823600	0	PE	1546	7114	531928	7110	99.94377284228281
6abbbff22297e265fbed7940	7102895151	Caputo M.	Marco	Caputo	Marco Caputo	1	PE3	1	PE	1	101117424	autori_scopus_preferred-name_erc.tsv	2026-09-29 13:41:06.392000	58476390600	0	PE	1546	486	531928	174	35.80246913580247
6abbbff22297e265fbed7940	7102895151	Caputo M.	Marco	Caputo	Marco Caputo	1	PE3	1	PE	1	101117424	autori_scopus_preferred-name_erc.tsv	2026-09-29 13:41:06.392000	7102895151	1	PE	1546	412	531928	249	60.43689320388349
6abbbff12297e265fbed74e8	56400444300	Donati G.	Greta	Donati	Greta Donati	1	PE5	1	PE	1	101039841	autori_scopus_preferred-name_erc.tsv	2026-09-29 13:41:05.806000	56400444300	1	PE	1546	1095	531928	669	61.09589041095891
6abbbff12297e265fbed74e8	56400444300	Donati G.	Greta	Donati	Greta Donati	1	PE5	1	PE	1	101039841	autori_scopus_preferred-name_erc.tsv	2026-09-29 13:41:05.806000	7003921934	0	PE	1546	1486	531928	183	12.31493943472409
6abbbff22297e265fbed78cd	7003921934	Donati C.	Claudio	Donati	Claudio Donati	1	LS8	1	LS	1	101045015	autori_scopus_preferred-name_erc.tsv	2026-09-29 13:41:06.335000	56400444300	0	LS	394	1095	230606	139	12.694063926940638
6abbbff22297e265fbed78cd	7003921934	Donati C.	Claudio	Donati	Claudio Donati	1	LS8	1	LS	1	101045015	autori_scopus_preferred-name_erc.tsv	2026-09-29 13:41:06.335000	7003921934	1	LS	394	1486	230606	1043	70.18842530282639
6abbbff12297e265fbed74ee	56423307400	Prato M.	Maurizio	Prato	Maurizio Prato	1	PE5	1	PE	1	101039578	autori_scopus_preferred-name_erc.tsv	2026-09-29 13:41:05.810000	56423307400	1	PE	1546	6690	531928	3208	47.95216741405082
6abbbff12297e265fbed74ee	56423307400	Prato M.	Maurizio	Prato	Maurizio Prato	1	PE5	1	PE	1	101039578	autori_scopus_preferred-name_erc.tsv	2026-09-29 13:41:05.810000	57208455894	0	PE	1546	6020	531928	3493	58.02325581395349
6abbbff12297e265fbed74ee	56423307400	Prato M.	Maurizio	Prato	Maurizio Prato	1	PE5	1	PE	1	101039578	autori_scopus_preferred-name_erc.tsv	2026-09-29 13:41:05.810000	57302838900	0	PE	1546	60	531928	6	10.0
6abbbff12297e265fbed7633	57208455894	Prato M.	Mirko	Prato	Mirko Prato	1	PE11	1	PE	1	101044020	autori_scopus_preferred-name_erc.tsv	2026-09-29 13:41:05.919000	56423307400	0	PE	1546	6690	531928	3208	47.95216741405082
6abbbff12297e265fbed7633	57208455894	Prato M.	Mirko	Prato	Mirko Prato	1	PE11	1	PE	1	101044020	autori_scopus_preferred-name_erc.tsv	2026-09-29 13:41:05.919000	57208455894	1	PE	1546	6020	531928	3493	58.02325581395349
6abbbff12297e265fbed7633	57208455894	Prato M.	Mirko	Prato	Mirko Prato	1	PE11	1	PE	1	101044020	autori_scopus_preferred-name_erc.tsv	2026-09-29 13:41:05.919000	57302838900	0	PE	1546	60	531928	6	10.0
6abbbff22297e265fbed7712	57302838900	Prato O.	Ornella	Prato	Ornella Prato	1	SH6	1	SH	2	101055195 - 101071707	autori_scopus_preferred-name_erc.tsv	2026-09-29 13:41:06.025000	56423307400	0	SH	189	6690	102795	52	0.7772795216741405
6abbbff22297e265fbed7712	57302838900	Prato O.	Ornella	Prato	Ornella Prato	1	SH6	1	SH	2	101055195 - 101071707	autori_scopus_preferred-name_erc.tsv	2026-09-29 13:41:06.025000	57208455894	0	SH	189	6020	102795	248	4.119601328903655
6abbbff22297e265fbed7712	57302838900	Prato O.	Ornella	Prato	Ornella Prato	1	SH6	1	SH	2	101055195 - 101071707	autori_scopus_preferred-name_erc.tsv	2026-09-29 13:41:06.025000	57302838900	1	SH	189	60	102795	60	100.0
6abbbff12297e265fbed7509	56670371400	Fumagalli I.	Ivan	Fumagalli	Ivan Fumagalli	1	SYG-PE	1	PE	1	101115663	autori_scopus_preferred-name_erc.tsv	2026-09-29 13:41:05.822000	56670371400	1	PE	1546	484	531928	389	80.37190082644628
6abbbff12297e265fbed7509	56670371400	Fumagalli I.	Ivan	Fumagalli	Ivan Fumagalli	1	SYG-PE	1	PE	1	101115663	autori_scopus_preferred-name_erc.tsv	2026-09-29 13:41:05.822000	7005453483	0	PE	1546	630	531928	57	9.047619047619047
6abbbff22297e265fbed790a	7005453483	Fumagalli S.	Stefano	Fumagalli	Stefano Fumagalli	1	LS6	1	LS	1	101054805	autori_scopus_preferred-name_erc.tsv	2026-09-29 13:41:06.363000	56670371400	0	LS	394	484	230606	10	2.066115702479339
6abbbff22297e265fbed790a	7005453483	Fumagalli S.	Stefano	Fumagalli	Stefano Fumagalli	1	LS6	1	LS	1	101054805	autori_scopus_preferred-name_erc.tsv	2026-09-29 13:41:06.363000	7005453483	1	LS	394	630	230606	141	22.380952380952383
6abbbff12297e265fbed7515	56830260800	Rosso F.	Federica	Rosso	Federica Rosso	1	PE8	1	PE	1	101041255	autori_scopus_preferred-name_erc.tsv	2026-09-29 13:41:05.827000	56830260800	1	PE	1546	1149	531928	250	21.75805047867711
6abbbff12297e265fbed7515	56830260800	Rosso F.	Federica	Rosso	Federica Rosso	1	PE8	1	PE	1	101041255	autori_scopus_preferred-name_erc.tsv	2026-09-29 13:41:05.827000	57207774702	0	PE	1546	719	531928	427	59.38803894297635
6abbbff12297e265fbed7625	57207774702	Rosso C.	Cristian	Rosso	Cristian Rosso	1	PE5	1	PE	1	101040025	autori_scopus_preferred-name_erc.tsv	2026-09-29 13:41:05.916000	56830260800	0	PE	1546	1149	531928	250	21.75805047867711
6abbbff12297e265fbed7625	57207774702	Rosso C.	Cristian	Rosso	Cristian Rosso	1	PE5	1	PE	1	101040025	autori_scopus_preferred-name_erc.tsv	2026-09-29 13:41:05.916000	57207774702	1	PE	1546	719	531928	427	59.38803894297635
6abbbff12297e265fbed7524	56956669800	Zanella G.	Giacomo	Zanella	Giacomo Zanella	1	PE1	1	PE	1	101076564	autori_scopus_preferred-name_erc.tsv	2026-09-29 13:41:05.834000	56956669800	1	PE	1546	320	531928	54	16.875
6abbbff12297e265fbed7524	56956669800	Zanella G.	Giacomo	Zanella	Giacomo Zanella	1	PE1	1	PE	1	101076564	autori_scopus_preferred-name_erc.tsv	2026-09-29 13:41:05.834000	57201412747	0	PE	1546	310	531928	74	23.870967741935484
6abbbff12297e265fbed75d2	57201412747	Zanella A.	Alberto	Zanella	Alberto, Zanella	1	PE7	1	PE	1	101078411	autori_scopus_preferred-name_erc.tsv	2026-09-29 13:41:05.893000	56956669800	0	PE	1546	320	531928	54	16.875
6abbbff12297e265fbed75d2	57201412747	Zanella A.	Alberto	Zanella	Alberto, Zanella	1	PE7	1	PE	1	101078411	autori_scopus_preferred-name_erc.tsv	2026-09-29 13:41:05.893000	57201412747	1	PE	1546	310	531928	74	23.870967741935484
6abbbff12297e265fbed752e	57070087300	Distefano N.	Natalia	Distefano	Natalia Distefano	1	SH7	1	SH	1	101039222	autori_scopus_preferred-name_erc.tsv	2026-09-29 13:41:05.838000	57070087300	1	SH	189	755	102795	28	3.708609271523179
6abbbff12297e265fbed752e	57070087300	Distefano N.	Natalia	Distefano	Natalia Distefano	1	SH7	1	SH	1	101039222	autori_scopus_preferred-name_erc.tsv	2026-09-29 13:41:05.838000	9433557800	0	SH	189	1351	102795	15	1.1102886750555145
6abbbff22297e265fbed7983	9433557800	Distefano C.	Carla	Distefano	C. Distefano	1	PE9	1	PE	1	101076343	autori_scopus_preferred-name_erc.tsv	2026-09-29 13:41:06.420000	57070087300	0	PE	1546	755	531928	7	0.9271523178807948
6abbbff22297e265fbed7983	9433557800	Distefano C.	Carla	Distefano	C. Distefano	1	PE9	1	PE	1	101076343	autori_scopus_preferred-name_erc.tsv	2026-09-29 13:41:06.420000	9433557800	1	PE	1546	1351	531928	1319	97.63138415988158
6abbbff12297e265fbed7531	57114750700	Riccardi E.	Elisa	Riccardi	Elisa Riccardi	1	PE7	1	PE	1	101081567	autori_scopus_preferred-name_erc.tsv	2026-09-29 13:41:05.840000	57114750700	1	PE	1546	350	531928	350	100.0
6abbbff12297e265fbed7531	57114750700	Riccardi E.	Elisa	Riccardi	Elisa Riccardi	1	PE7	1	PE	1	101081567	autori_scopus_preferred-name_erc.tsv	2026-09-29 13:41:05.840000	57807559600	0	PE	1546	47	531928	22	46.808510638297875
6abbbff22297e265fbed774a	57807559600	Riccardi B.	Brian	Riccardi	Brian Riccardi	1	PE6	1	PE	1	101039208	autori_scopus_preferred-name_erc.tsv	2026-09-29 13:41:06.070000	57114750700	0	PE	1546	350	531928	350	100.0
6abbbff22297e265fbed774a	57807559600	Riccardi B.	Brian	Riccardi	Brian Riccardi	1	PE6	1	PE	1	101039208	autori_scopus_preferred-name_erc.tsv	2026-09-29 13:41:06.070000	57807559600	1	PE	1546	47	531928	22	46.808510638297875
6abbbff12297e265fbed756a	57192318084	Corrias M.	Maria Valeria	Corrias	Maria Valeria Corrias	1	LS8	1	LS	1	101045015	autori_scopus_preferred-name_erc.tsv	2026-09-29 13:41:05.862000	57192318084	1	LS	394	1093	230606	949	86.8252516010979
6abbbff12297e265fbed756a	57192318084	Corrias M.	Maria Valeria	Corrias	Maria Valeria Corrias	1	LS8	1	LS	1	101045015	autori_scopus_preferred-name_erc.tsv	2026-09-29 13:41:05.862000	57222762966	0	LS	394	216	230606	1	0.4629629629629629
6abbbff12297e265fbed76e7	57222762966	Corrias N.	Nicola	Corrias	Nicola Corrias	1	PE7	1	PE	1	101077917	autori_scopus_preferred-name_erc.tsv	2026-09-29 13:41:05.995000	57192318084	0	PE	1546	1093	531928	99	9.057639524245197
6abbbff12297e265fbed76e7	57222762966	Corrias N.	Nicola	Corrias	Nicola Corrias	1	PE7	1	PE	1	101077917	autori_scopus_preferred-name_erc.tsv	2026-09-29 13:41:05.995000	57222762966	1	PE	1546	216	531928	123	56.94444444444444
6abbbff12297e265fbed7582	57193613731	de Simone M.	Marta	de Simone	M. De Simone	1	PE9	1	PE	1	101098309	autori_scopus_preferred-name_erc.tsv	2026-09-29 13:41:05.872000	57193613731	1	PE	1546	1068	531928	1046	97.94007490636703
6abbbff12297e265fbed7582	57193613731	de Simone M.	Marta	de Simone	M. De Simone	1	PE9	1	PE	1	101098309	autori_scopus_preferred-name_erc.tsv	2026-09-29 13:41:05.872000	57435288800	0	PE	1546	1013	531928	1013	100.0
6abbbff22297e265fbed7726	57435288800	de Simone M.	Monica	de Simone	Monica de Simone	1	PE4	1	PE	1	101095012	autori_scopus_preferred-name_erc.tsv	2026-09-29 13:41:06.043000	57193613731	0	PE	1546	1068	531928	1046	97.94007490636703
6abbbff22297e265fbed7726	57435288800	de Simone M.	Monica	de Simone	Monica de Simone	1	PE4	1	PE	1	101095012	autori_scopus_preferred-name_erc.tsv	2026-09-29 13:41:06.043000	57435288800	1	PE	1546	1013	531928	1013	100.0
6abbbff12297e265fbed75a1	57195475054	Del Vecchio A.	Alessandro D.	Del Vecchio	Alessandro Del Vecchio	1	PE7	1	PE	1	101118089	autori_scopus_preferred-name_erc.tsv	2026-09-29 13:41:05.881000	57195475054	1	PE	1546	695	531928	629	90.50359712230215
6abbbff12297e265fbed75a1	57195475054	Del Vecchio A.	Alessandro D.	Del Vecchio	Alessandro Del Vecchio	1	PE7	1	PE	1	101118089	autori_scopus_preferred-name_erc.tsv	2026-09-29 13:41:05.881000	57213093829	0	PE	1546	1303	531928	33	2.532617037605526
6abbbff12297e265fbed7667	57213093829	Del Vecchio M.	Maria	Del Vecchio	Maria Del Vecchio	1	SYG-LS	1	LS	1	101071900	autori_scopus_preferred-name_erc.tsv	2026-09-29 13:41:05.931000	57195475054	0	LS	394	695	230606	31	4.460431654676259
6abbbff12297e265fbed7667	57213093829	Del Vecchio M.	Maria	Del Vecchio	Maria Del Vecchio	1	SYG-LS	1	LS	1	101071900	autori_scopus_preferred-name_erc.tsv	2026-09-29 13:41:05.931000	57213093829	1	LS	394	1303	230606	1262	96.85341519570223
6abbbff12297e265fbed75b3	57198798056	Sun P.	Peihao	Sun	Peihao Sun	1	PE3	1	PE	1	101053167	autori_scopus_preferred-name_erc.tsv	2026-09-29 13:41:05.884000	57198798056	1	PE	1546	163	531928	83	50.920245398773
6abbbff12297e265fbed75b3	57198798056	Sun P.	Peihao	Sun	Peihao Sun	1	PE3	1	PE	1	101053167	autori_scopus_preferred-name_erc.tsv	2026-09-29 13:41:05.884000	57212083420	0	PE	1546	557	531928	518	92.99820466786356
6abbbff12297e265fbed765b	57212083420	Sun Y.	Yifan	Sun	Y. Sun	1	PE7	1	PE	1	101081871	autori_scopus_preferred-name_erc.tsv	2026-09-29 13:41:05.929000	57198798056	0	PE	1546	163	531928	83	50.920245398773
6abbbff12297e265fbed765b	57212083420	Sun Y.	Yifan	Sun	Y. Sun	1	PE7	1	PE	1	101081871	autori_scopus_preferred-name_erc.tsv	2026-09-29 13:41:05.929000	57212083420	1	PE	1546	557	531928	518	92.99820466786356
6abbbff12297e265fbed762d	57208220408	Rossi B.	Barbara	Rossi	Barbara Rossi	1	LS6	1	LS	1	101069397	autori_scopus_preferred-name_erc.tsv	2026-09-29 13:41:05.918000	57208220408	1	LS	394	1084	230606	1084	100.0
6abbbff12297e265fbed762d	57208220408	Rossi B.	Barbara	Rossi	Barbara Rossi	1	LS6	1	LS	1	101069397	autori_scopus_preferred-name_erc.tsv	2026-09-29 13:41:05.918000	57225778410	0	LS	394	60	230606	1	1.6666666666666667
6abbbff12297e265fbed762d	57208220408	Rossi B.	Barbara	Rossi	Barbara Rossi	1	LS6	1	LS	1	101069397	autori_scopus_preferred-name_erc.tsv	2026-09-29 13:41:05.918000	59212806900	0	LS	394	0	230606	0	0
6abbbff22297e265fbed76fd	57225778410	Rossi M.	Marco	Rossi	Marco Rossi	1	PE8	1	PE	1	101052956	autori_scopus_preferred-name_erc.tsv	2026-09-29 13:41:06.008000	57208220408	0	PE	1546	1084	531928	74	6.826568265682657
6abbbff22297e265fbed76fd	57225778410	Rossi M.	Marco	Rossi	Marco Rossi	1	PE8	1	PE	1	101052956	autori_scopus_preferred-name_erc.tsv	2026-09-29 13:41:06.008000	57225778410	1	PE	1546	60	531928	41	68.33333333333333
6abbbff22297e265fbed76fd	57225778410	Rossi M.	Marco	Rossi	Marco Rossi	1	PE8	1	PE	1	101052956	autori_scopus_preferred-name_erc.tsv	2026-09-29 13:41:06.008000	59212806900	0	PE	1546	0	531928	0	0
6abbbff22297e265fbed77df	59212806900	Rossi G.	Greta	Rossi	Greta Rossi	1	PE5	1	PE	1	101077698	autori_scopus_preferred-name_erc.tsv	2026-09-29 13:41:06.161000	57208220408	0	PE	1546	1084	531928	74	6.826568265682657
6abbbff22297e265fbed77df	59212806900	Rossi G.	Greta	Rossi	Greta Rossi	1	PE5	1	PE	1	101077698	autori_scopus_preferred-name_erc.tsv	2026-09-29 13:41:06.161000	57225778410	0	PE	1546	60	531928	41	68.33333333333333
6abbbff22297e265fbed77df	59212806900	Rossi G.	Greta	Rossi	Greta Rossi	1	PE5	1	PE	1	101077698	autori_scopus_preferred-name_erc.tsv	2026-09-29 13:41:06.161000	59212806900	1	PE	1546	0	531928	0	0
6abbbff12297e265fbed762f	57208295241	Leonardi S.	Salvatore	Leonardi	Salvatore Leonardi	1	SH7	1	SH	1	101039222	autori_scopus_preferred-name_erc.tsv	2026-09-29 13:41:05.918000	57208295241	1	SH	189	755	102795	28	3.708609271523179
6abbbff12297e265fbed762f	57208295241	Leonardi S.	Salvatore	Leonardi	Salvatore Leonardi	1	SH7	1	SH	1	101039222	autori_scopus_preferred-name_erc.tsv	2026-09-29 13:41:05.918000	58488163200	0	SH	189	142	102795	2	1.4084507042253522
6abbbff22297e265fbed7785	58488163200	Leonardi P.	Pietro	Leonardi	P. Leonardi	1	PE9	1	PE	1	101052347	autori_scopus_preferred-name_erc.tsv	2026-09-29 13:41:06.108000	57208295241	0	PE	1546	755	531928	7	0.9271523178807948
6abbbff22297e265fbed7785	58488163200	Leonardi P.	Pietro	Leonardi	P. Leonardi	1	PE9	1	PE	1	101052347	autori_scopus_preferred-name_erc.tsv	2026-09-29 13:41:06.108000	58488163200	1	PE	1546	142	531928	125	88.02816901408451
6abbbff12297e265fbed7652	57211559733	Angelini G.	Gabriele	Angelini	Gabriele Angelini	1	LS6	1	LS	1	101069397	autori_scopus_preferred-name_erc.tsv	2026-09-29 13:41:05.927000	57211559733	1	LS	394	415	230606	415	100.0
6abbbff12297e265fbed7652	57211559733	Angelini G.	Gabriele	Angelini	Gabriele Angelini	1	LS6	1	LS	1	101069397	autori_scopus_preferred-name_erc.tsv	2026-09-29 13:41:05.927000	7006878358	0	LS	394	726	230606	18	2.479338842975207
6abbbff22297e265fbed7926	7006878358	Angelini R.	Roberta	Angelini	Roberta Angelini	1	PE3	1	PE	1	101066434	autori_scopus_preferred-name_erc.tsv	2026-09-29 13:41:06.379000	57211559733	0	PE	1546	415	531928	26	6.265060240963856
6abbbff22297e265fbed7926	7006878358	Angelini R.	Roberta	Angelini	Roberta Angelini	1	PE3	1	PE	1	101066434	autori_scopus_preferred-name_erc.tsv	2026-09-29 13:41:06.379000	7006878358	1	PE	1546	726	531928	654	90.08264462809917
6abbbff12297e265fbed7658	57211902060	Marini G.	Giovanni	Marini	Giovanni Marini	1	PE4	1	PE	1	101052708	autori_scopus_preferred-name_erc.tsv	2026-09-29 13:41:05.929000	57211902060	1	PE	1546	610	531928	438	71.80327868852459
6abbbff12297e265fbed7658	57211902060	Marini G.	Giovanni	Marini	Giovanni Marini	1	PE4	1	PE	1	101052708	autori_scopus_preferred-name_erc.tsv	2026-09-29 13:41:05.929000	57219792324	0	PE	1546	153	531928	138	90.19607843137256
6abbbff12297e265fbed76bf	57219792324	Marini I.	I.	Marini	I. Marini	1	PE9	1	PE	1	101045437	autori_scopus_preferred-name_erc.tsv	2026-09-29 13:41:05.963000	57211902060	0	PE	1546	610	531928	438	71.80327868852459
6abbbff12297e265fbed76bf	57219792324	Marini I.	I.	Marini	I. Marini	1	PE9	1	PE	1	101045437	autori_scopus_preferred-name_erc.tsv	2026-09-29 13:41:05.963000	57219792324	1	PE	1546	153	531928	138	90.19607843137256
6abbbff12297e265fbed767c	57216393463	De Luca G.	Giuseppe	De Luca	Giuseppe De Luca	1	LS1	1	LS	1	101040138	autori_scopus_preferred-name_erc.tsv	2026-09-29 13:41:05.935000	57216393463	1	LS	394	126	230606	126	100.0
6abbbff12297e265fbed767c	57216393463	De Luca G.	Giuseppe	De Luca	Giuseppe De Luca	1	LS1	1	LS	1	101040138	autori_scopus_preferred-name_erc.tsv	2026-09-29 13:41:05.935000	57222390136	0	LS	394	744	230606	12	1.6129032258064515
6abbbff12297e265fbed76e3	57222390136	de Luca C.	Claudia	de Luca	Claudia De Luca	1	SH4	1	SH	1	101042625	autori_scopus_preferred-name_erc.tsv	2026-09-29 13:41:05.992000	57216393463	0	SH	189	126	102795	1	0.7936507936507936
6abbbff12297e265fbed76e3	57222390136	de Luca C.	Claudia	de Luca	Claudia De Luca	1	SH4	1	SH	1	101042625	autori_scopus_preferred-name_erc.tsv	2026-09-29 13:41:05.992000	57222390136	1	SH	189	744	102795	486	65.32258064516128
6abbbff12297e265fbed76aa	57219456152	Perrone M.	Mattia	Perrone	Mattia Perrone	1	PE4	1	PE	1	101053661	autori_scopus_preferred-name_erc.tsv	2026-09-29 13:41:05.953000	57219456152	1	PE	1546	202	531928	202	100.0
6abbbff12297e265fbed76aa	57219456152	Perrone M.	Mattia	Perrone	Mattia Perrone	1	PE4	1	PE	1	101053661	autori_scopus_preferred-name_erc.tsv	2026-09-29 13:41:05.953000	57449060900	0	PE	1546	445	531928	13	2.9213483146067416
6abbbff22297e265fbed7728	57449060900	Perrone M.	Michela	Perrone	Michela Perrone	1	LS4	1	LS	1	101045285	autori_scopus_preferred-name_erc.tsv	2026-09-29 13:41:06.045000	57219456152	0	LS	394	202	230606	27	13.366336633663368
6abbbff22297e265fbed7728	57449060900	Perrone M.	Michela	Perrone	Michela Perrone	1	LS4	1	LS	1	101045285	autori_scopus_preferred-name_erc.tsv	2026-09-29 13:41:06.045000	57449060900	1	LS	394	445	230606	77	17.303370786516854
6abbbff12297e265fbed76de	57222110808	Franco S.	Silvia	Franco	Silvia Franco	1	PE3	1	PE	1	101066434	autori_scopus_preferred-name_erc.tsv	2026-09-29 13:41:05.987000	57222110808	1	PE	1546	524	531928	503	95.99236641221374
6abbbff12297e265fbed76de	57222110808	Franco S.	Silvia	Franco	Silvia Franco	1	PE3	1	PE	1	101066434	autori_scopus_preferred-name_erc.tsv	2026-09-29 13:41:05.987000	8719813200	0	PE	1546	250	531928	118	47.199999999999996
6abbbff22297e265fbed7975	8719813200	Franco E.	Elisa	Franco	Elisa Franco	1	PE7	1	PE	1	101076926	autori_scopus_preferred-name_erc.tsv	2026-09-29 13:41:06.413000	57222110808	0	PE	1546	524	531928	503	95.99236641221374
6abbbff22297e265fbed7975	8719813200	Franco E.	Elisa	Franco	Elisa Franco	1	PE7	1	PE	1	101076926	autori_scopus_preferred-name_erc.tsv	2026-09-29 13:41:06.413000	8719813200	1	PE	1546	250	531928	118	47.199999999999996
6abbbff12297e265fbed76e6	57222632363	Giovanelli J.	Joseph	Giovanelli	Joseph Giovanelli	1	PE6	1	PE	1	101041029	autori_scopus_preferred-name_erc.tsv	2026-09-29 13:41:05.994000	57222632363	1	PE	1546	138	531928	14	10.144927536231885
6abbbff12297e265fbed76e6	57222632363	Giovanelli J.	Joseph	Giovanelli	Joseph Giovanelli	1	PE6	1	PE	1	101041029	autori_scopus_preferred-name_erc.tsv	2026-09-29 13:41:05.994000	59343058600	0	PE	1546	0	531928	0	0
6abbbff22297e265fbed77f8	59343058600	Giovanelli G.	Giulia	Giovanelli	Giulia Giovanelli	1	PE7	1	PE	1	101055379	autori_scopus_preferred-name_erc.tsv	2026-09-29 13:41:06.185000	57222632363	0	PE	1546	138	531928	14	10.144927536231885
6abbbff22297e265fbed77f8	59343058600	Giovanelli G.	Giulia	Giovanelli	Giulia Giovanelli	1	PE7	1	PE	1	101055379	autori_scopus_preferred-name_erc.tsv	2026-09-29 13:41:06.185000	59343058600	1	PE	1546	0	531928	0	0
6abbbff22297e265fbed772b	57462792400	Pastore F.	Francesco	Pastore	Francesco Pastore	1	LS5	1	LS	1	101078163	autori_scopus_preferred-name_erc.tsv	2026-09-29 13:41:06.047000	57462792400	1	LS	394	392	230606	340	86.73469387755102
6abbbff22297e265fbed772b	57462792400	Pastore F.	Francesco	Pastore	Francesco Pastore	1	LS5	1	LS	1	101078163	autori_scopus_preferred-name_erc.tsv	2026-09-29 13:41:06.047000	7101941822	0	LS	394	1268	230606	672	52.99684542586751
6abbbff22297e265fbed7933	7101941822	Pastore A.	Annalisa	Pastore	Annalisa Pastore	1	LS1	1	LS	1	101040138	autori_scopus_preferred-name_erc.tsv	2026-09-29 13:41:06.386000	57462792400	0	LS	394	392	230606	340	86.73469387755102
6abbbff22297e265fbed7933	7101941822	Pastore A.	Annalisa	Pastore	Annalisa Pastore	1	LS1	1	LS	1	101040138	autori_scopus_preferred-name_erc.tsv	2026-09-29 13:41:06.386000	7101941822	1	LS	394	1268	230606	672	52.99684542586751
6abbbff22297e265fbed774e	57844180000	Vicentini F.	Francesco	Vicentini	Francesco Vicentini	1	PE5	1	PE	1	101039578	autori_scopus_preferred-name_erc.tsv	2026-09-29 13:41:06.074000	57844180000	1	PE	1546	124	531928	78	62.903225806451616
6abbbff22297e265fbed774e	57844180000	Vicentini F.	Francesco	Vicentini	Francesco Vicentini	1	PE5	1	PE	1	101039578	autori_scopus_preferred-name_erc.tsv	2026-09-29 13:41:06.074000	58736473300	0	PE	1546	0	531928	0	0
6abbbff22297e265fbed77aa	58736473300	Vicentini D.	Daniela	Vicentini	Daniela Vicentini	1	LS8	1	LS	1	101045015	autori_scopus_preferred-name_erc.tsv	2026-09-29 13:41:06.129000	57844180000	0	LS	394	124	230606	0	0.0
6abbbff22297e265fbed77aa	58736473300	Vicentini D.	Daniela	Vicentini	Daniela Vicentini	1	LS8	1	LS	1	101045015	autori_scopus_preferred-name_erc.tsv	2026-09-29 13:41:06.129000	58736473300	1	LS	394	0	230606	0	0
6abbbff22297e265fbed7812	6506468475	Mannucci B.	Barbara	Mannucci	Barbara Mannucci	1	LS1	1	LS	1	101094471	autori_scopus_preferred-name_erc.tsv	2026-09-29 13:41:06.208000	6506468475	1	LS	394	669	230606	71	10.612855007473842
6abbbff22297e265fbed7812	6506468475	Mannucci B.	Barbara	Mannucci	Barbara Mannucci	1	LS1	1	LS	1	101094471	autori_scopus_preferred-name_erc.tsv	2026-09-29 13:41:06.208000	6701685211	0	LS	394	3648	230606	14	0.3837719298245614
6abbbff22297e265fbed789b	6701685211	Mannucci F.	Filippo	Mannucci	F. Mannucci	1	PE9	1	PE	1	101040751	autori_scopus_preferred-name_erc.tsv	2026-09-29 13:41:06.305000	6506468475	0	PE	1546	669	531928	41	6.128550074738415
6abbbff22297e265fbed789b	6701685211	Mannucci F.	Filippo	Mannucci	F. Mannucci	1	PE9	1	PE	1	101040751	autori_scopus_preferred-name_erc.tsv	2026-09-29 13:41:06.305000	6701685211	1	PE	1546	3648	531928	3648	100.0
6abbbff22297e265fbed7889	6604013253	Busonero F.	Fabio	Busonero	Fabio Busonero	1	LS8	1	LS	2	101045015 - 101060218	autori_scopus_preferred-name_erc.tsv	2026-09-29 13:41:06.293000	6604013253	1	LS	394	74	230606	74	100.0
6abbbff22297e265fbed7889	6604013253	Busonero F.	Fabio	Busonero	Fabio Busonero	1	LS8	1	LS	2	101045015 - 101060218	autori_scopus_preferred-name_erc.tsv	2026-09-29 13:41:06.293000	8657599600	0	LS	394	1864	230606	28	1.502145922746781
6abbbff22297e265fbed7973	8657599600	Busonero D.	D.	Busonero	D. Busonero	1	PE9	1	PE	1	101055318	autori_scopus_preferred-name_erc.tsv	2026-09-29 13:41:06.412000	6604013253	0	PE	1546	74	531928	10	13.513513513513514
6abbbff22297e265fbed7973	8657599600	Busonero D.	D.	Busonero	D. Busonero	1	PE9	1	PE	1	101055318	autori_scopus_preferred-name_erc.tsv	2026-09-29 13:41:06.412000	8657599600	1	PE	1546	1864	531928	1742	93.45493562231759
6abbbff22297e265fbed788f	6701404489	Menna E.	Enzo	Menna	Enzo Menna	1	PE11	1	PE	1	101041229	autori_scopus_preferred-name_erc.tsv	2026-09-29 13:41:06.298000	6701404489	1	PE	1546	809	531928	394	48.702101359703335
6abbbff22297e265fbed788f	6701404489	Menna E.	Enzo	Menna	Enzo Menna	1	PE11	1	PE	1	101041229	autori_scopus_preferred-name_erc.tsv	2026-09-29 13:41:06.298000	6701404490	0	PE	1546	598	531928	25	4.1806020066889635
6abbbff22297e265fbed7890	6701404490	Menna E.	Elisabetta	Menna	Elisabetta Menna	1	LS4	1	LS	1	101055323	autori_scopus_preferred-name_erc.tsv	2026-09-29 13:41:06.298000	6701404489	0	LS	394	809	230606	94	11.61928306551298
6abbbff22297e265fbed7890	6701404490	Menna E.	Elisabetta	Menna	Elisabetta Menna	1	LS4	1	LS	1	101055323	autori_scopus_preferred-name_erc.tsv	2026-09-29 13:41:06.298000	6701404490	1	LS	394	598	230606	453	75.75250836120402
