_id	scopus_author_id	indexed_name	given_name	surname	name_in_project_dataset	n_panels	panels	n_domains	domains	n_projects	projects	source_file	imported_at	auid	match	unit	n_people_unit	n_references_author	n_references_unit	n_overlap	percentage
6abbbaf82297e265fbed66bb	25723154100	Gandolfi D.	Davide	Gandolfi	Davide Gandolfi	1	PE9	1	PE	1	101052347	autori_scopus_preferred-name_erc.tsv	2026-09-29 13:19:52.359000	25723154100	1	PE9	519	7591	312447	7180	94.58569358450796
6abbbaf82297e265fbed66bb	25723154100	Gandolfi D.	Davide	Gandolfi	Davide Gandolfi	1	PE9	1	PE	1	101052347	autori_scopus_preferred-name_erc.tsv	2026-09-29 13:19:52.359000	57220063229	0	PE9	519	252	312447	14	5.555555555555555
6abbbaf82297e265fbed68f6	57220063229	Gandolfi M.	Michele	Gandolfi	Michele Gandolfi	1	PE4	1	PE	1	101081361	autori_scopus_preferred-name_erc.tsv	2026-09-29 13:19:52.597000	25723154100	0	PE4	118	7591	134470	99	1.304175997892241
6abbbaf82297e265fbed68f6	57220063229	Gandolfi M.	Michele	Gandolfi	Michele Gandolfi	1	PE4	1	PE	1	101081361	autori_scopus_preferred-name_erc.tsv	2026-09-29 13:19:52.597000	57220063229	1	PE4	118	252	134470	252	100.0
6abbbaf82297e265fbed66bd	55951218500	Davies M.	Melvyn B.	Davies	Melvyn B. Davies	1	PE9	1	PE	1	101052347	autori_scopus_preferred-name_erc.tsv	2026-09-29 13:19:52.360000	55951218500	1	PE9	519	5466	312447	5440	99.5243322356385
6abbbaf82297e265fbed66bd	55951218500	Davies M.	Melvyn B.	Davies	Melvyn B. Davies	1	PE9	1	PE	1	101052347	autori_scopus_preferred-name_erc.tsv	2026-09-29 13:19:52.360000	56911604400	0	PE9	519	1343	312447	35	2.6061057334326136
6abbbaf82297e265fbed6ba3	56911604400	Davies A.	Alexander Giles	Davies	A Giles Davies	1	PE7	1	PE	1	101081567	autori_scopus_preferred-name_erc.tsv	2026-09-29 13:19:52.913000	55951218500	0	PE7	123	5466	100925	10	0.18294914013904134
6abbbaf82297e265fbed6ba3	56911604400	Davies A.	Alexander Giles	Davies	A Giles Davies	1	PE7	1	PE	1	101081567	autori_scopus_preferred-name_erc.tsv	2026-09-29 13:19:52.913000	56911604400	1	PE7	123	1343	100925	1343	100.0
6abbbaf82297e265fbed66cc	56521280600	Bonfanti A.	Andrea	Bonfanti	Andrea Bonfanti	1	PE9	1	PE	1	101052347	autori_scopus_preferred-name_erc.tsv	2026-09-29 13:19:52.367000	56521280600	1	PE9	519	2178	312447	2166	99.44903581267218
6abbbaf82297e265fbed66cc	56521280600	Bonfanti A.	Andrea	Bonfanti	Andrea Bonfanti	1	PE9	1	PE	1	101052347	autori_scopus_preferred-name_erc.tsv	2026-09-29 13:19:52.367000	55367411500	0	PE9	519	887	312447	8	0.9019165727170236
6abbbaf82297e265fbed6add	55367411500	Bonfanti A.	Andrea Giovanni	Bonfanti	A. Bonfanti	1	PE7	1	PE	1	101054098	autori_scopus_preferred-name_erc.tsv	2026-09-29 13:19:52.828000	56521280600	0	PE7	123	2178	100925	9	0.4132231404958678
6abbbaf82297e265fbed6add	55367411500	Bonfanti A.	Andrea Giovanni	Bonfanti	A. Bonfanti	1	PE7	1	PE	1	101054098	autori_scopus_preferred-name_erc.tsv	2026-09-29 13:19:52.828000	55367411500	1	PE7	123	887	100925	89	10.033821871476889
6abbbaf82297e265fbed66d1	57202863096	Facchini S.	Stefano	Facchini	Stefano Facchini	1	PE9	1	PE	3	101076613 - 101039651 - 101104656	autori_scopus_preferred-name_erc.tsv	2026-09-29 13:19:52.369000	57202863096	1	PE9	519	3116	312447	3030	97.24005134788189
6abbbaf82297e265fbed66d1	57202863096	Facchini S.	Stefano	Facchini	Stefano Facchini	1	PE9	1	PE	3	101076613 - 101039651 - 101104656	autori_scopus_preferred-name_erc.tsv	2026-09-29 13:19:52.369000	47661058900	0	PE9	519	1022	312447	4	0.3913894324853229
6abbbaf82297e265fbed6aa1	47661058900	Facchini S.	Silvia	Facchini	Silvia Facchini	1	SYG-LS	1	LS	1	101071900	autori_scopus_preferred-name_erc.tsv	2026-09-29 13:19:52.798000	57202863096	0	SYG-LS	47	3116	58161	7	0.2246469833119384
6abbbaf82297e265fbed6aa1	47661058900	Facchini S.	Silvia	Facchini	Silvia Facchini	1	SYG-LS	1	LS	1	101071900	autori_scopus_preferred-name_erc.tsv	2026-09-29 13:19:52.798000	47661058900	1	SYG-LS	47	1022	58161	748	73.18982387475538
6abbbaf82297e265fbed66da	52663445700	Di Lorenzo F.	Flaviana	Di Lorenzo	Flaviana Di Lorenzo	1	PE5	1	PE	1	101039841	autori_scopus_preferred-name_erc.tsv	2026-09-29 13:19:52.372000	52663445700	1	PE5	116	2871	110214	2799	97.4921630094044
6abbbaf82297e265fbed66da	52663445700	Di Lorenzo F.	Flaviana	Di Lorenzo	Flaviana Di Lorenzo	1	PE5	1	PE	1	101039841	autori_scopus_preferred-name_erc.tsv	2026-09-29 13:19:52.372000	57194904117	0	PE5	116	320	110214	17	5.3125
6abbbaf82297e265fbed6c1c	57194904117	Di Lorenzo G.	Giorgia	Di Lorenzo	Giorgia Di Lorenzo	1	LS4	1	LS	1	101045285	autori_scopus_preferred-name_erc.tsv	2026-09-29 13:19:52.948000	52663445700	0	LS4	61	2871	100212	109	3.796586555207245
6abbbaf82297e265fbed6c1c	57194904117	Di Lorenzo G.	Giorgia	Di Lorenzo	Giorgia Di Lorenzo	1	LS4	1	LS	1	101045285	autori_scopus_preferred-name_erc.tsv	2026-09-29 13:19:52.948000	57194904117	1	LS4	61	320	100212	239	74.6875
6abbbaf82297e265fbed66db	57213546755	Szabó M.	M. Gy	Szabó	G. M. Szabó	1	PE9	1	PE	1	101052347	autori_scopus_preferred-name_erc.tsv	2026-09-29 13:19:52.373000	57213546755	1	PE9	519	2432	312447	2389	98.23190789473685
6abbbaf82297e265fbed66db	57213546755	Szabó M.	M. Gy	Szabó	G. M. Szabó	1	PE9	1	PE	1	101052347	autori_scopus_preferred-name_erc.tsv	2026-09-29 13:19:52.373000	44761456100	0	PE9	519	308	312447	16	5.194805194805195
6abbbaf82297e265fbed674b	44761456100	Szabó B.	Botond T.	Szabó	Botond Szabó	1	PE1	1	PE	1	101041064	autori_scopus_preferred-name_erc.tsv	2026-09-29 13:19:52.449000	57213546755	0	PE1	23	2432	8273	1	0.041118421052631575
6abbbaf82297e265fbed674b	44761456100	Szabó B.	Botond T.	Szabó	Botond Szabó	1	PE1	1	PE	1	101041064	autori_scopus_preferred-name_erc.tsv	2026-09-29 13:19:52.449000	44761456100	1	PE1	23	308	8273	8	2.5974025974025974
6abbbaf82297e265fbed66e6	55329004700	Manara C.	Carlo Felice	Manara	Carlo F. Manara	1	PE9	1	PE	4	101076613 - 101039651 - 101098309 - 101104656	autori_scopus_preferred-name_erc.tsv	2026-09-29 13:19:52.391000	55329004700	1	PE9	519	4105	312447	4025	98.05115712545675
6abbbaf82297e265fbed66e6	55329004700	Manara C.	Carlo Felice	Manara	Carlo F. Manara	1	PE9	1	PE	4	101076613 - 101039651 - 101098309 - 101104656	autori_scopus_preferred-name_erc.tsv	2026-09-29 13:19:52.391000	57200563408	0	PE9	519	1301	312447	7	0.5380476556495004
6abbbaf82297e265fbed68b8	57200563408	Manara S.	Serena	Manara	Serena Manara	1	LS8	1	LS	2	101045015 - 101060218	autori_scopus_preferred-name_erc.tsv	2026-09-29 13:19:52.574000	55329004700	0	LS8	85	4105	101687	4	0.097442143727162
6abbbaf82297e265fbed68b8	57200563408	Manara S.	Serena	Manara	Serena Manara	1	LS8	1	LS	2	101045015 - 101060218	autori_scopus_preferred-name_erc.tsv	2026-09-29 13:19:52.574000	57200563408	1	LS8	85	1301	101687	1090	83.78170637970793
6abbbaf82297e265fbed66e8	55945624800	Arnaboldi S.	Serena	Arnaboldi	Serena Arnaboldi	1	PE4	1	PE	1	101040798	autori_scopus_preferred-name_erc.tsv	2026-09-29 13:19:52.393000	55945624800	1	PE4	118	2268	134470	1674	73.80952380952381
6abbbaf82297e265fbed66e8	55945624800	Arnaboldi S.	Serena	Arnaboldi	Serena Arnaboldi	1	PE4	1	PE	1	101040798	autori_scopus_preferred-name_erc.tsv	2026-09-29 13:19:52.393000	56275157900	0	PE4	118	3402	134470	10	0.29394473838918284
6abbbaf82297e265fbed6b5f	56275157900	Arnaboldi M.	Magda	Arnaboldi	Magda Arnaboldi	1	PE9	1	PE	1	101055318	autori_scopus_preferred-name_erc.tsv	2026-09-29 13:19:52.886000	55945624800	0	PE9	519	2268	312447	19	0.8377425044091711
6abbbaf82297e265fbed6b5f	56275157900	Arnaboldi M.	Magda	Arnaboldi	Magda Arnaboldi	1	PE9	1	PE	1	101055318	autori_scopus_preferred-name_erc.tsv	2026-09-29 13:19:52.886000	56275157900	1	PE9	519	3402	312447	2288	67.25455614344503
6abbbaf82297e265fbed66f6	57216593054	Giordano G.	Giulia	Giordano	Giulia Giordano	1	PE7	1	PE	1	101076926	autori_scopus_preferred-name_erc.tsv	2026-09-29 13:19:52.411000	57216593054	1	PE7	123	2701	100925	2138	79.15586819696408
6abbbaf82297e265fbed66f6	57216593054	Giordano G.	Giulia	Giordano	Giulia Giordano	1	PE7	1	PE	1	101076926	autori_scopus_preferred-name_erc.tsv	2026-09-29 13:19:52.411000	56806349200	0	PE7	123	10567	100925	67	0.6340493990725844
6abbbaf82297e265fbed66f6	57216593054	Giordano G.	Giulia	Giordano	Giulia Giordano	1	PE7	1	PE	1	101076926	autori_scopus_preferred-name_erc.tsv	2026-09-29 13:19:52.411000	57196834241	0	PE7	123	618	100925	2	0.3236245954692557
6abbbaf82297e265fbed66f6	57216593054	Giordano G.	Giulia	Giordano	Giulia Giordano	1	PE7	1	PE	1	101076926	autori_scopus_preferred-name_erc.tsv	2026-09-29 13:19:52.411000	57203142562	0	PE7	123	705	100925	17	2.4113475177304964
6abbbaf82297e265fbed66f6	57216593054	Giordano G.	Giulia	Giordano	Giulia Giordano	1	PE7	1	PE	1	101076926	autori_scopus_preferred-name_erc.tsv	2026-09-29 13:19:52.411000	57204645152	0	PE7	123	3973	100925	24	0.6040775232821546
6abbbaf82297e265fbed6899	56806349200	Giordano F.	Francesco	Giordano	F. Giordano	1	PE9	1	PE	1	101076343	autori_scopus_preferred-name_erc.tsv	2026-09-29 13:19:52.566000	57216593054	0	PE9	519	2701	312447	15	0.5553498704183636
6abbbaf82297e265fbed6899	56806349200	Giordano F.	Francesco	Giordano	F. Giordano	1	PE9	1	PE	1	101076343	autori_scopus_preferred-name_erc.tsv	2026-09-29 13:19:52.566000	56806349200	1	PE9	519	10567	312447	10325	97.70985142424529
6abbbaf82297e265fbed6899	56806349200	Giordano F.	Francesco	Giordano	F. Giordano	1	PE9	1	PE	1	101076343	autori_scopus_preferred-name_erc.tsv	2026-09-29 13:19:52.566000	57196834241	0	PE9	519	618	312447	1	0.16181229773462785
6abbbaf82297e265fbed6899	56806349200	Giordano F.	Francesco	Giordano	F. Giordano	1	PE9	1	PE	1	101076343	autori_scopus_preferred-name_erc.tsv	2026-09-29 13:19:52.566000	57203142562	0	PE9	519	705	312447	3	0.425531914893617
6abbbaf82297e265fbed6899	56806349200	Giordano F.	Francesco	Giordano	F. Giordano	1	PE9	1	PE	1	101076343	autori_scopus_preferred-name_erc.tsv	2026-09-29 13:19:52.566000	57204645152	0	PE9	519	3973	312447	96	2.4163100931286183
6abbbaf82297e265fbed6c31	57196834241	Giordano F.	Francesca	Giordano	Francesca Giordano	1	LS8	1	LS	2	101045015 - 101060218	autori_scopus_preferred-name_erc.tsv	2026-09-29 13:19:52.954000	57216593054	0	LS8	85	2701	101687	40	1.480932987782303
6abbbaf82297e265fbed6c31	57196834241	Giordano F.	Francesca	Giordano	Francesca Giordano	1	LS8	1	LS	2	101045015 - 101060218	autori_scopus_preferred-name_erc.tsv	2026-09-29 13:19:52.954000	56806349200	0	LS8	85	10567	101687	17	0.16087820573483488
6abbbaf82297e265fbed6c31	57196834241	Giordano F.	Francesca	Giordano	Francesca Giordano	1	LS8	1	LS	2	101045015 - 101060218	autori_scopus_preferred-name_erc.tsv	2026-09-29 13:19:52.954000	57196834241	1	LS8	85	618	101687	240	38.83495145631068
6abbbaf82297e265fbed6c31	57196834241	Giordano F.	Francesca	Giordano	Francesca Giordano	1	LS8	1	LS	2	101045015 - 101060218	autori_scopus_preferred-name_erc.tsv	2026-09-29 13:19:52.954000	57203142562	0	LS8	85	705	101687	0	0.0
6abbbaf82297e265fbed6c31	57196834241	Giordano F.	Francesca	Giordano	Francesca Giordano	1	LS8	1	LS	2	101045015 - 101060218	autori_scopus_preferred-name_erc.tsv	2026-09-29 13:19:52.954000	57204645152	0	LS8	85	3973	101687	3	0.07550969041026932
6abbbaf82297e265fbed6c76	57203142562	Giordano G.	Goffredo	Giordano	Goffredo Giordano	1	PE8	1	PE	1	101039198	autori_scopus_preferred-name_erc.tsv	2026-09-29 13:19:52.968000	57216593054	0	PE8	200	2701	220313	122	4.516845612736024
6abbbaf82297e265fbed6c76	57203142562	Giordano G.	Goffredo	Giordano	Goffredo Giordano	1	PE8	1	PE	1	101039198	autori_scopus_preferred-name_erc.tsv	2026-09-29 13:19:52.968000	56806349200	0	PE8	200	10567	220313	168	1.5898552096148388
6abbbaf82297e265fbed6c76	57203142562	Giordano G.	Goffredo	Giordano	Goffredo Giordano	1	PE8	1	PE	1	101039198	autori_scopus_preferred-name_erc.tsv	2026-09-29 13:19:52.968000	57196834241	0	PE8	200	618	220313	49	7.9288025889967635
6abbbaf82297e265fbed6c76	57203142562	Giordano G.	Goffredo	Giordano	Goffredo Giordano	1	PE8	1	PE	1	101039198	autori_scopus_preferred-name_erc.tsv	2026-09-29 13:19:52.968000	57203142562	1	PE8	200	705	220313	678	96.17021276595744
6abbbaf82297e265fbed6c76	57203142562	Giordano G.	Goffredo	Giordano	Goffredo Giordano	1	PE8	1	PE	1	101039198	autori_scopus_preferred-name_erc.tsv	2026-09-29 13:19:52.968000	57204645152	0	PE8	200	3973	220313	104	2.617669267556003
6abbbaf82297e265fbed6c91	57204645152	Giordano G.	Girolamo	Giordano	Girolamo Giordano	1	PE5	1	PE	1	101054004	autori_scopus_preferred-name_erc.tsv	2026-09-29 13:19:52.973000	57216593054	0	PE5	116	2701	110214	18	0.6664198445020363
6abbbaf82297e265fbed6c91	57204645152	Giordano G.	Girolamo	Giordano	Girolamo Giordano	1	PE5	1	PE	1	101054004	autori_scopus_preferred-name_erc.tsv	2026-09-29 13:19:52.973000	56806349200	0	PE5	116	10567	110214	25	0.23658559666887483
6abbbaf82297e265fbed6c91	57204645152	Giordano G.	Girolamo	Giordano	Girolamo Giordano	1	PE5	1	PE	1	101054004	autori_scopus_preferred-name_erc.tsv	2026-09-29 13:19:52.973000	57196834241	0	PE5	116	618	110214	50	8.090614886731391
6abbbaf82297e265fbed6c91	57204645152	Giordano G.	Girolamo	Giordano	Girolamo Giordano	1	PE5	1	PE	1	101054004	autori_scopus_preferred-name_erc.tsv	2026-09-29 13:19:52.973000	57203142562	0	PE5	116	705	110214	25	3.546099290780142
6abbbaf82297e265fbed6c91	57204645152	Giordano G.	Girolamo	Giordano	Girolamo Giordano	1	PE5	1	PE	1	101054004	autori_scopus_preferred-name_erc.tsv	2026-09-29 13:19:52.973000	57204645152	1	PE5	116	3973	110214	2363	59.476466146488804
6abbbaf82297e265fbed66fa	7004019407	Lodato G.	Giuseppe	Lodato	Giuseppe Lodato	1	PE9	1	PE	3	101039651 - 101076613 - 101104656	autori_scopus_preferred-name_erc.tsv	2026-09-29 13:19:52.414000	7004019407	1	PE9	519	6999	312447	6538	93.41334476353765
6abbbaf82297e265fbed66fa	7004019407	Lodato G.	Giuseppe	Lodato	Giuseppe Lodato	1	PE9	1	PE	3	101039651 - 101076613 - 101104656	autori_scopus_preferred-name_erc.tsv	2026-09-29 13:19:52.414000	36021173000	0	PE9	519	912	312447	2	0.21929824561403508
6abbbaf82297e265fbed6a60	36021173000	Lodato S.	Simona	Lodato	Simona Lodato	1	LS5	1	LS	1	101043003	autori_scopus_preferred-name_erc.tsv	2026-09-29 13:19:52.771000	7004019407	0	LS5	31	6999	33873	7	0.10001428775539363
6abbbaf82297e265fbed6a60	36021173000	Lodato S.	Simona	Lodato	Simona Lodato	1	LS5	1	LS	1	101043003	autori_scopus_preferred-name_erc.tsv	2026-09-29 13:19:52.771000	36021173000	1	LS5	31	912	33873	454	49.780701754385966
6abbbaf82297e265fbed6710	57197815917	Pinto F.	Federica	Pinto	Federica Pinto	1	LS8	1	LS	1	101045015	autori_scopus_preferred-name_erc.tsv	2026-09-29 13:19:52.426000	57197815917	1	LS8	85	698	101687	587	84.09742120343839
6abbbaf82297e265fbed6710	57197815917	Pinto F.	Federica	Pinto	Federica Pinto	1	LS8	1	LS	1	101045015	autori_scopus_preferred-name_erc.tsv	2026-09-29 13:19:52.426000	57195271004	0	LS8	85	129	101687	0	0.0
6abbbaf82297e265fbed6710	57197815917	Pinto F.	Federica	Pinto	Federica Pinto	1	LS8	1	LS	1	101045015	autori_scopus_preferred-name_erc.tsv	2026-09-29 13:19:52.426000	58859358000	0	LS8	85	1251	101687	15	1.1990407673860912
6abbbaf82297e265fbed6c20	57195271004	Pinto D.	Diogo E.P.	Pinto	Diogo E. P. Pinto	1	PE3	1	PE	1	101040035	autori_scopus_preferred-name_erc.tsv	2026-09-29 13:19:52.949000	57197815917	0	PE3	33	698	45937	36	5.157593123209169
6abbbaf82297e265fbed6c20	57195271004	Pinto D.	Diogo E.P.	Pinto	Diogo E. P. Pinto	1	PE3	1	PE	1	101040035	autori_scopus_preferred-name_erc.tsv	2026-09-29 13:19:52.949000	57195271004	1	PE3	33	129	45937	129	100.0
6abbbaf82297e265fbed6c20	57195271004	Pinto D.	Diogo E.P.	Pinto	Diogo E. P. Pinto	1	PE3	1	PE	1	101040035	autori_scopus_preferred-name_erc.tsv	2026-09-29 13:19:52.949000	58859358000	0	PE3	33	1251	45937	1	0.07993605115907274
6abbbaf92297e265fbed6e3b	58859358000	Pinto J.	Joaquim G.	Pinto	Joaquim G. Pinto	1	SH6	1	SH	1	101052653	autori_scopus_preferred-name_erc.tsv	2026-09-29 13:19:53.102000	57197815917	0	SH6	49	698	49798	29	4.154727793696275
6abbbaf92297e265fbed6e3b	58859358000	Pinto J.	Joaquim G.	Pinto	Joaquim G. Pinto	1	SH6	1	SH	1	101052653	autori_scopus_preferred-name_erc.tsv	2026-09-29 13:19:53.102000	57195271004	0	SH6	49	129	49798	2	1.550387596899225
6abbbaf92297e265fbed6e3b	58859358000	Pinto J.	Joaquim G.	Pinto	Joaquim G. Pinto	1	SH6	1	SH	1	101052653	autori_scopus_preferred-name_erc.tsv	2026-09-29 13:19:53.102000	58859358000	1	SH6	49	1251	49798	11	0.8792965627498002
6abbbaf82297e265fbed6a0e	26324486200	Singh D.	Deepak	Singh	Deepak Singh	1	PE5	1	PE	1	101040025	autori_scopus_preferred-name_erc.tsv	2026-09-29 13:19:52.737000	26324486200	1	PE5	116	99	110214	73	73.73737373737373
6abbbaf82297e265fbed6a0e	26324486200	Singh D.	Deepak	Singh	Deepak Singh	1	PE5	1	PE	1	101040025	autori_scopus_preferred-name_erc.tsv	2026-09-29 13:19:52.737000	57898515400	0	PE5	116	1397	110214	95	6.800286327845383
6abbbaf92297e265fbed6dd4	57898515400	Singh M.	Mandeep	Singh	Mandeep Singh	1	PE8	1	PE	1	101061820	autori_scopus_preferred-name_erc.tsv	2026-09-29 13:19:53.072000	26324486200	0	PE8	200	99	220313	2	2.0202020202020203
6abbbaf92297e265fbed6dd4	57898515400	Singh M.	Mandeep	Singh	Mandeep Singh	1	PE8	1	PE	1	101061820	autori_scopus_preferred-name_erc.tsv	2026-09-29 13:19:53.072000	57898515400	1	PE8	200	1397	220313	499	35.7193987115247
6abbbaf82297e265fbed6714	57224195115	Carbone C.	Chiara	Carbone	Chiara Carbone	1	SH4	1	SH	1	101042625	autori_scopus_preferred-name_erc.tsv	2026-09-29 13:19:52.428000	57224195115	1	SH4	82	240	88018	240	100.0
6abbbaf82297e265fbed6714	57224195115	Carbone C.	Chiara	Carbone	Chiara Carbone	1	SH4	1	SH	1	101042625	autori_scopus_preferred-name_erc.tsv	2026-09-29 13:19:52.428000	7005260033	0	SH4	82	1004	88018	3	0.29880478087649404
6abbbaf82297e265fbed6714	57224195115	Carbone C.	Chiara	Carbone	Chiara Carbone	1	SH4	1	SH	1	101042625	autori_scopus_preferred-name_erc.tsv	2026-09-29 13:19:52.428000	57878631100	0	SH4	82	233	88018	15	6.437768240343347
6abbbaf82297e265fbed6950	7005260033	Carbone F.	Fabrizio	Carbone	Fabrizio Carbone	1	PE2	1	PE	1	101101048	autori_scopus_preferred-name_erc.tsv	2026-09-29 13:19:52.640000	57224195115	0	PE2	198	240	149649	0	0.0
6abbbaf82297e265fbed6950	7005260033	Carbone F.	Fabrizio	Carbone	Fabrizio Carbone	1	PE2	1	PE	1	101101048	autori_scopus_preferred-name_erc.tsv	2026-09-29 13:19:52.640000	7005260033	1	PE2	198	1004	149649	477	47.50996015936255
6abbbaf82297e265fbed6950	7005260033	Carbone F.	Fabrizio	Carbone	Fabrizio Carbone	1	PE2	1	PE	1	101101048	autori_scopus_preferred-name_erc.tsv	2026-09-29 13:19:52.640000	57878631100	0	PE2	198	233	149649	3	1.2875536480686696
6abbbaf92297e265fbed6dd2	57878631100	Carbone E.	Erika	Carbone	Erika Carbone	1	LS1	1	LS	1	101041298	autori_scopus_preferred-name_erc.tsv	2026-09-29 13:19:53.071000	57224195115	0	LS1	23	240	34227	9	3.75
6abbbaf92297e265fbed6dd2	57878631100	Carbone E.	Erika	Carbone	Erika Carbone	1	LS1	1	LS	1	101041298	autori_scopus_preferred-name_erc.tsv	2026-09-29 13:19:53.071000	7005260033	0	LS1	23	1004	34227	5	0.49800796812749004
6abbbaf92297e265fbed6dd2	57878631100	Carbone E.	Erika	Carbone	Erika Carbone	1	LS1	1	LS	1	101041298	autori_scopus_preferred-name_erc.tsv	2026-09-29 13:19:53.071000	57878631100	1	LS1	23	233	34227	192	82.40343347639485
6abbbaf82297e265fbed671f	36460968600	Gatti T.	T.	Gatti	Teresa Gatti	1	PE11	1	PE	1	101041229	autori_scopus_preferred-name_erc.tsv	2026-09-29 13:19:52.433000	36460968600	1	PE11	52	2777	57402	2273	81.850918257112
6abbbaf82297e265fbed671f	36460968600	Gatti T.	T.	Gatti	Teresa Gatti	1	PE11	1	PE	1	101041229	autori_scopus_preferred-name_erc.tsv	2026-09-29 13:19:52.433000	57219563056	0	PE11	52	1113	57402	2	0.17969451931716085
6abbbaf92297e265fbed6d31	57219563056	Gatti D.	Daniele	Gatti	Daniele Gatti	1	SH4	1	SH	1	101087053	autori_scopus_preferred-name_erc.tsv	2026-09-29 13:19:53.003000	36460968600	0	SH4	82	2777	88018	22	0.7922218221101909
6abbbaf92297e265fbed6d31	57219563056	Gatti D.	Daniele	Gatti	Daniele Gatti	1	SH4	1	SH	1	101087053	autori_scopus_preferred-name_erc.tsv	2026-09-29 13:19:53.003000	57219563056	1	SH4	82	1113	88018	421	37.82569631626235
6abbbaf82297e265fbed6721	54991922900	Natali M.	Mirco	Natali	Mirco Natali	1	PE5	1	PE	4	101077698 - 101040025 - 101106125 - 101105828	autori_scopus_preferred-name_erc.tsv	2026-09-29 13:19:52.433000	54991922900	1	PE5	116	2863	110214	1509	52.70695075096054
6abbbaf82297e265fbed6721	54991922900	Natali M.	Mirco	Natali	Mirco Natali	1	PE5	1	PE	4	101077698 - 101040025 - 101106125 - 101105828	autori_scopus_preferred-name_erc.tsv	2026-09-29 13:19:52.433000	58883046200	0	PE5	116	0	110214	0	0
6abbbaf82297e265fbed6922	58883046200	Natali D.	Daniele	Natali	Daniele Natali	1	PE8	1	PE	1	101039467	autori_scopus_preferred-name_erc.tsv	2026-09-29 13:19:52.623000	54991922900	0	PE8	200	2863	220313	210	7.334963325183375
6abbbaf82297e265fbed6922	58883046200	Natali D.	Daniele	Natali	Daniele Natali	1	PE8	1	PE	1	101039467	autori_scopus_preferred-name_erc.tsv	2026-09-29 13:19:52.623000	58883046200	1	PE8	200	0	220313	0	0
6abbbaf82297e265fbed6725	56856637200	Fabiani C.	Claudia	Fabiani	Claudia Fabiani	1	PE8	1	PE	1	101041255	autori_scopus_preferred-name_erc.tsv	2026-09-29 13:19:52.435000	56856637200	1	PE8	200	3531	220313	3531	100.0
6abbbaf82297e265fbed6725	56856637200	Fabiani C.	Claudia	Fabiani	Claudia Fabiani	1	PE8	1	PE	1	101041255	autori_scopus_preferred-name_erc.tsv	2026-09-29 13:19:52.435000	24073172400	0	PE8	200	2436	220313	18	0.7389162561576355
6abbbaf82297e265fbed67ae	24073172400	Fabiani S.	Sergio	Fabiani	Sergio Fabiani	1	PE9	1	PE	1	101076343	autori_scopus_preferred-name_erc.tsv	2026-09-29 13:19:52.484000	56856637200	0	PE9	519	3531	312447	22	0.6230529595015576
6abbbaf82297e265fbed67ae	24073172400	Fabiani S.	Sergio	Fabiani	Sergio Fabiani	1	PE9	1	PE	1	101076343	autori_scopus_preferred-name_erc.tsv	2026-09-29 13:19:52.484000	24073172400	1	PE9	519	2436	312447	2326	95.48440065681444
6abbbaf82297e265fbed672b	57214531455	Esposito M.	Massimilliano	Esposito	M. Esposito	1	PE9	1	PE	1	101052347	autori_scopus_preferred-name_erc.tsv	2026-09-29 13:19:52.437000	57214531455	1	PE9	519	4076	312447	4075	99.97546614327773
6abbbaf82297e265fbed672b	57214531455	Esposito M.	Massimilliano	Esposito	M. Esposito	1	PE9	1	PE	1	101052347	autori_scopus_preferred-name_erc.tsv	2026-09-29 13:19:52.437000	35276925200	0	PE9	519	1143	312447	3	0.26246719160104987
6abbbaf82297e265fbed672b	57214531455	Esposito M.	Massimilliano	Esposito	M. Esposito	1	PE9	1	PE	1	101052347	autori_scopus_preferred-name_erc.tsv	2026-09-29 13:19:52.437000	57209463887	0	PE9	519	380	312447	1	0.2631578947368421
6abbbaf82297e265fbed672b	57214531455	Esposito M.	Massimilliano	Esposito	M. Esposito	1	PE9	1	PE	1	101052347	autori_scopus_preferred-name_erc.tsv	2026-09-29 13:19:52.437000	57217173071	0	PE9	519	216	312447	0	0.0
6abbbaf82297e265fbed6a3d	35276925200	Esposito I.	Iréne	Esposito	Irene Esposito	1	PE8	1	PE	1	101040383	autori_scopus_preferred-name_erc.tsv	2026-09-29 13:19:52.757000	57214531455	0	PE8	200	4076	220313	36	0.8832188420019628
6abbbaf82297e265fbed6a3d	35276925200	Esposito I.	Iréne	Esposito	Irene Esposito	1	PE8	1	PE	1	101040383	autori_scopus_preferred-name_erc.tsv	2026-09-29 13:19:52.757000	35276925200	1	PE8	200	1143	220313	192	16.79790026246719
6abbbaf82297e265fbed6a3d	35276925200	Esposito I.	Iréne	Esposito	Irene Esposito	1	PE8	1	PE	1	101040383	autori_scopus_preferred-name_erc.tsv	2026-09-29 13:19:52.757000	57209463887	0	PE8	200	380	220313	8	2.1052631578947367
6abbbaf82297e265fbed6a3d	35276925200	Esposito I.	Iréne	Esposito	Irene Esposito	1	PE8	1	PE	1	101040383	autori_scopus_preferred-name_erc.tsv	2026-09-29 13:19:52.757000	57217173071	0	PE8	200	216	220313	9	4.166666666666666
6abbbaf82297e265fbed6cc2	57209463887	Esposito C.	Carmen Mariarosaria	Esposito	Carmen Esposito	1	SH6	1	SH	2	101065320 - 101077348	autori_scopus_preferred-name_erc.tsv	2026-09-29 13:19:52.982000	57214531455	0	SH6	49	4076	49798	13	0.31894013738959764
6abbbaf82297e265fbed6cc2	57209463887	Esposito C.	Carmen Mariarosaria	Esposito	Carmen Esposito	1	SH6	1	SH	2	101065320 - 101077348	autori_scopus_preferred-name_erc.tsv	2026-09-29 13:19:52.982000	35276925200	0	SH6	49	1143	49798	6	0.5249343832020997
6abbbaf82297e265fbed6cc2	57209463887	Esposito C.	Carmen Mariarosaria	Esposito	Carmen Esposito	1	SH6	1	SH	2	101065320 - 101077348	autori_scopus_preferred-name_erc.tsv	2026-09-29 13:19:52.982000	57209463887	1	SH6	49	380	49798	220	57.89473684210527
6abbbaf82297e265fbed6cc2	57209463887	Esposito C.	Carmen Mariarosaria	Esposito	Carmen Esposito	1	SH6	1	SH	2	101065320 - 101077348	autori_scopus_preferred-name_erc.tsv	2026-09-29 13:19:52.982000	57217173071	0	SH6	49	216	49798	4	1.8518518518518516
6abbbaf82297e265fbed6d0f	57217173071	Esposito F.	Federica	Esposito	Federica Esposito	1	LS8	1	LS	1	101045015	autori_scopus_preferred-name_erc.tsv	2026-09-29 13:19:52.996000	57214531455	0	LS8	85	4076	101687	13	0.31894013738959764
6abbbaf82297e265fbed6d0f	57217173071	Esposito F.	Federica	Esposito	Federica Esposito	1	LS8	1	LS	1	101045015	autori_scopus_preferred-name_erc.tsv	2026-09-29 13:19:52.996000	35276925200	0	LS8	85	1143	101687	229	20.034995625546806
6abbbaf82297e265fbed6d0f	57217173071	Esposito F.	Federica	Esposito	Federica Esposito	1	LS8	1	LS	1	101045015	autori_scopus_preferred-name_erc.tsv	2026-09-29 13:19:52.996000	57209463887	0	LS8	85	380	101687	12	3.1578947368421053
6abbbaf82297e265fbed6d0f	57217173071	Esposito F.	Federica	Esposito	Federica Esposito	1	LS8	1	LS	1	101045015	autori_scopus_preferred-name_erc.tsv	2026-09-29 13:19:52.996000	57217173071	1	LS8	85	216	101687	153	70.83333333333334
6abbbaf82297e265fbed675b	56038545500	Rodríguez A.	Alex	Rodríguez	Alex Rodriguez	1	PE4	1	PE	1	101043272	autori_scopus_preferred-name_erc.tsv	2026-09-29 13:19:52.454000	56038545500	1	PE4	118	1708	134470	1387	81.20608899297423
6abbbaf82297e265fbed675b	56038545500	Rodríguez A.	Alex	Rodríguez	Alex Rodriguez	1	PE4	1	PE	1	101043272	autori_scopus_preferred-name_erc.tsv	2026-09-29 13:19:52.454000	58897772900	0	PE4	118	0	134470	0	0
6abbbaf92297e265fbed6e40	58897772900	Rodríguez R.	Ricardo I.	Rodríguez	Ricardo I. Rodríguez	1	PE5	1	PE	3	101040025 - 101106125 - 101105828	autori_scopus_preferred-name_erc.tsv	2026-09-29 13:19:53.103000	56038545500	0	PE5	116	1708	110214	161	9.426229508196721
6abbbaf92297e265fbed6e40	58897772900	Rodríguez R.	Ricardo I.	Rodríguez	Ricardo I. Rodríguez	1	PE5	1	PE	3	101040025 - 101106125 - 101105828	autori_scopus_preferred-name_erc.tsv	2026-09-29 13:19:53.103000	58897772900	1	PE5	116	0	110214	0	0
6abbbaf82297e265fbed675c	56089514300	Cutolo A.	A.	Cutolo	Arsenio Cutolo	1	PE8	1	PE	1	101052956	autori_scopus_preferred-name_erc.tsv	2026-09-29 13:19:52.455000	56089514300	1	PE8	200	1636	220313	1500	91.68704156479217
6abbbaf82297e265fbed675c	56089514300	Cutolo A.	A.	Cutolo	Arsenio Cutolo	1	PE8	1	PE	1	101052956	autori_scopus_preferred-name_erc.tsv	2026-09-29 13:19:52.455000	57211005005	0	PE8	200	1148	220313	10	0.8710801393728222
6abbbaf82297e265fbed68d7	57211005005	Cutolo E.	Edoardo Andrea	Cutolo	Edoardo Andrea Cutolo	1	LS9	1	LS	1	101053983	autori_scopus_preferred-name_erc.tsv	2026-09-29 13:19:52.583000	56089514300	0	LS9	22	1636	41943	1	0.061124694376528114
6abbbaf82297e265fbed68d7	57211005005	Cutolo E.	Edoardo Andrea	Cutolo	Edoardo Andrea Cutolo	1	LS9	1	LS	1	101053983	autori_scopus_preferred-name_erc.tsv	2026-09-29 13:19:52.583000	57211005005	1	LS9	22	1148	41943	998	86.93379790940766
6abbbaf82297e265fbed676e	57194782748	Biagi N.	Nicola	Biagi	Nicola Biagi	1	PE7	1	PE	1	101077917	autori_scopus_preferred-name_erc.tsv	2026-09-29 13:19:52.461000	57194782748	1	PE7	123	502	100925	502	100.0
6abbbaf82297e265fbed676e	57194782748	Biagi N.	Nicola	Biagi	Nicola Biagi	1	PE7	1	PE	1	101077917	autori_scopus_preferred-name_erc.tsv	2026-09-29 13:19:52.461000	7003861327	0	PE7	123	4426	100925	27	0.6100316312697696
6abbbaf92297e265fbed6f4e	7003861327	Biagi S.	Simone	Biagi	S. Biagi	1	PE9	1	PE	1	101076343	autori_scopus_preferred-name_erc.tsv	2026-09-29 13:19:53.206000	57194782748	0	PE9	519	502	312447	12	2.3904382470119523
6abbbaf92297e265fbed6f4e	7003861327	Biagi S.	Simone	Biagi	S. Biagi	1	PE9	1	PE	1	101076343	autori_scopus_preferred-name_erc.tsv	2026-09-29 13:19:53.206000	7003861327	1	PE9	519	4426	312447	3512	79.34929959331225
6abbbaf82297e265fbed676f	57199326106	Antonelli L.	Lucio Angelo	Antonelli	Lucio Angelo Antonelli	1	PE9	1	PE	1	101076343	autori_scopus_preferred-name_erc.tsv	2026-09-29 13:19:52.461000	57199326106	1	PE9	519	12712	312447	12379	97.38042794210196
6abbbaf82297e265fbed676f	57199326106	Antonelli L.	Lucio Angelo	Antonelli	Lucio Angelo Antonelli	1	PE9	1	PE	1	101076343	autori_scopus_preferred-name_erc.tsv	2026-09-29 13:19:52.461000	35095999100	0	PE9	519	24671	312447	3673	14.8879250942402
6abbbaf82297e265fbed676f	57199326106	Antonelli L.	Lucio Angelo	Antonelli	Lucio Angelo Antonelli	1	PE9	1	PE	1	101076343	autori_scopus_preferred-name_erc.tsv	2026-09-29 13:19:52.461000	7003984798	0	PE9	519	1945	312447	25	1.2853470437017995
6abbbaf82297e265fbed6a23	35095999100	Antonelli M.	Mario	Antonelli	M. Antonelli	1	PE2	1	PE	1	101089007	autori_scopus_preferred-name_erc.tsv	2026-09-29 13:19:52.745000	57199326106	0	PE2	198	12712	149649	3289	25.87319068596602
6abbbaf82297e265fbed6a23	35095999100	Antonelli M.	Mario	Antonelli	M. Antonelli	1	PE2	1	PE	1	101089007	autori_scopus_preferred-name_erc.tsv	2026-09-29 13:19:52.745000	35095999100	1	PE2	198	24671	149649	23017	93.29577236431437
6abbbaf82297e265fbed6a23	35095999100	Antonelli M.	Mario	Antonelli	M. Antonelli	1	PE2	1	PE	1	101089007	autori_scopus_preferred-name_erc.tsv	2026-09-29 13:19:52.745000	7003984798	0	PE2	198	1945	149649	108	5.552699228791774
6abbbaf92297e265fbed6f57	7003984798	Antonelli C.	Cristian	Antonelli	Cristian Antonelli	1	PE7	1	PE	1	101077917	autori_scopus_preferred-name_erc.tsv	2026-09-29 13:19:53.209000	57199326106	0	PE7	123	12712	100925	52	0.40906230333543103
6abbbaf92297e265fbed6f57	7003984798	Antonelli C.	Cristian	Antonelli	Cristian Antonelli	1	PE7	1	PE	1	101077917	autori_scopus_preferred-name_erc.tsv	2026-09-29 13:19:53.209000	35095999100	0	PE7	123	24671	100925	43	0.17429370515990433
6abbbaf92297e265fbed6f57	7003984798	Antonelli C.	Cristian	Antonelli	Cristian Antonelli	1	PE7	1	PE	1	101077917	autori_scopus_preferred-name_erc.tsv	2026-09-29 13:19:53.209000	7003984798	1	PE7	123	1945	100925	485	24.93573264781491
6abbbaf82297e265fbed6770	57200755004	Wang M.	Mengjiao	Wang	Mengjiao Wang	1	PE11	1	PE	1	101041229	autori_scopus_preferred-name_erc.tsv	2026-09-29 13:19:52.461000	57200755004	1	PE11	52	807	57402	540	66.91449814126395
6abbbaf82297e265fbed6770	57200755004	Wang M.	Mengjiao	Wang	Mengjiao Wang	1	PE11	1	PE	1	101041229	autori_scopus_preferred-name_erc.tsv	2026-09-29 13:19:52.461000	57224735774	0	PE11	52	362	57402	3	0.8287292817679558
6abbbaf92297e265fbed6d77	57224735774	Wang Q.	Qiuran	Wang	Qiuran Wang	1	SH4	1	SH	1	101096728	autori_scopus_preferred-name_erc.tsv	2026-09-29 13:19:53.037000	57200755004	0	SH4	82	807	88018	5	0.6195786864931847
6abbbaf92297e265fbed6d77	57224735774	Wang Q.	Qiuran	Wang	Qiuran Wang	1	SH4	1	SH	1	101096728	autori_scopus_preferred-name_erc.tsv	2026-09-29 13:19:53.037000	57224735774	1	SH4	82	362	88018	362	100.0
6abbbaf82297e265fbed6776	57214470766	Gamba R.	Rossella	Gamba	Rossella Gamba	1	PE9	1	PE	1	101043372	autori_scopus_preferred-name_erc.tsv	2026-09-29 13:19:52.463000	57214470766	1	PE9	519	616	312447	611	99.18831168831169
6abbbaf82297e265fbed6776	57214470766	Gamba R.	Rossella	Gamba	Rossella Gamba	1	PE9	1	PE	1	101043372	autori_scopus_preferred-name_erc.tsv	2026-09-29 13:19:52.463000	23392458000	0	PE9	519	3800	312447	49	1.2894736842105263
6abbbaf82297e265fbed683c	23392458000	Gamba M.	Marco	Gamba	Marco Gamba	1	SH4	1	SH	1	101041885	autori_scopus_preferred-name_erc.tsv	2026-09-29 13:19:52.536000	57214470766	0	SH4	82	616	88018	2	0.3246753246753247
6abbbaf82297e265fbed683c	23392458000	Gamba M.	Marco	Gamba	Marco Gamba	1	SH4	1	SH	1	101041885	autori_scopus_preferred-name_erc.tsv	2026-09-29 13:19:52.536000	23392458000	1	SH4	82	3800	88018	2034	53.526315789473685
6abbbaf82297e265fbed6781	57427422000	Ricci L.	Liviana	Ricci	Liviana Ricci	1	LS8	1	LS	1	101045015	autori_scopus_preferred-name_erc.tsv	2026-09-29 13:19:52.467000	57427422000	1	LS8	85	245	101687	175	71.42857142857143
6abbbaf82297e265fbed6781	57427422000	Ricci L.	Liviana	Ricci	Liviana Ricci	1	LS8	1	LS	1	101045015	autori_scopus_preferred-name_erc.tsv	2026-09-29 13:19:52.467000	57218589809	0	LS8	85	284	101687	2	0.7042253521126761
6abbbaf82297e265fbed6781	57427422000	Ricci L.	Liviana	Ricci	Liviana Ricci	1	LS8	1	LS	1	101045015	autori_scopus_preferred-name_erc.tsv	2026-09-29 13:19:52.467000	57209088804	0	LS8	85	1378	101687	97	7.039187227866474
6abbbaf82297e265fbed68f1	57218589809	Ricci S.	Saverio	Ricci	Saverio Ricci	1	PE7	1	PE	1	101042585	autori_scopus_preferred-name_erc.tsv	2026-09-29 13:19:52.594000	57427422000	0	PE7	123	245	100925	0	0.0
6abbbaf82297e265fbed68f1	57218589809	Ricci S.	Saverio	Ricci	Saverio Ricci	1	PE7	1	PE	1	101042585	autori_scopus_preferred-name_erc.tsv	2026-09-29 13:19:52.594000	57218589809	1	PE7	123	284	100925	259	91.19718309859155
6abbbaf82297e265fbed68f1	57218589809	Ricci S.	Saverio	Ricci	Saverio Ricci	1	PE7	1	PE	1	101042585	autori_scopus_preferred-name_erc.tsv	2026-09-29 13:19:52.594000	57209088804	0	PE7	123	1378	100925	7	0.5079825834542816
6abbbaf82297e265fbed6cbf	57209088804	Ricci S.	Stefano	Ricci	Stefano Ricci	1	SH6	1	SH	1	101077348	autori_scopus_preferred-name_erc.tsv	2026-09-29 13:19:52.981000	57427422000	0	SH6	49	245	49798	15	6.122448979591836
6abbbaf82297e265fbed6cbf	57209088804	Ricci S.	Stefano	Ricci	Stefano Ricci	1	SH6	1	SH	1	101077348	autori_scopus_preferred-name_erc.tsv	2026-09-29 13:19:52.981000	57218589809	0	SH6	49	284	49798	0	0.0
6abbbaf82297e265fbed6cbf	57209088804	Ricci S.	Stefano	Ricci	Stefano Ricci	1	SH6	1	SH	1	101077348	autori_scopus_preferred-name_erc.tsv	2026-09-29 13:19:52.981000	57209088804	1	SH6	49	1378	49798	1246	90.42089985486213
6abbbaf82297e265fbed6784	58003585600	Calcaterra S.	Stefano	Calcaterra	Stefano Calcaterra	1	PE7	1	PE	1	101097569	autori_scopus_preferred-name_erc.tsv	2026-09-29 13:19:52.468000	58003585600	1	PE7	123	100	100925	100	100.0
6abbbaf82297e265fbed6784	58003585600	Calcaterra S.	Stefano	Calcaterra	Stefano Calcaterra	1	PE7	1	PE	1	101097569	autori_scopus_preferred-name_erc.tsv	2026-09-29 13:19:52.468000	58730345300	0	PE7	123	52	100925	0	0.0
6abbbaf92297e265fbed6e2c	58730345300	Calcaterra M.	Matteo	Calcaterra	Matteo Calcaterra	1	SH7	1	SH	2	101044703 - 101056873	autori_scopus_preferred-name_erc.tsv	2026-09-29 13:19:53.098000	58003585600	0	SH7	23	100	40136	0	0.0
6abbbaf92297e265fbed6e2c	58730345300	Calcaterra M.	Matteo	Calcaterra	Matteo Calcaterra	1	SH7	1	SH	2	101044703 - 101056873	autori_scopus_preferred-name_erc.tsv	2026-09-29 13:19:53.098000	58730345300	1	SH7	23	52	40136	26	50.0
6abbbaf82297e265fbed678c	6603679093	Isella G.	Giovanni	Isella	Giovanni Isella	1	PE7	1	PE	1	101097569	autori_scopus_preferred-name_erc.tsv	2026-09-29 13:19:52.470000	6603679093	1	PE7	123	5033	100925	2413	47.943572422014704
6abbbaf82297e265fbed678c	6603679093	Isella G.	Giovanni	Isella	Giovanni Isella	1	PE7	1	PE	1	101097569	autori_scopus_preferred-name_erc.tsv	2026-09-29 13:19:52.470000	8699469900	0	PE7	123	1879	100925	8	0.4257583821181479
6abbbaf82297e265fbed6967	8699469900	Isella A.	Andrea	Isella	Andrea Isella	1	PE9	1	PE	1	101076613	autori_scopus_preferred-name_erc.tsv	2026-09-29 13:19:52.651000	6603679093	0	PE9	519	5033	312447	39	0.7748857540234453
6abbbaf82297e265fbed6967	8699469900	Isella A.	Andrea	Isella	Andrea Isella	1	PE9	1	PE	1	101076613	autori_scopus_preferred-name_erc.tsv	2026-09-29 13:19:52.651000	8699469900	1	PE9	519	1879	312447	1864	99.20170303352847
6abbbaf82297e265fbed679b	7006063472	Raimondi M.	Manuela Teresa	Raimondi	Manuela Teresa Raimondi	1	PE8	1	PE	2	101068512 - 101053122	autori_scopus_preferred-name_erc.tsv	2026-09-29 13:19:52.475000	7006063472	1	PE8	200	4886	220313	3035	62.11625051166598
6abbbaf82297e265fbed679b	7006063472	Raimondi M.	Manuela Teresa	Raimondi	Manuela Teresa Raimondi	1	PE8	1	PE	2	101068512 - 101053122	autori_scopus_preferred-name_erc.tsv	2026-09-29 13:19:52.475000	57222326454	0	PE8	200	666	220313	9	1.3513513513513513
6abbbaf92297e265fbed6d65	57222326454	Raimondi T.	Teresa	Raimondi	Teresa Raimondi	1	SH4	1	SH	1	101041885	autori_scopus_preferred-name_erc.tsv	2026-09-29 13:19:53.028000	7006063472	0	SH4	82	4886	88018	56	1.146131805157593
6abbbaf92297e265fbed6d65	57222326454	Raimondi T.	Teresa	Raimondi	Teresa Raimondi	1	SH4	1	SH	1	101041885	autori_scopus_preferred-name_erc.tsv	2026-09-29 13:19:53.028000	57222326454	1	SH4	82	666	88018	603	90.54054054054053
6abbbaf82297e265fbed67a5	16029615600	Schiattarella G.	Gabriele Giacomo	Schiattarella	Gabriele G. Schiattarella	1	LS4	1	LS	1	101078307	autori_scopus_preferred-name_erc.tsv	2026-09-29 13:19:52.478000	16029615600	1	LS4	61	3912	100212	347	8.870143149284255
6abbbaf82297e265fbed67a5	16029615600	Schiattarella G.	Gabriele Giacomo	Schiattarella	Gabriele G. Schiattarella	1	LS4	1	LS	1	101078307	autori_scopus_preferred-name_erc.tsv	2026-09-29 13:19:52.478000	57190862946	0	LS4	61	488	100212	8	1.639344262295082
6abbbaf82297e265fbed68a5	57190862946	Schiattarella C.	Chiara	Schiattarella	Chiara Schiattarella	1	PE7	1	PE	1	101081567	autori_scopus_preferred-name_erc.tsv	2026-09-29 13:19:52.569000	16029615600	0	PE7	123	3912	100925	27	0.6901840490797546
6abbbaf82297e265fbed68a5	57190862946	Schiattarella C.	Chiara	Schiattarella	Chiara Schiattarella	1	PE7	1	PE	1	101081567	autori_scopus_preferred-name_erc.tsv	2026-09-29 13:19:52.569000	57190862946	1	PE7	123	488	100925	46	9.426229508196721
6abbbaf82297e265fbed67aa	22836019000	Salvato M.	Mara	Salvato	Mara Salvato	1	PE9	1	PE	2	101086378 - 101045437	autori_scopus_preferred-name_erc.tsv	2026-09-29 13:19:52.483000	22836019000	1	PE9	519	10192	312447	9642	94.60361067503925
6abbbaf82297e265fbed67aa	22836019000	Salvato M.	Mara	Salvato	Mara Salvato	1	PE9	1	PE	2	101086378 - 101045437	autori_scopus_preferred-name_erc.tsv	2026-09-29 13:19:52.483000	57211158383	0	PE9	519	382	312447	10	2.6178010471204187
6abbbaf82297e265fbed6ccd	57211158383	Salvato E.	Erica	Salvato	Erica Salvato	1	PE7	1	PE	1	101076926	autori_scopus_preferred-name_erc.tsv	2026-09-29 13:19:52.984000	22836019000	0	PE7	123	10192	100925	31	0.30416012558869704
6abbbaf82297e265fbed6ccd	57211158383	Salvato E.	Erica	Salvato	Erica Salvato	1	PE7	1	PE	1	101076926	autori_scopus_preferred-name_erc.tsv	2026-09-29 13:19:52.984000	57211158383	1	PE7	123	382	100925	95	24.86910994764398
6abbbaf82297e265fbed6bc9	57189469058	Liu Z.	Zheming	Liu	Zheming Liu	1	PE11	1	PE	1	101041229	autori_scopus_preferred-name_erc.tsv	2026-09-29 13:19:52.925000	57189469058	1	PE11	52	281	57402	198	70.46263345195729
6abbbaf82297e265fbed6bc9	57189469058	Liu Z.	Zheming	Liu	Zheming Liu	1	PE11	1	PE	1	101041229	autori_scopus_preferred-name_erc.tsv	2026-09-29 13:19:52.925000	57201201897	0	PE11	52	116	57402	40	34.48275862068966
6abbbaf82297e265fbed6c51	57201201897	Liu Y.	Ying	Liu	Ying Liu	1	PE5	1	PE	1	101095974	autori_scopus_preferred-name_erc.tsv	2026-09-29 13:19:52.960000	57189469058	0	PE5	116	281	110214	161	57.29537366548043
6abbbaf82297e265fbed6c51	57201201897	Liu Y.	Ying	Liu	Ying Liu	1	PE5	1	PE	1	101095974	autori_scopus_preferred-name_erc.tsv	2026-09-29 13:19:52.960000	57201201897	1	PE5	116	116	110214	116	100.0
6abbbaf82297e265fbed67d7	56284355200	Romano C.	C.	Romano	Claudia Romano	1	PE10	1	PE	1	101044772	autori_scopus_preferred-name_erc.tsv	2026-09-29 13:19:52.499000	56284355200	1	PE10	63	3693	101423	2846	77.06471703222313
6abbbaf82297e265fbed67d7	56284355200	Romano C.	C.	Romano	Claudia Romano	1	PE10	1	PE	1	101044772	autori_scopus_preferred-name_erc.tsv	2026-09-29 13:19:52.499000	57195250950	0	PE10	63	1647	101423	43	2.610807528840316
6abbbaf82297e265fbed6c1f	57195250950	Romano V.	Valentino	Romano	Valentino Romano	1	PE11	1	PE	1	101055097	autori_scopus_preferred-name_erc.tsv	2026-09-29 13:19:52.949000	56284355200	0	PE11	52	3693	57402	68	1.8413214189006228
6abbbaf82297e265fbed6c1f	57195250950	Romano V.	Valentino	Romano	Valentino Romano	1	PE11	1	PE	1	101055097	autori_scopus_preferred-name_erc.tsv	2026-09-29 13:19:52.949000	57195250950	1	PE11	52	1647	57402	317	19.247115968427444
6abbbaf82297e265fbed67e5	57193119619	Brunetti G.	Gianfranco F.	Brunetti	G. Brunetti	1	PE9	1	PE	1	101086378	autori_scopus_preferred-name_erc.tsv	2026-09-29 13:19:52.504000	57193119619	1	PE9	519	6537	312447	5990	91.63224720819947
6abbbaf82297e265fbed67e5	57193119619	Brunetti G.	Gianfranco F.	Brunetti	G. Brunetti	1	PE9	1	PE	1	101086378	autori_scopus_preferred-name_erc.tsv	2026-09-29 13:19:52.504000	57338928700	0	PE9	519	54	312447	1	1.8518518518518516
6abbbaf92297e265fbed6d9a	57338928700	Brunetti I.	Irene	Brunetti	Irene Brunetti	1	PE7	1	PE	1	101097876	autori_scopus_preferred-name_erc.tsv	2026-09-29 13:19:53.052000	57193119619	0	PE7	123	6537	100925	31	0.4742236499923513
6abbbaf92297e265fbed6d9a	57338928700	Brunetti I.	Irene	Brunetti	Irene Brunetti	1	PE7	1	PE	1	101097876	autori_scopus_preferred-name_erc.tsv	2026-09-29 13:19:53.052000	57338928700	1	PE7	123	54	100925	3	5.555555555555555
6abbbaf82297e265fbed67e6	57194286495	Mecozzi B.	Beniamino	Mecozzi	Beniamino Mecozzi	1	SH6	1	SH	1	101052653	autori_scopus_preferred-name_erc.tsv	2026-09-29 13:19:52.504000	57194286495	1	SH6	49	2597	49798	2508	96.57296881016558
6abbbaf82297e265fbed67e6	57194286495	Mecozzi B.	Beniamino	Mecozzi	Beniamino Mecozzi	1	SH6	1	SH	1	101052653	autori_scopus_preferred-name_erc.tsv	2026-09-29 13:19:52.504000	57203628230	0	SH6	49	1995	49798	4	0.20050125313283207
6abbbaf82297e265fbed6c81	57203628230	Mecozzi A.	A.	Mecozzi	Antonio Mecozzi	1	PE7	1	PE	1	101077917	autori_scopus_preferred-name_erc.tsv	2026-09-29 13:19:52.970000	57194286495	0	PE7	123	2597	100925	1	0.03850596842510589
6abbbaf82297e265fbed6c81	57203628230	Mecozzi A.	A.	Mecozzi	Antonio Mecozzi	1	PE7	1	PE	1	101077917	autori_scopus_preferred-name_erc.tsv	2026-09-29 13:19:52.970000	57203628230	1	PE7	123	1995	100925	418	20.952380952380953
6abbbaf82297e265fbed67fb	57477394000	Corti M.	Mattia	Corti	Mattia Corti	1	SYG-PE	1	PE	1	101115663	autori_scopus_preferred-name_erc.tsv	2026-09-29 13:19:52.511000	57477394000	1	SYG-PE	78	182	101547	182	100.0
6abbbaf82297e265fbed67fb	57477394000	Corti M.	Mattia	Corti	Mattia Corti	1	SYG-PE	1	PE	1	101115663	autori_scopus_preferred-name_erc.tsv	2026-09-29 13:19:52.511000	56581966700	0	SYG-PE	78	531	101547	17	3.2015065913371
6abbbaf82297e265fbed67fb	57477394000	Corti M.	Mattia	Corti	Mattia Corti	1	SYG-PE	1	PE	1	101115663	autori_scopus_preferred-name_erc.tsv	2026-09-29 13:19:52.511000	7006220309	0	SYG-PE	78	4568	101547	52	1.138353765323993
6abbbaf82297e265fbed6b82	56581966700	Corti V.	Vasco	Corti	Vasco Corti	1	PE5	1	PE	3	101040025 - 101106125 - 101105828	autori_scopus_preferred-name_erc.tsv	2026-09-29 13:19:52.901000	57477394000	0	PE5	116	182	110214	1	0.5494505494505495
6abbbaf82297e265fbed6b82	56581966700	Corti V.	Vasco	Corti	Vasco Corti	1	PE5	1	PE	3	101040025 - 101106125 - 101105828	autori_scopus_preferred-name_erc.tsv	2026-09-29 13:19:52.901000	56581966700	1	PE5	116	531	110214	138	25.98870056497175
6abbbaf82297e265fbed6b82	56581966700	Corti V.	Vasco	Corti	Vasco Corti	1	PE5	1	PE	3	101040025 - 101106125 - 101105828	autori_scopus_preferred-name_erc.tsv	2026-09-29 13:19:52.901000	7006220309	0	PE5	116	4568	110214	8	0.17513134851138354
6abbbaf92297e265fbed6f9f	7006220309	Corti G.	Giacomo	Corti	Giacomo Corti	1	PE10	1	PE	2	101087245 - 101119486	autori_scopus_preferred-name_erc.tsv	2026-09-29 13:19:53.247000	57477394000	0	PE10	63	182	101423	3	1.6483516483516485
6abbbaf92297e265fbed6f9f	7006220309	Corti G.	Giacomo	Corti	Giacomo Corti	1	PE10	1	PE	2	101087245 - 101119486	autori_scopus_preferred-name_erc.tsv	2026-09-29 13:19:53.247000	56581966700	0	PE10	63	531	101423	1	0.18832391713747645
6abbbaf92297e265fbed6f9f	7006220309	Corti G.	Giacomo	Corti	Giacomo Corti	1	PE10	1	PE	2	101087245 - 101119486	autori_scopus_preferred-name_erc.tsv	2026-09-29 13:19:53.247000	7006220309	1	PE10	63	4568	101423	3236	70.84063047285464
6abbbaf82297e265fbed67fe	57668086600	Kim D.	Dawoon E.	Kim	Dawoon E. Kim	1	PE9	1	PE	1	101076343	autori_scopus_preferred-name_erc.tsv	2026-09-29 13:19:52.512000	57668086600	1	PE9	519	739	312447	715	96.75236806495265
6abbbaf82297e265fbed67fe	57668086600	Kim D.	Dawoon E.	Kim	Dawoon E. Kim	1	PE9	1	PE	1	101076343	autori_scopus_preferred-name_erc.tsv	2026-09-29 13:19:52.512000	58290088200	0	PE9	519	49	312447	0	0.0
6abbbaf82297e265fbed691a	58290088200	Kim S.	Sung-hwan	Kim	Sung-Hwan Kim	1	PE6	1	PE	1	101039208	autori_scopus_preferred-name_erc.tsv	2026-09-29 13:19:52.620000	57668086600	0	PE6	23	739	11563	0	0.0
6abbbaf82297e265fbed691a	58290088200	Kim S.	Sung-hwan	Kim	Sung-Hwan Kim	1	PE6	1	PE	1	101039208	autori_scopus_preferred-name_erc.tsv	2026-09-29 13:19:52.620000	58290088200	1	PE6	23	49	11563	49	100.0
6abbbaf82297e265fbed681f	7402527192	Costa E.	Enrico	Costa	Enrico Costa	1	PE9	1	PE	1	101076343	autori_scopus_preferred-name_erc.tsv	2026-09-29 13:19:52.526000	7402527192	1	PE9	519	6075	312447	5841	96.14814814814815
6abbbaf82297e265fbed681f	7402527192	Costa E.	Enrico	Costa	Enrico Costa	1	PE9	1	PE	1	101076343	autori_scopus_preferred-name_erc.tsv	2026-09-29 13:19:52.526000	57102696600	0	PE9	519	249	312447	1	0.4016064257028112
6abbbaf82297e265fbed689e	57102696600	Costa P.	Paolo	Costa	Paolo Costa	1	PE5	1	PE	3	101040025 - 101106125 - 101105828	autori_scopus_preferred-name_erc.tsv	2026-09-29 13:19:52.567000	7402527192	0	PE5	116	6075	110214	9	0.14814814814814814
6abbbaf82297e265fbed689e	57102696600	Costa P.	Paolo	Costa	Paolo Costa	1	PE5	1	PE	3	101040025 - 101106125 - 101105828	autori_scopus_preferred-name_erc.tsv	2026-09-29 13:19:52.567000	57102696600	1	PE5	116	249	110214	249	100.0
6abbbaf82297e265fbed6826	10040033000	Monaco G.	Giulio	Monaco	Giulio Monaco	1	PE3	1	PE	1	101053167	autori_scopus_preferred-name_erc.tsv	2026-09-29 13:19:52.529000	10040033000	1	PE3	33	4061	45937	1486	36.59197242058606
6abbbaf82297e265fbed6826	10040033000	Monaco G.	Giulio	Monaco	Giulio Monaco	1	PE3	1	PE	1	101053167	autori_scopus_preferred-name_erc.tsv	2026-09-29 13:19:52.529000	59227903300	0	PE3	33	0	45937	0	0
6abbbaf82297e265fbed6826	10040033000	Monaco G.	Giulio	Monaco	Giulio Monaco	1	PE3	1	PE	1	101053167	autori_scopus_preferred-name_erc.tsv	2026-09-29 13:19:52.529000	7006221760	0	PE3	33	4534	45937	2	0.044111160123511246
6abbbaf92297e265fbed6e65	59227903300	Monaco M.	Mariagrazia	Monaco	Mariagrazia Monaco	1	LS4	1	LS	1	101045285	autori_scopus_preferred-name_erc.tsv	2026-09-29 13:19:53.112000	10040033000	0	LS4	61	4061	100212	10	0.2462447672986949
6abbbaf92297e265fbed6e65	59227903300	Monaco M.	Mariagrazia	Monaco	Mariagrazia Monaco	1	LS4	1	LS	1	101045285	autori_scopus_preferred-name_erc.tsv	2026-09-29 13:19:53.112000	59227903300	1	LS4	61	0	100212	0	0
6abbbaf92297e265fbed6e65	59227903300	Monaco M.	Mariagrazia	Monaco	Mariagrazia Monaco	1	LS4	1	LS	1	101045285	autori_scopus_preferred-name_erc.tsv	2026-09-29 13:19:53.112000	7006221760	0	LS4	61	4534	100212	6	0.13233348037053375
6abbbaf92297e265fbed6fa0	7006221760	Monaco P.	Pierluigi	Monaco	Pierluigi Monaco	1	PE9	1	PE	1	101042299	autori_scopus_preferred-name_erc.tsv	2026-09-29 13:19:53.247000	10040033000	0	PE9	519	4061	312447	67	1.6498399409012556
6abbbaf92297e265fbed6fa0	7006221760	Monaco P.	Pierluigi	Monaco	Pierluigi Monaco	1	PE9	1	PE	1	101042299	autori_scopus_preferred-name_erc.tsv	2026-09-29 13:19:53.247000	59227903300	0	PE9	519	0	312447	0	0
6abbbaf92297e265fbed6fa0	7006221760	Monaco P.	Pierluigi	Monaco	Pierluigi Monaco	1	PE9	1	PE	1	101042299	autori_scopus_preferred-name_erc.tsv	2026-09-29 13:19:53.247000	7006221760	1	PE9	519	4534	312447	3714	81.91442434936039
6abbbaf82297e265fbed682e	15047667100	Galbusera F.	F.	Galbusera	Fabio Galbusera	1	PE8	1	PE	1	101044828	autori_scopus_preferred-name_erc.tsv	2026-09-29 13:19:52.531000	15047667100	1	PE8	200	5835	220313	243	4.16452442159383
6abbbaf82297e265fbed682e	15047667100	Galbusera F.	F.	Galbusera	Fabio Galbusera	1	PE8	1	PE	1	101044828	autori_scopus_preferred-name_erc.tsv	2026-09-29 13:19:52.531000	58863173900	0	PE8	200	48	220313	0	0.0
6abbbaf92297e265fbed6e3c	58863173900	Galbusera A.	Alessia	Galbusera	Alessia Galbusera	1	SH6	1	SH	2	101065320 - 101077348	autori_scopus_preferred-name_erc.tsv	2026-09-29 13:19:53.102000	15047667100	0	SH6	49	5835	49798	71	1.2167952013710368
6abbbaf92297e265fbed6e3c	58863173900	Galbusera A.	Alessia	Galbusera	Alessia Galbusera	1	SH6	1	SH	2	101065320 - 101077348	autori_scopus_preferred-name_erc.tsv	2026-09-29 13:19:53.102000	58863173900	1	SH6	49	48	49798	0	0.0
6abbbaf82297e265fbed6848	27568039400	Santini P.	Paola	Santini	Paola Santini	1	PE9	1	PE	1	101053208	autori_scopus_preferred-name_erc.tsv	2026-09-29 13:19:52.539000	27568039400	1	PE9	519	6722	312447	6446	95.89407914311217
6abbbaf82297e265fbed6848	27568039400	Santini P.	Paola	Santini	Paola Santini	1	PE9	1	PE	1	101053208	autori_scopus_preferred-name_erc.tsv	2026-09-29 13:19:52.539000	7006198153	0	PE9	519	2017	312447	25	1.2394645513138325
6abbbaf92297e265fbed6f9e	7006198153	Santini P.	Paolo	Santini	P. Santini	1	SYG-PE	1	PE	1	101071533	autori_scopus_preferred-name_erc.tsv	2026-09-29 13:19:53.246000	27568039400	0	SYG-PE	78	6722	101547	1798	26.74799166914609
6abbbaf92297e265fbed6f9e	7006198153	Santini P.	Paolo	Santini	P. Santini	1	SYG-PE	1	PE	1	101071533	autori_scopus_preferred-name_erc.tsv	2026-09-29 13:19:53.246000	7006198153	1	SYG-PE	78	2017	101547	1944	96.38076351016362
6abbbaf82297e265fbed684b	35148174600	Paggi M.	Marco	Paggi	M. Paggi	1	PE8	1	PE	1	101052956	autori_scopus_preferred-name_erc.tsv	2026-09-29 13:19:52.540000	35148174600	1	PE8	200	5842	220313	2475	42.36562820951729
6abbbaf82297e265fbed684b	35148174600	Paggi M.	Marco	Paggi	M. Paggi	1	PE8	1	PE	1	101052956	autori_scopus_preferred-name_erc.tsv	2026-09-29 13:19:52.540000	36933029700	0	PE8	200	4006	220313	16	0.399400898652022
6abbbaf82297e265fbed6a88	36933029700	Paggi A.	Alessandro	Paggi	Alessandro Paggi	1	PE9	1	PE	1	101076343	autori_scopus_preferred-name_erc.tsv	2026-09-29 13:19:52.787000	35148174600	0	PE9	519	5842	312447	40	0.6846970215679562
6abbbaf82297e265fbed6a88	36933029700	Paggi A.	Alessandro	Paggi	Alessandro Paggi	1	PE9	1	PE	1	101076343	autori_scopus_preferred-name_erc.tsv	2026-09-29 13:19:52.787000	36933029700	1	PE9	519	4006	312447	3802	94.90763854218672
6abbbaf82297e265fbed6859	36893312700	Martinelli C.	Chiara	Martinelli	Chiara Martinelli	1	PE8	1	PE	2	101068512 - 101053122	autori_scopus_preferred-name_erc.tsv	2026-09-29 13:19:52.544000	36893312700	1	PE8	200	2631	220313	1668	63.397947548460664
6abbbaf82297e265fbed6859	36893312700	Martinelli C.	Chiara	Martinelli	Chiara Martinelli	1	PE8	1	PE	2	101068512 - 101053122	autori_scopus_preferred-name_erc.tsv	2026-09-29 13:19:52.544000	57208149448	0	PE8	200	437	220313	32	7.322654462242563
6abbbaf82297e265fbed6859	36893312700	Martinelli C.	Chiara	Martinelli	Chiara Martinelli	1	PE8	1	PE	2	101068512 - 101053122	autori_scopus_preferred-name_erc.tsv	2026-09-29 13:19:52.544000	57190342916	0	PE8	200	1400	220313	187	13.357142857142856
6abbbaf82297e265fbed68cf	57208149448	Martinelli A.	Alessandro	Martinelli	Alessandro Martinelli	1	PE3	1	PE	1	101053167	autori_scopus_preferred-name_erc.tsv	2026-09-29 13:19:52.580000	36893312700	0	PE3	33	2631	45937	112	4.2569365260357275
6abbbaf82297e265fbed68cf	57208149448	Martinelli A.	Alessandro	Martinelli	Alessandro Martinelli	1	PE3	1	PE	1	101053167	autori_scopus_preferred-name_erc.tsv	2026-09-29 13:19:52.580000	57208149448	1	PE3	33	437	45937	408	93.36384439359267
6abbbaf82297e265fbed68cf	57208149448	Martinelli A.	Alessandro	Martinelli	Alessandro Martinelli	1	PE3	1	PE	1	101053167	autori_scopus_preferred-name_erc.tsv	2026-09-29 13:19:52.580000	57190342916	0	PE3	33	1400	45937	10	0.7142857142857143
6abbbaf82297e265fbed6bd9	57190342916	Martinelli I.	Ilaria	Martinelli	Ilaria Martinelli	1	SH4	1	SH	1	101042625	autori_scopus_preferred-name_erc.tsv	2026-09-29 13:19:52.930000	36893312700	0	SH4	82	2631	88018	28	1.0642341315089319
6abbbaf82297e265fbed6bd9	57190342916	Martinelli I.	Ilaria	Martinelli	Ilaria Martinelli	1	SH4	1	SH	1	101042625	autori_scopus_preferred-name_erc.tsv	2026-09-29 13:19:52.930000	57208149448	0	SH4	82	437	88018	1	0.2288329519450801
6abbbaf82297e265fbed6bd9	57190342916	Martinelli I.	Ilaria	Martinelli	Ilaria Martinelli	1	SH4	1	SH	1	101042625	autori_scopus_preferred-name_erc.tsv	2026-09-29 13:19:52.930000	57190342916	1	SH4	82	1400	88018	1066	76.14285714285714
6abbbaf82297e265fbed685a	37003280500	Vacca G.	Giuseppe	Vacca	Giuseppe Vacca	1	SYG-PE	1	PE	1	101115663	autori_scopus_preferred-name_erc.tsv	2026-09-29 13:19:52.546000	37003280500	1	SYG-PE	78	631	101547	569	90.1743264659271
6abbbaf82297e265fbed685a	37003280500	Vacca G.	Giuseppe	Vacca	Giuseppe Vacca	1	SYG-PE	1	PE	1	101115663	autori_scopus_preferred-name_erc.tsv	2026-09-29 13:19:52.546000	57217795988	0	SYG-PE	78	1084	101547	6	0.5535055350553505
6abbbaf82297e265fbed6d17	57217795988	Vacca A.	Antonio	Vacca	Antonio Vacca	1	LS4	1	LS	1	101078307	autori_scopus_preferred-name_erc.tsv	2026-09-29 13:19:52.997000	37003280500	0	LS4	61	631	100212	3	0.4754358161648178
6abbbaf82297e265fbed6d17	57217795988	Vacca A.	Antonio	Vacca	Antonio Vacca	1	LS4	1	LS	1	101078307	autori_scopus_preferred-name_erc.tsv	2026-09-29 13:19:52.997000	57217795988	1	LS4	61	1084	100212	82	7.564575645756458
6abbbaf82297e265fbed685b	37018396300	Marchetti R.	Roberta	Marchetti	Roberta Marchetti	1	PE5	1	PE	1	101039841	autori_scopus_preferred-name_erc.tsv	2026-09-29 13:19:52.547000	37018396300	1	PE5	116	2050	110214	2050	100.0
6abbbaf82297e265fbed685b	37018396300	Marchetti R.	Roberta	Marchetti	Roberta Marchetti	1	PE5	1	PE	1	101039841	autori_scopus_preferred-name_erc.tsv	2026-09-29 13:19:52.547000	57193493644	0	PE5	116	815	110214	84	10.30674846625767
6abbbaf82297e265fbed685b	37018396300	Marchetti R.	Roberta	Marchetti	Roberta Marchetti	1	PE5	1	PE	1	101039841	autori_scopus_preferred-name_erc.tsv	2026-09-29 13:19:52.547000	7103204997	0	PE5	116	11837	110214	227	1.917715637408127
6abbbaf82297e265fbed6c00	57193493644	Marchetti F.	Filippo	Marchetti	Filippo Marchetti	1	PE4	1	PE	2	101112805 - 101088032	autori_scopus_preferred-name_erc.tsv	2026-09-29 13:19:52.941000	37018396300	0	PE4	118	2050	134470	155	7.560975609756097
6abbbaf82297e265fbed6c00	57193493644	Marchetti F.	Filippo	Marchetti	Filippo Marchetti	1	PE4	1	PE	2	101112805 - 101088032	autori_scopus_preferred-name_erc.tsv	2026-09-29 13:19:52.941000	57193493644	1	PE4	118	815	134470	748	91.77914110429448
6abbbaf82297e265fbed6c00	57193493644	Marchetti F.	Filippo	Marchetti	Filippo Marchetti	1	PE4	1	PE	2	101112805 - 101088032	autori_scopus_preferred-name_erc.tsv	2026-09-29 13:19:52.941000	7103204997	0	PE4	118	11837	134470	111	0.9377376024330488
6abbbaf92297e265fbed6fc7	7103204997	Marchetti P.	P.	Marchetti	Piero Marchetti	1	LS4	1	LS	1	101043671	autori_scopus_preferred-name_erc.tsv	2026-09-29 13:19:53.263000	37018396300	0	LS4	61	2050	100212	50	2.4390243902439024
6abbbaf92297e265fbed6fc7	7103204997	Marchetti P.	P.	Marchetti	Piero Marchetti	1	LS4	1	LS	1	101043671	autori_scopus_preferred-name_erc.tsv	2026-09-29 13:19:53.263000	57193493644	0	LS4	61	815	100212	54	6.625766871165645
6abbbaf92297e265fbed6fc7	7103204997	Marchetti P.	P.	Marchetti	Piero Marchetti	1	LS4	1	LS	1	101043671	autori_scopus_preferred-name_erc.tsv	2026-09-29 13:19:53.263000	7103204997	1	LS4	61	11837	100212	1580	13.347976683281237
6abbbaf82297e265fbed685c	37040936100	Tanzi L.	Luca	Tanzi	Luca Tanzi	1	PE2	1	PE	1	101055319	autori_scopus_preferred-name_erc.tsv	2026-09-29 13:19:52.547000	37040936100	1	PE2	198	529	149649	471	89.03591682419659
6abbbaf82297e265fbed685c	37040936100	Tanzi L.	Luca	Tanzi	Luca Tanzi	1	PE2	1	PE	1	101055319	autori_scopus_preferred-name_erc.tsv	2026-09-29 13:19:52.547000	57223193616	0	PE2	198	234	149649	0	0.0
6abbbaf92297e265fbed6d6e	57223193616	Tanzi A.	Adele	Tanzi	Adele Tanzi	1	LS7	1	LS	1	101045467	autori_scopus_preferred-name_erc.tsv	2026-09-29 13:19:53.032000	37040936100	0	LS7	98	529	170563	0	0.0
6abbbaf92297e265fbed6d6e	57223193616	Tanzi A.	Adele	Tanzi	Adele Tanzi	1	LS7	1	LS	1	101045467	autori_scopus_preferred-name_erc.tsv	2026-09-29 13:19:53.032000	57223193616	1	LS7	98	234	170563	234	100.0
6abbbaf82297e265fbed686a	55246218600	Huang R.	Ruojun	Huang	Ruojun Huang	1	PE1	1	PE	1	101053472	autori_scopus_preferred-name_erc.tsv	2026-09-29 13:19:52.552000	55246218600	1	PE1	23	109	8273	109	100.0
6abbbaf82297e265fbed686a	55246218600	Huang R.	Ruojun	Huang	Ruojun Huang	1	PE1	1	PE	1	101053472	autori_scopus_preferred-name_erc.tsv	2026-09-29 13:19:52.552000	57211634315	0	PE1	23	737	8273	1	0.13568521031207598
6abbbaf82297e265fbed68db	57211634315	Huang K.	Kun D.	Huang	Kun D. Huang	1	LS8	1	LS	1	101045015	autori_scopus_preferred-name_erc.tsv	2026-09-29 13:19:52.584000	55246218600	0	LS8	85	109	101687	0	0.0
6abbbaf82297e265fbed68db	57211634315	Huang K.	Kun D.	Huang	Kun D. Huang	1	LS8	1	LS	1	101045015	autori_scopus_preferred-name_erc.tsv	2026-09-29 13:19:52.584000	57211634315	1	LS8	85	737	101687	737	100.0
6abbbaf82297e265fbed686e	55375394900	Rinaldi L.	Luca	Rinaldi	Luca Rinaldi	1	SH4	1	SH	1	101087053	autori_scopus_preferred-name_erc.tsv	2026-09-29 13:19:52.553000	55375394900	1	SH4	82	2718	88018	1258	46.28403237674761
6abbbaf82297e265fbed686e	55375394900	Rinaldi L.	Luca	Rinaldi	Luca Rinaldi	1	SH4	1	SH	1	101087053	autori_scopus_preferred-name_erc.tsv	2026-09-29 13:19:52.553000	8325324100	0	SH4	82	968	88018	5	0.5165289256198348
6abbbaf92297e265fbed6fe0	8325324100	Rinaldi A.	Alessandra	Rinaldi	Alessandra Rinaldi	1	LS9	1	LS	1	101040462	autori_scopus_preferred-name_erc.tsv	2026-09-29 13:19:53.271000	55375394900	0	LS9	22	2718	41943	9	0.33112582781456956
6abbbaf92297e265fbed6fe0	8325324100	Rinaldi A.	Alessandra	Rinaldi	Alessandra Rinaldi	1	LS9	1	LS	1	101040462	autori_scopus_preferred-name_erc.tsv	2026-09-29 13:19:53.271000	8325324100	1	LS9	22	968	41943	9	0.9297520661157025
6abbbaf82297e265fbed6874	55697020400	Conte R.	Riccardo	Conte	Riccardo Conte	1	PE4	1	PE	1	101081361	autori_scopus_preferred-name_erc.tsv	2026-09-29 13:19:52.555000	55697020400	1	PE4	118	1642	134470	1114	67.84409257003654
6abbbaf82297e265fbed6874	55697020400	Conte R.	Riccardo	Conte	Riccardo Conte	1	PE4	1	PE	1	101081361	autori_scopus_preferred-name_erc.tsv	2026-09-29 13:19:52.555000	56268146200	0	PE4	118	526	134470	188	35.741444866920155
6abbbaf82297e265fbed6b59	56268146200	Conte A.	Adriano Mosca	Conte	Adriano Mosca Conte	1	PE3	1	PE	1	101066434	autori_scopus_preferred-name_erc.tsv	2026-09-29 13:19:52.884000	55697020400	0	PE3	33	1642	45937	72	4.38489646772229
6abbbaf82297e265fbed6b59	56268146200	Conte A.	Adriano Mosca	Conte	Adriano Mosca Conte	1	PE3	1	PE	1	101066434	autori_scopus_preferred-name_erc.tsv	2026-09-29 13:19:52.884000	56268146200	1	PE3	33	526	45937	285	54.18250950570342
6abbbaf82297e265fbed6881	56195219500	Camargo F.	Franco V.A.	Camargo	Franco V. A. Camargo	1	LS9	1	LS	1	101053983	autori_scopus_preferred-name_erc.tsv	2026-09-29 13:19:52.559000	56195219500	1	LS9	22	1088	41943	366	33.63970588235294
6abbbaf82297e265fbed6881	56195219500	Camargo F.	Franco V.A.	Camargo	Franco V. A. Camargo	1	LS9	1	LS	1	101053983	autori_scopus_preferred-name_erc.tsv	2026-09-29 13:19:52.559000	59304306700	0	LS9	22	0	41943	0	0
6abbbaf92297e265fbed6e74	59304306700	Camargo F.	Franco V.A.	Camargo	Franco V. A. Camargo	1	PE4	1	PE	2	101047137 - 101076859	autori_scopus_preferred-name_erc.tsv	2026-09-29 13:19:53.116000	56195219500	0	PE4	118	1088	134470	477	43.841911764705884
6abbbaf92297e265fbed6e74	59304306700	Camargo F.	Franco V.A.	Camargo	Franco V. A. Camargo	1	PE4	1	PE	2	101047137 - 101076859	autori_scopus_preferred-name_erc.tsv	2026-09-29 13:19:53.116000	59304306700	1	PE4	118	0	134470	0	0
6abbbaf82297e265fbed688b	56394720500	Venturi D.	Daniele	Venturi	Daniele Venturi	1	PE6	1	PE	2	101096871 - 101054911	autori_scopus_preferred-name_erc.tsv	2026-09-29 13:19:52.561000	56394720500	1	PE6	23	1811	11563	332	18.332413031474324
6abbbaf82297e265fbed688b	56394720500	Venturi D.	Daniele	Venturi	Daniele Venturi	1	PE6	1	PE	2	101096871 - 101054911	autori_scopus_preferred-name_erc.tsv	2026-09-29 13:19:52.561000	57201649820	0	PE6	23	2006	11563	0	0.0
6abbbaf82297e265fbed6c5a	57201649820	Venturi G.	Giacomo	Venturi	G. Venturi	1	PE9	1	PE	1	101040751	autori_scopus_preferred-name_erc.tsv	2026-09-29 13:19:52.962000	56394720500	0	PE9	519	1811	312447	2	0.11043622308117064
6abbbaf82297e265fbed6c5a	57201649820	Venturi G.	Giacomo	Venturi	G. Venturi	1	PE9	1	PE	1	101040751	autori_scopus_preferred-name_erc.tsv	2026-09-29 13:19:52.962000	57201649820	1	PE9	519	2006	312447	2006	100.0
6abbbaf82297e265fbed6893	56638659600	Filippini T.	Tommaso	Filippini	Tommaso Filippini	1	SH4	1	SH	1	101042625	autori_scopus_preferred-name_erc.tsv	2026-09-29 13:19:52.564000	56638659600	1	SH4	82	7864	88018	6989	88.8733468972533
6abbbaf82297e265fbed6893	56638659600	Filippini T.	Tommaso	Filippini	Tommaso Filippini	1	SH4	1	SH	1	101042625	autori_scopus_preferred-name_erc.tsv	2026-09-29 13:19:52.564000	54402939800	0	SH4	82	1633	88018	5	0.3061849357011635
6abbbaf82297e265fbed6893	56638659600	Filippini T.	Tommaso	Filippini	Tommaso Filippini	1	SH4	1	SH	1	101042625	autori_scopus_preferred-name_erc.tsv	2026-09-29 13:19:52.564000	57192251704	0	SH4	82	1186	88018	8	0.6745362563237773
6abbbaf82297e265fbed6aab	54402939800	Filippini G.	Giacomo	Filippini	Giacomo Filippini	1	PE5	1	PE	1	101039578	autori_scopus_preferred-name_erc.tsv	2026-09-29 13:19:52.802000	56638659600	0	PE5	116	7864	110214	44	0.5595116988809765
6abbbaf82297e265fbed6aab	54402939800	Filippini G.	Giacomo	Filippini	Giacomo Filippini	1	PE5	1	PE	1	101039578	autori_scopus_preferred-name_erc.tsv	2026-09-29 13:19:52.802000	54402939800	1	PE5	116	1633	110214	579	35.45621555419473
6abbbaf82297e265fbed6aab	54402939800	Filippini G.	Giacomo	Filippini	Giacomo Filippini	1	PE5	1	PE	1	101039578	autori_scopus_preferred-name_erc.tsv	2026-09-29 13:19:52.802000	57192251704	0	PE5	116	1186	110214	6	0.5059021922428331
6abbbaf82297e265fbed6bea	57192251704	Filippini F.	Francesco	Filippini	F. Filippini	1	PE9	1	PE	1	101076343	autori_scopus_preferred-name_erc.tsv	2026-09-29 13:19:52.935000	56638659600	0	PE9	519	7864	312447	10	0.1271617497456765
6abbbaf82297e265fbed6bea	57192251704	Filippini F.	Francesco	Filippini	F. Filippini	1	PE9	1	PE	1	101076343	autori_scopus_preferred-name_erc.tsv	2026-09-29 13:19:52.935000	54402939800	0	PE9	519	1633	312447	20	1.224739742804654
6abbbaf82297e265fbed6bea	57192251704	Filippini F.	Francesco	Filippini	F. Filippini	1	PE9	1	PE	1	101076343	autori_scopus_preferred-name_erc.tsv	2026-09-29 13:19:52.935000	57192251704	1	PE9	519	1186	312447	1186	100.0
6abbbaf82297e265fbed689f	57188624879	Capone F.	Federico	Capone	Federico Capone	1	LS4	1	LS	1	101078307	autori_scopus_preferred-name_erc.tsv	2026-09-29 13:19:52.567000	57188624879	1	LS4	61	640	100212	57	8.90625
6abbbaf82297e265fbed689f	57188624879	Capone F.	Federico	Capone	Federico Capone	1	LS4	1	LS	1	101078307	autori_scopus_preferred-name_erc.tsv	2026-09-29 13:19:52.567000	35434659900	0	LS4	61	3947	100212	10	0.25335697998479856
6abbbaf82297e265fbed6a48	35434659900	Capone A.	Antonio	Capone	A. Capone	1	PE9	1	PE	1	101076343	autori_scopus_preferred-name_erc.tsv	2026-09-29 13:19:52.761000	57188624879	0	PE9	519	640	312447	0	0.0
6abbbaf82297e265fbed6a48	35434659900	Capone A.	Antonio	Capone	A. Capone	1	PE9	1	PE	1	101076343	autori_scopus_preferred-name_erc.tsv	2026-09-29 13:19:52.761000	35434659900	1	PE9	519	3947	312447	3732	94.55282493032684
6abbbaf82297e265fbed68ac	57193874792	Calabro A.	Antonello	Calabro	Antonello Calabró	1	PE9	1	PE	1	101053208	autori_scopus_preferred-name_erc.tsv	2026-09-29 13:19:52.571000	57193874792	1	PE9	519	3817	312447	3645	95.49384333246005
6abbbaf82297e265fbed68ac	57193874792	Calabro A.	Antonello	Calabro	Antonello Calabró	1	PE9	1	PE	1	101053208	autori_scopus_preferred-name_erc.tsv	2026-09-29 13:19:52.571000	57202022068	0	PE9	519	307	312447	0	0.0
6abbbaf82297e265fbed6c60	57202022068	Calabro L.	Laura	Calabro	Laura Calabrò	1	PE10	1	PE	1	101044772	autori_scopus_preferred-name_erc.tsv	2026-09-29 13:19:52.964000	57193874792	0	PE10	63	3817	101423	23	0.6025674613570867
6abbbaf82297e265fbed6c60	57202022068	Calabro L.	Laura	Calabro	Laura Calabrò	1	PE10	1	PE	1	101044772	autori_scopus_preferred-name_erc.tsv	2026-09-29 13:19:52.964000	57202022068	1	PE10	63	307	101423	92	29.967426710097723
6abbbaf82297e265fbed68b2	57195808631	Russo S.	Simone	Russo	Simone Russo	1	SYG-LS	1	LS	1	101071900	autori_scopus_preferred-name_erc.tsv	2026-09-29 13:19:52.572000	57195808631	1	SYG-LS	47	531	58161	525	98.87005649717514
6abbbaf82297e265fbed68b2	57195808631	Russo S.	Simone	Russo	Simone Russo	1	SYG-LS	1	LS	1	101071900	autori_scopus_preferred-name_erc.tsv	2026-09-29 13:19:52.572000	57194018820	0	SYG-LS	47	833	58161	19	2.2809123649459786
6abbbaf82297e265fbed6c0e	57194018820	Russo L.	Luca	Russo	Luca Russo	1	LS7	1	LS	1	101077710	autori_scopus_preferred-name_erc.tsv	2026-09-29 13:19:52.945000	57195808631	0	LS7	98	531	170563	70	13.182674199623351
6abbbaf82297e265fbed6c0e	57194018820	Russo L.	Luca	Russo	Luca Russo	1	LS7	1	LS	1	101077710	autori_scopus_preferred-name_erc.tsv	2026-09-29 13:19:52.945000	57194018820	1	LS7	98	833	170563	761	91.35654261704683
6abbbaf82297e265fbed68bd	57201496275	Bonetti L.	Lorenzo	Bonetti	Lorenzo Bonetti	1	PE8	1	PE	1	101039467	autori_scopus_preferred-name_erc.tsv	2026-09-29 13:19:52.576000	57201496275	1	PE8	200	1241	220313	218	17.56647864625302
6abbbaf82297e265fbed68bd	57201496275	Bonetti L.	Lorenzo	Bonetti	Lorenzo Bonetti	1	PE8	1	PE	1	101039467	autori_scopus_preferred-name_erc.tsv	2026-09-29 13:19:52.576000	57216803267	0	PE8	200	390	220313	41	10.512820512820513
6abbbaf82297e265fbed68e9	57216803267	Bonetti G.	Giorgia	Bonetti	Giorgia Bonetti	1	PE4	1	PE	1	101040798	autori_scopus_preferred-name_erc.tsv	2026-09-29 13:19:52.590000	57201496275	0	PE4	118	1241	134470	34	2.73972602739726
6abbbaf82297e265fbed68e9	57216803267	Bonetti G.	Giorgia	Bonetti	Giorgia Bonetti	1	PE4	1	PE	1	101040798	autori_scopus_preferred-name_erc.tsv	2026-09-29 13:19:52.590000	57216803267	1	PE4	118	390	134470	390	100.0
6abbbaf82297e265fbed68cb	57204970253	Pignatti C.	Clemente	Pignatti	Clemente Pignatti	1	SH3	1	SH	1	101039655	autori_scopus_preferred-name_erc.tsv	2026-09-29 13:19:52.579000	57204970253	1	SH3	10	0	7083	0	0
6abbbaf82297e265fbed68cb	57204970253	Pignatti C.	Clemente	Pignatti	Clemente Pignatti	1	SH3	1	SH	1	101039655	autori_scopus_preferred-name_erc.tsv	2026-09-29 13:19:52.579000	6603840161	0	SH3	10	2508	7083	3	0.11961722488038277
6abbbaf92297e265fbed6f04	6603840161	Pignatti S.	Stefano	Pignatti	Stefano Pignatti	1	LS9	1	LS	1	101086622	autori_scopus_preferred-name_erc.tsv	2026-09-29 13:19:53.171000	57204970253	0	LS9	22	0	41943	0	0
6abbbaf92297e265fbed6f04	6603840161	Pignatti S.	Stefano	Pignatti	Stefano Pignatti	1	LS9	1	LS	1	101086622	autori_scopus_preferred-name_erc.tsv	2026-09-29 13:19:53.171000	6603840161	1	LS9	22	2508	41943	133	5.303030303030303
6abbbaf82297e265fbed68ea	57216891177	Scuderi S.	Sarah Adriana	Scuderi	Sarah Adriana Scuderi	1	LS4	1	LS	1	101052444	autori_scopus_preferred-name_erc.tsv	2026-09-29 13:19:52.590000	57216891177	1	LS4	61	2109	100212	219	10.38406827880512
6abbbaf82297e265fbed68ea	57216891177	Scuderi S.	Sarah Adriana	Scuderi	Sarah Adriana Scuderi	1	LS4	1	LS	1	101052444	autori_scopus_preferred-name_erc.tsv	2026-09-29 13:19:52.590000	36338222000	0	LS4	61	89	100212	2	2.247191011235955
6abbbaf82297e265fbed6a6e	36338222000	Scuderi C.	Cristina	Scuderi	Cristina Scuderi	1	LS8	1	LS	1	101045015	autori_scopus_preferred-name_erc.tsv	2026-09-29 13:19:52.777000	57216891177	0	LS8	85	2109	101687	79	3.745851114272167
6abbbaf82297e265fbed6a6e	36338222000	Scuderi C.	Cristina	Scuderi	Cristina Scuderi	1	LS8	1	LS	1	101045015	autori_scopus_preferred-name_erc.tsv	2026-09-29 13:19:52.777000	36338222000	1	LS8	85	89	101687	23	25.842696629213485
6abbbaf82297e265fbed68f8	57221150686	Mandelli V.	Veronica	Mandelli	Veronica Mandelli	1	SH4	1	SH	1	101087263	autori_scopus_preferred-name_erc.tsv	2026-09-29 13:19:52.599000	57221150686	1	SH4	82	231	88018	231	100.0
6abbbaf82297e265fbed68f8	57221150686	Mandelli V.	Veronica	Mandelli	Veronica Mandelli	1	SH4	1	SH	1	101087263	autori_scopus_preferred-name_erc.tsv	2026-09-29 13:19:52.599000	58358365900	0	SH4	82	236	88018	2	0.847457627118644
6abbbaf92297e265fbed6e01	58358365900	Mandelli G.	Giacomo	Mandelli	Giacomo Mandelli	1	PE4	1	PE	1	101081361	autori_scopus_preferred-name_erc.tsv	2026-09-29 13:19:53.086000	57221150686	0	PE4	118	231	134470	8	3.463203463203463
6abbbaf92297e265fbed6e01	58358365900	Mandelli G.	Giacomo	Mandelli	Giacomo Mandelli	1	PE4	1	PE	1	101081361	autori_scopus_preferred-name_erc.tsv	2026-09-29 13:19:53.086000	58358365900	1	PE4	118	236	134470	236	100.0
6abbbaf82297e265fbed6918	58095137400	Cocchi S.	Sebastiano	Cocchi	Sebastiano Cocchi	1	PE7	1	PE	1	101077917	autori_scopus_preferred-name_erc.tsv	2026-09-29 13:19:52.619000	58095137400	1	PE7	123	58	100925	45	77.58620689655173
6abbbaf82297e265fbed6918	58095137400	Cocchi S.	Sebastiano	Cocchi	Sebastiano Cocchi	1	PE7	1	PE	1	101077917	autori_scopus_preferred-name_erc.tsv	2026-09-29 13:19:52.619000	56576467500	0	PE7	123	914	100925	3	0.3282275711159737
6abbbaf82297e265fbed6b81	56576467500	Cocchi M.	Massimo	Cocchi	Massimo Cocchi	1	PE9	1	PE	1	101076343	autori_scopus_preferred-name_erc.tsv	2026-09-29 13:19:52.900000	58095137400	0	PE9	519	58	312447	8	13.793103448275861
6abbbaf82297e265fbed6b81	56576467500	Cocchi M.	Massimo	Cocchi	Massimo Cocchi	1	PE9	1	PE	1	101076343	autori_scopus_preferred-name_erc.tsv	2026-09-29 13:19:52.900000	56576467500	1	PE9	519	914	312447	658	71.99124726477024
6abbbaf82297e265fbed691e	58500461500	Marchini F.	F.	Marchini	Francesco Marchini	1	PE8	1	PE	1	101041255	autori_scopus_preferred-name_erc.tsv	2026-09-29 13:19:52.622000	58500461500	1	PE8	200	131	220313	131	100.0
6abbbaf82297e265fbed691e	58500461500	Marchini F.	F.	Marchini	Francesco Marchini	1	PE8	1	PE	1	101041255	autori_scopus_preferred-name_erc.tsv	2026-09-29 13:19:52.622000	55075943300	0	PE8	200	1274	220313	10	0.7849293563579277
6abbbaf82297e265fbed6abf	55075943300	Marchini A.	Alessandro	Marchini	Alessandro Marchini	1	PE9	1	PE	1	101076343	autori_scopus_preferred-name_erc.tsv	2026-09-29 13:19:52.815000	58500461500	0	PE9	519	131	312447	0	0.0
6abbbaf82297e265fbed6abf	55075943300	Marchini A.	Alessandro	Marchini	Alessandro Marchini	1	PE9	1	PE	1	101076343	autori_scopus_preferred-name_erc.tsv	2026-09-29 13:19:52.815000	55075943300	1	PE9	519	1274	312447	1201	94.27001569858713
6abbbaf82297e265fbed692a	59274086600	Valente S.	Stefano	Valente	Stefano Valente	1	PE5	1	PE	1	101039578	autori_scopus_preferred-name_erc.tsv	2026-09-29 13:19:52.626000	59274086600	1	PE5	116	109	110214	85	77.98165137614679
6abbbaf82297e265fbed692a	59274086600	Valente S.	Stefano	Valente	Stefano Valente	1	PE5	1	PE	1	101039578	autori_scopus_preferred-name_erc.tsv	2026-09-29 13:19:52.626000	57190488065	0	PE5	116	1528	110214	18	1.1780104712041886
6abbbaf82297e265fbed6bda	57190488065	Valente D.	Daria	Valente	Daria Valente	1	SH4	1	SH	1	101041885	autori_scopus_preferred-name_erc.tsv	2026-09-29 13:19:52.931000	59274086600	0	SH4	82	109	88018	0	0.0
6abbbaf82297e265fbed6bda	57190488065	Valente D.	Daria	Valente	Daria Valente	1	SH4	1	SH	1	101041885	autori_scopus_preferred-name_erc.tsv	2026-09-29 13:19:52.931000	57190488065	1	SH4	82	1528	88018	1285	84.09685863874346
6abbbaf82297e265fbed692b	59302925800	Paduano A.	Angelo	Paduano	Angelo Paduano	1	PE8	1	PE	1	101075903	autori_scopus_preferred-name_erc.tsv	2026-09-29 13:19:52.627000	59302925800	1	PE8	200	0	220313	0	0
6abbbaf82297e265fbed692b	59302925800	Paduano A.	Angelo	Paduano	Angelo Paduano	1	PE8	1	PE	1	101075903	autori_scopus_preferred-name_erc.tsv	2026-09-29 13:19:52.627000	7003751883	0	PE8	200	6410	220313	397	6.1934477379095165
6abbbaf92297e265fbed6f46	7003751883	Paduano L.	Luigi	Paduano	Luigi Paduano	1	PE5	1	PE	1	101039841	autori_scopus_preferred-name_erc.tsv	2026-09-29 13:19:53.203000	59302925800	0	PE5	116	0	110214	0	0
6abbbaf92297e265fbed6f46	7003751883	Paduano L.	Luigi	Paduano	Luigi Paduano	1	PE5	1	PE	1	101039841	autori_scopus_preferred-name_erc.tsv	2026-09-29 13:19:53.203000	7003751883	1	PE5	116	6410	110214	4093	63.853354134165365
6abbbaf82297e265fbed6947	7003853565	Treu T.	Tommaso L.	Treu	Tommaso Treu	1	PE9	1	PE	1	101053208	autori_scopus_preferred-name_erc.tsv	2026-09-29 13:19:52.637000	7003853565	1	PE9	519	5954	312447	5246	88.108834397044
6abbbaf82297e265fbed6947	7003853565	Treu T.	Tommaso L.	Treu	Tommaso Treu	1	PE9	1	PE	1	101053208	autori_scopus_preferred-name_erc.tsv	2026-09-29 13:19:52.637000	25923619600	0	PE9	519	4567	312447	37	0.8101598423472739
6abbbaf82297e265fbed6a0b	25923619600	Treu L.	Laura	Treu	Laura Treu	1	PE8	1	PE	1	101098064	autori_scopus_preferred-name_erc.tsv	2026-09-29 13:19:52.736000	7003853565	0	PE8	200	5954	220313	37	0.6214309707759489
6abbbaf82297e265fbed6a0b	25923619600	Treu L.	Laura	Treu	Laura Treu	1	PE8	1	PE	1	101098064	autori_scopus_preferred-name_erc.tsv	2026-09-29 13:19:52.736000	25923619600	1	PE8	200	4567	220313	4360	95.46748412524633
6abbbaf82297e265fbed694b	7004450805	Sala E.	Evis	Sala	Evis Sala	1	LS7	1	LS	1	101077710	autori_scopus_preferred-name_erc.tsv	2026-09-29 13:19:52.638000	7004450805	1	LS7	98	2998	170563	961	32.054703135423615
6abbbaf82297e265fbed694b	7004450805	Sala E.	Evis	Sala	Evis Sala	1	LS7	1	LS	1	101077710	autori_scopus_preferred-name_erc.tsv	2026-09-29 13:19:52.638000	55907556200	0	LS7	98	1716	170563	2	0.11655011655011654
6abbbaf82297e265fbed6b21	55907556200	Sala B.	Benedetto	Sala	Benedetto Sala	1	SH6	1	SH	1	101052653	autori_scopus_preferred-name_erc.tsv	2026-09-29 13:19:52.857000	7004450805	0	SH6	49	2998	49798	12	0.40026684456304207
6abbbaf82297e265fbed6b21	55907556200	Sala B.	Benedetto	Sala	Benedetto Sala	1	SH6	1	SH	1	101052653	autori_scopus_preferred-name_erc.tsv	2026-09-29 13:19:52.857000	55907556200	1	SH6	49	1716	49798	1188	69.23076923076923
6abbbaf82297e265fbed6953	7005924048	De Angelis A.	Alessandro D.	De Angelis	A. De Angelis	1	PE9	1	PE	1	101076343	autori_scopus_preferred-name_erc.tsv	2026-09-29 13:19:52.641000	7005924048	1	PE9	519	13619	312447	12982	95.32271091856964
6abbbaf82297e265fbed6953	7005924048	De Angelis A.	Alessandro D.	De Angelis	A. De Angelis	1	PE9	1	PE	1	101076343	autori_scopus_preferred-name_erc.tsv	2026-09-29 13:19:52.641000	35572110200	0	PE9	519	3893	312447	66	1.6953506293347034
6abbbaf82297e265fbed6953	7005924048	De Angelis A.	Alessandro D.	De Angelis	A. De Angelis	1	PE9	1	PE	1	101076343	autori_scopus_preferred-name_erc.tsv	2026-09-29 13:19:52.641000	57201851771	0	PE9	519	877	312447	23	2.6225769669327255
6abbbaf82297e265fbed6a51	35572110200	De Angelis C.	Costantino	De Angelis	Costantino De Angelis	1	PE7	1	PE	1	101044797	autori_scopus_preferred-name_erc.tsv	2026-09-29 13:19:52.765000	7005924048	0	PE7	123	13619	100925	61	0.4479036639988252
6abbbaf82297e265fbed6a51	35572110200	De Angelis C.	Costantino	De Angelis	Costantino De Angelis	1	PE7	1	PE	1	101044797	autori_scopus_preferred-name_erc.tsv	2026-09-29 13:19:52.765000	35572110200	1	PE7	123	3893	100925	2675	68.71307474955047
6abbbaf82297e265fbed6a51	35572110200	De Angelis C.	Costantino	De Angelis	Costantino De Angelis	1	PE7	1	PE	1	101044797	autori_scopus_preferred-name_erc.tsv	2026-09-29 13:19:52.765000	57201851771	0	PE7	123	877	100925	128	14.59521094640821
6abbbaf82297e265fbed6c5e	57201851771	De Angelis D.	Dario	De Angelis	Dario De Angelis	1	PE4	1	PE	1	101095012	autori_scopus_preferred-name_erc.tsv	2026-09-29 13:19:52.963000	7005924048	0	PE4	118	13619	134470	43	0.3157353697040899
6abbbaf82297e265fbed6c5e	57201851771	De Angelis D.	Dario	De Angelis	Dario De Angelis	1	PE4	1	PE	1	101095012	autori_scopus_preferred-name_erc.tsv	2026-09-29 13:19:52.963000	35572110200	0	PE4	118	3893	134470	1438	36.93809401489854
6abbbaf82297e265fbed6c5e	57201851771	De Angelis D.	Dario	De Angelis	Dario De Angelis	1	PE4	1	PE	1	101095012	autori_scopus_preferred-name_erc.tsv	2026-09-29 13:19:52.963000	57201851771	1	PE4	118	877	134470	678	77.30900798175598
6abbbaf82297e265fbed6962	7401962189	Schneider C.	Claus Michael	Schneider	Claus Michael Schneider	1	SYG-PE	1	PE	1	101071259	autori_scopus_preferred-name_erc.tsv	2026-09-29 13:19:52.648000	7401962189	1	SYG-PE	78	1321	101547	992	75.09462528387584
6abbbaf82297e265fbed6962	7401962189	Schneider C.	Claus Michael	Schneider	Claus Michael Schneider	1	SYG-PE	1	PE	1	101071259	autori_scopus_preferred-name_erc.tsv	2026-09-29 13:19:52.648000	56188182400	0	SYG-PE	78	7992	101547	3854	48.22322322322322
6abbbaf82297e265fbed6b4a	56188182400	Schneider R.	Raffaella	Schneider	R Schneider	1	PE9	1	PE	1	101088676	autori_scopus_preferred-name_erc.tsv	2026-09-29 13:19:52.877000	7401962189	0	PE9	519	1321	312447	25	1.8925056775170326
6abbbaf82297e265fbed6b4a	56188182400	Schneider R.	Raffaella	Schneider	R Schneider	1	PE9	1	PE	1	101088676	autori_scopus_preferred-name_erc.tsv	2026-09-29 13:19:52.877000	56188182400	1	PE9	519	7992	312447	7577	94.80730730730731
6abbbaf82297e265fbed6964	8212471500	Cassano R.	R.	Cassano	R. Cassano	1	PE9	1	PE	1	101086378	autori_scopus_preferred-name_erc.tsv	2026-09-29 13:19:52.649000	8212471500	1	PE9	519	3211	312447	3035	94.51884148240424
6abbbaf82297e265fbed6964	8212471500	Cassano R.	R.	Cassano	R. Cassano	1	PE9	1	PE	1	101086378	autori_scopus_preferred-name_erc.tsv	2026-09-29 13:19:52.649000	59349928300	0	PE9	519	0	312447	0	0
6abbbaf92297e265fbed6e7f	59349928300	Cassano B.	Blanca	Cassano	Blanca Cassano	1	PE8	1	PE	1	101040383	autori_scopus_preferred-name_erc.tsv	2026-09-29 13:19:53.118000	8212471500	0	PE8	200	3211	220313	19	0.591715976331361
6abbbaf92297e265fbed6e7f	59349928300	Cassano B.	Blanca	Cassano	Blanca Cassano	1	PE8	1	PE	1	101040383	autori_scopus_preferred-name_erc.tsv	2026-09-29 13:19:53.118000	59349928300	1	PE8	200	0	220313	0	0
6abbbaf82297e265fbed6965	8387869900	Vitiello M.	Miriam Serena	Vitiello	Miriam S Vitiello	1	PE7	1	PE	1	101081567	autori_scopus_preferred-name_erc.tsv	2026-09-29 13:19:52.650000	8387869900	1	PE7	123	3917	100925	2676	68.31758999234108
6abbbaf82297e265fbed6965	8387869900	Vitiello M.	Miriam Serena	Vitiello	Miriam S Vitiello	1	PE7	1	PE	1	101081567	autori_scopus_preferred-name_erc.tsv	2026-09-29 13:19:52.650000	7005142905	0	PE7	123	2518	100925	35	1.3899920571882445
6abbbaf92297e265fbed6f85	7005142905	Vitiello M.	Mariateresa	Vitiello	Mariateresa Vitiello	1	PE5	1	PE	1	101039841	autori_scopus_preferred-name_erc.tsv	2026-09-29 13:19:53.234000	8387869900	0	PE5	116	3917	110214	79	2.016849629818739
6abbbaf92297e265fbed6f85	7005142905	Vitiello M.	Mariateresa	Vitiello	Mariateresa Vitiello	1	PE5	1	PE	1	101039841	autori_scopus_preferred-name_erc.tsv	2026-09-29 13:19:53.234000	7005142905	1	PE5	116	2518	110214	583	23.153296266878478
6abbbaf82297e265fbed69b3	16300846100	Conti I.	Irene	Conti	Irene Conti	1	PE4	1	PE	1	101043272	autori_scopus_preferred-name_erc.tsv	2026-09-29 13:19:52.699000	16300846100	1	PE4	118	2343	134470	2338	99.78659837814767
6abbbaf82297e265fbed69b3	16300846100	Conti I.	Irene	Conti	Irene Conti	1	PE4	1	PE	1	101043272	autori_scopus_preferred-name_erc.tsv	2026-09-29 13:19:52.699000	8583299000	0	PE4	118	313	134470	1	0.3194888178913738
6abbbaf92297e265fbed6ff3	8583299000	Conti P.	Pierangelo	Conti	Pierangelo Conti	1	LS7	1	LS	1	101088370	autori_scopus_preferred-name_erc.tsv	2026-09-29 13:19:53.277000	16300846100	0	LS7	98	2343	170563	19	0.810926163038839
6abbbaf92297e265fbed6ff3	8583299000	Conti P.	Pierangelo	Conti	Pierangelo Conti	1	LS7	1	LS	1	101088370	autori_scopus_preferred-name_erc.tsv	2026-09-29 13:19:53.277000	8583299000	1	LS7	98	313	170563	0	0.0
6abbbaf82297e265fbed69b9	16642191800	Botta P.	Paolo	Botta	Paolo Botta	1	LS5	1	LS	1	101055340	autori_scopus_preferred-name_erc.tsv	2026-09-29 13:19:52.701000	16642191800	1	LS5	31	100	33873	100	100.0
6abbbaf82297e265fbed69b9	16642191800	Botta P.	Paolo	Botta	Paolo Botta	1	LS5	1	LS	1	101055340	autori_scopus_preferred-name_erc.tsv	2026-09-29 13:19:52.701000	24723441600	0	LS5	31	3615	33873	34	0.9405255878284924
6abbbaf82297e265fbed69f4	24723441600	Botta L.	Lorenzo	Botta	Lorenzo Botta	1	LS9	1	LS	1	101054658	autori_scopus_preferred-name_erc.tsv	2026-09-29 13:19:52.726000	16642191800	0	LS9	22	100	41943	0	0.0
6abbbaf82297e265fbed69f4	24723441600	Botta L.	Lorenzo	Botta	Lorenzo Botta	1	LS9	1	LS	1	101054658	autori_scopus_preferred-name_erc.tsv	2026-09-29 13:19:52.726000	24723441600	1	LS9	22	3615	41943	1872	51.784232365145236
6abbbaf82297e265fbed69c0	19638894400	Marino G.	Gianluca	Marino	Gianluca Marino	1	SH6	1	SH	1	101052653	autori_scopus_preferred-name_erc.tsv	2026-09-29 13:19:52.704000	19638894400	1	SH6	49	598	49798	142	23.745819397993312
6abbbaf82297e265fbed69c0	19638894400	Marino G.	Gianluca	Marino	Gianluca Marino	1	SH6	1	SH	1	101052653	autori_scopus_preferred-name_erc.tsv	2026-09-29 13:19:52.704000	55980341800	0	SH6	49	3910	49798	8	0.20460358056265981
6abbbaf82297e265fbed69c0	19638894400	Marino G.	Gianluca	Marino	Gianluca Marino	1	SH6	1	SH	1	101052653	autori_scopus_preferred-name_erc.tsv	2026-09-29 13:19:52.704000	7202998420	0	SH6	49	814	49798	7	0.85995085995086
6abbbaf82297e265fbed6b2c	55980341800	Marino A.	Attilio	Marino	Attilio Marino	1	PE8	1	PE	1	101146025	autori_scopus_preferred-name_erc.tsv	2026-09-29 13:19:52.863000	19638894400	0	PE8	200	598	220313	1	0.16722408026755853
6abbbaf82297e265fbed6b2c	55980341800	Marino A.	Attilio	Marino	Attilio Marino	1	PE8	1	PE	1	101146025	autori_scopus_preferred-name_erc.tsv	2026-09-29 13:19:52.863000	55980341800	1	PE8	200	3910	220313	3792	96.98209718670077
6abbbaf82297e265fbed6b2c	55980341800	Marino A.	Attilio	Marino	Attilio Marino	1	PE8	1	PE	1	101146025	autori_scopus_preferred-name_erc.tsv	2026-09-29 13:19:52.863000	7202998420	0	PE8	200	814	220313	5	0.6142506142506142
6abbbaf92297e265fbed6fcf	7202998420	Marino G.	Giuseppe	Marino	G. Marino	1	PE9	1	PE	1	101052347	autori_scopus_preferred-name_erc.tsv	2026-09-29 13:19:53.266000	19638894400	0	PE9	519	598	312447	33	5.518394648829431
6abbbaf92297e265fbed6fcf	7202998420	Marino G.	Giuseppe	Marino	G. Marino	1	PE9	1	PE	1	101052347	autori_scopus_preferred-name_erc.tsv	2026-09-29 13:19:53.266000	55980341800	0	PE9	519	3910	312447	9	0.23017902813299232
6abbbaf92297e265fbed6fcf	7202998420	Marino G.	Giuseppe	Marino	G. Marino	1	PE9	1	PE	1	101052347	autori_scopus_preferred-name_erc.tsv	2026-09-29 13:19:53.266000	7202998420	1	PE9	519	814	312447	803	98.64864864864865
6abbbaf82297e265fbed69c7	22951956900	Rusconi R.	Roberto	Rusconi	Roberto Rusconi	1	LS8	1	LS	1	101045015	autori_scopus_preferred-name_erc.tsv	2026-09-29 13:19:52.707000	22951956900	1	LS8	85	1445	101687	149	10.311418685121106
6abbbaf82297e265fbed69c7	22951956900	Rusconi R.	Roberto	Rusconi	Roberto Rusconi	1	LS8	1	LS	1	101045015	autori_scopus_preferred-name_erc.tsv	2026-09-29 13:19:52.707000	57966564200	0	LS8	85	44	101687	0	0.0
6abbbaf92297e265fbed6dde	57966564200	Rusconi M.	Martina	Rusconi	Martina Rusconi	1	PE8	1	PE	1	101089265	autori_scopus_preferred-name_erc.tsv	2026-09-29 13:19:53.075000	22951956900	0	PE8	200	1445	220313	132	9.134948096885813
6abbbaf92297e265fbed6dde	57966564200	Rusconi M.	Martina	Rusconi	Martina Rusconi	1	PE8	1	PE	1	101089265	autori_scopus_preferred-name_erc.tsv	2026-09-29 13:19:53.075000	57966564200	1	PE8	200	44	220313	12	27.27272727272727
6abbbaf82297e265fbed69dc	23767226900	Luongo L.	Livio	Luongo	Livio Luongo	1	LS4	1	LS	1	101045285	autori_scopus_preferred-name_erc.tsv	2026-09-29 13:19:52.715000	23767226900	1	LS4	61	6044	100212	308	5.095962938451357
6abbbaf82297e265fbed69dc	23767226900	Luongo L.	Livio	Luongo	Livio Luongo	1	LS4	1	LS	1	101045285	autori_scopus_preferred-name_erc.tsv	2026-09-29 13:19:52.715000	57296133700	0	LS4	61	109	100212	0	0.0
6abbbaf92297e265fbed6d94	57296133700	Luongo E.	Eliseo	Luongo	Eliseo Luongo	1	PE1	1	PE	1	101053472	autori_scopus_preferred-name_erc.tsv	2026-09-29 13:19:53.050000	23767226900	0	PE1	23	6044	8273	1	0.01654533421575116
6abbbaf92297e265fbed6d94	57296133700	Luongo E.	Eliseo	Luongo	Eliseo Luongo	1	PE1	1	PE	1	101053472	autori_scopus_preferred-name_erc.tsv	2026-09-29 13:19:53.050000	57296133700	1	PE1	23	109	8273	62	56.88073394495413
6abbbaf82297e265fbed6a03	25635583100	Botti L.	Lorenzo Alessio	Botti	Lorenzo Botti	1	LS7	1	LS	1	101088370	autori_scopus_preferred-name_erc.tsv	2026-09-29 13:19:52.733000	25635583100	1	LS7	98	1065	170563	8	0.7511737089201878
6abbbaf82297e265fbed6a03	25635583100	Botti L.	Lorenzo Alessio	Botti	Lorenzo Botti	1	LS7	1	LS	1	101088370	autori_scopus_preferred-name_erc.tsv	2026-09-29 13:19:52.733000	57190044602	0	LS7	98	383	170563	0	0.0
6abbbaf82297e265fbed6a03	25635583100	Botti L.	Lorenzo Alessio	Botti	Lorenzo Botti	1	LS7	1	LS	1	101088370	autori_scopus_preferred-name_erc.tsv	2026-09-29 13:19:52.733000	57209618946	0	LS7	98	247	170563	2	0.8097165991902834
6abbbaf82297e265fbed6bd1	57190044602	Botti M.	Michele	Botti	Michele Botti	1	SYG-PE	1	PE	1	101115663	autori_scopus_preferred-name_erc.tsv	2026-09-29 13:19:52.928000	25635583100	0	SYG-PE	78	1065	101547	368	34.55399061032864
6abbbaf82297e265fbed6bd1	57190044602	Botti M.	Michele	Botti	Michele Botti	1	SYG-PE	1	PE	1	101115663	autori_scopus_preferred-name_erc.tsv	2026-09-29 13:19:52.928000	57190044602	1	SYG-PE	78	383	101547	373	97.38903394255874
6abbbaf82297e265fbed6bd1	57190044602	Botti M.	Michele	Botti	Michele Botti	1	SYG-PE	1	PE	1	101115663	autori_scopus_preferred-name_erc.tsv	2026-09-29 13:19:52.928000	57209618946	0	SYG-PE	78	247	101547	26	10.526315789473683
6abbbaf82297e265fbed6cc4	57209618946	Botti G.	Giacomo	Botti	Giacomo Botti	1	PE4	1	PE	1	101081361	autori_scopus_preferred-name_erc.tsv	2026-09-29 13:19:52.982000	25635583100	0	PE4	118	1065	134470	5	0.4694835680751174
6abbbaf82297e265fbed6cc4	57209618946	Botti G.	Giacomo	Botti	Giacomo Botti	1	PE4	1	PE	1	101081361	autori_scopus_preferred-name_erc.tsv	2026-09-29 13:19:52.982000	57190044602	0	PE4	118	383	134470	2	0.5221932114882507
6abbbaf82297e265fbed6cc4	57209618946	Botti G.	Giacomo	Botti	Giacomo Botti	1	PE4	1	PE	1	101081361	autori_scopus_preferred-name_erc.tsv	2026-09-29 13:19:52.982000	57209618946	1	PE4	118	247	134470	247	100.0
6abbbaf82297e265fbed6a08	25821783000	Castelli I.	Ivano Eligio	Castelli	Ivano E. Castelli	1	PE8	1	PE	1	101041255	autori_scopus_preferred-name_erc.tsv	2026-09-29 13:19:52.735000	25821783000	1	PE8	200	753	220313	175	23.240371845949532
6abbbaf82297e265fbed6a08	25821783000	Castelli I.	Ivano Eligio	Castelli	Ivano E. Castelli	1	PE8	1	PE	1	101041255	autori_scopus_preferred-name_erc.tsv	2026-09-29 13:19:52.735000	58890441500	0	PE8	200	639	220313	62	9.702660406885759
6abbbaf92297e265fbed6e3e	58890441500	Castelli M.	Matteo	Castelli	Matteo Castelli	1	PE4	1	PE	2	101112805 - 101088032	autori_scopus_preferred-name_erc.tsv	2026-09-29 13:19:53.103000	25821783000	0	PE4	118	753	134470	120	15.936254980079681
6abbbaf92297e265fbed6e3e	58890441500	Castelli M.	Matteo	Castelli	Matteo Castelli	1	PE4	1	PE	2	101112805 - 101088032	autori_scopus_preferred-name_erc.tsv	2026-09-29 13:19:53.103000	58890441500	1	PE4	118	639	134470	639	100.0
6abbbaf82297e265fbed6a29	35188911400	Greco S.	Simona	Greco	Simona Greco	1	LS7	1	LS	1	101054460	autori_scopus_preferred-name_erc.tsv	2026-09-29 13:19:52.748000	35188911400	1	LS7	98	3113	170563	2623	84.25955669771923
6abbbaf82297e265fbed6a29	35188911400	Greco S.	Simona	Greco	Simona Greco	1	LS7	1	LS	1	101054460	autori_scopus_preferred-name_erc.tsv	2026-09-29 13:19:52.748000	57207823228	0	LS7	98	1619	170563	26	1.605929586164299
6abbbaf82297e265fbed6cab	57207823228	Greco G.	Gabriele	Greco	Gabriele Greco	1	PE8	1	PE	1	101086644	autori_scopus_preferred-name_erc.tsv	2026-09-29 13:19:52.978000	35188911400	0	PE8	200	3113	220313	234	7.516864760681015
6abbbaf82297e265fbed6cab	57207823228	Greco G.	Gabriele	Greco	Gabriele Greco	1	PE8	1	PE	1	101086644	autori_scopus_preferred-name_erc.tsv	2026-09-29 13:19:52.978000	57207823228	1	PE8	200	1619	220313	437	26.991970352069178
6abbbaf82297e265fbed6a2f	35226936400	Albert J.	Justin E.	Albert	J. Albert	1	PE2	1	PE	1	101089007	autori_scopus_preferred-name_erc.tsv	2026-09-29 13:19:52.750000	35226936400	1	PE2	198	20290	149649	20194	99.52686052242484
6abbbaf82297e265fbed6a2f	35226936400	Albert J.	Justin E.	Albert	J. Albert	1	PE2	1	PE	1	101089007	autori_scopus_preferred-name_erc.tsv	2026-09-29 13:19:52.750000	56382023100	0	PE2	198	5160	149649	1873	36.2984496124031
6abbbaf82297e265fbed6b64	56382023100	Albert A.	Andrea M.	Albert	A. Albert	1	PE9	1	PE	1	101076343	autori_scopus_preferred-name_erc.tsv	2026-09-29 13:19:52.889000	35226936400	0	PE9	519	20290	312447	2669	13.1542631838344
6abbbaf82297e265fbed6b64	56382023100	Albert A.	Andrea M.	Albert	A. Albert	1	PE9	1	PE	1	101076343	autori_scopus_preferred-name_erc.tsv	2026-09-29 13:19:52.889000	56382023100	1	PE9	519	5160	312447	5110	99.03100775193798
6abbbaf82297e265fbed6a50	35565483100	Mariani P.	Pierpaolo	Mariani	Pier Paolo Mariani	1	PE7	1	PE	1	101118089	autori_scopus_preferred-name_erc.tsv	2026-09-29 13:19:52.765000	35565483100	1	PE7	123	1298	100925	145	11.171032357473036
6abbbaf82297e265fbed6a50	35565483100	Mariani P.	Pierpaolo	Mariani	Pier Paolo Mariani	1	PE7	1	PE	1	101118089	autori_scopus_preferred-name_erc.tsv	2026-09-29 13:19:52.765000	58067948000	0	PE7	123	47	100925	0	0.0
6abbbaf92297e265fbed6de8	58067948000	Mariani F.	Francesca	Mariani	Francesca Mariani	1	PE2	1	PE	1	101040024	autori_scopus_preferred-name_erc.tsv	2026-09-29 13:19:53.079000	35565483100	0	PE2	198	1298	149649	0	0.0
6abbbaf92297e265fbed6de8	58067948000	Mariani F.	Francesca	Mariani	Francesca Mariani	1	PE2	1	PE	1	101040024	autori_scopus_preferred-name_erc.tsv	2026-09-29 13:19:53.079000	58067948000	1	PE2	198	47	149649	47	100.0
6abbbaf82297e265fbed6a55	35745690800	Crippa A.	Alessandro	Crippa	Alessandro Crippa	1	SH4	1	SH	1	101087263	autori_scopus_preferred-name_erc.tsv	2026-09-29 13:19:52.767000	35745690800	1	SH4	82	1361	88018	1125	82.65980896399707
6abbbaf82297e265fbed6a55	35745690800	Crippa A.	Alessandro	Crippa	Alessandro Crippa	1	SH4	1	SH	1	101087263	autori_scopus_preferred-name_erc.tsv	2026-09-29 13:19:52.767000	57219561802	0	SH4	82	361	88018	7	1.9390581717451523
6abbbaf92297e265fbed6d30	57219561802	Crippa M.	Martina	Crippa	Martina Crippa	1	PE4	1	PE	1	101053661	autori_scopus_preferred-name_erc.tsv	2026-09-29 13:19:53.002000	35745690800	0	PE4	118	1361	134470	4	0.2939015429831006
6abbbaf92297e265fbed6d30	57219561802	Crippa M.	Martina	Crippa	Martina Crippa	1	PE4	1	PE	1	101053661	autori_scopus_preferred-name_erc.tsv	2026-09-29 13:19:53.002000	57219561802	1	PE4	118	361	134470	287	79.50138504155125
6abbbaf82297e265fbed6a5f	36010058800	Passerini L.	Laura	Passerini	Laura Passerini	1	LS7	1	LS	1	101044032	autori_scopus_preferred-name_erc.tsv	2026-09-29 13:19:52.771000	36010058800	1	LS7	98	1430	170563	861	60.209790209790214
6abbbaf82297e265fbed6a5f	36010058800	Passerini L.	Laura	Passerini	Laura Passerini	1	LS7	1	LS	1	101044032	autori_scopus_preferred-name_erc.tsv	2026-09-29 13:19:52.771000	7006983227	0	LS7	98	3299	170563	169	5.122764474083056
6abbbaf92297e265fbed6fac	7006983227	Passerini A.	Andrea	Passerini	Andrea Passerini	1	LS8	1	LS	1	101045015	autori_scopus_preferred-name_erc.tsv	2026-09-29 13:19:53.254000	36010058800	0	LS8	85	1430	101687	171	11.958041958041958
6abbbaf92297e265fbed6fac	7006983227	Passerini A.	Andrea	Passerini	Andrea Passerini	1	LS8	1	LS	1	101045015	autori_scopus_preferred-name_erc.tsv	2026-09-29 13:19:53.254000	7006983227	1	LS8	85	3299	101687	127	3.849651409518036
6abbbaf82297e265fbed6a89	36943101100	Villa A.	Anna	Villa	Anna Villa	1	LS7	1	LS	1	101044032	autori_scopus_preferred-name_erc.tsv	2026-09-29 13:19:52.788000	36943101100	1	LS7	98	6055	170563	913	15.078447563996697
6abbbaf82297e265fbed6a89	36943101100	Villa A.	Anna	Villa	Anna Villa	1	LS7	1	LS	1	101044032	autori_scopus_preferred-name_erc.tsv	2026-09-29 13:19:52.788000	7004574612	0	LS7	98	35	170563	0	0.0
6abbbaf92297e265fbed6f77	7004574612	Villa C.	Corrado	Villa	C. Villa	1	PE7	1	PE	1	101054098	autori_scopus_preferred-name_erc.tsv	2026-09-29 13:19:53.227000	36943101100	0	PE7	123	6055	100925	12	0.19818331957060278
6abbbaf92297e265fbed6f77	7004574612	Villa C.	Corrado	Villa	C. Villa	1	PE7	1	PE	1	101054098	autori_scopus_preferred-name_erc.tsv	2026-09-29 13:19:53.227000	7004574612	1	PE7	123	35	100925	26	74.28571428571429
6abbbaf82297e265fbed6a92	37080145300	Castiglioni E.	Elisabetta	Castiglioni	Elisabetta Castiglioni	1	SH6	1	SH	1	101054883	autori_scopus_preferred-name_erc.tsv	2026-09-29 13:19:52.792000	37080145300	1	SH6	49	989	49798	638	64.50960566228514
6abbbaf82297e265fbed6a92	37080145300	Castiglioni E.	Elisabetta	Castiglioni	Elisabetta Castiglioni	1	SH6	1	SH	1	101054883	autori_scopus_preferred-name_erc.tsv	2026-09-29 13:19:52.792000	59281425400	0	SH6	49	0	49798	0	0
6abbbaf92297e265fbed6e6f	59281425400	Castiglioni I.	Ilaria	Castiglioni	Ilaria Castiglioni	1	LS2	1	LS	1	101088408	autori_scopus_preferred-name_erc.tsv	2026-09-29 13:19:53.115000	37080145300	0	LS2	6	989	6381	0	0.0
6abbbaf92297e265fbed6e6f	59281425400	Castiglioni I.	Ilaria	Castiglioni	Ilaria Castiglioni	1	LS2	1	LS	1	101088408	autori_scopus_preferred-name_erc.tsv	2026-09-29 13:19:53.115000	59281425400	1	LS2	6	0	6381	0	0
6abbbaf82297e265fbed6a94	37116505500	Bertero A.	Alessandro	Bertero	Alessandro Bertero	1	LS1	1	LS	1	101076026	autori_scopus_preferred-name_erc.tsv	2026-09-29 13:19:52.793000	37116505500	1	LS1	23	661	34227	22	3.3282904689863844
6abbbaf82297e265fbed6a94	37116505500	Bertero A.	Alessandro	Bertero	Alessandro Bertero	1	LS1	1	LS	1	101076026	autori_scopus_preferred-name_erc.tsv	2026-09-29 13:19:52.793000	57189520921	0	LS1	23	2054	34227	46	2.239532619279455
6abbbaf82297e265fbed6bcc	57189520921	Bertero E.	Edoardo	Bertero	Edoardo Bertero	1	LS7	1	LS	1	101054460	autori_scopus_preferred-name_erc.tsv	2026-09-29 13:19:52.926000	37116505500	0	LS7	98	661	170563	128	19.36459909228442
6abbbaf82297e265fbed6bcc	57189520921	Bertero E.	Edoardo	Bertero	Edoardo Bertero	1	LS7	1	LS	1	101054460	autori_scopus_preferred-name_erc.tsv	2026-09-29 13:19:52.926000	57189520921	1	LS7	98	2054	170563	819	39.87341772151899
6abbbaf82297e265fbed6a95	38162613300	Scharff S.	Sebastian	Scharff	Sebastian Scharff	1	SH6	1	SH	1	101043954	autori_scopus_preferred-name_erc.tsv	2026-09-29 13:19:52.793000	38162613300	1	SH6	49	133	49798	15	11.278195488721805
6abbbaf82297e265fbed6a95	38162613300	Scharff S.	Sebastian	Scharff	Sebastian Scharff	1	SH6	1	SH	1	101043954	autori_scopus_preferred-name_erc.tsv	2026-09-29 13:19:52.793000	57195200228	0	SH6	49	172	49798	0	0.0
6abbbaf82297e265fbed6c1e	57195200228	Scharff R.	Rob B.N.	Scharff	Rob Bernardus Nicolaas Scharff	1	PE8	1	PE	1	101039198	autori_scopus_preferred-name_erc.tsv	2026-09-29 13:19:52.949000	38162613300	0	PE8	200	133	220313	0	0.0
6abbbaf82297e265fbed6c1e	57195200228	Scharff R.	Rob B.N.	Scharff	Rob Bernardus Nicolaas Scharff	1	PE8	1	PE	1	101039198	autori_scopus_preferred-name_erc.tsv	2026-09-29 13:19:52.949000	57195200228	1	PE8	200	172	220313	56	32.55813953488372
6abbbaf82297e265fbed6a9c	43761202200	Grassi E.	Elisa Stellaria	Grassi	Elisa Stellaria Grassi	1	LS1	1	LS	1	101041298	autori_scopus_preferred-name_erc.tsv	2026-09-29 13:19:52.796000	43761202200	1	LS1	23	996	34227	871	87.44979919678715
6abbbaf82297e265fbed6a9c	43761202200	Grassi E.	Elisa Stellaria	Grassi	Elisa Stellaria Grassi	1	LS1	1	LS	1	101041298	autori_scopus_preferred-name_erc.tsv	2026-09-29 13:19:52.796000	58418445400	0	LS1	23	28	34227	3	10.714285714285714
6abbbaf82297e265fbed6a9c	43761202200	Grassi E.	Elisa Stellaria	Grassi	Elisa Stellaria Grassi	1	LS1	1	LS	1	101041298	autori_scopus_preferred-name_erc.tsv	2026-09-29 13:19:52.796000	7101807658	0	LS1	23	8016	34227	157	1.9585828343313374
6abbbaf92297e265fbed6e05	58418445400	Grassi F.	Federica	Grassi	Federica Grassi	1	PE5	1	PE	1	101040025	autori_scopus_preferred-name_erc.tsv	2026-09-29 13:19:53.087000	43761202200	0	PE5	116	996	110214	16	1.6064257028112447
6abbbaf92297e265fbed6e05	58418445400	Grassi F.	Federica	Grassi	Federica Grassi	1	PE5	1	PE	1	101040025	autori_scopus_preferred-name_erc.tsv	2026-09-29 13:19:53.087000	58418445400	1	PE5	116	28	110214	28	100.0
6abbbaf92297e265fbed6e05	58418445400	Grassi F.	Federica	Grassi	Federica Grassi	1	PE5	1	PE	1	101040025	autori_scopus_preferred-name_erc.tsv	2026-09-29 13:19:53.087000	7101807658	0	PE5	116	8016	110214	127	1.5843313373253491
6abbbaf92297e265fbed6fb4	7101807658	Grassi C.	Claudio	Grassi	Claudio Grassi	1	LS5	1	LS	1	101078163	autori_scopus_preferred-name_erc.tsv	2026-09-29 13:19:53.257000	43761202200	0	LS5	31	996	33873	16	1.6064257028112447
6abbbaf92297e265fbed6fb4	7101807658	Grassi C.	Claudio	Grassi	Claudio Grassi	1	LS5	1	LS	1	101078163	autori_scopus_preferred-name_erc.tsv	2026-09-29 13:19:53.257000	58418445400	0	LS5	31	28	33873	0	0.0
6abbbaf92297e265fbed6fb4	7101807658	Grassi C.	Claudio	Grassi	Claudio Grassi	1	LS5	1	LS	1	101078163	autori_scopus_preferred-name_erc.tsv	2026-09-29 13:19:53.257000	7101807658	1	LS5	31	8016	33873	4524	56.43712574850299
6abbbaf82297e265fbed6aa2	50261110100	Barbieri L.	Letizia	Barbieri	Letizia Barbieri	1	PE4	1	PE	2	101094131 - 101092725	autori_scopus_preferred-name_erc.tsv	2026-09-29 13:19:52.798000	50261110100	1	PE4	118	607	134470	607	100.0
6abbbaf82297e265fbed6aa2	50261110100	Barbieri L.	Letizia	Barbieri	Letizia Barbieri	1	PE4	1	PE	2	101094131 - 101092725	autori_scopus_preferred-name_erc.tsv	2026-09-29 13:19:52.798000	58993960400	0	PE4	118	0	134470	0	0
6abbbaf92297e265fbed6e4b	58993960400	Barbieri M.	Marianna	Barbieri	Marianna Barbieri	1	PE5	1	PE	1	101077698	autori_scopus_preferred-name_erc.tsv	2026-09-29 13:19:53.106000	50261110100	0	PE5	116	607	110214	130	21.4168039538715
6abbbaf92297e265fbed6e4b	58993960400	Barbieri M.	Marianna	Barbieri	Marianna Barbieri	1	PE5	1	PE	1	101077698	autori_scopus_preferred-name_erc.tsv	2026-09-29 13:19:53.106000	58993960400	1	PE5	116	0	110214	0	0
6abbbaf82297e265fbed6ab1	54789225100	Saraceno C.	Claudia	Saraceno	Claudia Saraceno	1	LS7	1	LS	1	101053962	autori_scopus_preferred-name_erc.tsv	2026-09-29 13:19:52.806000	54789225100	1	LS7	98	1642	170563	1009	61.44945188794153
6abbbaf82297e265fbed6ab1	54789225100	Saraceno C.	Claudia	Saraceno	Claudia Saraceno	1	LS7	1	LS	1	101053962	autori_scopus_preferred-name_erc.tsv	2026-09-29 13:19:52.806000	58567265800	0	LS7	98	77	170563	0	0.0
6abbbaf92297e265fbed6e14	58567265800	Saraceno P.	Piermarco	Saraceno	Piermarco Saraceno	1	LS9	1	LS	1	101053983	autori_scopus_preferred-name_erc.tsv	2026-09-29 13:19:53.092000	54789225100	0	LS9	22	1642	41943	20	1.2180267965895248
6abbbaf92297e265fbed6e14	58567265800	Saraceno P.	Piermarco	Saraceno	Piermarco Saraceno	1	LS9	1	LS	1	101053983	autori_scopus_preferred-name_erc.tsv	2026-09-29 13:19:53.092000	58567265800	1	LS9	22	77	41943	77	100.0
6abbbaf82297e265fbed6ac0	55077809800	Papini R.	Riccardo	Papini	R. Papini	1	PE9	1	PE	1	101052347	autori_scopus_preferred-name_erc.tsv	2026-09-29 13:19:52.816000	55077809800	1	PE9	519	886	312447	876	98.87133182844244
6abbbaf82297e265fbed6ac0	55077809800	Papini R.	Riccardo	Papini	R. Papini	1	PE9	1	PE	1	101052347	autori_scopus_preferred-name_erc.tsv	2026-09-29 13:19:52.816000	57219761993	0	PE9	519	34	312447	2	5.88235294117647
6abbbaf92297e265fbed6d3f	57219761993	Papini A.	Andrea	Papini	Andrea Papini	1	PE1	1	PE	1	101053472	autori_scopus_preferred-name_erc.tsv	2026-09-29 13:19:53.010000	55077809800	0	PE1	23	886	8273	2	0.2257336343115124
6abbbaf92297e265fbed6d3f	57219761993	Papini A.	Andrea	Papini	Andrea Papini	1	PE1	1	PE	1	101053472	autori_scopus_preferred-name_erc.tsv	2026-09-29 13:19:53.010000	57219761993	1	PE1	23	34	8273	34	100.0
6abbbaf82297e265fbed6ad3	55338295100	Stella M.	Martina	Stella	Martina Stella	1	PE4	1	PE	1	101043272	autori_scopus_preferred-name_erc.tsv	2026-09-29 13:19:52.824000	55338295100	1	PE4	118	364	134470	176	48.35164835164835
6abbbaf82297e265fbed6ad3	55338295100	Stella M.	Martina	Stella	Martina Stella	1	PE4	1	PE	1	101043272	autori_scopus_preferred-name_erc.tsv	2026-09-29 13:19:52.824000	7101770170	0	PE4	118	7973	134470	21	0.2633889376646181
6abbbaf92297e265fbed6fb3	7101770170	Stella L.	Luigi	Stella	Luigi Stella	1	PE9	1	PE	1	101076343	autori_scopus_preferred-name_erc.tsv	2026-09-29 13:19:53.256000	55338295100	0	PE9	519	364	312447	28	7.6923076923076925
6abbbaf92297e265fbed6fb3	7101770170	Stella L.	Luigi	Stella	Luigi Stella	1	PE9	1	PE	1	101076343	autori_scopus_preferred-name_erc.tsv	2026-09-29 13:19:53.256000	7101770170	1	PE9	519	7973	312447	7208	90.40511727078892
6abbbaf82297e265fbed6b2d	55984908600	Sartori B.	Barbara	Sartori	Barbara Sartori	1	PE11	1	PE	1	101041229	autori_scopus_preferred-name_erc.tsv	2026-09-29 13:19:52.864000	55984908600	1	PE11	52	809	57402	482	59.5797280593325
6abbbaf82297e265fbed6b2d	55984908600	Sartori B.	Barbara	Sartori	Barbara Sartori	1	PE11	1	PE	1	101041229	autori_scopus_preferred-name_erc.tsv	2026-09-29 13:19:52.864000	58717862900	0	PE11	52	39	57402	2	5.128205128205128
6abbbaf82297e265fbed6b2d	55984908600	Sartori B.	Barbara	Sartori	Barbara Sartori	1	PE11	1	PE	1	101041229	autori_scopus_preferred-name_erc.tsv	2026-09-29 13:19:52.864000	6603820829	0	PE11	52	2590	57402	3	0.11583011583011582
6abbbaf92297e265fbed6e28	58717862900	Sartori P.	Paolo	Sartori	Paolo Sartori	1	PE8	1	PE	1	101069436	autori_scopus_preferred-name_erc.tsv	2026-09-29 13:19:53.097000	55984908600	0	PE8	200	809	220313	139	17.18170580964153
6abbbaf92297e265fbed6e28	58717862900	Sartori P.	Paolo	Sartori	Paolo Sartori	1	PE8	1	PE	1	101069436	autori_scopus_preferred-name_erc.tsv	2026-09-29 13:19:53.097000	58717862900	1	PE8	200	39	220313	7	17.94871794871795
6abbbaf92297e265fbed6e28	58717862900	Sartori P.	Paolo	Sartori	Paolo Sartori	1	PE8	1	PE	1	101069436	autori_scopus_preferred-name_erc.tsv	2026-09-29 13:19:53.097000	6603820829	0	PE8	200	2590	220313	23	0.8880308880308879
6abbbaf92297e265fbed6f03	6603820829	Sartori I.	Ivana	Sartori	Ivana Sartori	1	SYG-LS	1	LS	1	101071900	autori_scopus_preferred-name_erc.tsv	2026-09-29 13:19:53.171000	55984908600	0	SYG-LS	47	809	58161	6	0.7416563658838072
6abbbaf92297e265fbed6f03	6603820829	Sartori I.	Ivana	Sartori	Ivana Sartori	1	SYG-LS	1	LS	1	101071900	autori_scopus_preferred-name_erc.tsv	2026-09-29 13:19:53.171000	58717862900	0	SYG-LS	47	39	58161	0	0.0
6abbbaf92297e265fbed6f03	6603820829	Sartori I.	Ivana	Sartori	Ivana Sartori	1	SYG-LS	1	LS	1	101071900	autori_scopus_preferred-name_erc.tsv	2026-09-29 13:19:53.171000	6603820829	1	SYG-LS	47	2590	58161	1718	66.33204633204633
6abbbaf82297e265fbed6b48	56181497000	Capelli R.	Riccardo	Capelli	Riccardo Capelli	1	PE4	1	PE	1	101053661	autori_scopus_preferred-name_erc.tsv	2026-09-29 13:19:52.876000	56181497000	1	PE4	118	1808	134470	1274	70.46460176991151
6abbbaf82297e265fbed6b48	56181497000	Capelli R.	Riccardo	Capelli	Riccardo Capelli	1	PE4	1	PE	1	101053661	autori_scopus_preferred-name_erc.tsv	2026-09-29 13:19:52.876000	7004511670	0	PE4	118	1438	134470	251	17.454798331015297
6abbbaf92297e265fbed6f73	7004511670	Capelli R.	Raffaella	Capelli	Raffaella Capelli	1	PE7	1	PE	1	101055379	autori_scopus_preferred-name_erc.tsv	2026-09-29 13:19:53.225000	56181497000	0	PE7	123	1808	100925	43	2.3783185840707963
6abbbaf92297e265fbed6f73	7004511670	Capelli R.	Raffaella	Capelli	Raffaella Capelli	1	PE7	1	PE	1	101055379	autori_scopus_preferred-name_erc.tsv	2026-09-29 13:19:53.225000	7004511670	1	PE7	123	1438	100925	590	41.02920723226704
6abbbaf82297e265fbed6b5e	56274915100	Lombardi M.	Marco	Lombardi	Marco Lombardi	1	PE9	1	PE	1	101055318	autori_scopus_preferred-name_erc.tsv	2026-09-29 13:19:52.886000	56274915100	1	PE9	519	3100	312447	2492	80.38709677419355
6abbbaf82297e265fbed6b5e	56274915100	Lombardi M.	Marco	Lombardi	Marco Lombardi	1	PE9	1	PE	1	101055318	autori_scopus_preferred-name_erc.tsv	2026-09-29 13:19:52.886000	58571153400	0	PE9	519	0	312447	0	0
6abbbaf92297e265fbed6e15	58571153400	Lombardi G.	Giovanni	Lombardi	Giovanni Lombardi	1	PE7	1	PE	1	101077917	autori_scopus_preferred-name_erc.tsv	2026-09-29 13:19:53.092000	56274915100	0	PE7	123	3100	100925	29	0.935483870967742
6abbbaf92297e265fbed6e15	58571153400	Lombardi G.	Giovanni	Lombardi	Giovanni Lombardi	1	PE7	1	PE	1	101077917	autori_scopus_preferred-name_erc.tsv	2026-09-29 13:19:53.092000	58571153400	1	PE7	123	0	100925	0	0
6abbbaf82297e265fbed6b6a	56397823600	Caputo C.	Claudio	Caputo	C. Caputo	1	PE2	1	PE	1	101115353	autori_scopus_preferred-name_erc.tsv	2026-09-29 13:19:52.891000	56397823600	1	PE2	198	8518	149649	8507	99.8708617046255
6abbbaf82297e265fbed6b6a	56397823600	Caputo C.	Claudio	Caputo	C. Caputo	1	PE2	1	PE	1	101115353	autori_scopus_preferred-name_erc.tsv	2026-09-29 13:19:52.891000	58476390600	0	PE2	198	486	149649	11	2.263374485596708
6abbbaf82297e265fbed6b6a	56397823600	Caputo C.	Claudio	Caputo	C. Caputo	1	PE2	1	PE	1	101115353	autori_scopus_preferred-name_erc.tsv	2026-09-29 13:19:52.891000	7102895151	0	PE2	198	1227	149649	82	6.682966585167074
6abbbaf92297e265fbed6e07	58476390600	Caputo M.	Mariapia	Caputo	Mariapia Caputo	1	PE8	1	PE	1	101040383	autori_scopus_preferred-name_erc.tsv	2026-09-29 13:19:53.088000	56397823600	0	PE8	200	8518	220313	80	0.9391876027236441
6abbbaf92297e265fbed6e07	58476390600	Caputo M.	Mariapia	Caputo	Mariapia Caputo	1	PE8	1	PE	1	101040383	autori_scopus_preferred-name_erc.tsv	2026-09-29 13:19:53.088000	58476390600	1	PE8	200	486	220313	159	32.71604938271605
6abbbaf92297e265fbed6e07	58476390600	Caputo M.	Mariapia	Caputo	Mariapia Caputo	1	PE8	1	PE	1	101040383	autori_scopus_preferred-name_erc.tsv	2026-09-29 13:19:53.088000	7102895151	0	PE8	200	1227	220313	148	12.061939690301548
6abbbaf92297e265fbed6fc3	7102895151	Caputo M.	Marco	Caputo	Marco Caputo	1	PE3	1	PE	1	101117424	autori_scopus_preferred-name_erc.tsv	2026-09-29 13:19:53.262000	56397823600	0	PE3	33	8518	45937	13	0.15261798544259217
6abbbaf92297e265fbed6fc3	7102895151	Caputo M.	Marco	Caputo	Marco Caputo	1	PE3	1	PE	1	101117424	autori_scopus_preferred-name_erc.tsv	2026-09-29 13:19:53.262000	58476390600	0	PE3	33	486	45937	16	3.292181069958848
6abbbaf92297e265fbed6fc3	7102895151	Caputo M.	Marco	Caputo	Marco Caputo	1	PE3	1	PE	1	101117424	autori_scopus_preferred-name_erc.tsv	2026-09-29 13:19:53.262000	7102895151	1	PE3	33	1227	45937	404	32.92583537082315
6abbbaf82297e265fbed6b6b	56400444300	Donati G.	Greta	Donati	Greta Donati	1	PE5	1	PE	1	101039841	autori_scopus_preferred-name_erc.tsv	2026-09-29 13:19:52.892000	56400444300	1	PE5	116	1510	110214	694	45.96026490066225
6abbbaf82297e265fbed6b6b	56400444300	Donati G.	Greta	Donati	Greta Donati	1	PE5	1	PE	1	101039841	autori_scopus_preferred-name_erc.tsv	2026-09-29 13:19:52.892000	7003921934	0	PE5	116	3641	110214	270	7.415545179895632
6abbbaf92297e265fbed6f50	7003921934	Donati C.	Claudio	Donati	Claudio Donati	1	LS8	1	LS	1	101045015	autori_scopus_preferred-name_erc.tsv	2026-09-29 13:19:53.206000	56400444300	0	LS8	85	1510	101687	22	1.456953642384106
6abbbaf92297e265fbed6f50	7003921934	Donati C.	Claudio	Donati	Claudio Donati	1	LS8	1	LS	1	101045015	autori_scopus_preferred-name_erc.tsv	2026-09-29 13:19:53.206000	7003921934	1	LS8	85	3641	101687	1868	51.30458665201868
6abbbaf82297e265fbed6b71	56423307400	Prato M.	Maurizio	Prato	Maurizio Prato	1	PE5	1	PE	1	101039578	autori_scopus_preferred-name_erc.tsv	2026-09-29 13:19:52.894000	56423307400	1	PE5	116	23069	110214	5595	24.253326975594955
6abbbaf82297e265fbed6b71	56423307400	Prato M.	Maurizio	Prato	Maurizio Prato	1	PE5	1	PE	1	101039578	autori_scopus_preferred-name_erc.tsv	2026-09-29 13:19:52.894000	57208455894	0	PE5	116	13045	110214	2386	18.290532771176697
6abbbaf82297e265fbed6b71	56423307400	Prato M.	Maurizio	Prato	Maurizio Prato	1	PE5	1	PE	1	101039578	autori_scopus_preferred-name_erc.tsv	2026-09-29 13:19:52.894000	57302838900	0	PE5	116	60	110214	1	1.6666666666666667
6abbbaf82297e265fbed6cb6	57208455894	Prato M.	Mirko	Prato	Mirko Prato	1	PE11	1	PE	1	101044020	autori_scopus_preferred-name_erc.tsv	2026-09-29 13:19:52.980000	56423307400	0	PE11	52	23069	57402	2179	9.445576314534657
6abbbaf82297e265fbed6cb6	57208455894	Prato M.	Mirko	Prato	Mirko Prato	1	PE11	1	PE	1	101044020	autori_scopus_preferred-name_erc.tsv	2026-09-29 13:19:52.980000	57208455894	1	PE11	52	13045	57402	3739	28.66232272901495
6abbbaf82297e265fbed6cb6	57208455894	Prato M.	Mirko	Prato	Mirko Prato	1	PE11	1	PE	1	101044020	autori_scopus_preferred-name_erc.tsv	2026-09-29 13:19:52.980000	57302838900	0	PE11	52	60	57402	0	0.0
6abbbaf92297e265fbed6d95	57302838900	Prato O.	Ornella	Prato	Ornella Prato	1	SH6	1	SH	2	101055195 - 101071707	autori_scopus_preferred-name_erc.tsv	2026-09-29 13:19:53.050000	56423307400	0	SH6	49	23069	49798	28	0.12137500541852701
6abbbaf92297e265fbed6d95	57302838900	Prato O.	Ornella	Prato	Ornella Prato	1	SH6	1	SH	2	101055195 - 101071707	autori_scopus_preferred-name_erc.tsv	2026-09-29 13:19:53.050000	57208455894	0	SH6	49	13045	49798	18	0.1379839018781142
6abbbaf92297e265fbed6d95	57302838900	Prato O.	Ornella	Prato	Ornella Prato	1	SH6	1	SH	2	101055195 - 101071707	autori_scopus_preferred-name_erc.tsv	2026-09-29 13:19:53.050000	57302838900	1	SH6	49	60	49798	60	100.0
6abbbaf82297e265fbed6b8c	56670371400	Fumagalli I.	Ivan	Fumagalli	Ivan Fumagalli	1	SYG-PE	1	PE	1	101115663	autori_scopus_preferred-name_erc.tsv	2026-09-29 13:19:52.905000	56670371400	1	SYG-PE	78	616	101547	519	84.25324675324676
6abbbaf82297e265fbed6b8c	56670371400	Fumagalli I.	Ivan	Fumagalli	Ivan Fumagalli	1	SYG-PE	1	PE	1	101115663	autori_scopus_preferred-name_erc.tsv	2026-09-29 13:19:52.905000	7005453483	0	SYG-PE	78	1744	101547	2	0.11467889908256881
6abbbaf92297e265fbed6f8d	7005453483	Fumagalli S.	Stefano	Fumagalli	Stefano Fumagalli	1	LS6	1	LS	1	101054805	autori_scopus_preferred-name_erc.tsv	2026-09-29 13:19:53.238000	56670371400	0	LS6	20	616	26333	0	0.0
6abbbaf92297e265fbed6f8d	7005453483	Fumagalli S.	Stefano	Fumagalli	Stefano Fumagalli	1	LS6	1	LS	1	101054805	autori_scopus_preferred-name_erc.tsv	2026-09-29 13:19:53.238000	7005453483	1	LS6	20	1744	26333	189	10.837155963302752
6abbbaf82297e265fbed6b98	56830260800	Rosso F.	Federica	Rosso	Federica Rosso	1	PE8	1	PE	1	101041255	autori_scopus_preferred-name_erc.tsv	2026-09-29 13:19:52.909000	56830260800	1	PE8	200	2038	220313	885	43.42492639842983
6abbbaf82297e265fbed6b98	56830260800	Rosso F.	Federica	Rosso	Federica Rosso	1	PE8	1	PE	1	101041255	autori_scopus_preferred-name_erc.tsv	2026-09-29 13:19:52.909000	57207774702	0	PE8	200	877	220313	87	9.92018244013683
6abbbaf82297e265fbed6ca8	57207774702	Rosso C.	Cristian	Rosso	Cristian Rosso	1	PE5	1	PE	1	101040025	autori_scopus_preferred-name_erc.tsv	2026-09-29 13:19:52.977000	56830260800	0	PE5	116	2038	110214	4	0.19627085377821393
6abbbaf82297e265fbed6ca8	57207774702	Rosso C.	Cristian	Rosso	Cristian Rosso	1	PE5	1	PE	1	101040025	autori_scopus_preferred-name_erc.tsv	2026-09-29 13:19:52.977000	57207774702	1	PE5	116	877	110214	364	41.50513112884835
6abbbaf82297e265fbed6ba7	56956669800	Zanella G.	Giacomo	Zanella	Giacomo Zanella	1	PE1	1	PE	1	101076564	autori_scopus_preferred-name_erc.tsv	2026-09-29 13:19:52.914000	56956669800	1	PE1	23	426	8273	38	8.92018779342723
6abbbaf82297e265fbed6ba7	56956669800	Zanella G.	Giacomo	Zanella	Giacomo Zanella	1	PE1	1	PE	1	101076564	autori_scopus_preferred-name_erc.tsv	2026-09-29 13:19:52.914000	57201412747	0	PE1	23	2178	8273	10	0.4591368227731864
6abbbaf82297e265fbed6c55	57201412747	Zanella A.	Alberto	Zanella	Alberto, Zanella	1	PE7	1	PE	1	101078411	autori_scopus_preferred-name_erc.tsv	2026-09-29 13:19:52.961000	56956669800	0	PE7	123	426	100925	8	1.8779342723004695
6abbbaf82297e265fbed6c55	57201412747	Zanella A.	Alberto	Zanella	Alberto, Zanella	1	PE7	1	PE	1	101078411	autori_scopus_preferred-name_erc.tsv	2026-09-29 13:19:52.961000	57201412747	1	PE7	123	2178	100925	237	10.881542699724518
6abbbaf82297e265fbed6bb1	57070087300	Distefano N.	Natalia	Distefano	Natalia Distefano	1	SH7	1	SH	1	101039222	autori_scopus_preferred-name_erc.tsv	2026-09-29 13:19:52.918000	57070087300	1	SH7	23	978	40136	7	0.7157464212678937
6abbbaf82297e265fbed6bb1	57070087300	Distefano N.	Natalia	Distefano	Natalia Distefano	1	SH7	1	SH	1	101039222	autori_scopus_preferred-name_erc.tsv	2026-09-29 13:19:52.918000	9433557800	0	SH7	23	3399	40136	15	0.44130626654898497
6abbbaf92297e265fbed7006	9433557800	Distefano C.	Carla	Distefano	C. Distefano	1	PE9	1	PE	1	101076343	autori_scopus_preferred-name_erc.tsv	2026-09-29 13:19:53.282000	57070087300	0	PE9	519	978	312447	2	0.2044989775051125
6abbbaf92297e265fbed7006	9433557800	Distefano C.	Carla	Distefano	C. Distefano	1	PE9	1	PE	1	101076343	autori_scopus_preferred-name_erc.tsv	2026-09-29 13:19:53.282000	9433557800	1	PE9	519	3399	312447	3287	96.70491320976757
6abbbaf82297e265fbed6bb4	57114750700	Riccardi E.	Elisa	Riccardi	Elisa Riccardi	1	PE7	1	PE	1	101081567	autori_scopus_preferred-name_erc.tsv	2026-09-29 13:19:52.919000	57114750700	1	PE7	123	350	100925	330	94.28571428571428
6abbbaf82297e265fbed6bb4	57114750700	Riccardi E.	Elisa	Riccardi	Elisa Riccardi	1	PE7	1	PE	1	101081567	autori_scopus_preferred-name_erc.tsv	2026-09-29 13:19:52.919000	57807559600	0	PE7	123	47	100925	4	8.51063829787234
6abbbaf92297e265fbed6dcd	57807559600	Riccardi B.	Brian	Riccardi	Brian Riccardi	1	PE6	1	PE	1	101039208	autori_scopus_preferred-name_erc.tsv	2026-09-29 13:19:53.070000	57114750700	0	PE6	23	350	11563	0	0.0
6abbbaf92297e265fbed6dcd	57807559600	Riccardi B.	Brian	Riccardi	Brian Riccardi	1	PE6	1	PE	1	101039208	autori_scopus_preferred-name_erc.tsv	2026-09-29 13:19:53.070000	57807559600	1	PE6	23	47	11563	17	36.17021276595745
6abbbaf82297e265fbed6bed	57192318084	Corrias M.	Maria Valeria	Corrias	Maria Valeria Corrias	1	LS8	1	LS	1	101045015	autori_scopus_preferred-name_erc.tsv	2026-09-29 13:19:52.936000	57192318084	1	LS8	85	2677	101687	1652	61.71087037728801
6abbbaf82297e265fbed6bed	57192318084	Corrias M.	Maria Valeria	Corrias	Maria Valeria Corrias	1	LS8	1	LS	1	101045015	autori_scopus_preferred-name_erc.tsv	2026-09-29 13:19:52.936000	57222762966	0	LS8	85	216	101687	0	0.0
6abbbaf92297e265fbed6d6a	57222762966	Corrias N.	Nicola	Corrias	Nicola Corrias	1	PE7	1	PE	1	101077917	autori_scopus_preferred-name_erc.tsv	2026-09-29 13:19:53.030000	57192318084	0	PE7	123	2677	100925	9	0.33619723571161747
6abbbaf92297e265fbed6d6a	57222762966	Corrias N.	Nicola	Corrias	Nicola Corrias	1	PE7	1	PE	1	101077917	autori_scopus_preferred-name_erc.tsv	2026-09-29 13:19:53.030000	57222762966	1	PE7	123	216	100925	111	51.388888888888886
6abbbaf82297e265fbed6c05	57193613731	de Simone M.	Marta	de Simone	M. De Simone	1	PE9	1	PE	1	101098309	autori_scopus_preferred-name_erc.tsv	2026-09-29 13:19:52.943000	57193613731	1	PE9	519	1186	312447	1166	98.31365935919055
6abbbaf82297e265fbed6c05	57193613731	de Simone M.	Marta	de Simone	M. De Simone	1	PE9	1	PE	1	101098309	autori_scopus_preferred-name_erc.tsv	2026-09-29 13:19:52.943000	57435288800	0	PE9	519	3659	312447	130	3.552883301448483
6abbbaf92297e265fbed6da9	57435288800	de Simone M.	Monica	de Simone	Monica de Simone	1	PE4	1	PE	1	101095012	autori_scopus_preferred-name_erc.tsv	2026-09-29 13:19:53.057000	57193613731	0	PE4	118	1186	134470	41	3.456998313659359
6abbbaf92297e265fbed6da9	57435288800	de Simone M.	Monica	de Simone	Monica de Simone	1	PE4	1	PE	1	101095012	autori_scopus_preferred-name_erc.tsv	2026-09-29 13:19:53.057000	57435288800	1	PE4	118	3659	134470	3562	97.34900245968844
6abbbaf82297e265fbed6c24	57195475054	Del Vecchio A.	Alessandro D.	Del Vecchio	Alessandro Del Vecchio	1	PE7	1	PE	1	101118089	autori_scopus_preferred-name_erc.tsv	2026-09-29 13:19:52.950000	57195475054	1	PE7	123	820	100925	766	93.41463414634147
6abbbaf82297e265fbed6c24	57195475054	Del Vecchio A.	Alessandro D.	Del Vecchio	Alessandro Del Vecchio	1	PE7	1	PE	1	101118089	autori_scopus_preferred-name_erc.tsv	2026-09-29 13:19:52.950000	57213093829	0	PE7	123	1394	100925	31	2.223816355810617
6abbbaf82297e265fbed6cea	57213093829	Del Vecchio M.	Maria	Del Vecchio	Maria Del Vecchio	1	SYG-LS	1	LS	1	101071900	autori_scopus_preferred-name_erc.tsv	2026-09-29 13:19:52.989000	57195475054	0	SYG-LS	47	820	58161	27	3.2926829268292686
6abbbaf82297e265fbed6cea	57213093829	Del Vecchio M.	Maria	Del Vecchio	Maria Del Vecchio	1	SYG-LS	1	LS	1	101071900	autori_scopus_preferred-name_erc.tsv	2026-09-29 13:19:52.989000	57213093829	1	SYG-LS	47	1394	58161	663	47.5609756097561
6abbbaf82297e265fbed6c36	57198798056	Sun P.	Peihao	Sun	Peihao Sun	1	PE3	1	PE	1	101053167	autori_scopus_preferred-name_erc.tsv	2026-09-29 13:19:52.955000	57198798056	1	PE3	33	181	45937	81	44.751381215469614
6abbbaf82297e265fbed6c36	57198798056	Sun P.	Peihao	Sun	Peihao Sun	1	PE3	1	PE	1	101053167	autori_scopus_preferred-name_erc.tsv	2026-09-29 13:19:52.955000	57212083420	0	PE3	33	557	45937	4	0.718132854578097
6abbbaf82297e265fbed6cde	57212083420	Sun Y.	Yifan	Sun	Y. Sun	1	PE7	1	PE	1	101081871	autori_scopus_preferred-name_erc.tsv	2026-09-29 13:19:52.987000	57198798056	0	PE7	123	181	100925	6	3.314917127071823
6abbbaf82297e265fbed6cde	57212083420	Sun Y.	Yifan	Sun	Y. Sun	1	PE7	1	PE	1	101081871	autori_scopus_preferred-name_erc.tsv	2026-09-29 13:19:52.987000	57212083420	1	PE7	123	557	100925	515	92.45960502692998
6abbbaf82297e265fbed6cb0	57208220408	Rossi B.	Barbara	Rossi	Barbara Rossi	1	LS6	1	LS	1	101069397	autori_scopus_preferred-name_erc.tsv	2026-09-29 13:19:52.979000	57208220408	1	LS6	20	2371	26333	2288	96.49936735554618
6abbbaf82297e265fbed6cb0	57208220408	Rossi B.	Barbara	Rossi	Barbara Rossi	1	LS6	1	LS	1	101069397	autori_scopus_preferred-name_erc.tsv	2026-09-29 13:19:52.979000	57225778410	0	LS6	20	60	26333	0	0.0
6abbbaf82297e265fbed6cb0	57208220408	Rossi B.	Barbara	Rossi	Barbara Rossi	1	LS6	1	LS	1	101069397	autori_scopus_preferred-name_erc.tsv	2026-09-29 13:19:52.979000	59212806900	0	LS6	20	0	26333	0	0
6abbbaf92297e265fbed6d80	57225778410	Rossi M.	Marco	Rossi	Marco Rossi	1	PE8	1	PE	1	101052956	autori_scopus_preferred-name_erc.tsv	2026-09-29 13:19:53.042000	57208220408	0	PE8	200	2371	220313	183	7.71826233656685
6abbbaf92297e265fbed6d80	57225778410	Rossi M.	Marco	Rossi	Marco Rossi	1	PE8	1	PE	1	101052956	autori_scopus_preferred-name_erc.tsv	2026-09-29 13:19:53.042000	57225778410	1	PE8	200	60	220313	45	75.0
6abbbaf92297e265fbed6d80	57225778410	Rossi M.	Marco	Rossi	Marco Rossi	1	PE8	1	PE	1	101052956	autori_scopus_preferred-name_erc.tsv	2026-09-29 13:19:53.042000	59212806900	0	PE8	200	0	220313	0	0
6abbbaf92297e265fbed6e62	59212806900	Rossi G.	Greta	Rossi	Greta Rossi	1	PE5	1	PE	1	101077698	autori_scopus_preferred-name_erc.tsv	2026-09-29 13:19:53.112000	57208220408	0	PE5	116	2371	110214	56	2.361872627583298
6abbbaf92297e265fbed6e62	59212806900	Rossi G.	Greta	Rossi	Greta Rossi	1	PE5	1	PE	1	101077698	autori_scopus_preferred-name_erc.tsv	2026-09-29 13:19:53.112000	57225778410	0	PE5	116	60	110214	0	0.0
6abbbaf92297e265fbed6e62	59212806900	Rossi G.	Greta	Rossi	Greta Rossi	1	PE5	1	PE	1	101077698	autori_scopus_preferred-name_erc.tsv	2026-09-29 13:19:53.112000	59212806900	1	PE5	116	0	110214	0	0
6abbbaf82297e265fbed6cb2	57208295241	Leonardi S.	Salvatore	Leonardi	Salvatore Leonardi	1	SH7	1	SH	1	101039222	autori_scopus_preferred-name_erc.tsv	2026-09-29 13:19:52.979000	57208295241	1	SH7	23	978	40136	7	0.7157464212678937
6abbbaf82297e265fbed6cb2	57208295241	Leonardi S.	Salvatore	Leonardi	Salvatore Leonardi	1	SH7	1	SH	1	101039222	autori_scopus_preferred-name_erc.tsv	2026-09-29 13:19:52.979000	58488163200	0	SH7	23	142	40136	0	0.0
6abbbaf92297e265fbed6e08	58488163200	Leonardi P.	Pietro	Leonardi	P. Leonardi	1	PE9	1	PE	1	101052347	autori_scopus_preferred-name_erc.tsv	2026-09-29 13:19:53.088000	57208295241	0	PE9	519	978	312447	2	0.2044989775051125
6abbbaf92297e265fbed6e08	58488163200	Leonardi P.	Pietro	Leonardi	P. Leonardi	1	PE9	1	PE	1	101052347	autori_scopus_preferred-name_erc.tsv	2026-09-29 13:19:53.088000	58488163200	1	PE9	519	142	312447	125	88.02816901408451
6abbbaf82297e265fbed6cd5	57211559733	Angelini G.	Gabriele	Angelini	Gabriele Angelini	1	LS6	1	LS	1	101069397	autori_scopus_preferred-name_erc.tsv	2026-09-29 13:19:52.985000	57211559733	1	LS6	20	469	26333	469	100.0
6abbbaf82297e265fbed6cd5	57211559733	Angelini G.	Gabriele	Angelini	Gabriele Angelini	1	LS6	1	LS	1	101069397	autori_scopus_preferred-name_erc.tsv	2026-09-29 13:19:52.985000	7006878358	0	LS6	20	1218	26333	0	0.0
6abbbaf92297e265fbed6fa9	7006878358	Angelini R.	Roberta	Angelini	Roberta Angelini	1	PE3	1	PE	1	101066434	autori_scopus_preferred-name_erc.tsv	2026-09-29 13:19:53.252000	57211559733	0	PE3	33	469	45937	0	0.0
6abbbaf92297e265fbed6fa9	7006878358	Angelini R.	Roberta	Angelini	Roberta Angelini	1	PE3	1	PE	1	101066434	autori_scopus_preferred-name_erc.tsv	2026-09-29 13:19:53.252000	7006878358	1	PE3	33	1218	45937	935	76.76518883415436
6abbbaf82297e265fbed6cdb	57211902060	Marini G.	Giovanni	Marini	Giovanni Marini	1	PE4	1	PE	1	101052708	autori_scopus_preferred-name_erc.tsv	2026-09-29 13:19:52.986000	57211902060	1	PE4	118	655	134470	420	64.12213740458014
6abbbaf82297e265fbed6cdb	57211902060	Marini G.	Giovanni	Marini	Giovanni Marini	1	PE4	1	PE	1	101052708	autori_scopus_preferred-name_erc.tsv	2026-09-29 13:19:52.986000	57219792324	0	PE4	118	153	134470	1	0.6535947712418301
6abbbaf92297e265fbed6d42	57219792324	Marini I.	I.	Marini	I. Marini	1	PE9	1	PE	1	101045437	autori_scopus_preferred-name_erc.tsv	2026-09-29 13:19:53.011000	57211902060	0	PE9	519	655	312447	27	4.122137404580153
6abbbaf92297e265fbed6d42	57219792324	Marini I.	I.	Marini	I. Marini	1	PE9	1	PE	1	101045437	autori_scopus_preferred-name_erc.tsv	2026-09-29 13:19:53.011000	57219792324	1	PE9	519	153	312447	140	91.50326797385621
6abbbaf82297e265fbed6cff	57216393463	De Luca G.	Giuseppe	De Luca	Giuseppe De Luca	1	LS1	1	LS	1	101040138	autori_scopus_preferred-name_erc.tsv	2026-09-29 13:19:52.993000	57216393463	1	LS1	23	126	34227	126	100.0
6abbbaf82297e265fbed6cff	57216393463	De Luca G.	Giuseppe	De Luca	Giuseppe De Luca	1	LS1	1	LS	1	101040138	autori_scopus_preferred-name_erc.tsv	2026-09-29 13:19:52.993000	57222390136	0	LS1	23	766	34227	2	0.26109660574412535
6abbbaf92297e265fbed6d66	57222390136	de Luca C.	Claudia	de Luca	Claudia De Luca	1	SH4	1	SH	1	101042625	autori_scopus_preferred-name_erc.tsv	2026-09-29 13:19:53.028000	57216393463	0	SH4	82	126	88018	2	1.5873015873015872
6abbbaf92297e265fbed6d66	57222390136	de Luca C.	Claudia	de Luca	Claudia De Luca	1	SH4	1	SH	1	101042625	autori_scopus_preferred-name_erc.tsv	2026-09-29 13:19:53.028000	57222390136	1	SH4	82	766	88018	456	59.530026109660575
6abbbaf92297e265fbed6d2d	57219456152	Perrone M.	Mattia	Perrone	Mattia Perrone	1	PE4	1	PE	1	101053661	autori_scopus_preferred-name_erc.tsv	2026-09-29 13:19:53.001000	57219456152	1	PE4	118	202	134470	202	100.0
6abbbaf92297e265fbed6d2d	57219456152	Perrone M.	Mattia	Perrone	Mattia Perrone	1	PE4	1	PE	1	101053661	autori_scopus_preferred-name_erc.tsv	2026-09-29 13:19:53.001000	57449060900	0	PE4	118	445	134470	6	1.348314606741573
6abbbaf92297e265fbed6dab	57449060900	Perrone M.	Michela	Perrone	Michela Perrone	1	LS4	1	LS	1	101045285	autori_scopus_preferred-name_erc.tsv	2026-09-29 13:19:53.058000	57219456152	0	LS4	61	202	100212	9	4.455445544554455
6abbbaf92297e265fbed6dab	57449060900	Perrone M.	Michela	Perrone	Michela Perrone	1	LS4	1	LS	1	101045285	autori_scopus_preferred-name_erc.tsv	2026-09-29 13:19:53.058000	57449060900	1	LS4	61	445	100212	69	15.505617977528091
6abbbaf92297e265fbed6d61	57222110808	Franco S.	Silvia	Franco	Silvia Franco	1	PE3	1	PE	1	101066434	autori_scopus_preferred-name_erc.tsv	2026-09-29 13:19:53.026000	57222110808	1	PE3	33	524	45937	497	94.8473282442748
6abbbaf92297e265fbed6d61	57222110808	Franco S.	Silvia	Franco	Silvia Franco	1	PE3	1	PE	1	101066434	autori_scopus_preferred-name_erc.tsv	2026-09-29 13:19:53.026000	8719813200	0	PE3	33	816	45937	39	4.779411764705882
6abbbaf92297e265fbed6ff8	8719813200	Franco E.	Elisa	Franco	Elisa Franco	1	PE7	1	PE	1	101076926	autori_scopus_preferred-name_erc.tsv	2026-09-29 13:19:53.278000	57222110808	0	PE7	123	524	100925	11	2.099236641221374
6abbbaf92297e265fbed6ff8	8719813200	Franco E.	Elisa	Franco	Elisa Franco	1	PE7	1	PE	1	101076926	autori_scopus_preferred-name_erc.tsv	2026-09-29 13:19:53.278000	8719813200	1	PE7	123	816	100925	442	54.166666666666664
6abbbaf92297e265fbed6d69	57222632363	Giovanelli J.	Joseph	Giovanelli	Joseph Giovanelli	1	PE6	1	PE	1	101041029	autori_scopus_preferred-name_erc.tsv	2026-09-29 13:19:53.029000	57222632363	1	PE6	23	138	11563	2	1.4492753623188406
6abbbaf92297e265fbed6d69	57222632363	Giovanelli J.	Joseph	Giovanelli	Joseph Giovanelli	1	PE6	1	PE	1	101041029	autori_scopus_preferred-name_erc.tsv	2026-09-29 13:19:53.029000	59343058600	0	PE6	23	0	11563	0	0
6abbbaf92297e265fbed6e7b	59343058600	Giovanelli G.	Giulia	Giovanelli	Giulia Giovanelli	1	PE7	1	PE	1	101055379	autori_scopus_preferred-name_erc.tsv	2026-09-29 13:19:53.118000	57222632363	0	PE7	123	138	100925	4	2.898550724637681
6abbbaf92297e265fbed6e7b	59343058600	Giovanelli G.	Giulia	Giovanelli	Giulia Giovanelli	1	PE7	1	PE	1	101055379	autori_scopus_preferred-name_erc.tsv	2026-09-29 13:19:53.118000	59343058600	1	PE7	123	0	100925	0	0
6abbbaf92297e265fbed6dae	57462792400	Pastore F.	Francesco	Pastore	Francesco Pastore	1	LS5	1	LS	1	101078163	autori_scopus_preferred-name_erc.tsv	2026-09-29 13:19:53.059000	57462792400	1	LS5	31	392	33873	337	85.96938775510205
6abbbaf92297e265fbed6dae	57462792400	Pastore F.	Francesco	Pastore	Francesco Pastore	1	LS5	1	LS	1	101078163	autori_scopus_preferred-name_erc.tsv	2026-09-29 13:19:53.059000	7101941822	0	LS5	31	4119	33873	115	2.791939791211459
6abbbaf92297e265fbed6fb6	7101941822	Pastore A.	Annalisa	Pastore	Annalisa Pastore	1	LS1	1	LS	1	101040138	autori_scopus_preferred-name_erc.tsv	2026-09-29 13:19:53.257000	57462792400	0	LS1	23	392	34227	8	2.0408163265306123
6abbbaf92297e265fbed6fb6	7101941822	Pastore A.	Annalisa	Pastore	Annalisa Pastore	1	LS1	1	LS	1	101040138	autori_scopus_preferred-name_erc.tsv	2026-09-29 13:19:53.257000	7101941822	1	LS1	23	4119	34227	1800	43.69992716678806
6abbbaf92297e265fbed6dd1	57844180000	Vicentini F.	Francesco	Vicentini	Francesco Vicentini	1	PE5	1	PE	1	101039578	autori_scopus_preferred-name_erc.tsv	2026-09-29 13:19:53.071000	57844180000	1	PE5	116	124	110214	80	64.51612903225806
6abbbaf92297e265fbed6dd1	57844180000	Vicentini F.	Francesco	Vicentini	Francesco Vicentini	1	PE5	1	PE	1	101039578	autori_scopus_preferred-name_erc.tsv	2026-09-29 13:19:53.071000	58736473300	0	PE5	116	0	110214	0	0
6abbbaf92297e265fbed6e2d	58736473300	Vicentini D.	Daniela	Vicentini	Daniela Vicentini	1	LS8	1	LS	1	101045015	autori_scopus_preferred-name_erc.tsv	2026-09-29 13:19:53.098000	57844180000	0	LS8	85	124	101687	2	1.6129032258064515
6abbbaf92297e265fbed6e2d	58736473300	Vicentini D.	Daniela	Vicentini	Daniela Vicentini	1	LS8	1	LS	1	101045015	autori_scopus_preferred-name_erc.tsv	2026-09-29 13:19:53.098000	58736473300	1	LS8	85	0	101687	0	0
6abbbaf92297e265fbed6e95	6506468475	Mannucci B.	Barbara	Mannucci	Barbara Mannucci	1	LS1	1	LS	1	101094471	autori_scopus_preferred-name_erc.tsv	2026-09-29 13:19:53.123000	6506468475	1	LS1	23	1678	34227	73	4.350417163289631
6abbbaf92297e265fbed6e95	6506468475	Mannucci B.	Barbara	Mannucci	Barbara Mannucci	1	LS1	1	LS	1	101094471	autori_scopus_preferred-name_erc.tsv	2026-09-29 13:19:53.123000	6701685211	0	LS1	23	9253	34227	5	0.054036528693396736
6abbbaf92297e265fbed6f1e	6701685211	Mannucci F.	Filippo	Mannucci	F. Mannucci	1	PE9	1	PE	1	101040751	autori_scopus_preferred-name_erc.tsv	2026-09-29 13:19:53.187000	6506468475	0	PE9	519	1678	312447	4	0.23837902264600713
6abbbaf92297e265fbed6f1e	6701685211	Mannucci F.	Filippo	Mannucci	F. Mannucci	1	PE9	1	PE	1	101040751	autori_scopus_preferred-name_erc.tsv	2026-09-29 13:19:53.187000	6701685211	1	PE9	519	9253	312447	8798	95.0826758889009
6abbbaf92297e265fbed6f0c	6604013253	Busonero F.	Fabio	Busonero	Fabio Busonero	1	LS8	1	LS	2	101045015 - 101060218	autori_scopus_preferred-name_erc.tsv	2026-09-29 13:19:53.178000	6604013253	1	LS8	85	1783	101687	1081	60.628154795288836
6abbbaf92297e265fbed6f0c	6604013253	Busonero F.	Fabio	Busonero	Fabio Busonero	1	LS8	1	LS	2	101045015 - 101060218	autori_scopus_preferred-name_erc.tsv	2026-09-29 13:19:53.178000	8657599600	0	LS8	85	2158	101687	15	0.6950880444856349
6abbbaf92297e265fbed6ff6	8657599600	Busonero D.	D.	Busonero	D. Busonero	1	PE9	1	PE	1	101055318	autori_scopus_preferred-name_erc.tsv	2026-09-29 13:19:53.278000	6604013253	0	PE9	519	1783	312447	7	0.3925967470555244
6abbbaf92297e265fbed6ff6	8657599600	Busonero D.	D.	Busonero	D. Busonero	1	PE9	1	PE	1	101055318	autori_scopus_preferred-name_erc.tsv	2026-09-29 13:19:53.278000	8657599600	1	PE9	519	2158	312447	1952	90.45412418906395
6abbbaf92297e265fbed6f12	6701404489	Menna E.	Enzo	Menna	Enzo Menna	1	PE11	1	PE	1	101041229	autori_scopus_preferred-name_erc.tsv	2026-09-29 13:19:53.182000	6701404489	1	PE11	52	3065	57402	1061	34.61663947797716
6abbbaf92297e265fbed6f12	6701404489	Menna E.	Enzo	Menna	Enzo Menna	1	PE11	1	PE	1	101041229	autori_scopus_preferred-name_erc.tsv	2026-09-29 13:19:53.182000	6701404490	0	PE11	52	2207	57402	18	0.8155867693701857
6abbbaf92297e265fbed6f13	6701404490	Menna E.	Elisabetta	Menna	Elisabetta Menna	1	LS4	1	LS	1	101055323	autori_scopus_preferred-name_erc.tsv	2026-09-29 13:19:53.182000	6701404489	0	LS4	61	3065	100212	20	0.6525285481239804
6abbbaf92297e265fbed6f13	6701404490	Menna E.	Elisabetta	Menna	Elisabetta Menna	1	LS4	1	LS	1	101055323	autori_scopus_preferred-name_erc.tsv	2026-09-29 13:19:53.182000	6701404490	1	LS4	61	2207	100212	1135	51.42727684639783
