_id	scopus_author_id	indexed_name	given_name	surname	name_in_project_dataset	n_panels	panels	n_domains	domains	n_projects	projects	source_file	imported_at	auid	match	unit	n_people_unit	n_references_author	n_references_unit	n_overlap	percentage
6abbf4212297e265fbed8332	25723154100	Gandolfi D.	Davide	Gandolfi	Davide Gandolfi	1	PE9	1	PE	1	101052347	autori_scopus_preferred-name_erc.tsv	2026-09-29 17:23:45.721000	25723154100	1	PE	1546	6079	792386	5973	98.25629215331469
6abbf4212297e265fbed8332	25723154100	Gandolfi D.	Davide	Gandolfi	Davide Gandolfi	1	PE9	1	PE	1	101052347	autori_scopus_preferred-name_erc.tsv	2026-09-29 17:23:45.721000	57220063229	0	PE	1546	252	792386	252	100.0
6abbf4222297e265fbed856d	57220063229	Gandolfi M.	Michele	Gandolfi	Michele Gandolfi	1	PE4	1	PE	1	101081361	autori_scopus_preferred-name_erc.tsv	2026-09-29 17:23:46.246000	25723154100	0	PE	1546	6079	792386	5973	98.25629215331469
6abbf4222297e265fbed856d	57220063229	Gandolfi M.	Michele	Gandolfi	Michele Gandolfi	1	PE4	1	PE	1	101081361	autori_scopus_preferred-name_erc.tsv	2026-09-29 17:23:46.246000	57220063229	1	PE	1546	252	792386	252	100.0
6abbf4212297e265fbed8334	55951218500	Davies M.	Melvyn B.	Davies	Melvyn B. Davies	1	PE9	1	PE	1	101052347	autori_scopus_preferred-name_erc.tsv	2026-09-29 17:23:45.723000	55951218500	1	PE	1546	4712	792386	4680	99.32088285229203
6abbf4212297e265fbed8334	55951218500	Davies M.	Melvyn B.	Davies	Melvyn B. Davies	1	PE9	1	PE	1	101052347	autori_scopus_preferred-name_erc.tsv	2026-09-29 17:23:45.723000	56911604400	0	PE	1546	1191	792386	1191	100.0
6abbf4222297e265fbed881a	56911604400	Davies A.	Alexander Giles	Davies	A Giles Davies	1	PE7	1	PE	1	101081567	autori_scopus_preferred-name_erc.tsv	2026-09-29 17:23:46.801000	55951218500	0	PE	1546	4712	792386	4680	99.32088285229203
6abbf4222297e265fbed881a	56911604400	Davies A.	Alexander Giles	Davies	A Giles Davies	1	PE7	1	PE	1	101081567	autori_scopus_preferred-name_erc.tsv	2026-09-29 17:23:46.801000	56911604400	1	PE	1546	1191	792386	1191	100.0
6abbf4212297e265fbed8343	56521280600	Bonfanti A.	Andrea	Bonfanti	Andrea Bonfanti	1	PE9	1	PE	1	101052347	autori_scopus_preferred-name_erc.tsv	2026-09-29 17:23:45.736000	56521280600	1	PE	1546	2094	792386	2094	100.0
6abbf4212297e265fbed8343	56521280600	Bonfanti A.	Andrea	Bonfanti	Andrea Bonfanti	1	PE9	1	PE	1	101052347	autori_scopus_preferred-name_erc.tsv	2026-09-29 17:23:45.736000	55367411500	0	PE	1546	407	792386	72	17.69041769041769
6abbf4222297e265fbed8754	55367411500	Bonfanti A.	Andrea Giovanni	Bonfanti	A. Bonfanti	1	PE7	1	PE	1	101054098	autori_scopus_preferred-name_erc.tsv	2026-09-29 17:23:46.668000	56521280600	0	PE	1546	2094	792386	2094	100.0
6abbf4222297e265fbed8754	55367411500	Bonfanti A.	Andrea Giovanni	Bonfanti	A. Bonfanti	1	PE7	1	PE	1	101054098	autori_scopus_preferred-name_erc.tsv	2026-09-29 17:23:46.668000	55367411500	1	PE	1546	407	792386	72	17.69041769041769
6abbf4212297e265fbed8348	57202863096	Facchini S.	Stefano	Facchini	Stefano Facchini	1	PE9	1	PE	3	101076613 - 101039651 - 101104656	autori_scopus_preferred-name_erc.tsv	2026-09-29 17:23:45.741000	57202863096	1	PE	1546	3023	792386	2929	96.8905061197486
6abbf4212297e265fbed8348	57202863096	Facchini S.	Stefano	Facchini	Stefano Facchini	1	PE9	1	PE	3	101076613 - 101039651 - 101104656	autori_scopus_preferred-name_erc.tsv	2026-09-29 17:23:45.741000	47661058900	0	PE	1546	637	792386	33	5.180533751962323
6abbf4222297e265fbed8718	47661058900	Facchini S.	Silvia	Facchini	Silvia Facchini	1	SYG-LS	1	LS	1	101071900	autori_scopus_preferred-name_erc.tsv	2026-09-29 17:23:46.620000	57202863096	0	LS	394	3023	353863	32	1.0585511081706915
6abbf4222297e265fbed8718	47661058900	Facchini S.	Silvia	Facchini	Silvia Facchini	1	SYG-LS	1	LS	1	101071900	autori_scopus_preferred-name_erc.tsv	2026-09-29 17:23:46.620000	47661058900	1	LS	394	637	353863	612	96.07535321821035
6abbf4212297e265fbed8351	52663445700	Di Lorenzo F.	Flaviana	Di Lorenzo	Flaviana Di Lorenzo	1	PE5	1	PE	1	101039841	autori_scopus_preferred-name_erc.tsv	2026-09-29 17:23:45.749000	52663445700	1	PE	1546	2455	792386	2385	97.14867617107943
6abbf4212297e265fbed8351	52663445700	Di Lorenzo F.	Flaviana	Di Lorenzo	Flaviana Di Lorenzo	1	PE5	1	PE	1	101039841	autori_scopus_preferred-name_erc.tsv	2026-09-29 17:23:45.749000	57194904117	0	PE	1546	320	792386	38	11.875
6abbf4222297e265fbed8893	57194904117	Di Lorenzo G.	Giorgia	Di Lorenzo	Giorgia Di Lorenzo	1	LS4	1	LS	1	101045285	autori_scopus_preferred-name_erc.tsv	2026-09-29 17:23:46.882000	52663445700	0	LS	394	2455	353863	224	9.124236252545826
6abbf4222297e265fbed8893	57194904117	Di Lorenzo G.	Giorgia	Di Lorenzo	Giorgia Di Lorenzo	1	LS4	1	LS	1	101045285	autori_scopus_preferred-name_erc.tsv	2026-09-29 17:23:46.882000	57194904117	1	LS	394	320	353863	238	74.375
6abbf4212297e265fbed8352	57213546755	Szabó M.	M. Gy	Szabó	G. M. Szabó	1	PE9	1	PE	1	101052347	autori_scopus_preferred-name_erc.tsv	2026-09-29 17:23:45.750000	57213546755	1	PE	1546	2269	792386	2269	100.0
6abbf4212297e265fbed8352	57213546755	Szabó M.	M. Gy	Szabó	G. M. Szabó	1	PE9	1	PE	1	101052347	autori_scopus_preferred-name_erc.tsv	2026-09-29 17:23:45.750000	44761456100	0	PE	1546	308	792386	37	12.012987012987013
6abbf4212297e265fbed83c2	44761456100	Szabó B.	Botond T.	Szabó	Botond Szabó	1	PE1	1	PE	1	101041064	autori_scopus_preferred-name_erc.tsv	2026-09-29 17:23:45.852000	57213546755	0	PE	1546	2269	792386	2269	100.0
6abbf4212297e265fbed83c2	44761456100	Szabó B.	Botond T.	Szabó	Botond Szabó	1	PE1	1	PE	1	101041064	autori_scopus_preferred-name_erc.tsv	2026-09-29 17:23:45.852000	44761456100	1	PE	1546	308	792386	37	12.012987012987013
6abbf4212297e265fbed835d	55329004700	Manara C.	Carlo Felice	Manara	Carlo F. Manara	1	PE9	1	PE	4	101076613 - 101039651 - 101098309 - 101104656	autori_scopus_preferred-name_erc.tsv	2026-09-29 17:23:45.760000	55329004700	1	PE	1546	3865	792386	3771	97.56791720569211
6abbf4212297e265fbed835d	55329004700	Manara C.	Carlo Felice	Manara	Carlo F. Manara	1	PE9	1	PE	4	101076613 - 101039651 - 101098309 - 101104656	autori_scopus_preferred-name_erc.tsv	2026-09-29 17:23:45.760000	57200563408	0	PE	1546	1301	792386	246	18.908531898539586
6abbf4222297e265fbed852f	57200563408	Manara S.	Serena	Manara	Serena Manara	1	LS8	1	LS	2	101045015 - 101060218	autori_scopus_preferred-name_erc.tsv	2026-09-29 17:23:46.187000	55329004700	0	LS	394	3865	353863	28	0.7244501940491591
6abbf4222297e265fbed852f	57200563408	Manara S.	Serena	Manara	Serena Manara	1	LS8	1	LS	2	101045015 - 101060218	autori_scopus_preferred-name_erc.tsv	2026-09-29 17:23:46.187000	57200563408	1	LS	394	1301	353863	1117	85.85703305149885
6abbf4212297e265fbed835f	55945624800	Arnaboldi S.	Serena	Arnaboldi	Serena Arnaboldi	1	PE4	1	PE	1	101040798	autori_scopus_preferred-name_erc.tsv	2026-09-29 17:23:45.762000	55945624800	1	PE	1546	2174	792386	1641	75.48298068077277
6abbf4212297e265fbed835f	55945624800	Arnaboldi S.	Serena	Arnaboldi	Serena Arnaboldi	1	PE4	1	PE	1	101040798	autori_scopus_preferred-name_erc.tsv	2026-09-29 17:23:45.762000	56275157900	0	PE	1546	1481	792386	1021	68.93990546927752
6abbf4222297e265fbed87d6	56275157900	Arnaboldi M.	Magda	Arnaboldi	Magda Arnaboldi	1	PE9	1	PE	1	101055318	autori_scopus_preferred-name_erc.tsv	2026-09-29 17:23:46.751000	55945624800	0	PE	1546	2174	792386	1641	75.48298068077277
6abbf4222297e265fbed87d6	56275157900	Arnaboldi M.	Magda	Arnaboldi	Magda Arnaboldi	1	PE9	1	PE	1	101055318	autori_scopus_preferred-name_erc.tsv	2026-09-29 17:23:46.751000	56275157900	1	PE	1546	1481	792386	1021	68.93990546927752
6abbf4212297e265fbed836d	57216593054	Giordano G.	Giulia	Giordano	Giulia Giordano	1	PE7	1	PE	1	101076926	autori_scopus_preferred-name_erc.tsv	2026-09-29 17:23:45.774000	57216593054	1	PE	1546	2580	792386	2096	81.24031007751938
6abbf4212297e265fbed836d	57216593054	Giordano G.	Giulia	Giordano	Giulia Giordano	1	PE7	1	PE	1	101076926	autori_scopus_preferred-name_erc.tsv	2026-09-29 17:23:45.774000	56806349200	0	PE	1546	4993	792386	4975	99.63949529341077
6abbf4212297e265fbed836d	57216593054	Giordano G.	Giulia	Giordano	Giulia Giordano	1	PE7	1	PE	1	101076926	autori_scopus_preferred-name_erc.tsv	2026-09-29 17:23:45.774000	57196834241	0	PE	1546	446	792386	80	17.937219730941703
6abbf4212297e265fbed836d	57216593054	Giordano G.	Giulia	Giordano	Giulia Giordano	1	PE7	1	PE	1	101076926	autori_scopus_preferred-name_erc.tsv	2026-09-29 17:23:45.774000	57203142562	0	PE	1546	705	792386	683	96.87943262411348
6abbf4212297e265fbed836d	57216593054	Giordano G.	Giulia	Giordano	Giulia Giordano	1	PE7	1	PE	1	101076926	autori_scopus_preferred-name_erc.tsv	2026-09-29 17:23:45.774000	57204645152	0	PE	1546	2316	792386	2096	90.50086355785838
6abbf4222297e265fbed8510	56806349200	Giordano F.	Francesco	Giordano	F. Giordano	1	PE9	1	PE	1	101076343	autori_scopus_preferred-name_erc.tsv	2026-09-29 17:23:46.158000	57216593054	0	PE	1546	2580	792386	2096	81.24031007751938
6abbf4222297e265fbed8510	56806349200	Giordano F.	Francesco	Giordano	F. Giordano	1	PE9	1	PE	1	101076343	autori_scopus_preferred-name_erc.tsv	2026-09-29 17:23:46.158000	56806349200	1	PE	1546	4993	792386	4975	99.63949529341077
6abbf4222297e265fbed8510	56806349200	Giordano F.	Francesco	Giordano	F. Giordano	1	PE9	1	PE	1	101076343	autori_scopus_preferred-name_erc.tsv	2026-09-29 17:23:46.158000	57196834241	0	PE	1546	446	792386	80	17.937219730941703
6abbf4222297e265fbed8510	56806349200	Giordano F.	Francesco	Giordano	F. Giordano	1	PE9	1	PE	1	101076343	autori_scopus_preferred-name_erc.tsv	2026-09-29 17:23:46.158000	57203142562	0	PE	1546	705	792386	683	96.87943262411348
6abbf4222297e265fbed8510	56806349200	Giordano F.	Francesco	Giordano	F. Giordano	1	PE9	1	PE	1	101076343	autori_scopus_preferred-name_erc.tsv	2026-09-29 17:23:46.158000	57204645152	0	PE	1546	2316	792386	2096	90.50086355785838
6abbf4222297e265fbed88a8	57196834241	Giordano F.	Francesca	Giordano	Francesca Giordano	1	LS8	1	LS	2	101045015 - 101060218	autori_scopus_preferred-name_erc.tsv	2026-09-29 17:23:46.903000	57216593054	0	LS	394	2580	353863	191	7.403100775193798
6abbf4222297e265fbed88a8	57196834241	Giordano F.	Francesca	Giordano	Francesca Giordano	1	LS8	1	LS	2	101045015 - 101060218	autori_scopus_preferred-name_erc.tsv	2026-09-29 17:23:46.903000	56806349200	0	LS	394	4993	353863	33	0.660925295413579
6abbf4222297e265fbed88a8	57196834241	Giordano F.	Francesca	Giordano	Francesca Giordano	1	LS8	1	LS	2	101045015 - 101060218	autori_scopus_preferred-name_erc.tsv	2026-09-29 17:23:46.903000	57196834241	1	LS	394	446	353863	250	56.05381165919282
6abbf4222297e265fbed88a8	57196834241	Giordano F.	Francesca	Giordano	Francesca Giordano	1	LS8	1	LS	2	101045015 - 101060218	autori_scopus_preferred-name_erc.tsv	2026-09-29 17:23:46.903000	57203142562	0	LS	394	705	353863	19	2.6950354609929077
6abbf4222297e265fbed88a8	57196834241	Giordano F.	Francesca	Giordano	Francesca Giordano	1	LS8	1	LS	2	101045015 - 101060218	autori_scopus_preferred-name_erc.tsv	2026-09-29 17:23:46.903000	57204645152	0	LS	394	2316	353863	29	1.2521588946459412
6abbf4222297e265fbed88ed	57203142562	Giordano G.	Goffredo	Giordano	Goffredo Giordano	1	PE8	1	PE	1	101039198	autori_scopus_preferred-name_erc.tsv	2026-09-29 17:23:46.950000	57216593054	0	PE	1546	2580	792386	2096	81.24031007751938
6abbf4222297e265fbed88ed	57203142562	Giordano G.	Goffredo	Giordano	Goffredo Giordano	1	PE8	1	PE	1	101039198	autori_scopus_preferred-name_erc.tsv	2026-09-29 17:23:46.950000	56806349200	0	PE	1546	4993	792386	4975	99.63949529341077
6abbf4222297e265fbed88ed	57203142562	Giordano G.	Goffredo	Giordano	Goffredo Giordano	1	PE8	1	PE	1	101039198	autori_scopus_preferred-name_erc.tsv	2026-09-29 17:23:46.950000	57196834241	0	PE	1546	446	792386	80	17.937219730941703
6abbf4222297e265fbed88ed	57203142562	Giordano G.	Goffredo	Giordano	Goffredo Giordano	1	PE8	1	PE	1	101039198	autori_scopus_preferred-name_erc.tsv	2026-09-29 17:23:46.950000	57203142562	1	PE	1546	705	792386	683	96.87943262411348
6abbf4222297e265fbed88ed	57203142562	Giordano G.	Goffredo	Giordano	Goffredo Giordano	1	PE8	1	PE	1	101039198	autori_scopus_preferred-name_erc.tsv	2026-09-29 17:23:46.950000	57204645152	0	PE	1546	2316	792386	2096	90.50086355785838
6abbf4222297e265fbed8908	57204645152	Giordano G.	Girolamo	Giordano	Girolamo Giordano	1	PE5	1	PE	1	101054004	autori_scopus_preferred-name_erc.tsv	2026-09-29 17:23:46.975000	57216593054	0	PE	1546	2580	792386	2096	81.24031007751938
6abbf4222297e265fbed8908	57204645152	Giordano G.	Girolamo	Giordano	Girolamo Giordano	1	PE5	1	PE	1	101054004	autori_scopus_preferred-name_erc.tsv	2026-09-29 17:23:46.975000	56806349200	0	PE	1546	4993	792386	4975	99.63949529341077
6abbf4222297e265fbed8908	57204645152	Giordano G.	Girolamo	Giordano	Girolamo Giordano	1	PE5	1	PE	1	101054004	autori_scopus_preferred-name_erc.tsv	2026-09-29 17:23:46.975000	57196834241	0	PE	1546	446	792386	80	17.937219730941703
6abbf4222297e265fbed8908	57204645152	Giordano G.	Girolamo	Giordano	Girolamo Giordano	1	PE5	1	PE	1	101054004	autori_scopus_preferred-name_erc.tsv	2026-09-29 17:23:46.975000	57203142562	0	PE	1546	705	792386	683	96.87943262411348
6abbf4222297e265fbed8908	57204645152	Giordano G.	Girolamo	Giordano	Girolamo Giordano	1	PE5	1	PE	1	101054004	autori_scopus_preferred-name_erc.tsv	2026-09-29 17:23:46.975000	57204645152	1	PE	1546	2316	792386	2096	90.50086355785838
6abbf4212297e265fbed8371	7004019407	Lodato G.	Giuseppe	Lodato	Giuseppe Lodato	1	PE9	1	PE	3	101039651 - 101076613 - 101104656	autori_scopus_preferred-name_erc.tsv	2026-09-29 17:23:45.778000	7004019407	1	PE	1546	6038	792386	5788	95.85955614441868
6abbf4212297e265fbed8371	7004019407	Lodato G.	Giuseppe	Lodato	Giuseppe Lodato	1	PE9	1	PE	3	101039651 - 101076613 - 101104656	autori_scopus_preferred-name_erc.tsv	2026-09-29 17:23:45.778000	36021173000	0	PE	1546	725	792386	85	11.724137931034482
6abbf4222297e265fbed86d7	36021173000	Lodato S.	Simona	Lodato	Simona Lodato	1	LS5	1	LS	1	101043003	autori_scopus_preferred-name_erc.tsv	2026-09-29 17:23:46.577000	7004019407	0	LS	394	6038	353863	31	0.5134150380920834
6abbf4222297e265fbed86d7	36021173000	Lodato S.	Simona	Lodato	Simona Lodato	1	LS5	1	LS	1	101043003	autori_scopus_preferred-name_erc.tsv	2026-09-29 17:23:46.577000	36021173000	1	LS	394	725	353863	510	70.34482758620689
6abbf4212297e265fbed8387	57197815917	Pinto F.	Federica	Pinto	Federica Pinto	1	LS8	1	LS	1	101045015	autori_scopus_preferred-name_erc.tsv	2026-09-29 17:23:45.798000	57197815917	1	LS	394	661	353863	587	88.80484114977307
6abbf4212297e265fbed8387	57197815917	Pinto F.	Federica	Pinto	Federica Pinto	1	LS8	1	LS	1	101045015	autori_scopus_preferred-name_erc.tsv	2026-09-29 17:23:45.798000	57195271004	0	LS	394	129	353863	4	3.10077519379845
6abbf4212297e265fbed8387	57197815917	Pinto F.	Federica	Pinto	Federica Pinto	1	LS8	1	LS	1	101045015	autori_scopus_preferred-name_erc.tsv	2026-09-29 17:23:45.798000	58859358000	0	LS	394	1115	353863	22	1.9730941704035874
6abbf4222297e265fbed8897	57195271004	Pinto D.	Diogo E.P.	Pinto	Diogo E. P. Pinto	1	PE3	1	PE	1	101040035	autori_scopus_preferred-name_erc.tsv	2026-09-29 17:23:46.886000	57197815917	0	PE	1546	661	792386	150	22.692889561270803
6abbf4222297e265fbed8897	57195271004	Pinto D.	Diogo E.P.	Pinto	Diogo E. P. Pinto	1	PE3	1	PE	1	101040035	autori_scopus_preferred-name_erc.tsv	2026-09-29 17:23:46.886000	57195271004	1	PE	1546	129	792386	129	100.0
6abbf4222297e265fbed8897	57195271004	Pinto D.	Diogo E.P.	Pinto	Diogo E. P. Pinto	1	PE3	1	PE	1	101040035	autori_scopus_preferred-name_erc.tsv	2026-09-29 17:23:46.886000	58859358000	0	PE	1546	1115	792386	139	12.466367713004484
6abbf4232297e265fbed8ab2	58859358000	Pinto J.	Joaquim G.	Pinto	Joaquim G. Pinto	1	SH6	1	SH	1	101052653	autori_scopus_preferred-name_erc.tsv	2026-09-29 17:23:47.265000	57197815917	0	SH	189	661	151025	63	9.531013615733738
6abbf4232297e265fbed8ab2	58859358000	Pinto J.	Joaquim G.	Pinto	Joaquim G. Pinto	1	SH6	1	SH	1	101052653	autori_scopus_preferred-name_erc.tsv	2026-09-29 17:23:47.265000	57195271004	0	SH	189	129	151025	2	1.550387596899225
6abbf4232297e265fbed8ab2	58859358000	Pinto J.	Joaquim G.	Pinto	Joaquim G. Pinto	1	SH6	1	SH	1	101052653	autori_scopus_preferred-name_erc.tsv	2026-09-29 17:23:47.265000	58859358000	1	SH	189	1115	151025	40	3.587443946188341
6abbf4222297e265fbed8685	26324486200	Singh D.	Deepak	Singh	Deepak Singh	1	PE5	1	PE	1	101040025	autori_scopus_preferred-name_erc.tsv	2026-09-29 17:23:46.503000	26324486200	1	PE	1546	99	792386	74	74.74747474747475
6abbf4222297e265fbed8685	26324486200	Singh D.	Deepak	Singh	Deepak Singh	1	PE5	1	PE	1	101040025	autori_scopus_preferred-name_erc.tsv	2026-09-29 17:23:46.503000	57898515400	0	PE	1546	977	792386	224	22.92732855680655
6abbf4232297e265fbed8a4b	57898515400	Singh M.	Mandeep	Singh	Mandeep Singh	1	PE8	1	PE	1	101061820	autori_scopus_preferred-name_erc.tsv	2026-09-29 17:23:47.187000	26324486200	0	PE	1546	99	792386	74	74.74747474747475
6abbf4232297e265fbed8a4b	57898515400	Singh M.	Mandeep	Singh	Mandeep Singh	1	PE8	1	PE	1	101061820	autori_scopus_preferred-name_erc.tsv	2026-09-29 17:23:47.187000	57898515400	1	PE	1546	977	792386	224	22.92732855680655
6abbf4212297e265fbed838b	57224195115	Carbone C.	Chiara	Carbone	Chiara Carbone	1	SH4	1	SH	1	101042625	autori_scopus_preferred-name_erc.tsv	2026-09-29 17:23:45.801000	57224195115	1	SH	189	240	151025	240	100.0
6abbf4212297e265fbed838b	57224195115	Carbone C.	Chiara	Carbone	Chiara Carbone	1	SH4	1	SH	1	101042625	autori_scopus_preferred-name_erc.tsv	2026-09-29 17:23:45.801000	7005260033	0	SH	189	692	151025	3	0.4335260115606936
6abbf4212297e265fbed838b	57224195115	Carbone C.	Chiara	Carbone	Chiara Carbone	1	SH4	1	SH	1	101042625	autori_scopus_preferred-name_erc.tsv	2026-09-29 17:23:45.801000	57878631100	0	SH	189	233	151025	16	6.866952789699571
6abbf4222297e265fbed85c7	7005260033	Carbone F.	Fabrizio	Carbone	Fabrizio Carbone	1	PE2	1	PE	1	101101048	autori_scopus_preferred-name_erc.tsv	2026-09-29 17:23:46.333000	57224195115	0	PE	1546	240	792386	19	7.916666666666666
6abbf4222297e265fbed85c7	7005260033	Carbone F.	Fabrizio	Carbone	Fabrizio Carbone	1	PE2	1	PE	1	101101048	autori_scopus_preferred-name_erc.tsv	2026-09-29 17:23:46.333000	7005260033	1	PE	1546	692	792386	516	74.56647398843931
6abbf4222297e265fbed85c7	7005260033	Carbone F.	Fabrizio	Carbone	Fabrizio Carbone	1	PE2	1	PE	1	101101048	autori_scopus_preferred-name_erc.tsv	2026-09-29 17:23:46.333000	57878631100	0	PE	1546	233	792386	24	10.300429184549357
6abbf4232297e265fbed8a49	57878631100	Carbone E.	Erika	Carbone	Erika Carbone	1	LS1	1	LS	1	101041298	autori_scopus_preferred-name_erc.tsv	2026-09-29 17:23:47.184000	57224195115	0	LS	394	240	353863	98	40.833333333333336
6abbf4232297e265fbed8a49	57878631100	Carbone E.	Erika	Carbone	Erika Carbone	1	LS1	1	LS	1	101041298	autori_scopus_preferred-name_erc.tsv	2026-09-29 17:23:47.184000	7005260033	0	LS	394	692	353863	11	1.5895953757225432
6abbf4232297e265fbed8a49	57878631100	Carbone E.	Erika	Carbone	Erika Carbone	1	LS1	1	LS	1	101041298	autori_scopus_preferred-name_erc.tsv	2026-09-29 17:23:47.184000	57878631100	1	LS	394	233	353863	197	84.54935622317596
6abbf4212297e265fbed8396	36460968600	Gatti T.	T.	Gatti	Teresa Gatti	1	PE11	1	PE	1	101041229	autori_scopus_preferred-name_erc.tsv	2026-09-29 17:23:45.812000	36460968600	1	PE	1546	2650	792386	2349	88.64150943396226
6abbf4212297e265fbed8396	36460968600	Gatti T.	T.	Gatti	Teresa Gatti	1	PE11	1	PE	1	101041229	autori_scopus_preferred-name_erc.tsv	2026-09-29 17:23:45.812000	57219563056	0	PE	1546	1113	792386	36	3.234501347708895
6abbf4232297e265fbed89a8	57219563056	Gatti D.	Daniele	Gatti	Daniele Gatti	1	SH4	1	SH	1	101087053	autori_scopus_preferred-name_erc.tsv	2026-09-29 17:23:47.086000	36460968600	0	SH	189	2650	151025	19	0.7169811320754716
6abbf4232297e265fbed89a8	57219563056	Gatti D.	Daniele	Gatti	Daniele Gatti	1	SH4	1	SH	1	101087053	autori_scopus_preferred-name_erc.tsv	2026-09-29 17:23:47.086000	57219563056	1	SH	189	1113	151025	411	36.92722371967655
6abbf4212297e265fbed8398	54991922900	Natali M.	Mirco	Natali	Mirco Natali	1	PE5	1	PE	4	101077698 - 101040025 - 101106125 - 101105828	autori_scopus_preferred-name_erc.tsv	2026-09-29 17:23:45.814000	54991922900	1	PE	1546	2029	792386	1233	60.76885165105963
6abbf4212297e265fbed8398	54991922900	Natali M.	Mirco	Natali	Mirco Natali	1	PE5	1	PE	4	101077698 - 101040025 - 101106125 - 101105828	autori_scopus_preferred-name_erc.tsv	2026-09-29 17:23:45.814000	58883046200	0	PE	1546	0	792386	0	0
6abbf4222297e265fbed8599	58883046200	Natali D.	Daniele	Natali	Daniele Natali	1	PE8	1	PE	1	101039467	autori_scopus_preferred-name_erc.tsv	2026-09-29 17:23:46.288000	54991922900	0	PE	1546	2029	792386	1233	60.76885165105963
6abbf4222297e265fbed8599	58883046200	Natali D.	Daniele	Natali	Daniele Natali	1	PE8	1	PE	1	101039467	autori_scopus_preferred-name_erc.tsv	2026-09-29 17:23:46.288000	58883046200	1	PE	1546	0	792386	0	0
6abbf4212297e265fbed839c	56856637200	Fabiani C.	Claudia	Fabiani	Claudia Fabiani	1	PE8	1	PE	1	101041255	autori_scopus_preferred-name_erc.tsv	2026-09-29 17:23:45.818000	56856637200	1	PE	1546	3528	792386	3528	100.0
6abbf4212297e265fbed839c	56856637200	Fabiani C.	Claudia	Fabiani	Claudia Fabiani	1	PE8	1	PE	1	101041255	autori_scopus_preferred-name_erc.tsv	2026-09-29 17:23:45.818000	24073172400	0	PE	1546	1981	792386	1873	94.54820797576981
6abbf4212297e265fbed8425	24073172400	Fabiani S.	Sergio	Fabiani	Sergio Fabiani	1	PE9	1	PE	1	101076343	autori_scopus_preferred-name_erc.tsv	2026-09-29 17:23:45.943000	56856637200	0	PE	1546	3528	792386	3528	100.0
6abbf4212297e265fbed8425	24073172400	Fabiani S.	Sergio	Fabiani	Sergio Fabiani	1	PE9	1	PE	1	101076343	autori_scopus_preferred-name_erc.tsv	2026-09-29 17:23:45.943000	24073172400	1	PE	1546	1981	792386	1873	94.54820797576981
6abbf4212297e265fbed83a2	57214531455	Esposito M.	Massimilliano	Esposito	M. Esposito	1	PE9	1	PE	1	101052347	autori_scopus_preferred-name_erc.tsv	2026-09-29 17:23:45.823000	57214531455	1	PE	1546	3069	792386	3069	100.0
6abbf4212297e265fbed83a2	57214531455	Esposito M.	Massimilliano	Esposito	M. Esposito	1	PE9	1	PE	1	101052347	autori_scopus_preferred-name_erc.tsv	2026-09-29 17:23:45.823000	35276925200	0	PE	1546	672	792386	191	28.422619047619047
6abbf4212297e265fbed83a2	57214531455	Esposito M.	Massimilliano	Esposito	M. Esposito	1	PE9	1	PE	1	101052347	autori_scopus_preferred-name_erc.tsv	2026-09-29 17:23:45.823000	57209463887	0	PE	1546	380	792386	15	3.9473684210526314
6abbf4212297e265fbed83a2	57214531455	Esposito M.	Massimilliano	Esposito	M. Esposito	1	PE9	1	PE	1	101052347	autori_scopus_preferred-name_erc.tsv	2026-09-29 17:23:45.823000	57217173071	0	PE	1546	216	792386	12	5.555555555555555
6abbf4222297e265fbed86b4	35276925200	Esposito I.	Iréne	Esposito	Irene Esposito	1	PE8	1	PE	1	101040383	autori_scopus_preferred-name_erc.tsv	2026-09-29 17:23:46.546000	57214531455	0	PE	1546	3069	792386	3069	100.0
6abbf4222297e265fbed86b4	35276925200	Esposito I.	Iréne	Esposito	Irene Esposito	1	PE8	1	PE	1	101040383	autori_scopus_preferred-name_erc.tsv	2026-09-29 17:23:46.546000	35276925200	1	PE	1546	672	792386	191	28.422619047619047
6abbf4222297e265fbed86b4	35276925200	Esposito I.	Iréne	Esposito	Irene Esposito	1	PE8	1	PE	1	101040383	autori_scopus_preferred-name_erc.tsv	2026-09-29 17:23:46.546000	57209463887	0	PE	1546	380	792386	15	3.9473684210526314
6abbf4222297e265fbed86b4	35276925200	Esposito I.	Iréne	Esposito	Irene Esposito	1	PE8	1	PE	1	101040383	autori_scopus_preferred-name_erc.tsv	2026-09-29 17:23:46.546000	57217173071	0	PE	1546	216	792386	12	5.555555555555555
6abbf4232297e265fbed8939	57209463887	Esposito C.	Carmen Mariarosaria	Esposito	Carmen Esposito	1	SH6	1	SH	2	101065320 - 101077348	autori_scopus_preferred-name_erc.tsv	2026-09-29 17:23:47.007000	57214531455	0	SH	189	3069	151025	24	0.7820136852394917
6abbf4232297e265fbed8939	57209463887	Esposito C.	Carmen Mariarosaria	Esposito	Carmen Esposito	1	SH6	1	SH	2	101065320 - 101077348	autori_scopus_preferred-name_erc.tsv	2026-09-29 17:23:47.007000	35276925200	0	SH	189	672	151025	19	2.8273809523809526
6abbf4232297e265fbed8939	57209463887	Esposito C.	Carmen Mariarosaria	Esposito	Carmen Esposito	1	SH6	1	SH	2	101065320 - 101077348	autori_scopus_preferred-name_erc.tsv	2026-09-29 17:23:47.007000	57209463887	1	SH	189	380	151025	219	57.631578947368425
6abbf4232297e265fbed8939	57209463887	Esposito C.	Carmen Mariarosaria	Esposito	Carmen Esposito	1	SH6	1	SH	2	101065320 - 101077348	autori_scopus_preferred-name_erc.tsv	2026-09-29 17:23:47.007000	57217173071	0	SH	189	216	151025	9	4.166666666666666
6abbf4232297e265fbed8986	57217173071	Esposito F.	Federica	Esposito	Federica Esposito	1	LS8	1	LS	1	101045015	autori_scopus_preferred-name_erc.tsv	2026-09-29 17:23:47.065000	57214531455	0	LS	394	3069	353863	47	1.531443466927338
6abbf4232297e265fbed8986	57217173071	Esposito F.	Federica	Esposito	Federica Esposito	1	LS8	1	LS	1	101045015	autori_scopus_preferred-name_erc.tsv	2026-09-29 17:23:47.065000	35276925200	0	LS	394	672	353863	162	24.107142857142858
6abbf4232297e265fbed8986	57217173071	Esposito F.	Federica	Esposito	Federica Esposito	1	LS8	1	LS	1	101045015	autori_scopus_preferred-name_erc.tsv	2026-09-29 17:23:47.065000	57209463887	0	LS	394	380	353863	18	4.736842105263158
6abbf4232297e265fbed8986	57217173071	Esposito F.	Federica	Esposito	Federica Esposito	1	LS8	1	LS	1	101045015	autori_scopus_preferred-name_erc.tsv	2026-09-29 17:23:47.065000	57217173071	1	LS	394	216	353863	216	100.0
6abbf4212297e265fbed83d2	56038545500	Rodríguez A.	Alex	Rodríguez	Alex Rodriguez	1	PE4	1	PE	1	101043272	autori_scopus_preferred-name_erc.tsv	2026-09-29 17:23:45.868000	56038545500	1	PE	1546	1504	792386	1425	94.74734042553192
6abbf4212297e265fbed83d2	56038545500	Rodríguez A.	Alex	Rodríguez	Alex Rodriguez	1	PE4	1	PE	1	101043272	autori_scopus_preferred-name_erc.tsv	2026-09-29 17:23:45.868000	58897772900	0	PE	1546	0	792386	0	0
6abbf4232297e265fbed8ab7	58897772900	Rodríguez R.	Ricardo I.	Rodríguez	Ricardo I. Rodríguez	1	PE5	1	PE	3	101040025 - 101106125 - 101105828	autori_scopus_preferred-name_erc.tsv	2026-09-29 17:23:47.270000	56038545500	0	PE	1546	1504	792386	1425	94.74734042553192
6abbf4232297e265fbed8ab7	58897772900	Rodríguez R.	Ricardo I.	Rodríguez	Ricardo I. Rodríguez	1	PE5	1	PE	3	101040025 - 101106125 - 101105828	autori_scopus_preferred-name_erc.tsv	2026-09-29 17:23:47.270000	58897772900	1	PE	1546	0	792386	0	0
6abbf4212297e265fbed83d3	56089514300	Cutolo A.	A.	Cutolo	Arsenio Cutolo	1	PE8	1	PE	1	101052956	autori_scopus_preferred-name_erc.tsv	2026-09-29 17:23:45.869000	56089514300	1	PE	1546	1503	792386	1368	91.01796407185628
6abbf4212297e265fbed83d3	56089514300	Cutolo A.	A.	Cutolo	Arsenio Cutolo	1	PE8	1	PE	1	101052956	autori_scopus_preferred-name_erc.tsv	2026-09-29 17:23:45.869000	57211005005	0	PE	1546	1148	792386	76	6.620209059233449
6abbf4222297e265fbed854e	57211005005	Cutolo E.	Edoardo Andrea	Cutolo	Edoardo Andrea Cutolo	1	LS9	1	LS	1	101053983	autori_scopus_preferred-name_erc.tsv	2026-09-29 17:23:46.216000	56089514300	0	LS	394	1503	353863	69	4.590818363273453
6abbf4222297e265fbed854e	57211005005	Cutolo E.	Edoardo Andrea	Cutolo	Edoardo Andrea Cutolo	1	LS9	1	LS	1	101053983	autori_scopus_preferred-name_erc.tsv	2026-09-29 17:23:46.216000	57211005005	1	LS	394	1148	353863	1001	87.1951219512195
6abbf4212297e265fbed83e5	57194782748	Biagi N.	Nicola	Biagi	Nicola Biagi	1	PE7	1	PE	1	101077917	autori_scopus_preferred-name_erc.tsv	2026-09-29 17:23:45.886000	57194782748	1	PE	1546	502	792386	502	100.0
6abbf4212297e265fbed83e5	57194782748	Biagi N.	Nicola	Biagi	Nicola Biagi	1	PE7	1	PE	1	101077917	autori_scopus_preferred-name_erc.tsv	2026-09-29 17:23:45.886000	7003861327	0	PE	1546	3602	792386	3472	96.39089394780677
6abbf4232297e265fbed8bc5	7003861327	Biagi S.	Simone	Biagi	S. Biagi	1	PE9	1	PE	1	101076343	autori_scopus_preferred-name_erc.tsv	2026-09-29 17:23:47.501000	57194782748	0	PE	1546	502	792386	502	100.0
6abbf4232297e265fbed8bc5	7003861327	Biagi S.	Simone	Biagi	S. Biagi	1	PE9	1	PE	1	101076343	autori_scopus_preferred-name_erc.tsv	2026-09-29 17:23:47.501000	7003861327	1	PE	1546	3602	792386	3472	96.39089394780677
6abbf4212297e265fbed83e6	57199326106	Antonelli L.	Lucio Angelo	Antonelli	Lucio Angelo Antonelli	1	PE9	1	PE	1	101076343	autori_scopus_preferred-name_erc.tsv	2026-09-29 17:23:45.887000	57199326106	1	PE	1546	7961	792386	7866	98.80668257756562
6abbf4212297e265fbed83e6	57199326106	Antonelli L.	Lucio Angelo	Antonelli	Lucio Angelo Antonelli	1	PE9	1	PE	1	101076343	autori_scopus_preferred-name_erc.tsv	2026-09-29 17:23:45.887000	35095999100	0	PE	1546	16044	792386	15910	99.16479680877586
6abbf4212297e265fbed83e6	57199326106	Antonelli L.	Lucio Angelo	Antonelli	Lucio Angelo Antonelli	1	PE9	1	PE	1	101076343	autori_scopus_preferred-name_erc.tsv	2026-09-29 17:23:45.887000	7003984798	0	PE	1546	1554	792386	453	29.150579150579148
6abbf4222297e265fbed869a	35095999100	Antonelli M.	Mario	Antonelli	M. Antonelli	1	PE2	1	PE	1	101089007	autori_scopus_preferred-name_erc.tsv	2026-09-29 17:23:46.522000	57199326106	0	PE	1546	7961	792386	7866	98.80668257756562
6abbf4222297e265fbed869a	35095999100	Antonelli M.	Mario	Antonelli	M. Antonelli	1	PE2	1	PE	1	101089007	autori_scopus_preferred-name_erc.tsv	2026-09-29 17:23:46.522000	35095999100	1	PE	1546	16044	792386	15910	99.16479680877586
6abbf4222297e265fbed869a	35095999100	Antonelli M.	Mario	Antonelli	M. Antonelli	1	PE2	1	PE	1	101089007	autori_scopus_preferred-name_erc.tsv	2026-09-29 17:23:46.522000	7003984798	0	PE	1546	1554	792386	453	29.150579150579148
6abbf4232297e265fbed8bce	7003984798	Antonelli C.	Cristian	Antonelli	Cristian Antonelli	1	PE7	1	PE	1	101077917	autori_scopus_preferred-name_erc.tsv	2026-09-29 17:23:47.508000	57199326106	0	PE	1546	7961	792386	7866	98.80668257756562
6abbf4232297e265fbed8bce	7003984798	Antonelli C.	Cristian	Antonelli	Cristian Antonelli	1	PE7	1	PE	1	101077917	autori_scopus_preferred-name_erc.tsv	2026-09-29 17:23:47.508000	35095999100	0	PE	1546	16044	792386	15910	99.16479680877586
6abbf4232297e265fbed8bce	7003984798	Antonelli C.	Cristian	Antonelli	Cristian Antonelli	1	PE7	1	PE	1	101077917	autori_scopus_preferred-name_erc.tsv	2026-09-29 17:23:47.508000	7003984798	1	PE	1546	1554	792386	453	29.150579150579148
6abbf4212297e265fbed83e7	57200755004	Wang M.	Mengjiao	Wang	Mengjiao Wang	1	PE11	1	PE	1	101041229	autori_scopus_preferred-name_erc.tsv	2026-09-29 17:23:45.887000	57200755004	1	PE	1546	807	792386	651	80.66914498141264
6abbf4212297e265fbed83e7	57200755004	Wang M.	Mengjiao	Wang	Mengjiao Wang	1	PE11	1	PE	1	101041229	autori_scopus_preferred-name_erc.tsv	2026-09-29 17:23:45.887000	57224735774	0	PE	1546	362	792386	63	17.403314917127073
6abbf4232297e265fbed89ee	57224735774	Wang Q.	Qiuran	Wang	Qiuran Wang	1	SH4	1	SH	1	101096728	autori_scopus_preferred-name_erc.tsv	2026-09-29 17:23:47.121000	57200755004	0	SH	189	807	151025	5	0.6195786864931847
6abbf4232297e265fbed89ee	57224735774	Wang Q.	Qiuran	Wang	Qiuran Wang	1	SH4	1	SH	1	101096728	autori_scopus_preferred-name_erc.tsv	2026-09-29 17:23:47.121000	57224735774	1	SH	189	362	151025	362	100.0
6abbf4212297e265fbed83ed	57214470766	Gamba R.	Rossella	Gamba	Rossella Gamba	1	PE9	1	PE	1	101043372	autori_scopus_preferred-name_erc.tsv	2026-09-29 17:23:45.893000	57214470766	1	PE	1546	616	792386	611	99.18831168831169
6abbf4212297e265fbed83ed	57214470766	Gamba R.	Rossella	Gamba	Rossella Gamba	1	PE9	1	PE	1	101043372	autori_scopus_preferred-name_erc.tsv	2026-09-29 17:23:45.893000	23392458000	0	PE	1546	3112	792386	91	2.924164524421594
6abbf4222297e265fbed84b3	23392458000	Gamba M.	Marco	Gamba	Marco Gamba	1	SH4	1	SH	1	101041885	autori_scopus_preferred-name_erc.tsv	2026-09-29 17:23:46.072000	57214470766	0	SH	189	616	151025	4	0.6493506493506493
6abbf4222297e265fbed84b3	23392458000	Gamba M.	Marco	Gamba	Marco Gamba	1	SH4	1	SH	1	101041885	autori_scopus_preferred-name_erc.tsv	2026-09-29 17:23:46.072000	23392458000	1	SH	189	3112	151025	1813	58.25835475578406
6abbf4212297e265fbed83f8	57427422000	Ricci L.	Liviana	Ricci	Liviana Ricci	1	LS8	1	LS	1	101045015	autori_scopus_preferred-name_erc.tsv	2026-09-29 17:23:45.903000	57427422000	1	LS	394	245	353863	179	73.06122448979592
6abbf4212297e265fbed83f8	57427422000	Ricci L.	Liviana	Ricci	Liviana Ricci	1	LS8	1	LS	1	101045015	autori_scopus_preferred-name_erc.tsv	2026-09-29 17:23:45.903000	57218589809	0	LS	394	284	353863	11	3.873239436619718
6abbf4212297e265fbed83f8	57427422000	Ricci L.	Liviana	Ricci	Liviana Ricci	1	LS8	1	LS	1	101045015	autori_scopus_preferred-name_erc.tsv	2026-09-29 17:23:45.903000	57209088804	0	LS	394	1270	353863	121	9.527559055118111
6abbf4222297e265fbed8568	57218589809	Ricci S.	Saverio	Ricci	Saverio Ricci	1	PE7	1	PE	1	101042585	autori_scopus_preferred-name_erc.tsv	2026-09-29 17:23:46.241000	57427422000	0	PE	1546	245	792386	51	20.816326530612244
6abbf4222297e265fbed8568	57218589809	Ricci S.	Saverio	Ricci	Saverio Ricci	1	PE7	1	PE	1	101042585	autori_scopus_preferred-name_erc.tsv	2026-09-29 17:23:46.241000	57218589809	1	PE	1546	284	792386	284	100.0
6abbf4222297e265fbed8568	57218589809	Ricci S.	Saverio	Ricci	Saverio Ricci	1	PE7	1	PE	1	101042585	autori_scopus_preferred-name_erc.tsv	2026-09-29 17:23:46.241000	57209088804	0	PE	1546	1270	792386	97	7.637795275590552
6abbf4232297e265fbed8936	57209088804	Ricci S.	Stefano	Ricci	Stefano Ricci	1	SH6	1	SH	1	101077348	autori_scopus_preferred-name_erc.tsv	2026-09-29 17:23:47.006000	57427422000	0	SH	189	245	151025	19	7.755102040816326
6abbf4232297e265fbed8936	57209088804	Ricci S.	Stefano	Ricci	Stefano Ricci	1	SH6	1	SH	1	101077348	autori_scopus_preferred-name_erc.tsv	2026-09-29 17:23:47.006000	57218589809	0	SH	189	284	151025	17	5.985915492957746
6abbf4232297e265fbed8936	57209088804	Ricci S.	Stefano	Ricci	Stefano Ricci	1	SH6	1	SH	1	101077348	autori_scopus_preferred-name_erc.tsv	2026-09-29 17:23:47.006000	57209088804	1	SH	189	1270	151025	1150	90.5511811023622
6abbf4212297e265fbed83fb	58003585600	Calcaterra S.	Stefano	Calcaterra	Stefano Calcaterra	1	PE7	1	PE	1	101097569	autori_scopus_preferred-name_erc.tsv	2026-09-29 17:23:45.905000	58003585600	1	PE	1546	100	792386	100	100.0
6abbf4212297e265fbed83fb	58003585600	Calcaterra S.	Stefano	Calcaterra	Stefano Calcaterra	1	PE7	1	PE	1	101097569	autori_scopus_preferred-name_erc.tsv	2026-09-29 17:23:45.905000	58730345300	0	PE	1546	52	792386	1	1.9230769230769231
6abbf4232297e265fbed8aa3	58730345300	Calcaterra M.	Matteo	Calcaterra	Matteo Calcaterra	1	SH7	1	SH	2	101044703 - 101056873	autori_scopus_preferred-name_erc.tsv	2026-09-29 17:23:47.252000	58003585600	0	SH	189	100	151025	0	0.0
6abbf4232297e265fbed8aa3	58730345300	Calcaterra M.	Matteo	Calcaterra	Matteo Calcaterra	1	SH7	1	SH	2	101044703 - 101056873	autori_scopus_preferred-name_erc.tsv	2026-09-29 17:23:47.252000	58730345300	1	SH	189	52	151025	25	48.07692307692308
6abbf4212297e265fbed8403	6603679093	Isella G.	Giovanni	Isella	Giovanni Isella	1	PE7	1	PE	1	101097569	autori_scopus_preferred-name_erc.tsv	2026-09-29 17:23:45.913000	6603679093	1	PE	1546	2803	792386	2094	74.7056724937567
6abbf4212297e265fbed8403	6603679093	Isella G.	Giovanni	Isella	Giovanni Isella	1	PE7	1	PE	1	101097569	autori_scopus_preferred-name_erc.tsv	2026-09-29 17:23:45.913000	8699469900	0	PE	1546	1337	792386	1314	98.27973074046372
6abbf4222297e265fbed85de	8699469900	Isella A.	Andrea	Isella	Andrea Isella	1	PE9	1	PE	1	101076613	autori_scopus_preferred-name_erc.tsv	2026-09-29 17:23:46.355000	6603679093	0	PE	1546	2803	792386	2094	74.7056724937567
6abbf4222297e265fbed85de	8699469900	Isella A.	Andrea	Isella	Andrea Isella	1	PE9	1	PE	1	101076613	autori_scopus_preferred-name_erc.tsv	2026-09-29 17:23:46.355000	8699469900	1	PE	1546	1337	792386	1314	98.27973074046372
6abbf4212297e265fbed8412	7006063472	Raimondi M.	Manuela Teresa	Raimondi	Manuela Teresa Raimondi	1	PE8	1	PE	2	101068512 - 101053122	autori_scopus_preferred-name_erc.tsv	2026-09-29 17:23:45.927000	7006063472	1	PE	1546	3552	792386	2846	80.12387387387388
6abbf4212297e265fbed8412	7006063472	Raimondi M.	Manuela Teresa	Raimondi	Manuela Teresa Raimondi	1	PE8	1	PE	2	101068512 - 101053122	autori_scopus_preferred-name_erc.tsv	2026-09-29 17:23:45.927000	57222326454	0	PE	1546	666	792386	26	3.903903903903904
6abbf4232297e265fbed89dc	57222326454	Raimondi T.	Teresa	Raimondi	Teresa Raimondi	1	SH4	1	SH	1	101041885	autori_scopus_preferred-name_erc.tsv	2026-09-29 17:23:47.109000	7006063472	0	SH	189	3552	151025	56	1.5765765765765765
6abbf4232297e265fbed89dc	57222326454	Raimondi T.	Teresa	Raimondi	Teresa Raimondi	1	SH4	1	SH	1	101041885	autori_scopus_preferred-name_erc.tsv	2026-09-29 17:23:47.109000	57222326454	1	SH	189	666	151025	606	90.990990990991
6abbf4212297e265fbed841c	16029615600	Schiattarella G.	Gabriele Giacomo	Schiattarella	Gabriele G. Schiattarella	1	LS4	1	LS	1	101078307	autori_scopus_preferred-name_erc.tsv	2026-09-29 17:23:45.935000	16029615600	1	LS	394	2710	353863	979	36.125461254612546
6abbf4212297e265fbed841c	16029615600	Schiattarella G.	Gabriele Giacomo	Schiattarella	Gabriele G. Schiattarella	1	LS4	1	LS	1	101078307	autori_scopus_preferred-name_erc.tsv	2026-09-29 17:23:45.935000	57190862946	0	LS	394	488	353863	38	7.786885245901639
6abbf4222297e265fbed851c	57190862946	Schiattarella C.	Chiara	Schiattarella	Chiara Schiattarella	1	PE7	1	PE	1	101081567	autori_scopus_preferred-name_erc.tsv	2026-09-29 17:23:46.170000	16029615600	0	PE	1546	2710	792386	183	6.752767527675277
6abbf4222297e265fbed851c	57190862946	Schiattarella C.	Chiara	Schiattarella	Chiara Schiattarella	1	PE7	1	PE	1	101081567	autori_scopus_preferred-name_erc.tsv	2026-09-29 17:23:46.170000	57190862946	1	PE	1546	488	792386	203	41.59836065573771
6abbf4212297e265fbed8421	22836019000	Salvato M.	Mara	Salvato	Mara Salvato	1	PE9	1	PE	2	101086378 - 101045437	autori_scopus_preferred-name_erc.tsv	2026-09-29 17:23:45.940000	22836019000	1	PE	1546	6311	792386	6006	95.16716843606402
6abbf4212297e265fbed8421	22836019000	Salvato M.	Mara	Salvato	Mara Salvato	1	PE9	1	PE	2	101086378 - 101045437	autori_scopus_preferred-name_erc.tsv	2026-09-29 17:23:45.940000	57211158383	0	PE	1546	382	792386	110	28.79581151832461
6abbf4232297e265fbed8944	57211158383	Salvato E.	Erica	Salvato	Erica Salvato	1	PE7	1	PE	1	101076926	autori_scopus_preferred-name_erc.tsv	2026-09-29 17:23:47.012000	22836019000	0	PE	1546	6311	792386	6006	95.16716843606402
6abbf4232297e265fbed8944	57211158383	Salvato E.	Erica	Salvato	Erica Salvato	1	PE7	1	PE	1	101076926	autori_scopus_preferred-name_erc.tsv	2026-09-29 17:23:47.012000	57211158383	1	PE	1546	382	792386	110	28.79581151832461
6abbf4222297e265fbed8840	57189469058	Liu Z.	Zheming	Liu	Zheming Liu	1	PE11	1	PE	1	101041229	autori_scopus_preferred-name_erc.tsv	2026-09-29 17:23:46.829000	57189469058	1	PE	1546	281	792386	281	100.0
6abbf4222297e265fbed8840	57189469058	Liu Z.	Zheming	Liu	Zheming Liu	1	PE11	1	PE	1	101041229	autori_scopus_preferred-name_erc.tsv	2026-09-29 17:23:46.829000	57201201897	0	PE	1546	116	792386	116	100.0
6abbf4222297e265fbed88c8	57201201897	Liu Y.	Ying	Liu	Ying Liu	1	PE5	1	PE	1	101095974	autori_scopus_preferred-name_erc.tsv	2026-09-29 17:23:46.924000	57189469058	0	PE	1546	281	792386	281	100.0
6abbf4222297e265fbed88c8	57201201897	Liu Y.	Ying	Liu	Ying Liu	1	PE5	1	PE	1	101095974	autori_scopus_preferred-name_erc.tsv	2026-09-29 17:23:46.924000	57201201897	1	PE	1546	116	792386	116	100.0
6abbf4212297e265fbed844e	56284355200	Romano C.	C.	Romano	Claudia Romano	1	PE10	1	PE	1	101044772	autori_scopus_preferred-name_erc.tsv	2026-09-29 17:23:45.980000	56284355200	1	PE	1546	2635	792386	2115	80.26565464895636
6abbf4212297e265fbed844e	56284355200	Romano C.	C.	Romano	Claudia Romano	1	PE10	1	PE	1	101044772	autori_scopus_preferred-name_erc.tsv	2026-09-29 17:23:45.980000	57195250950	0	PE	1546	1647	792386	634	38.49423193685489
6abbf4222297e265fbed8896	57195250950	Romano V.	Valentino	Romano	Valentino Romano	1	PE11	1	PE	1	101055097	autori_scopus_preferred-name_erc.tsv	2026-09-29 17:23:46.886000	56284355200	0	PE	1546	2635	792386	2115	80.26565464895636
6abbf4222297e265fbed8896	57195250950	Romano V.	Valentino	Romano	Valentino Romano	1	PE11	1	PE	1	101055097	autori_scopus_preferred-name_erc.tsv	2026-09-29 17:23:46.886000	57195250950	1	PE	1546	1647	792386	634	38.49423193685489
6abbf4212297e265fbed845c	57193119619	Brunetti G.	Gianfranco F.	Brunetti	G. Brunetti	1	PE9	1	PE	1	101086378	autori_scopus_preferred-name_erc.tsv	2026-09-29 17:23:45.991000	57193119619	1	PE	1546	4534	792386	4419	97.4636082928981
6abbf4212297e265fbed845c	57193119619	Brunetti G.	Gianfranco F.	Brunetti	G. Brunetti	1	PE9	1	PE	1	101086378	autori_scopus_preferred-name_erc.tsv	2026-09-29 17:23:45.991000	57338928700	0	PE	1546	54	792386	20	37.03703703703704
6abbf4232297e265fbed8a11	57338928700	Brunetti I.	Irene	Brunetti	Irene Brunetti	1	PE7	1	PE	1	101097876	autori_scopus_preferred-name_erc.tsv	2026-09-29 17:23:47.147000	57193119619	0	PE	1546	4534	792386	4419	97.4636082928981
6abbf4232297e265fbed8a11	57338928700	Brunetti I.	Irene	Brunetti	Irene Brunetti	1	PE7	1	PE	1	101097876	autori_scopus_preferred-name_erc.tsv	2026-09-29 17:23:47.147000	57338928700	1	PE	1546	54	792386	20	37.03703703703704
6abbf4212297e265fbed845d	57194286495	Mecozzi B.	Beniamino	Mecozzi	Beniamino Mecozzi	1	SH6	1	SH	1	101052653	autori_scopus_preferred-name_erc.tsv	2026-09-29 17:23:45.992000	57194286495	1	SH	189	2597	151025	2484	95.64882556796303
6abbf4212297e265fbed845d	57194286495	Mecozzi B.	Beniamino	Mecozzi	Beniamino Mecozzi	1	SH6	1	SH	1	101052653	autori_scopus_preferred-name_erc.tsv	2026-09-29 17:23:45.992000	57203628230	0	SH	189	1445	151025	7	0.4844290657439446
6abbf4222297e265fbed88f8	57203628230	Mecozzi A.	A.	Mecozzi	Antonio Mecozzi	1	PE7	1	PE	1	101077917	autori_scopus_preferred-name_erc.tsv	2026-09-29 17:23:46.960000	57194286495	0	PE	1546	2597	792386	209	8.04774740084713
6abbf4222297e265fbed88f8	57203628230	Mecozzi A.	A.	Mecozzi	Antonio Mecozzi	1	PE7	1	PE	1	101077917	autori_scopus_preferred-name_erc.tsv	2026-09-29 17:23:46.960000	57203628230	1	PE	1546	1445	792386	385	26.643598615916954
6abbf4222297e265fbed8472	57477394000	Corti M.	Mattia	Corti	Mattia Corti	1	SYG-PE	1	PE	1	101115663	autori_scopus_preferred-name_erc.tsv	2026-09-29 17:23:46.011000	57477394000	1	PE	1546	182	792386	182	100.0
6abbf4222297e265fbed8472	57477394000	Corti M.	Mattia	Corti	Mattia Corti	1	SYG-PE	1	PE	1	101115663	autori_scopus_preferred-name_erc.tsv	2026-09-29 17:23:46.011000	56581966700	0	PE	1546	459	792386	139	30.28322440087146
6abbf4222297e265fbed8472	57477394000	Corti M.	Mattia	Corti	Mattia Corti	1	SYG-PE	1	PE	1	101115663	autori_scopus_preferred-name_erc.tsv	2026-09-29 17:23:46.011000	7006220309	0	PE	1546	3166	792386	2478	78.2691092861655
6abbf4222297e265fbed87f9	56581966700	Corti V.	Vasco	Corti	Vasco Corti	1	PE5	1	PE	3	101040025 - 101106125 - 101105828	autori_scopus_preferred-name_erc.tsv	2026-09-29 17:23:46.775000	57477394000	0	PE	1546	182	792386	182	100.0
6abbf4222297e265fbed87f9	56581966700	Corti V.	Vasco	Corti	Vasco Corti	1	PE5	1	PE	3	101040025 - 101106125 - 101105828	autori_scopus_preferred-name_erc.tsv	2026-09-29 17:23:46.775000	56581966700	1	PE	1546	459	792386	139	30.28322440087146
6abbf4222297e265fbed87f9	56581966700	Corti V.	Vasco	Corti	Vasco Corti	1	PE5	1	PE	3	101040025 - 101106125 - 101105828	autori_scopus_preferred-name_erc.tsv	2026-09-29 17:23:46.775000	7006220309	0	PE	1546	3166	792386	2478	78.2691092861655
6abbf4232297e265fbed8c16	7006220309	Corti G.	Giacomo	Corti	Giacomo Corti	1	PE10	1	PE	2	101087245 - 101119486	autori_scopus_preferred-name_erc.tsv	2026-09-29 17:23:47.572000	57477394000	0	PE	1546	182	792386	182	100.0
6abbf4232297e265fbed8c16	7006220309	Corti G.	Giacomo	Corti	Giacomo Corti	1	PE10	1	PE	2	101087245 - 101119486	autori_scopus_preferred-name_erc.tsv	2026-09-29 17:23:47.572000	56581966700	0	PE	1546	459	792386	139	30.28322440087146
6abbf4232297e265fbed8c16	7006220309	Corti G.	Giacomo	Corti	Giacomo Corti	1	PE10	1	PE	2	101087245 - 101119486	autori_scopus_preferred-name_erc.tsv	2026-09-29 17:23:47.572000	7006220309	1	PE	1546	3166	792386	2478	78.2691092861655
6abbf4222297e265fbed8475	57668086600	Kim D.	Dawoon E.	Kim	Dawoon E. Kim	1	PE9	1	PE	1	101076343	autori_scopus_preferred-name_erc.tsv	2026-09-29 17:23:46.014000	57668086600	1	PE	1546	739	792386	706	95.53450608930987
6abbf4222297e265fbed8475	57668086600	Kim D.	Dawoon E.	Kim	Dawoon E. Kim	1	PE9	1	PE	1	101076343	autori_scopus_preferred-name_erc.tsv	2026-09-29 17:23:46.014000	58290088200	0	PE	1546	49	792386	49	100.0
6abbf4222297e265fbed8591	58290088200	Kim S.	Sung-hwan	Kim	Sung-Hwan Kim	1	PE6	1	PE	1	101039208	autori_scopus_preferred-name_erc.tsv	2026-09-29 17:23:46.281000	57668086600	0	PE	1546	739	792386	706	95.53450608930987
6abbf4222297e265fbed8591	58290088200	Kim S.	Sung-hwan	Kim	Sung-Hwan Kim	1	PE6	1	PE	1	101039208	autori_scopus_preferred-name_erc.tsv	2026-09-29 17:23:46.281000	58290088200	1	PE	1546	49	792386	49	100.0
6abbf4222297e265fbed8496	7402527192	Costa E.	Enrico	Costa	Enrico Costa	1	PE9	1	PE	1	101076343	autori_scopus_preferred-name_erc.tsv	2026-09-29 17:23:46.045000	7402527192	1	PE	1546	2688	792386	2675	99.51636904761905
6abbf4222297e265fbed8496	7402527192	Costa E.	Enrico	Costa	Enrico Costa	1	PE9	1	PE	1	101076343	autori_scopus_preferred-name_erc.tsv	2026-09-29 17:23:46.045000	57102696600	0	PE	1546	249	792386	249	100.0
6abbf4222297e265fbed8515	57102696600	Costa P.	Paolo	Costa	Paolo Costa	1	PE5	1	PE	3	101040025 - 101106125 - 101105828	autori_scopus_preferred-name_erc.tsv	2026-09-29 17:23:46.163000	7402527192	0	PE	1546	2688	792386	2675	99.51636904761905
6abbf4222297e265fbed8515	57102696600	Costa P.	Paolo	Costa	Paolo Costa	1	PE5	1	PE	3	101040025 - 101106125 - 101105828	autori_scopus_preferred-name_erc.tsv	2026-09-29 17:23:46.163000	57102696600	1	PE	1546	249	792386	249	100.0
6abbf4222297e265fbed849d	10040033000	Monaco G.	Giulio	Monaco	Giulio Monaco	1	PE3	1	PE	1	101053167	autori_scopus_preferred-name_erc.tsv	2026-09-29 17:23:46.051000	10040033000	1	PE	1546	1879	792386	1121	59.65939329430549
6abbf4222297e265fbed849d	10040033000	Monaco G.	Giulio	Monaco	Giulio Monaco	1	PE3	1	PE	1	101053167	autori_scopus_preferred-name_erc.tsv	2026-09-29 17:23:46.051000	59227903300	0	PE	1546	0	792386	0	0
6abbf4222297e265fbed849d	10040033000	Monaco G.	Giulio	Monaco	Giulio Monaco	1	PE3	1	PE	1	101053167	autori_scopus_preferred-name_erc.tsv	2026-09-29 17:23:46.051000	7006221760	0	PE	1546	2233	792386	1697	75.99641737572772
6abbf4232297e265fbed8adc	59227903300	Monaco M.	Mariagrazia	Monaco	Mariagrazia Monaco	1	LS4	1	LS	1	101045285	autori_scopus_preferred-name_erc.tsv	2026-09-29 17:23:47.299000	10040033000	0	LS	394	1879	353863	18	0.9579563597658328
6abbf4232297e265fbed8adc	59227903300	Monaco M.	Mariagrazia	Monaco	Mariagrazia Monaco	1	LS4	1	LS	1	101045285	autori_scopus_preferred-name_erc.tsv	2026-09-29 17:23:47.299000	59227903300	1	LS	394	0	353863	0	0
6abbf4232297e265fbed8adc	59227903300	Monaco M.	Mariagrazia	Monaco	Mariagrazia Monaco	1	LS4	1	LS	1	101045285	autori_scopus_preferred-name_erc.tsv	2026-09-29 17:23:47.299000	7006221760	0	LS	394	2233	353863	9	0.40304523063143755
6abbf4232297e265fbed8c17	7006221760	Monaco P.	Pierluigi	Monaco	Pierluigi Monaco	1	PE9	1	PE	1	101042299	autori_scopus_preferred-name_erc.tsv	2026-09-29 17:23:47.573000	10040033000	0	PE	1546	1879	792386	1121	59.65939329430549
6abbf4232297e265fbed8c17	7006221760	Monaco P.	Pierluigi	Monaco	Pierluigi Monaco	1	PE9	1	PE	1	101042299	autori_scopus_preferred-name_erc.tsv	2026-09-29 17:23:47.573000	59227903300	0	PE	1546	0	792386	0	0
6abbf4232297e265fbed8c17	7006221760	Monaco P.	Pierluigi	Monaco	Pierluigi Monaco	1	PE9	1	PE	1	101042299	autori_scopus_preferred-name_erc.tsv	2026-09-29 17:23:47.573000	7006221760	1	PE	1546	2233	792386	1697	75.99641737572772
6abbf4222297e265fbed84a5	15047667100	Galbusera F.	F.	Galbusera	Fabio Galbusera	1	PE8	1	PE	1	101044828	autori_scopus_preferred-name_erc.tsv	2026-09-29 17:23:46.059000	15047667100	1	PE	1546	4152	792386	239	5.75626204238921
6abbf4222297e265fbed84a5	15047667100	Galbusera F.	F.	Galbusera	Fabio Galbusera	1	PE8	1	PE	1	101044828	autori_scopus_preferred-name_erc.tsv	2026-09-29 17:23:46.059000	58863173900	0	PE	1546	48	792386	0	0.0
6abbf4232297e265fbed8ab3	58863173900	Galbusera A.	Alessia	Galbusera	Alessia Galbusera	1	SH6	1	SH	2	101065320 - 101077348	autori_scopus_preferred-name_erc.tsv	2026-09-29 17:23:47.266000	15047667100	0	SH	189	4152	151025	97	2.336223506743738
6abbf4232297e265fbed8ab3	58863173900	Galbusera A.	Alessia	Galbusera	Alessia Galbusera	1	SH6	1	SH	2	101065320 - 101077348	autori_scopus_preferred-name_erc.tsv	2026-09-29 17:23:47.266000	58863173900	1	SH	189	48	151025	0	0.0
6abbf4222297e265fbed84bf	27568039400	Santini P.	Paola	Santini	Paola Santini	1	PE9	1	PE	1	101053208	autori_scopus_preferred-name_erc.tsv	2026-09-29 17:23:46.083000	27568039400	1	PE	1546	4571	792386	4477	97.9435572084883
6abbf4222297e265fbed84bf	27568039400	Santini P.	Paola	Santini	Paola Santini	1	PE9	1	PE	1	101053208	autori_scopus_preferred-name_erc.tsv	2026-09-29 17:23:46.083000	7006198153	0	PE	1546	963	792386	963	100.0
6abbf4232297e265fbed8c15	7006198153	Santini P.	Paolo	Santini	P. Santini	1	SYG-PE	1	PE	1	101071533	autori_scopus_preferred-name_erc.tsv	2026-09-29 17:23:47.571000	27568039400	0	PE	1546	4571	792386	4477	97.9435572084883
6abbf4232297e265fbed8c15	7006198153	Santini P.	Paolo	Santini	P. Santini	1	SYG-PE	1	PE	1	101071533	autori_scopus_preferred-name_erc.tsv	2026-09-29 17:23:47.571000	7006198153	1	PE	1546	963	792386	963	100.0
6abbf4222297e265fbed84c2	35148174600	Paggi M.	Marco	Paggi	M. Paggi	1	PE8	1	PE	1	101052956	autori_scopus_preferred-name_erc.tsv	2026-09-29 17:23:46.086000	35148174600	1	PE	1546	4442	792386	2279	51.30571814497974
6abbf4222297e265fbed84c2	35148174600	Paggi M.	Marco	Paggi	M. Paggi	1	PE8	1	PE	1	101052956	autori_scopus_preferred-name_erc.tsv	2026-09-29 17:23:46.086000	36933029700	0	PE	1546	3302	792386	3074	93.09509388249546
6abbf4222297e265fbed86ff	36933029700	Paggi A.	Alessandro	Paggi	Alessandro Paggi	1	PE9	1	PE	1	101076343	autori_scopus_preferred-name_erc.tsv	2026-09-29 17:23:46.609000	35148174600	0	PE	1546	4442	792386	2279	51.30571814497974
6abbf4222297e265fbed86ff	36933029700	Paggi A.	Alessandro	Paggi	Alessandro Paggi	1	PE9	1	PE	1	101076343	autori_scopus_preferred-name_erc.tsv	2026-09-29 17:23:46.609000	36933029700	1	PE	1546	3302	792386	3074	93.09509388249546
6abbf4222297e265fbed84d0	36893312700	Martinelli C.	Chiara	Martinelli	Chiara Martinelli	1	PE8	1	PE	2	101068512 - 101053122	autori_scopus_preferred-name_erc.tsv	2026-09-29 17:23:46.098000	36893312700	1	PE	1546	2490	792386	1722	69.1566265060241
6abbf4222297e265fbed84d0	36893312700	Martinelli C.	Chiara	Martinelli	Chiara Martinelli	1	PE8	1	PE	2	101068512 - 101053122	autori_scopus_preferred-name_erc.tsv	2026-09-29 17:23:46.098000	57208149448	0	PE	1546	437	792386	437	100.0
6abbf4222297e265fbed84d0	36893312700	Martinelli C.	Chiara	Martinelli	Chiara Martinelli	1	PE8	1	PE	2	101068512 - 101053122	autori_scopus_preferred-name_erc.tsv	2026-09-29 17:23:46.098000	57190342916	0	PE	1546	1400	792386	205	14.642857142857144
6abbf4222297e265fbed8546	57208149448	Martinelli A.	Alessandro	Martinelli	Alessandro Martinelli	1	PE3	1	PE	1	101053167	autori_scopus_preferred-name_erc.tsv	2026-09-29 17:23:46.209000	36893312700	0	PE	1546	2490	792386	1722	69.1566265060241
6abbf4222297e265fbed8546	57208149448	Martinelli A.	Alessandro	Martinelli	Alessandro Martinelli	1	PE3	1	PE	1	101053167	autori_scopus_preferred-name_erc.tsv	2026-09-29 17:23:46.209000	57208149448	1	PE	1546	437	792386	437	100.0
6abbf4222297e265fbed8546	57208149448	Martinelli A.	Alessandro	Martinelli	Alessandro Martinelli	1	PE3	1	PE	1	101053167	autori_scopus_preferred-name_erc.tsv	2026-09-29 17:23:46.209000	57190342916	0	PE	1546	1400	792386	205	14.642857142857144
6abbf4222297e265fbed8850	57190342916	Martinelli I.	Ilaria	Martinelli	Ilaria Martinelli	1	SH4	1	SH	1	101042625	autori_scopus_preferred-name_erc.tsv	2026-09-29 17:23:46.843000	36893312700	0	SH	189	2490	151025	31	1.2449799196787148
6abbf4222297e265fbed8850	57190342916	Martinelli I.	Ilaria	Martinelli	Ilaria Martinelli	1	SH4	1	SH	1	101042625	autori_scopus_preferred-name_erc.tsv	2026-09-29 17:23:46.843000	57208149448	0	SH	189	437	151025	1	0.2288329519450801
6abbf4222297e265fbed8850	57190342916	Martinelli I.	Ilaria	Martinelli	Ilaria Martinelli	1	SH4	1	SH	1	101042625	autori_scopus_preferred-name_erc.tsv	2026-09-29 17:23:46.843000	57190342916	1	SH	189	1400	151025	1056	75.42857142857143
6abbf4222297e265fbed84d1	37003280500	Vacca G.	Giuseppe	Vacca	Giuseppe Vacca	1	SYG-PE	1	PE	1	101115663	autori_scopus_preferred-name_erc.tsv	2026-09-29 17:23:46.099000	37003280500	1	PE	1546	624	792386	560	89.74358974358975
6abbf4222297e265fbed84d1	37003280500	Vacca G.	Giuseppe	Vacca	Giuseppe Vacca	1	SYG-PE	1	PE	1	101115663	autori_scopus_preferred-name_erc.tsv	2026-09-29 17:23:46.099000	57217795988	0	PE	1546	1084	792386	46	4.243542435424354
6abbf4232297e265fbed898e	57217795988	Vacca A.	Antonio	Vacca	Antonio Vacca	1	LS4	1	LS	1	101078307	autori_scopus_preferred-name_erc.tsv	2026-09-29 17:23:47.072000	37003280500	0	LS	394	624	353863	6	0.9615384615384616
6abbf4232297e265fbed898e	57217795988	Vacca A.	Antonio	Vacca	Antonio Vacca	1	LS4	1	LS	1	101078307	autori_scopus_preferred-name_erc.tsv	2026-09-29 17:23:47.072000	57217795988	1	LS	394	1084	353863	201	18.54243542435424
6abbf4222297e265fbed84d2	37018396300	Marchetti R.	Roberta	Marchetti	Roberta Marchetti	1	PE5	1	PE	1	101039841	autori_scopus_preferred-name_erc.tsv	2026-09-29 17:23:46.100000	37018396300	1	PE	1546	1543	792386	1543	100.0
6abbf4222297e265fbed84d2	37018396300	Marchetti R.	Roberta	Marchetti	Roberta Marchetti	1	PE5	1	PE	1	101039841	autori_scopus_preferred-name_erc.tsv	2026-09-29 17:23:46.100000	57193493644	0	PE	1546	815	792386	758	93.00613496932515
6abbf4222297e265fbed84d2	37018396300	Marchetti R.	Roberta	Marchetti	Roberta Marchetti	1	PE5	1	PE	1	101039841	autori_scopus_preferred-name_erc.tsv	2026-09-29 17:23:46.100000	7103204997	0	PE	1546	6212	792386	456	7.340631036703154
6abbf4222297e265fbed8877	57193493644	Marchetti F.	Filippo	Marchetti	Filippo Marchetti	1	PE4	1	PE	2	101112805 - 101088032	autori_scopus_preferred-name_erc.tsv	2026-09-29 17:23:46.860000	37018396300	0	PE	1546	1543	792386	1543	100.0
6abbf4222297e265fbed8877	57193493644	Marchetti F.	Filippo	Marchetti	Filippo Marchetti	1	PE4	1	PE	2	101112805 - 101088032	autori_scopus_preferred-name_erc.tsv	2026-09-29 17:23:46.860000	57193493644	1	PE	1546	815	792386	758	93.00613496932515
6abbf4222297e265fbed8877	57193493644	Marchetti F.	Filippo	Marchetti	Filippo Marchetti	1	PE4	1	PE	2	101112805 - 101088032	autori_scopus_preferred-name_erc.tsv	2026-09-29 17:23:46.860000	7103204997	0	PE	1546	6212	792386	456	7.340631036703154
6abbf4232297e265fbed8c3e	7103204997	Marchetti P.	P.	Marchetti	Piero Marchetti	1	LS4	1	LS	1	101043671	autori_scopus_preferred-name_erc.tsv	2026-09-29 17:23:47.607000	37018396300	0	LS	394	1543	353863	132	8.554763447828904
6abbf4232297e265fbed8c3e	7103204997	Marchetti P.	P.	Marchetti	Piero Marchetti	1	LS4	1	LS	1	101043671	autori_scopus_preferred-name_erc.tsv	2026-09-29 17:23:47.607000	57193493644	0	LS	394	815	353863	135	16.56441717791411
6abbf4232297e265fbed8c3e	7103204997	Marchetti P.	P.	Marchetti	Piero Marchetti	1	LS4	1	LS	1	101043671	autori_scopus_preferred-name_erc.tsv	2026-09-29 17:23:47.607000	7103204997	1	LS	394	6212	353863	1386	22.311654861558274
6abbf4222297e265fbed84d3	37040936100	Tanzi L.	Luca	Tanzi	Luca Tanzi	1	PE2	1	PE	1	101055319	autori_scopus_preferred-name_erc.tsv	2026-09-29 17:23:46.101000	37040936100	1	PE	1546	370	792386	305	82.43243243243244
6abbf4222297e265fbed84d3	37040936100	Tanzi L.	Luca	Tanzi	Luca Tanzi	1	PE2	1	PE	1	101055319	autori_scopus_preferred-name_erc.tsv	2026-09-29 17:23:46.101000	57223193616	0	PE	1546	234	792386	21	8.974358974358974
6abbf4232297e265fbed89e5	57223193616	Tanzi A.	Adele	Tanzi	Adele Tanzi	1	LS7	1	LS	1	101045467	autori_scopus_preferred-name_erc.tsv	2026-09-29 17:23:47.114000	37040936100	0	LS	394	370	353863	2	0.5405405405405406
6abbf4232297e265fbed89e5	57223193616	Tanzi A.	Adele	Tanzi	Adele Tanzi	1	LS7	1	LS	1	101045467	autori_scopus_preferred-name_erc.tsv	2026-09-29 17:23:47.114000	57223193616	1	LS	394	234	353863	234	100.0
6abbf4222297e265fbed84e1	55246218600	Huang R.	Ruojun	Huang	Ruojun Huang	1	PE1	1	PE	1	101053472	autori_scopus_preferred-name_erc.tsv	2026-09-29 17:23:46.114000	55246218600	1	PE	1546	109	792386	109	100.0
6abbf4222297e265fbed84e1	55246218600	Huang R.	Ruojun	Huang	Ruojun Huang	1	PE1	1	PE	1	101053472	autori_scopus_preferred-name_erc.tsv	2026-09-29 17:23:46.114000	57211634315	0	PE	1546	737	792386	192	26.051560379918588
6abbf4222297e265fbed8552	57211634315	Huang K.	Kun D.	Huang	Kun D. Huang	1	LS8	1	LS	1	101045015	autori_scopus_preferred-name_erc.tsv	2026-09-29 17:23:46.220000	55246218600	0	LS	394	109	353863	1	0.9174311926605505
6abbf4222297e265fbed8552	57211634315	Huang K.	Kun D.	Huang	Kun D. Huang	1	LS8	1	LS	1	101045015	autori_scopus_preferred-name_erc.tsv	2026-09-29 17:23:46.220000	57211634315	1	LS	394	737	353863	737	100.0
6abbf4222297e265fbed84e5	55375394900	Rinaldi L.	Luca	Rinaldi	Luca Rinaldi	1	SH4	1	SH	1	101087053	autori_scopus_preferred-name_erc.tsv	2026-09-29 17:23:46.116000	55375394900	1	SH	189	2603	151025	1191	45.75489819439109
6abbf4222297e265fbed84e5	55375394900	Rinaldi L.	Luca	Rinaldi	Luca Rinaldi	1	SH4	1	SH	1	101087053	autori_scopus_preferred-name_erc.tsv	2026-09-29 17:23:46.116000	8325324100	0	SH	189	742	151025	7	0.9433962264150944
6abbf4232297e265fbed8c57	8325324100	Rinaldi A.	Alessandra	Rinaldi	Alessandra Rinaldi	1	LS9	1	LS	1	101040462	autori_scopus_preferred-name_erc.tsv	2026-09-29 17:23:47.617000	55375394900	0	LS	394	2603	353863	312	11.986169804072224
6abbf4232297e265fbed8c57	8325324100	Rinaldi A.	Alessandra	Rinaldi	Alessandra Rinaldi	1	LS9	1	LS	1	101040462	autori_scopus_preferred-name_erc.tsv	2026-09-29 17:23:47.617000	8325324100	1	LS	394	742	353863	15	2.0215633423180592
6abbf4222297e265fbed84eb	55697020400	Conte R.	Riccardo	Conte	Riccardo Conte	1	PE4	1	PE	1	101081361	autori_scopus_preferred-name_erc.tsv	2026-09-29 17:23:46.122000	55697020400	1	PE	1546	1445	792386	1033	71.4878892733564
6abbf4222297e265fbed84eb	55697020400	Conte R.	Riccardo	Conte	Riccardo Conte	1	PE4	1	PE	1	101081361	autori_scopus_preferred-name_erc.tsv	2026-09-29 17:23:46.122000	56268146200	0	PE	1546	244	792386	191	78.27868852459017
6abbf4222297e265fbed87d0	56268146200	Conte A.	Adriano Mosca	Conte	Adriano Mosca Conte	1	PE3	1	PE	1	101066434	autori_scopus_preferred-name_erc.tsv	2026-09-29 17:23:46.746000	55697020400	0	PE	1546	1445	792386	1033	71.4878892733564
6abbf4222297e265fbed87d0	56268146200	Conte A.	Adriano Mosca	Conte	Adriano Mosca Conte	1	PE3	1	PE	1	101066434	autori_scopus_preferred-name_erc.tsv	2026-09-29 17:23:46.746000	56268146200	1	PE	1546	244	792386	191	78.27868852459017
6abbf4222297e265fbed84f8	56195219500	Camargo F.	Franco V.A.	Camargo	Franco V. A. Camargo	1	LS9	1	LS	1	101053983	autori_scopus_preferred-name_erc.tsv	2026-09-29 17:23:46.135000	56195219500	1	LS	394	1088	353863	362	33.27205882352941
6abbf4222297e265fbed84f8	56195219500	Camargo F.	Franco V.A.	Camargo	Franco V. A. Camargo	1	LS9	1	LS	1	101053983	autori_scopus_preferred-name_erc.tsv	2026-09-29 17:23:46.135000	59304306700	0	LS	394	0	353863	0	0
6abbf4232297e265fbed8aeb	59304306700	Camargo F.	Franco V.A.	Camargo	Franco V. A. Camargo	1	PE4	1	PE	2	101047137 - 101076859	autori_scopus_preferred-name_erc.tsv	2026-09-29 17:23:47.311000	56195219500	0	PE	1546	1088	792386	616	56.61764705882353
6abbf4232297e265fbed8aeb	59304306700	Camargo F.	Franco V.A.	Camargo	Franco V. A. Camargo	1	PE4	1	PE	2	101047137 - 101076859	autori_scopus_preferred-name_erc.tsv	2026-09-29 17:23:47.311000	59304306700	1	PE	1546	0	792386	0	0
6abbf4222297e265fbed8502	56394720500	Venturi D.	Daniele	Venturi	Daniele Venturi	1	PE6	1	PE	2	101096871 - 101054911	autori_scopus_preferred-name_erc.tsv	2026-09-29 17:23:46.144000	56394720500	1	PE	1546	1380	792386	345	25.0
6abbf4222297e265fbed8502	56394720500	Venturi D.	Daniele	Venturi	Daniele Venturi	1	PE6	1	PE	2	101096871 - 101054911	autori_scopus_preferred-name_erc.tsv	2026-09-29 17:23:46.144000	57201649820	0	PE	1546	1985	792386	1985	100.0
6abbf4222297e265fbed88d1	57201649820	Venturi G.	Giacomo	Venturi	G. Venturi	1	PE9	1	PE	1	101040751	autori_scopus_preferred-name_erc.tsv	2026-09-29 17:23:46.928000	56394720500	0	PE	1546	1380	792386	345	25.0
6abbf4222297e265fbed88d1	57201649820	Venturi G.	Giacomo	Venturi	G. Venturi	1	PE9	1	PE	1	101040751	autori_scopus_preferred-name_erc.tsv	2026-09-29 17:23:46.928000	57201649820	1	PE	1546	1985	792386	1985	100.0
6abbf4222297e265fbed850a	56638659600	Filippini T.	Tommaso	Filippini	Tommaso Filippini	1	SH4	1	SH	1	101042625	autori_scopus_preferred-name_erc.tsv	2026-09-29 17:23:46.152000	56638659600	1	SH	189	7787	151025	6920	88.86605881597535
6abbf4222297e265fbed850a	56638659600	Filippini T.	Tommaso	Filippini	Tommaso Filippini	1	SH4	1	SH	1	101042625	autori_scopus_preferred-name_erc.tsv	2026-09-29 17:23:46.152000	54402939800	0	SH	189	1578	151025	5	0.3168567807351077
6abbf4222297e265fbed850a	56638659600	Filippini T.	Tommaso	Filippini	Tommaso Filippini	1	SH4	1	SH	1	101042625	autori_scopus_preferred-name_erc.tsv	2026-09-29 17:23:46.152000	57192251704	0	SH	189	1186	151025	16	1.3490725126475547
6abbf4222297e265fbed8722	54402939800	Filippini G.	Giacomo	Filippini	Giacomo Filippini	1	PE5	1	PE	1	101039578	autori_scopus_preferred-name_erc.tsv	2026-09-29 17:23:46.624000	56638659600	0	PE	1546	7787	792386	358	4.597405932965199
6abbf4222297e265fbed8722	54402939800	Filippini G.	Giacomo	Filippini	Giacomo Filippini	1	PE5	1	PE	1	101039578	autori_scopus_preferred-name_erc.tsv	2026-09-29 17:23:46.624000	54402939800	1	PE	1546	1578	792386	1097	69.51837769328264
6abbf4222297e265fbed8722	54402939800	Filippini G.	Giacomo	Filippini	Giacomo Filippini	1	PE5	1	PE	1	101039578	autori_scopus_preferred-name_erc.tsv	2026-09-29 17:23:46.624000	57192251704	0	PE	1546	1186	792386	1186	100.0
6abbf4222297e265fbed8861	57192251704	Filippini F.	Francesco	Filippini	F. Filippini	1	PE9	1	PE	1	101076343	autori_scopus_preferred-name_erc.tsv	2026-09-29 17:23:46.851000	56638659600	0	PE	1546	7787	792386	358	4.597405932965199
6abbf4222297e265fbed8861	57192251704	Filippini F.	Francesco	Filippini	F. Filippini	1	PE9	1	PE	1	101076343	autori_scopus_preferred-name_erc.tsv	2026-09-29 17:23:46.851000	54402939800	0	PE	1546	1578	792386	1097	69.51837769328264
6abbf4222297e265fbed8861	57192251704	Filippini F.	Francesco	Filippini	F. Filippini	1	PE9	1	PE	1	101076343	autori_scopus_preferred-name_erc.tsv	2026-09-29 17:23:46.851000	57192251704	1	PE	1546	1186	792386	1186	100.0
6abbf4222297e265fbed8516	57188624879	Capone F.	Federico	Capone	Federico Capone	1	LS4	1	LS	1	101078307	autori_scopus_preferred-name_erc.tsv	2026-09-29 17:23:46.164000	57188624879	1	LS	394	640	353863	197	30.78125
6abbf4222297e265fbed8516	57188624879	Capone F.	Federico	Capone	Federico Capone	1	LS4	1	LS	1	101078307	autori_scopus_preferred-name_erc.tsv	2026-09-29 17:23:46.164000	35434659900	0	LS	394	2941	353863	27	0.9180550833049982
6abbf4222297e265fbed86bf	35434659900	Capone A.	Antonio	Capone	A. Capone	1	PE9	1	PE	1	101076343	autori_scopus_preferred-name_erc.tsv	2026-09-29 17:23:46.556000	57188624879	0	PE	1546	640	792386	49	7.656250000000001
6abbf4222297e265fbed86bf	35434659900	Capone A.	Antonio	Capone	A. Capone	1	PE9	1	PE	1	101076343	autori_scopus_preferred-name_erc.tsv	2026-09-29 17:23:46.556000	35434659900	1	PE	1546	2941	792386	2801	95.23971438286297
6abbf4222297e265fbed8523	57193874792	Calabro A.	Antonello	Calabro	Antonello Calabró	1	PE9	1	PE	1	101053208	autori_scopus_preferred-name_erc.tsv	2026-09-29 17:23:46.175000	57193874792	1	PE	1546	3817	792386	3621	94.86507728582656
6abbf4222297e265fbed8523	57193874792	Calabro A.	Antonello	Calabro	Antonello Calabró	1	PE9	1	PE	1	101053208	autori_scopus_preferred-name_erc.tsv	2026-09-29 17:23:46.175000	57202022068	0	PE	1546	307	792386	76	24.7557003257329
6abbf4222297e265fbed88d7	57202022068	Calabro L.	Laura	Calabro	Laura Calabrò	1	PE10	1	PE	1	101044772	autori_scopus_preferred-name_erc.tsv	2026-09-29 17:23:46.933000	57193874792	0	PE	1546	3817	792386	3621	94.86507728582656
6abbf4222297e265fbed88d7	57202022068	Calabro L.	Laura	Calabro	Laura Calabrò	1	PE10	1	PE	1	101044772	autori_scopus_preferred-name_erc.tsv	2026-09-29 17:23:46.933000	57202022068	1	PE	1546	307	792386	76	24.7557003257329
6abbf4222297e265fbed8529	57195808631	Russo S.	Simone	Russo	Simone Russo	1	SYG-LS	1	LS	1	101071900	autori_scopus_preferred-name_erc.tsv	2026-09-29 17:23:46.181000	57195808631	1	LS	394	531	353863	525	98.87005649717514
6abbf4222297e265fbed8529	57195808631	Russo S.	Simone	Russo	Simone Russo	1	SYG-LS	1	LS	1	101071900	autori_scopus_preferred-name_erc.tsv	2026-09-29 17:23:46.181000	57194018820	0	LS	394	833	353863	762	91.47659063625451
6abbf4222297e265fbed8885	57194018820	Russo L.	Luca	Russo	Luca Russo	1	LS7	1	LS	1	101077710	autori_scopus_preferred-name_erc.tsv	2026-09-29 17:23:46.872000	57195808631	0	LS	394	531	353863	525	98.87005649717514
6abbf4222297e265fbed8885	57194018820	Russo L.	Luca	Russo	Luca Russo	1	LS7	1	LS	1	101077710	autori_scopus_preferred-name_erc.tsv	2026-09-29 17:23:46.872000	57194018820	1	LS	394	833	353863	762	91.47659063625451
6abbf4222297e265fbed8534	57201496275	Bonetti L.	Lorenzo	Bonetti	Lorenzo Bonetti	1	PE8	1	PE	1	101039467	autori_scopus_preferred-name_erc.tsv	2026-09-29 17:23:46.191000	57201496275	1	PE	1546	1241	792386	251	20.225624496373893
6abbf4222297e265fbed8534	57201496275	Bonetti L.	Lorenzo	Bonetti	Lorenzo Bonetti	1	PE8	1	PE	1	101039467	autori_scopus_preferred-name_erc.tsv	2026-09-29 17:23:46.191000	57216803267	0	PE	1546	390	792386	390	100.0
6abbf4222297e265fbed8560	57216803267	Bonetti G.	Giorgia	Bonetti	Giorgia Bonetti	1	PE4	1	PE	1	101040798	autori_scopus_preferred-name_erc.tsv	2026-09-29 17:23:46.234000	57201496275	0	PE	1546	1241	792386	251	20.225624496373893
6abbf4222297e265fbed8560	57216803267	Bonetti G.	Giorgia	Bonetti	Giorgia Bonetti	1	PE4	1	PE	1	101040798	autori_scopus_preferred-name_erc.tsv	2026-09-29 17:23:46.234000	57216803267	1	PE	1546	390	792386	390	100.0
6abbf4222297e265fbed8542	57204970253	Pignatti C.	Clemente	Pignatti	Clemente Pignatti	1	SH3	1	SH	1	101039655	autori_scopus_preferred-name_erc.tsv	2026-09-29 17:23:46.205000	57204970253	1	SH	189	0	151025	0	0
6abbf4222297e265fbed8542	57204970253	Pignatti C.	Clemente	Pignatti	Clemente Pignatti	1	SH3	1	SH	1	101039655	autori_scopus_preferred-name_erc.tsv	2026-09-29 17:23:46.205000	6603840161	0	SH	189	1484	151025	51	3.436657681940701
6abbf4232297e265fbed8b7b	6603840161	Pignatti S.	Stefano	Pignatti	Stefano Pignatti	1	LS9	1	LS	1	101086622	autori_scopus_preferred-name_erc.tsv	2026-09-29 17:23:47.435000	57204970253	0	LS	394	0	353863	0	0
6abbf4232297e265fbed8b7b	6603840161	Pignatti S.	Stefano	Pignatti	Stefano Pignatti	1	LS9	1	LS	1	101086622	autori_scopus_preferred-name_erc.tsv	2026-09-29 17:23:47.435000	6603840161	1	LS	394	1484	353863	159	10.714285714285714
6abbf4222297e265fbed8561	57216891177	Scuderi S.	Sarah Adriana	Scuderi	Sarah Adriana Scuderi	1	LS4	1	LS	1	101052444	autori_scopus_preferred-name_erc.tsv	2026-09-29 17:23:46.234000	57216891177	1	LS	394	2109	353863	333	15.789473684210526
6abbf4222297e265fbed8561	57216891177	Scuderi S.	Sarah Adriana	Scuderi	Sarah Adriana Scuderi	1	LS4	1	LS	1	101052444	autori_scopus_preferred-name_erc.tsv	2026-09-29 17:23:46.234000	36338222000	0	LS	394	20	353863	20	100.0
6abbf4222297e265fbed86e5	36338222000	Scuderi C.	Cristina	Scuderi	Cristina Scuderi	1	LS8	1	LS	1	101045015	autori_scopus_preferred-name_erc.tsv	2026-09-29 17:23:46.589000	57216891177	0	LS	394	2109	353863	333	15.789473684210526
6abbf4222297e265fbed86e5	36338222000	Scuderi C.	Cristina	Scuderi	Cristina Scuderi	1	LS8	1	LS	1	101045015	autori_scopus_preferred-name_erc.tsv	2026-09-29 17:23:46.589000	36338222000	1	LS	394	20	353863	20	100.0
6abbf4222297e265fbed856f	57221150686	Mandelli V.	Veronica	Mandelli	Veronica Mandelli	1	SH4	1	SH	1	101087263	autori_scopus_preferred-name_erc.tsv	2026-09-29 17:23:46.248000	57221150686	1	SH	189	231	151025	231	100.0
6abbf4222297e265fbed856f	57221150686	Mandelli V.	Veronica	Mandelli	Veronica Mandelli	1	SH4	1	SH	1	101087263	autori_scopus_preferred-name_erc.tsv	2026-09-29 17:23:46.248000	58358365900	0	SH	189	236	151025	1	0.423728813559322
6abbf4232297e265fbed8a78	58358365900	Mandelli G.	Giacomo	Mandelli	Giacomo Mandelli	1	PE4	1	PE	1	101081361	autori_scopus_preferred-name_erc.tsv	2026-09-29 17:23:47.216000	57221150686	0	PE	1546	231	792386	22	9.523809523809524
6abbf4232297e265fbed8a78	58358365900	Mandelli G.	Giacomo	Mandelli	Giacomo Mandelli	1	PE4	1	PE	1	101081361	autori_scopus_preferred-name_erc.tsv	2026-09-29 17:23:47.216000	58358365900	1	PE	1546	236	792386	236	100.0
6abbf4222297e265fbed858f	58095137400	Cocchi S.	Sebastiano	Cocchi	Sebastiano Cocchi	1	PE7	1	PE	1	101077917	autori_scopus_preferred-name_erc.tsv	2026-09-29 17:23:46.279000	58095137400	1	PE	1546	58	792386	46	79.3103448275862
6abbf4222297e265fbed858f	58095137400	Cocchi S.	Sebastiano	Cocchi	Sebastiano Cocchi	1	PE7	1	PE	1	101077917	autori_scopus_preferred-name_erc.tsv	2026-09-29 17:23:46.279000	56576467500	0	PE	1546	346	792386	328	94.79768786127167
6abbf4222297e265fbed87f8	56576467500	Cocchi M.	Massimo	Cocchi	Massimo Cocchi	1	PE9	1	PE	1	101076343	autori_scopus_preferred-name_erc.tsv	2026-09-29 17:23:46.775000	58095137400	0	PE	1546	58	792386	46	79.3103448275862
6abbf4222297e265fbed87f8	56576467500	Cocchi M.	Massimo	Cocchi	Massimo Cocchi	1	PE9	1	PE	1	101076343	autori_scopus_preferred-name_erc.tsv	2026-09-29 17:23:46.775000	56576467500	1	PE	1546	346	792386	328	94.79768786127167
6abbf4222297e265fbed8595	58500461500	Marchini F.	F.	Marchini	Francesco Marchini	1	PE8	1	PE	1	101041255	autori_scopus_preferred-name_erc.tsv	2026-09-29 17:23:46.285000	58500461500	1	PE	1546	131	792386	131	100.0
6abbf4222297e265fbed8595	58500461500	Marchini F.	F.	Marchini	Francesco Marchini	1	PE8	1	PE	1	101041255	autori_scopus_preferred-name_erc.tsv	2026-09-29 17:23:46.285000	55075943300	0	PE	1546	1184	792386	1097	92.65202702702703
6abbf4222297e265fbed8736	55075943300	Marchini A.	Alessandro	Marchini	Alessandro Marchini	1	PE9	1	PE	1	101076343	autori_scopus_preferred-name_erc.tsv	2026-09-29 17:23:46.642000	58500461500	0	PE	1546	131	792386	131	100.0
6abbf4222297e265fbed8736	55075943300	Marchini A.	Alessandro	Marchini	Alessandro Marchini	1	PE9	1	PE	1	101076343	autori_scopus_preferred-name_erc.tsv	2026-09-29 17:23:46.642000	55075943300	1	PE	1546	1184	792386	1097	92.65202702702703
6abbf4222297e265fbed85a1	59274086600	Valente S.	Stefano	Valente	Stefano Valente	1	PE5	1	PE	1	101039578	autori_scopus_preferred-name_erc.tsv	2026-09-29 17:23:46.297000	59274086600	1	PE	1546	109	792386	89	81.65137614678899
6abbf4222297e265fbed85a1	59274086600	Valente S.	Stefano	Valente	Stefano Valente	1	PE5	1	PE	1	101039578	autori_scopus_preferred-name_erc.tsv	2026-09-29 17:23:46.297000	57190488065	0	PE	1546	1528	792386	64	4.18848167539267
6abbf4222297e265fbed8851	57190488065	Valente D.	Daria	Valente	Daria Valente	1	SH4	1	SH	1	101041885	autori_scopus_preferred-name_erc.tsv	2026-09-29 17:23:46.844000	59274086600	0	SH	189	109	151025	0	0.0
6abbf4222297e265fbed8851	57190488065	Valente D.	Daria	Valente	Daria Valente	1	SH4	1	SH	1	101041885	autori_scopus_preferred-name_erc.tsv	2026-09-29 17:23:46.844000	57190488065	1	SH	189	1528	151025	1291	84.48952879581152
6abbf4222297e265fbed85a2	59302925800	Paduano A.	Angelo	Paduano	Angelo Paduano	1	PE8	1	PE	1	101075903	autori_scopus_preferred-name_erc.tsv	2026-09-29 17:23:46.298000	59302925800	1	PE	1546	0	792386	0	0
6abbf4222297e265fbed85a2	59302925800	Paduano A.	Angelo	Paduano	Angelo Paduano	1	PE8	1	PE	1	101075903	autori_scopus_preferred-name_erc.tsv	2026-09-29 17:23:46.298000	7003751883	0	PE	1546	3322	792386	1896	57.07405177603852
6abbf4232297e265fbed8bbd	7003751883	Paduano L.	Luigi	Paduano	Luigi Paduano	1	PE5	1	PE	1	101039841	autori_scopus_preferred-name_erc.tsv	2026-09-29 17:23:47.494000	59302925800	0	PE	1546	0	792386	0	0
6abbf4232297e265fbed8bbd	7003751883	Paduano L.	Luigi	Paduano	Luigi Paduano	1	PE5	1	PE	1	101039841	autori_scopus_preferred-name_erc.tsv	2026-09-29 17:23:47.494000	7003751883	1	PE	1546	3322	792386	1896	57.07405177603852
6abbf4222297e265fbed85be	7003853565	Treu T.	Tommaso L.	Treu	Tommaso Treu	1	PE9	1	PE	1	101053208	autori_scopus_preferred-name_erc.tsv	2026-09-29 17:23:46.324000	7003853565	1	PE	1546	4682	792386	4221	90.15378043571124
6abbf4222297e265fbed85be	7003853565	Treu T.	Tommaso L.	Treu	Tommaso Treu	1	PE9	1	PE	1	101053208	autori_scopus_preferred-name_erc.tsv	2026-09-29 17:23:46.324000	25923619600	0	PE	1546	4147	792386	3938	94.9602122015915
6abbf4222297e265fbed8682	25923619600	Treu L.	Laura	Treu	Laura Treu	1	PE8	1	PE	1	101098064	autori_scopus_preferred-name_erc.tsv	2026-09-29 17:23:46.501000	7003853565	0	PE	1546	4682	792386	4221	90.15378043571124
6abbf4222297e265fbed8682	25923619600	Treu L.	Laura	Treu	Laura Treu	1	PE8	1	PE	1	101098064	autori_scopus_preferred-name_erc.tsv	2026-09-29 17:23:46.501000	25923619600	1	PE	1546	4147	792386	3938	94.9602122015915
6abbf4222297e265fbed85c2	7004450805	Sala E.	Evis	Sala	Evis Sala	1	LS7	1	LS	1	101077710	autori_scopus_preferred-name_erc.tsv	2026-09-29 17:23:46.328000	7004450805	1	LS	394	2828	353863	932	32.95615275813296
6abbf4222297e265fbed85c2	7004450805	Sala E.	Evis	Sala	Evis Sala	1	LS7	1	LS	1	101077710	autori_scopus_preferred-name_erc.tsv	2026-09-29 17:23:46.328000	55907556200	0	LS	394	927	353863	8	0.8629989212513484
6abbf4222297e265fbed8798	55907556200	Sala B.	Benedetto	Sala	Benedetto Sala	1	SH6	1	SH	1	101052653	autori_scopus_preferred-name_erc.tsv	2026-09-29 17:23:46.707000	7004450805	0	SH	189	2828	151025	64	2.263083451202263
6abbf4222297e265fbed8798	55907556200	Sala B.	Benedetto	Sala	Benedetto Sala	1	SH6	1	SH	1	101052653	autori_scopus_preferred-name_erc.tsv	2026-09-29 17:23:46.707000	55907556200	1	SH	189	927	151025	713	76.91477885652644
6abbf4222297e265fbed85ca	7005924048	De Angelis A.	Alessandro D.	De Angelis	A. De Angelis	1	PE9	1	PE	1	101076343	autori_scopus_preferred-name_erc.tsv	2026-09-29 17:23:46.335000	7005924048	1	PE	1546	6411	792386	6193	96.59959444704414
6abbf4222297e265fbed85ca	7005924048	De Angelis A.	Alessandro D.	De Angelis	A. De Angelis	1	PE9	1	PE	1	101076343	autori_scopus_preferred-name_erc.tsv	2026-09-29 17:23:46.335000	35572110200	0	PE	1546	2666	792386	2483	93.13578394598649
6abbf4222297e265fbed85ca	7005924048	De Angelis A.	Alessandro D.	De Angelis	A. De Angelis	1	PE9	1	PE	1	101076343	autori_scopus_preferred-name_erc.tsv	2026-09-29 17:23:46.335000	57201851771	0	PE	1546	877	792386	781	89.05359179019385
6abbf4222297e265fbed86c8	35572110200	De Angelis C.	Costantino	De Angelis	Costantino De Angelis	1	PE7	1	PE	1	101044797	autori_scopus_preferred-name_erc.tsv	2026-09-29 17:23:46.564000	7005924048	0	PE	1546	6411	792386	6193	96.59959444704414
6abbf4222297e265fbed86c8	35572110200	De Angelis C.	Costantino	De Angelis	Costantino De Angelis	1	PE7	1	PE	1	101044797	autori_scopus_preferred-name_erc.tsv	2026-09-29 17:23:46.564000	35572110200	1	PE	1546	2666	792386	2483	93.13578394598649
6abbf4222297e265fbed86c8	35572110200	De Angelis C.	Costantino	De Angelis	Costantino De Angelis	1	PE7	1	PE	1	101044797	autori_scopus_preferred-name_erc.tsv	2026-09-29 17:23:46.564000	57201851771	0	PE	1546	877	792386	781	89.05359179019385
6abbf4222297e265fbed88d5	57201851771	De Angelis D.	Dario	De Angelis	Dario De Angelis	1	PE4	1	PE	1	101095012	autori_scopus_preferred-name_erc.tsv	2026-09-29 17:23:46.932000	7005924048	0	PE	1546	6411	792386	6193	96.59959444704414
6abbf4222297e265fbed88d5	57201851771	De Angelis D.	Dario	De Angelis	Dario De Angelis	1	PE4	1	PE	1	101095012	autori_scopus_preferred-name_erc.tsv	2026-09-29 17:23:46.932000	35572110200	0	PE	1546	2666	792386	2483	93.13578394598649
6abbf4222297e265fbed88d5	57201851771	De Angelis D.	Dario	De Angelis	Dario De Angelis	1	PE4	1	PE	1	101095012	autori_scopus_preferred-name_erc.tsv	2026-09-29 17:23:46.932000	57201851771	1	PE	1546	877	792386	781	89.05359179019385
6abbf4222297e265fbed85d9	7401962189	Schneider C.	Claus Michael	Schneider	Claus Michael Schneider	1	SYG-PE	1	PE	1	101071259	autori_scopus_preferred-name_erc.tsv	2026-09-29 17:23:46.349000	7401962189	1	PE	1546	1008	792386	909	90.17857142857143
6abbf4222297e265fbed85d9	7401962189	Schneider C.	Claus Michael	Schneider	Claus Michael Schneider	1	SYG-PE	1	PE	1	101071259	autori_scopus_preferred-name_erc.tsv	2026-09-29 17:23:46.349000	56188182400	0	PE	1546	6269	792386	6018	95.9961716382198
6abbf4222297e265fbed87c1	56188182400	Schneider R.	Raffaella	Schneider	R Schneider	1	PE9	1	PE	1	101088676	autori_scopus_preferred-name_erc.tsv	2026-09-29 17:23:46.736000	7401962189	0	PE	1546	1008	792386	909	90.17857142857143
6abbf4222297e265fbed87c1	56188182400	Schneider R.	Raffaella	Schneider	R Schneider	1	PE9	1	PE	1	101088676	autori_scopus_preferred-name_erc.tsv	2026-09-29 17:23:46.736000	56188182400	1	PE	1546	6269	792386	6018	95.9961716382198
6abbf4222297e265fbed85db	8212471500	Cassano R.	R.	Cassano	R. Cassano	1	PE9	1	PE	1	101086378	autori_scopus_preferred-name_erc.tsv	2026-09-29 17:23:46.352000	8212471500	1	PE	1546	2187	792386	2165	98.99405578417924
6abbf4222297e265fbed85db	8212471500	Cassano R.	R.	Cassano	R. Cassano	1	PE9	1	PE	1	101086378	autori_scopus_preferred-name_erc.tsv	2026-09-29 17:23:46.352000	59349928300	0	PE	1546	0	792386	0	0
6abbf4232297e265fbed8af6	59349928300	Cassano B.	Blanca	Cassano	Blanca Cassano	1	PE8	1	PE	1	101040383	autori_scopus_preferred-name_erc.tsv	2026-09-29 17:23:47.321000	8212471500	0	PE	1546	2187	792386	2165	98.99405578417924
6abbf4232297e265fbed8af6	59349928300	Cassano B.	Blanca	Cassano	Blanca Cassano	1	PE8	1	PE	1	101040383	autori_scopus_preferred-name_erc.tsv	2026-09-29 17:23:47.321000	59349928300	1	PE	1546	0	792386	0	0
6abbf4222297e265fbed85dc	8387869900	Vitiello M.	Miriam Serena	Vitiello	Miriam S Vitiello	1	PE7	1	PE	1	101081567	autori_scopus_preferred-name_erc.tsv	2026-09-29 17:23:46.353000	8387869900	1	PE	1546	2694	792386	2503	92.9101707498144
6abbf4222297e265fbed85dc	8387869900	Vitiello M.	Miriam Serena	Vitiello	Miriam S Vitiello	1	PE7	1	PE	1	101081567	autori_scopus_preferred-name_erc.tsv	2026-09-29 17:23:46.353000	7005142905	0	PE	1546	691	792386	303	43.849493487698986
6abbf4232297e265fbed8bfc	7005142905	Vitiello M.	Mariateresa	Vitiello	Mariateresa Vitiello	1	PE5	1	PE	1	101039841	autori_scopus_preferred-name_erc.tsv	2026-09-29 17:23:47.549000	8387869900	0	PE	1546	2694	792386	2503	92.9101707498144
6abbf4232297e265fbed8bfc	7005142905	Vitiello M.	Mariateresa	Vitiello	Mariateresa Vitiello	1	PE5	1	PE	1	101039841	autori_scopus_preferred-name_erc.tsv	2026-09-29 17:23:47.549000	7005142905	1	PE	1546	691	792386	303	43.849493487698986
6abbf4222297e265fbed862a	16300846100	Conti I.	Irene	Conti	Irene Conti	1	PE4	1	PE	1	101043272	autori_scopus_preferred-name_erc.tsv	2026-09-29 17:23:46.423000	16300846100	1	PE	1546	1917	792386	1917	100.0
6abbf4222297e265fbed862a	16300846100	Conti I.	Irene	Conti	Irene Conti	1	PE4	1	PE	1	101043272	autori_scopus_preferred-name_erc.tsv	2026-09-29 17:23:46.423000	8583299000	0	PE	1546	299	792386	37	12.37458193979933
6abbf4232297e265fbed8c6a	8583299000	Conti P.	Pierangelo	Conti	Pierangelo Conti	1	LS7	1	LS	1	101088370	autori_scopus_preferred-name_erc.tsv	2026-09-29 17:23:47.627000	16300846100	0	LS	394	1917	353863	284	14.814814814814813
6abbf4232297e265fbed8c6a	8583299000	Conti P.	Pierangelo	Conti	Pierangelo Conti	1	LS7	1	LS	1	101088370	autori_scopus_preferred-name_erc.tsv	2026-09-29 17:23:47.627000	8583299000	1	LS	394	299	353863	0	0.0
6abbf4222297e265fbed8630	16642191800	Botta P.	Paolo	Botta	Paolo Botta	1	LS5	1	LS	1	101055340	autori_scopus_preferred-name_erc.tsv	2026-09-29 17:23:46.428000	16642191800	1	LS	394	100	353863	100	100.0
6abbf4222297e265fbed8630	16642191800	Botta P.	Paolo	Botta	Paolo Botta	1	LS5	1	LS	1	101055340	autori_scopus_preferred-name_erc.tsv	2026-09-29 17:23:46.428000	24723441600	0	LS	394	2774	353863	1952	70.36770007209805
6abbf4222297e265fbed866b	24723441600	Botta L.	Lorenzo	Botta	Lorenzo Botta	1	LS9	1	LS	1	101054658	autori_scopus_preferred-name_erc.tsv	2026-09-29 17:23:46.480000	16642191800	0	LS	394	100	353863	100	100.0
6abbf4222297e265fbed866b	24723441600	Botta L.	Lorenzo	Botta	Lorenzo Botta	1	LS9	1	LS	1	101054658	autori_scopus_preferred-name_erc.tsv	2026-09-29 17:23:46.480000	24723441600	1	LS	394	2774	353863	1952	70.36770007209805
6abbf4222297e265fbed8637	19638894400	Marino G.	Gianluca	Marino	Gianluca Marino	1	SH6	1	SH	1	101052653	autori_scopus_preferred-name_erc.tsv	2026-09-29 17:23:46.434000	19638894400	1	SH	189	301	151025	77	25.581395348837212
6abbf4222297e265fbed8637	19638894400	Marino G.	Gianluca	Marino	Gianluca Marino	1	SH6	1	SH	1	101052653	autori_scopus_preferred-name_erc.tsv	2026-09-29 17:23:46.434000	55980341800	0	SH	189	3481	151025	41	1.177822464808963
6abbf4222297e265fbed8637	19638894400	Marino G.	Gianluca	Marino	Gianluca Marino	1	SH6	1	SH	1	101052653	autori_scopus_preferred-name_erc.tsv	2026-09-29 17:23:46.434000	7202998420	0	SH	189	535	151025	5	0.9345794392523363
6abbf4222297e265fbed87a3	55980341800	Marino A.	Attilio	Marino	Attilio Marino	1	PE8	1	PE	1	101146025	autori_scopus_preferred-name_erc.tsv	2026-09-29 17:23:46.712000	19638894400	0	PE	1546	301	792386	138	45.84717607973422
6abbf4222297e265fbed87a3	55980341800	Marino A.	Attilio	Marino	Attilio Marino	1	PE8	1	PE	1	101146025	autori_scopus_preferred-name_erc.tsv	2026-09-29 17:23:46.712000	55980341800	1	PE	1546	3481	792386	3362	96.58144211433496
6abbf4222297e265fbed87a3	55980341800	Marino A.	Attilio	Marino	Attilio Marino	1	PE8	1	PE	1	101146025	autori_scopus_preferred-name_erc.tsv	2026-09-29 17:23:46.712000	7202998420	0	PE	1546	535	792386	535	100.0
6abbf4232297e265fbed8c46	7202998420	Marino G.	Giuseppe	Marino	G. Marino	1	PE9	1	PE	1	101052347	autori_scopus_preferred-name_erc.tsv	2026-09-29 17:23:47.612000	19638894400	0	PE	1546	301	792386	138	45.84717607973422
6abbf4232297e265fbed8c46	7202998420	Marino G.	Giuseppe	Marino	G. Marino	1	PE9	1	PE	1	101052347	autori_scopus_preferred-name_erc.tsv	2026-09-29 17:23:47.612000	55980341800	0	PE	1546	3481	792386	3362	96.58144211433496
6abbf4232297e265fbed8c46	7202998420	Marino G.	Giuseppe	Marino	G. Marino	1	PE9	1	PE	1	101052347	autori_scopus_preferred-name_erc.tsv	2026-09-29 17:23:47.612000	7202998420	1	PE	1546	535	792386	535	100.0
6abbf4222297e265fbed863e	22951956900	Rusconi R.	Roberto	Rusconi	Roberto Rusconi	1	LS8	1	LS	1	101045015	autori_scopus_preferred-name_erc.tsv	2026-09-29 17:23:46.440000	22951956900	1	LS	394	1133	353863	188	16.593115622241836
6abbf4222297e265fbed863e	22951956900	Rusconi R.	Roberto	Rusconi	Roberto Rusconi	1	LS8	1	LS	1	101045015	autori_scopus_preferred-name_erc.tsv	2026-09-29 17:23:46.440000	57966564200	0	LS	394	44	353863	0	0.0
6abbf4232297e265fbed8a55	57966564200	Rusconi M.	Martina	Rusconi	Martina Rusconi	1	PE8	1	PE	1	101089265	autori_scopus_preferred-name_erc.tsv	2026-09-29 17:23:47.196000	22951956900	0	PE	1546	1133	792386	145	12.797881729920565
6abbf4232297e265fbed8a55	57966564200	Rusconi M.	Martina	Rusconi	Martina Rusconi	1	PE8	1	PE	1	101089265	autori_scopus_preferred-name_erc.tsv	2026-09-29 17:23:47.196000	57966564200	1	PE	1546	44	792386	23	52.27272727272727
6abbf4222297e265fbed8653	23767226900	Luongo L.	Livio	Luongo	Livio Luongo	1	LS4	1	LS	1	101045285	autori_scopus_preferred-name_erc.tsv	2026-09-29 17:23:46.459000	23767226900	1	LS	394	3910	353863	485	12.404092071611252
6abbf4222297e265fbed8653	23767226900	Luongo L.	Livio	Luongo	Livio Luongo	1	LS4	1	LS	1	101045285	autori_scopus_preferred-name_erc.tsv	2026-09-29 17:23:46.459000	57296133700	0	LS	394	109	353863	0	0.0
6abbf4232297e265fbed8a0b	57296133700	Luongo E.	Eliseo	Luongo	Eliseo Luongo	1	PE1	1	PE	1	101053472	autori_scopus_preferred-name_erc.tsv	2026-09-29 17:23:47.143000	23767226900	0	PE	1546	3910	792386	215	5.498721227621484
6abbf4232297e265fbed8a0b	57296133700	Luongo E.	Eliseo	Luongo	Eliseo Luongo	1	PE1	1	PE	1	101053472	autori_scopus_preferred-name_erc.tsv	2026-09-29 17:23:47.143000	57296133700	1	PE	1546	109	792386	61	55.96330275229357
6abbf4222297e265fbed867a	25635583100	Botti L.	Lorenzo Alessio	Botti	Lorenzo Botti	1	LS7	1	LS	1	101088370	autori_scopus_preferred-name_erc.tsv	2026-09-29 17:23:46.494000	25635583100	1	LS	394	686	353863	1	0.1457725947521866
6abbf4222297e265fbed867a	25635583100	Botti L.	Lorenzo Alessio	Botti	Lorenzo Botti	1	LS7	1	LS	1	101088370	autori_scopus_preferred-name_erc.tsv	2026-09-29 17:23:46.494000	57190044602	0	LS	394	383	353863	1	0.26109660574412535
6abbf4222297e265fbed867a	25635583100	Botti L.	Lorenzo Alessio	Botti	Lorenzo Botti	1	LS7	1	LS	1	101088370	autori_scopus_preferred-name_erc.tsv	2026-09-29 17:23:46.494000	57209618946	0	LS	394	247	353863	19	7.6923076923076925
6abbf4222297e265fbed8848	57190044602	Botti M.	Michele	Botti	Michele Botti	1	SYG-PE	1	PE	1	101115663	autori_scopus_preferred-name_erc.tsv	2026-09-29 17:23:46.836000	25635583100	0	PE	1546	686	792386	323	47.08454810495627
6abbf4222297e265fbed8848	57190044602	Botti M.	Michele	Botti	Michele Botti	1	SYG-PE	1	PE	1	101115663	autori_scopus_preferred-name_erc.tsv	2026-09-29 17:23:46.836000	57190044602	1	PE	1546	383	792386	373	97.38903394255874
6abbf4222297e265fbed8848	57190044602	Botti M.	Michele	Botti	Michele Botti	1	SYG-PE	1	PE	1	101115663	autori_scopus_preferred-name_erc.tsv	2026-09-29 17:23:46.836000	57209618946	0	PE	1546	247	792386	247	100.0
6abbf4232297e265fbed893b	57209618946	Botti G.	Giacomo	Botti	Giacomo Botti	1	PE4	1	PE	1	101081361	autori_scopus_preferred-name_erc.tsv	2026-09-29 17:23:47.008000	25635583100	0	PE	1546	686	792386	323	47.08454810495627
6abbf4232297e265fbed893b	57209618946	Botti G.	Giacomo	Botti	Giacomo Botti	1	PE4	1	PE	1	101081361	autori_scopus_preferred-name_erc.tsv	2026-09-29 17:23:47.008000	57190044602	0	PE	1546	383	792386	373	97.38903394255874
6abbf4232297e265fbed893b	57209618946	Botti G.	Giacomo	Botti	Giacomo Botti	1	PE4	1	PE	1	101081361	autori_scopus_preferred-name_erc.tsv	2026-09-29 17:23:47.008000	57209618946	1	PE	1546	247	792386	247	100.0
6abbf4222297e265fbed867f	25821783000	Castelli I.	Ivano Eligio	Castelli	Ivano E. Castelli	1	PE8	1	PE	1	101041255	autori_scopus_preferred-name_erc.tsv	2026-09-29 17:23:46.498000	25821783000	1	PE	1546	573	792386	216	37.696335078534034
6abbf4222297e265fbed867f	25821783000	Castelli I.	Ivano Eligio	Castelli	Ivano E. Castelli	1	PE8	1	PE	1	101041255	autori_scopus_preferred-name_erc.tsv	2026-09-29 17:23:46.498000	58890441500	0	PE	1546	639	792386	639	100.0
6abbf4232297e265fbed8ab5	58890441500	Castelli M.	Matteo	Castelli	Matteo Castelli	1	PE4	1	PE	2	101112805 - 101088032	autori_scopus_preferred-name_erc.tsv	2026-09-29 17:23:47.268000	25821783000	0	PE	1546	573	792386	216	37.696335078534034
6abbf4232297e265fbed8ab5	58890441500	Castelli M.	Matteo	Castelli	Matteo Castelli	1	PE4	1	PE	2	101112805 - 101088032	autori_scopus_preferred-name_erc.tsv	2026-09-29 17:23:47.268000	58890441500	1	PE	1546	639	792386	639	100.0
6abbf4222297e265fbed86a0	35188911400	Greco S.	Simona	Greco	Simona Greco	1	LS7	1	LS	1	101054460	autori_scopus_preferred-name_erc.tsv	2026-09-29 17:23:46.527000	35188911400	1	LS	394	1667	353863	1667	100.0
6abbf4222297e265fbed86a0	35188911400	Greco S.	Simona	Greco	Simona Greco	1	LS7	1	LS	1	101054460	autori_scopus_preferred-name_erc.tsv	2026-09-29 17:23:46.527000	57207823228	0	LS	394	1619	353863	47	2.9030265596046942
6abbf4222297e265fbed8922	57207823228	Greco G.	Gabriele	Greco	Gabriele Greco	1	PE8	1	PE	1	101086644	autori_scopus_preferred-name_erc.tsv	2026-09-29 17:23:46.997000	35188911400	0	PE	1546	1667	792386	207	12.41751649670066
6abbf4222297e265fbed8922	57207823228	Greco G.	Gabriele	Greco	Gabriele Greco	1	PE8	1	PE	1	101086644	autori_scopus_preferred-name_erc.tsv	2026-09-29 17:23:46.997000	57207823228	1	PE	1546	1619	792386	812	50.15441630636195
6abbf4222297e265fbed86a6	35226936400	Albert J.	Justin E.	Albert	J. Albert	1	PE2	1	PE	1	101089007	autori_scopus_preferred-name_erc.tsv	2026-09-29 17:23:46.533000	35226936400	1	PE	1546	14522	792386	14522	100.0
6abbf4222297e265fbed86a6	35226936400	Albert J.	Justin E.	Albert	J. Albert	1	PE2	1	PE	1	101089007	autori_scopus_preferred-name_erc.tsv	2026-09-29 17:23:46.533000	56382023100	0	PE	1546	3692	792386	3692	100.0
6abbf4222297e265fbed87db	56382023100	Albert A.	Andrea M.	Albert	A. Albert	1	PE9	1	PE	1	101076343	autori_scopus_preferred-name_erc.tsv	2026-09-29 17:23:46.756000	35226936400	0	PE	1546	14522	792386	14522	100.0
6abbf4222297e265fbed87db	56382023100	Albert A.	Andrea M.	Albert	A. Albert	1	PE9	1	PE	1	101076343	autori_scopus_preferred-name_erc.tsv	2026-09-29 17:23:46.756000	56382023100	1	PE	1546	3692	792386	3692	100.0
6abbf4222297e265fbed86c7	35565483100	Mariani P.	Pierpaolo	Mariani	Pier Paolo Mariani	1	PE7	1	PE	1	101118089	autori_scopus_preferred-name_erc.tsv	2026-09-29 17:23:46.563000	35565483100	1	PE	1546	226	792386	61	26.991150442477874
6abbf4222297e265fbed86c7	35565483100	Mariani P.	Pierpaolo	Mariani	Pier Paolo Mariani	1	PE7	1	PE	1	101118089	autori_scopus_preferred-name_erc.tsv	2026-09-29 17:23:46.563000	58067948000	0	PE	1546	47	792386	47	100.0
6abbf4232297e265fbed8a5f	58067948000	Mariani F.	Francesca	Mariani	Francesca Mariani	1	PE2	1	PE	1	101040024	autori_scopus_preferred-name_erc.tsv	2026-09-29 17:23:47.201000	35565483100	0	PE	1546	226	792386	61	26.991150442477874
6abbf4232297e265fbed8a5f	58067948000	Mariani F.	Francesca	Mariani	Francesca Mariani	1	PE2	1	PE	1	101040024	autori_scopus_preferred-name_erc.tsv	2026-09-29 17:23:47.201000	58067948000	1	PE	1546	47	792386	47	100.0
6abbf4222297e265fbed86cc	35745690800	Crippa A.	Alessandro	Crippa	Alessandro Crippa	1	SH4	1	SH	1	101087263	autori_scopus_preferred-name_erc.tsv	2026-09-29 17:23:46.567000	35745690800	1	SH	189	1158	151025	968	83.59240069084629
6abbf4222297e265fbed86cc	35745690800	Crippa A.	Alessandro	Crippa	Alessandro Crippa	1	SH4	1	SH	1	101087263	autori_scopus_preferred-name_erc.tsv	2026-09-29 17:23:46.567000	57219561802	0	SH	189	361	151025	13	3.6011080332409975
6abbf4232297e265fbed89a7	57219561802	Crippa M.	Martina	Crippa	Martina Crippa	1	PE4	1	PE	1	101053661	autori_scopus_preferred-name_erc.tsv	2026-09-29 17:23:47.085000	35745690800	0	PE	1546	1158	792386	44	3.7996545768566494
6abbf4232297e265fbed89a7	57219561802	Crippa M.	Martina	Crippa	Martina Crippa	1	PE4	1	PE	1	101053661	autori_scopus_preferred-name_erc.tsv	2026-09-29 17:23:47.085000	57219561802	1	PE	1546	361	792386	303	83.93351800554017
6abbf4222297e265fbed86d6	36010058800	Passerini L.	Laura	Passerini	Laura Passerini	1	LS7	1	LS	1	101044032	autori_scopus_preferred-name_erc.tsv	2026-09-29 17:23:46.576000	36010058800	1	LS	394	817	353863	651	79.68176254589963
6abbf4222297e265fbed86d6	36010058800	Passerini L.	Laura	Passerini	Laura Passerini	1	LS7	1	LS	1	101044032	autori_scopus_preferred-name_erc.tsv	2026-09-29 17:23:46.576000	7006983227	0	LS	394	2135	353863	157	7.3536299765807955
6abbf4232297e265fbed8c23	7006983227	Passerini A.	Andrea	Passerini	Andrea Passerini	1	LS8	1	LS	1	101045015	autori_scopus_preferred-name_erc.tsv	2026-09-29 17:23:47.583000	36010058800	0	LS	394	817	353863	651	79.68176254589963
6abbf4232297e265fbed8c23	7006983227	Passerini A.	Andrea	Passerini	Andrea Passerini	1	LS8	1	LS	1	101045015	autori_scopus_preferred-name_erc.tsv	2026-09-29 17:23:47.583000	7006983227	1	LS	394	2135	353863	157	7.3536299765807955
6abbf4222297e265fbed8700	36943101100	Villa A.	Anna	Villa	Anna Villa	1	LS7	1	LS	1	101044032	autori_scopus_preferred-name_erc.tsv	2026-09-29 17:23:46.609000	36943101100	1	LS	394	4008	353863	1091	27.22055888223553
6abbf4222297e265fbed8700	36943101100	Villa A.	Anna	Villa	Anna Villa	1	LS7	1	LS	1	101044032	autori_scopus_preferred-name_erc.tsv	2026-09-29 17:23:46.609000	7004574612	0	LS	394	26	353863	0	0.0
6abbf4232297e265fbed8bee	7004574612	Villa C.	Corrado	Villa	C. Villa	1	PE7	1	PE	1	101054098	autori_scopus_preferred-name_erc.tsv	2026-09-29 17:23:47.536000	36943101100	0	PE	1546	4008	792386	483	12.050898203592816
6abbf4232297e265fbed8bee	7004574612	Villa C.	Corrado	Villa	C. Villa	1	PE7	1	PE	1	101054098	autori_scopus_preferred-name_erc.tsv	2026-09-29 17:23:47.536000	7004574612	1	PE	1546	26	792386	24	92.3076923076923
6abbf4222297e265fbed8709	37080145300	Castiglioni E.	Elisabetta	Castiglioni	Elisabetta Castiglioni	1	SH6	1	SH	1	101054883	autori_scopus_preferred-name_erc.tsv	2026-09-29 17:23:46.613000	37080145300	1	SH	189	633	151025	394	62.24328593996841
6abbf4222297e265fbed8709	37080145300	Castiglioni E.	Elisabetta	Castiglioni	Elisabetta Castiglioni	1	SH6	1	SH	1	101054883	autori_scopus_preferred-name_erc.tsv	2026-09-29 17:23:46.613000	59281425400	0	SH	189	0	151025	0	0
6abbf4232297e265fbed8ae6	59281425400	Castiglioni I.	Ilaria	Castiglioni	Ilaria Castiglioni	1	LS2	1	LS	1	101088408	autori_scopus_preferred-name_erc.tsv	2026-09-29 17:23:47.306000	37080145300	0	LS	394	633	353863	6	0.9478672985781991
6abbf4232297e265fbed8ae6	59281425400	Castiglioni I.	Ilaria	Castiglioni	Ilaria Castiglioni	1	LS2	1	LS	1	101088408	autori_scopus_preferred-name_erc.tsv	2026-09-29 17:23:47.306000	59281425400	1	LS	394	0	353863	0	0
6abbf4222297e265fbed870b	37116505500	Bertero A.	Alessandro	Bertero	Alessandro Bertero	1	LS1	1	LS	1	101076026	autori_scopus_preferred-name_erc.tsv	2026-09-29 17:23:46.615000	37116505500	1	LS	394	515	353863	124	24.07766990291262
6abbf4222297e265fbed870b	37116505500	Bertero A.	Alessandro	Bertero	Alessandro Bertero	1	LS1	1	LS	1	101076026	autori_scopus_preferred-name_erc.tsv	2026-09-29 17:23:46.615000	57189520921	0	LS	394	2054	353863	817	39.776046738072054
6abbf4222297e265fbed8843	57189520921	Bertero E.	Edoardo	Bertero	Edoardo Bertero	1	LS7	1	LS	1	101054460	autori_scopus_preferred-name_erc.tsv	2026-09-29 17:23:46.832000	37116505500	0	LS	394	515	353863	124	24.07766990291262
6abbf4222297e265fbed8843	57189520921	Bertero E.	Edoardo	Bertero	Edoardo Bertero	1	LS7	1	LS	1	101054460	autori_scopus_preferred-name_erc.tsv	2026-09-29 17:23:46.832000	57189520921	1	LS	394	2054	353863	817	39.776046738072054
6abbf4222297e265fbed870c	38162613300	Scharff S.	Sebastian	Scharff	Sebastian Scharff	1	SH6	1	SH	1	101043954	autori_scopus_preferred-name_erc.tsv	2026-09-29 17:23:46.615000	38162613300	1	SH	189	133	151025	15	11.278195488721805
6abbf4222297e265fbed870c	38162613300	Scharff S.	Sebastian	Scharff	Sebastian Scharff	1	SH6	1	SH	1	101043954	autori_scopus_preferred-name_erc.tsv	2026-09-29 17:23:46.615000	57195200228	0	SH	189	172	151025	8	4.651162790697675
6abbf4222297e265fbed8895	57195200228	Scharff R.	Rob B.N.	Scharff	Rob Bernardus Nicolaas Scharff	1	PE8	1	PE	1	101039198	autori_scopus_preferred-name_erc.tsv	2026-09-29 17:23:46.884000	38162613300	0	PE	1546	133	792386	0	0.0
6abbf4222297e265fbed8895	57195200228	Scharff R.	Rob B.N.	Scharff	Rob Bernardus Nicolaas Scharff	1	PE8	1	PE	1	101039198	autori_scopus_preferred-name_erc.tsv	2026-09-29 17:23:46.884000	57195200228	1	PE	1546	172	792386	56	32.55813953488372
6abbf4222297e265fbed8713	43761202200	Grassi E.	Elisa Stellaria	Grassi	Elisa Stellaria Grassi	1	LS1	1	LS	1	101041298	autori_scopus_preferred-name_erc.tsv	2026-09-29 17:23:46.618000	43761202200	1	LS	394	920	353863	802	87.17391304347825
6abbf4222297e265fbed8713	43761202200	Grassi E.	Elisa Stellaria	Grassi	Elisa Stellaria Grassi	1	LS1	1	LS	1	101041298	autori_scopus_preferred-name_erc.tsv	2026-09-29 17:23:46.618000	58418445400	0	LS	394	28	353863	5	17.857142857142858
6abbf4222297e265fbed8713	43761202200	Grassi E.	Elisa Stellaria	Grassi	Elisa Stellaria Grassi	1	LS1	1	LS	1	101041298	autori_scopus_preferred-name_erc.tsv	2026-09-29 17:23:46.618000	7101807658	0	LS	394	5841	353863	3826	65.50248245163499
6abbf4232297e265fbed8a7c	58418445400	Grassi F.	Federica	Grassi	Federica Grassi	1	PE5	1	PE	1	101040025	autori_scopus_preferred-name_erc.tsv	2026-09-29 17:23:47.219000	43761202200	0	PE	1546	920	792386	60	6.521739130434782
6abbf4232297e265fbed8a7c	58418445400	Grassi F.	Federica	Grassi	Federica Grassi	1	PE5	1	PE	1	101040025	autori_scopus_preferred-name_erc.tsv	2026-09-29 17:23:47.219000	58418445400	1	PE	1546	28	792386	28	100.0
6abbf4232297e265fbed8a7c	58418445400	Grassi F.	Federica	Grassi	Federica Grassi	1	PE5	1	PE	1	101040025	autori_scopus_preferred-name_erc.tsv	2026-09-29 17:23:47.219000	7101807658	0	PE	1546	5841	792386	341	5.83804143126177
6abbf4232297e265fbed8c2b	7101807658	Grassi C.	Claudio	Grassi	Claudio Grassi	1	LS5	1	LS	1	101078163	autori_scopus_preferred-name_erc.tsv	2026-09-29 17:23:47.590000	43761202200	0	LS	394	920	353863	802	87.17391304347825
6abbf4232297e265fbed8c2b	7101807658	Grassi C.	Claudio	Grassi	Claudio Grassi	1	LS5	1	LS	1	101078163	autori_scopus_preferred-name_erc.tsv	2026-09-29 17:23:47.590000	58418445400	0	LS	394	28	353863	5	17.857142857142858
6abbf4232297e265fbed8c2b	7101807658	Grassi C.	Claudio	Grassi	Claudio Grassi	1	LS5	1	LS	1	101078163	autori_scopus_preferred-name_erc.tsv	2026-09-29 17:23:47.590000	7101807658	1	LS	394	5841	353863	3826	65.50248245163499
6abbf4222297e265fbed8719	50261110100	Barbieri L.	Letizia	Barbieri	Letizia Barbieri	1	PE4	1	PE	2	101094131 - 101092725	autori_scopus_preferred-name_erc.tsv	2026-09-29 17:23:46.620000	50261110100	1	PE	1546	492	792386	492	100.0
6abbf4222297e265fbed8719	50261110100	Barbieri L.	Letizia	Barbieri	Letizia Barbieri	1	PE4	1	PE	2	101094131 - 101092725	autori_scopus_preferred-name_erc.tsv	2026-09-29 17:23:46.620000	58993960400	0	PE	1546	0	792386	0	0
6abbf4232297e265fbed8ac2	58993960400	Barbieri M.	Marianna	Barbieri	Marianna Barbieri	1	PE5	1	PE	1	101077698	autori_scopus_preferred-name_erc.tsv	2026-09-29 17:23:47.280000	50261110100	0	PE	1546	492	792386	492	100.0
6abbf4232297e265fbed8ac2	58993960400	Barbieri M.	Marianna	Barbieri	Marianna Barbieri	1	PE5	1	PE	1	101077698	autori_scopus_preferred-name_erc.tsv	2026-09-29 17:23:47.280000	58993960400	1	PE	1546	0	792386	0	0
6abbf4222297e265fbed8728	54789225100	Saraceno C.	Claudia	Saraceno	Claudia Saraceno	1	LS7	1	LS	1	101053962	autori_scopus_preferred-name_erc.tsv	2026-09-29 17:23:46.629000	54789225100	1	LS	394	808	353863	755	93.44059405940595
6abbf4222297e265fbed8728	54789225100	Saraceno C.	Claudia	Saraceno	Claudia Saraceno	1	LS7	1	LS	1	101053962	autori_scopus_preferred-name_erc.tsv	2026-09-29 17:23:46.629000	58567265800	0	LS	394	77	353863	77	100.0
6abbf4232297e265fbed8a8b	58567265800	Saraceno P.	Piermarco	Saraceno	Piermarco Saraceno	1	LS9	1	LS	1	101053983	autori_scopus_preferred-name_erc.tsv	2026-09-29 17:23:47.232000	54789225100	0	LS	394	808	353863	755	93.44059405940595
6abbf4232297e265fbed8a8b	58567265800	Saraceno P.	Piermarco	Saraceno	Piermarco Saraceno	1	LS9	1	LS	1	101053983	autori_scopus_preferred-name_erc.tsv	2026-09-29 17:23:47.232000	58567265800	1	LS	394	77	353863	77	100.0
6abbf4222297e265fbed8737	55077809800	Papini R.	Riccardo	Papini	R. Papini	1	PE9	1	PE	1	101052347	autori_scopus_preferred-name_erc.tsv	2026-09-29 17:23:46.643000	55077809800	1	PE	1546	886	792386	875	98.75846501128667
6abbf4222297e265fbed8737	55077809800	Papini R.	Riccardo	Papini	R. Papini	1	PE9	1	PE	1	101052347	autori_scopus_preferred-name_erc.tsv	2026-09-29 17:23:46.643000	57219761993	0	PE	1546	34	792386	34	100.0
6abbf4232297e265fbed89b6	57219761993	Papini A.	Andrea	Papini	Andrea Papini	1	PE1	1	PE	1	101053472	autori_scopus_preferred-name_erc.tsv	2026-09-29 17:23:47.095000	55077809800	0	PE	1546	886	792386	875	98.75846501128667
6abbf4232297e265fbed89b6	57219761993	Papini A.	Andrea	Papini	Andrea Papini	1	PE1	1	PE	1	101053472	autori_scopus_preferred-name_erc.tsv	2026-09-29 17:23:47.095000	57219761993	1	PE	1546	34	792386	34	100.0
6abbf4222297e265fbed874a	55338295100	Stella M.	Martina	Stella	Martina Stella	1	PE4	1	PE	1	101043272	autori_scopus_preferred-name_erc.tsv	2026-09-29 17:23:46.660000	55338295100	1	PE	1546	364	792386	197	54.12087912087912
6abbf4222297e265fbed874a	55338295100	Stella M.	Martina	Stella	Martina Stella	1	PE4	1	PE	1	101043272	autori_scopus_preferred-name_erc.tsv	2026-09-29 17:23:46.660000	7101770170	0	PE	1546	2695	792386	2537	94.13729128014843
6abbf4232297e265fbed8c2a	7101770170	Stella L.	Luigi	Stella	Luigi Stella	1	PE9	1	PE	1	101076343	autori_scopus_preferred-name_erc.tsv	2026-09-29 17:23:47.589000	55338295100	0	PE	1546	364	792386	197	54.12087912087912
6abbf4232297e265fbed8c2a	7101770170	Stella L.	Luigi	Stella	Luigi Stella	1	PE9	1	PE	1	101076343	autori_scopus_preferred-name_erc.tsv	2026-09-29 17:23:47.589000	7101770170	1	PE	1546	2695	792386	2537	94.13729128014843
6abbf4222297e265fbed87a4	55984908600	Sartori B.	Barbara	Sartori	Barbara Sartori	1	PE11	1	PE	1	101041229	autori_scopus_preferred-name_erc.tsv	2026-09-29 17:23:46.713000	55984908600	1	PE	1546	567	792386	380	67.01940035273368
6abbf4222297e265fbed87a4	55984908600	Sartori B.	Barbara	Sartori	Barbara Sartori	1	PE11	1	PE	1	101041229	autori_scopus_preferred-name_erc.tsv	2026-09-29 17:23:46.713000	58717862900	0	PE	1546	39	792386	10	25.64102564102564
6abbf4222297e265fbed87a4	55984908600	Sartori B.	Barbara	Sartori	Barbara Sartori	1	PE11	1	PE	1	101041229	autori_scopus_preferred-name_erc.tsv	2026-09-29 17:23:46.713000	6603820829	0	PE	1546	1649	792386	36	2.1831412977562157
6abbf4232297e265fbed8a9f	58717862900	Sartori P.	Paolo	Sartori	Paolo Sartori	1	PE8	1	PE	1	101069436	autori_scopus_preferred-name_erc.tsv	2026-09-29 17:23:47.248000	55984908600	0	PE	1546	567	792386	380	67.01940035273368
6abbf4232297e265fbed8a9f	58717862900	Sartori P.	Paolo	Sartori	Paolo Sartori	1	PE8	1	PE	1	101069436	autori_scopus_preferred-name_erc.tsv	2026-09-29 17:23:47.248000	58717862900	1	PE	1546	39	792386	10	25.64102564102564
6abbf4232297e265fbed8a9f	58717862900	Sartori P.	Paolo	Sartori	Paolo Sartori	1	PE8	1	PE	1	101069436	autori_scopus_preferred-name_erc.tsv	2026-09-29 17:23:47.248000	6603820829	0	PE	1546	1649	792386	36	2.1831412977562157
6abbf4232297e265fbed8b7a	6603820829	Sartori I.	Ivana	Sartori	Ivana Sartori	1	SYG-LS	1	LS	1	101071900	autori_scopus_preferred-name_erc.tsv	2026-09-29 17:23:47.434000	55984908600	0	LS	394	567	353863	85	14.991181657848324
6abbf4232297e265fbed8b7a	6603820829	Sartori I.	Ivana	Sartori	Ivana Sartori	1	SYG-LS	1	LS	1	101071900	autori_scopus_preferred-name_erc.tsv	2026-09-29 17:23:47.434000	58717862900	0	LS	394	39	353863	1	2.564102564102564
6abbf4232297e265fbed8b7a	6603820829	Sartori I.	Ivana	Sartori	Ivana Sartori	1	SYG-LS	1	LS	1	101071900	autori_scopus_preferred-name_erc.tsv	2026-09-29 17:23:47.434000	6603820829	1	LS	394	1649	353863	1435	87.02243784111583
6abbf4222297e265fbed87bf	56181497000	Capelli R.	Riccardo	Capelli	Riccardo Capelli	1	PE4	1	PE	1	101053661	autori_scopus_preferred-name_erc.tsv	2026-09-29 17:23:46.734000	56181497000	1	PE	1546	1757	792386	1262	71.82697780307342
6abbf4222297e265fbed87bf	56181497000	Capelli R.	Riccardo	Capelli	Riccardo Capelli	1	PE4	1	PE	1	101053661	autori_scopus_preferred-name_erc.tsv	2026-09-29 17:23:46.734000	7004511670	0	PE	1546	582	792386	460	79.03780068728523
6abbf4232297e265fbed8bea	7004511670	Capelli R.	Raffaella	Capelli	Raffaella Capelli	1	PE7	1	PE	1	101055379	autori_scopus_preferred-name_erc.tsv	2026-09-29 17:23:47.532000	56181497000	0	PE	1546	1757	792386	1262	71.82697780307342
6abbf4232297e265fbed8bea	7004511670	Capelli R.	Raffaella	Capelli	Raffaella Capelli	1	PE7	1	PE	1	101055379	autori_scopus_preferred-name_erc.tsv	2026-09-29 17:23:47.532000	7004511670	1	PE	1546	582	792386	460	79.03780068728523
6abbf4222297e265fbed87d5	56274915100	Lombardi M.	Marco	Lombardi	Marco Lombardi	1	PE9	1	PE	1	101055318	autori_scopus_preferred-name_erc.tsv	2026-09-29 17:23:46.750000	56274915100	1	PE	1546	1681	792386	1356	80.66627007733493
6abbf4222297e265fbed87d5	56274915100	Lombardi M.	Marco	Lombardi	Marco Lombardi	1	PE9	1	PE	1	101055318	autori_scopus_preferred-name_erc.tsv	2026-09-29 17:23:46.750000	58571153400	0	PE	1546	0	792386	0	0
6abbf4232297e265fbed8a8c	58571153400	Lombardi G.	Giovanni	Lombardi	Giovanni Lombardi	1	PE7	1	PE	1	101077917	autori_scopus_preferred-name_erc.tsv	2026-09-29 17:23:47.233000	56274915100	0	PE	1546	1681	792386	1356	80.66627007733493
6abbf4232297e265fbed8a8c	58571153400	Lombardi G.	Giovanni	Lombardi	Giovanni Lombardi	1	PE7	1	PE	1	101077917	autori_scopus_preferred-name_erc.tsv	2026-09-29 17:23:47.233000	58571153400	1	PE	1546	0	792386	0	0
6abbf4222297e265fbed87e1	56397823600	Caputo C.	Claudio	Caputo	C. Caputo	1	PE2	1	PE	1	101115353	autori_scopus_preferred-name_erc.tsv	2026-09-29 17:23:46.761000	56397823600	1	PE	1546	8502	792386	8490	99.85885673959068
6abbf4222297e265fbed87e1	56397823600	Caputo C.	Claudio	Caputo	C. Caputo	1	PE2	1	PE	1	101115353	autori_scopus_preferred-name_erc.tsv	2026-09-29 17:23:46.761000	58476390600	0	PE	1546	486	792386	181	37.242798353909464
6abbf4222297e265fbed87e1	56397823600	Caputo C.	Claudio	Caputo	C. Caputo	1	PE2	1	PE	1	101115353	autori_scopus_preferred-name_erc.tsv	2026-09-29 17:23:46.761000	7102895151	0	PE	1546	785	792386	534	68.02547770700636
6abbf4232297e265fbed8a7e	58476390600	Caputo M.	Mariapia	Caputo	Mariapia Caputo	1	PE8	1	PE	1	101040383	autori_scopus_preferred-name_erc.tsv	2026-09-29 17:23:47.221000	56397823600	0	PE	1546	8502	792386	8490	99.85885673959068
6abbf4232297e265fbed8a7e	58476390600	Caputo M.	Mariapia	Caputo	Mariapia Caputo	1	PE8	1	PE	1	101040383	autori_scopus_preferred-name_erc.tsv	2026-09-29 17:23:47.221000	58476390600	1	PE	1546	486	792386	181	37.242798353909464
6abbf4232297e265fbed8a7e	58476390600	Caputo M.	Mariapia	Caputo	Mariapia Caputo	1	PE8	1	PE	1	101040383	autori_scopus_preferred-name_erc.tsv	2026-09-29 17:23:47.221000	7102895151	0	PE	1546	785	792386	534	68.02547770700636
6abbf4232297e265fbed8c3a	7102895151	Caputo M.	Marco	Caputo	Marco Caputo	1	PE3	1	PE	1	101117424	autori_scopus_preferred-name_erc.tsv	2026-09-29 17:23:47.603000	56397823600	0	PE	1546	8502	792386	8490	99.85885673959068
6abbf4232297e265fbed8c3a	7102895151	Caputo M.	Marco	Caputo	Marco Caputo	1	PE3	1	PE	1	101117424	autori_scopus_preferred-name_erc.tsv	2026-09-29 17:23:47.603000	58476390600	0	PE	1546	486	792386	181	37.242798353909464
6abbf4232297e265fbed8c3a	7102895151	Caputo M.	Marco	Caputo	Marco Caputo	1	PE3	1	PE	1	101117424	autori_scopus_preferred-name_erc.tsv	2026-09-29 17:23:47.603000	7102895151	1	PE	1546	785	792386	534	68.02547770700636
6abbf4222297e265fbed87e2	56400444300	Donati G.	Greta	Donati	Greta Donati	1	PE5	1	PE	1	101039841	autori_scopus_preferred-name_erc.tsv	2026-09-29 17:23:46.762000	56400444300	1	PE	1546	1422	792386	922	64.83825597749649
6abbf4222297e265fbed87e2	56400444300	Donati G.	Greta	Donati	Greta Donati	1	PE5	1	PE	1	101039841	autori_scopus_preferred-name_erc.tsv	2026-09-29 17:23:46.762000	7003921934	0	PE	1546	2588	792386	446	17.23338485316847
6abbf4232297e265fbed8bc7	7003921934	Donati C.	Claudio	Donati	Claudio Donati	1	LS8	1	LS	1	101045015	autori_scopus_preferred-name_erc.tsv	2026-09-29 17:23:47.503000	56400444300	0	LS	394	1422	353863	305	21.448663853727147
6abbf4232297e265fbed8bc7	7003921934	Donati C.	Claudio	Donati	Claudio Donati	1	LS8	1	LS	1	101045015	autori_scopus_preferred-name_erc.tsv	2026-09-29 17:23:47.503000	7003921934	1	LS	394	2588	353863	1748	67.54250386398763
6abbf4222297e265fbed87e8	56423307400	Prato M.	Maurizio	Prato	Maurizio Prato	1	PE5	1	PE	1	101039578	autori_scopus_preferred-name_erc.tsv	2026-09-29 17:23:46.767000	56423307400	1	PE	1546	11747	792386	5517	46.965182599812714
6abbf4222297e265fbed87e8	56423307400	Prato M.	Maurizio	Prato	Maurizio Prato	1	PE5	1	PE	1	101039578	autori_scopus_preferred-name_erc.tsv	2026-09-29 17:23:46.767000	57208455894	0	PE	1546	10996	792386	5906	53.710440160058205
6abbf4222297e265fbed87e8	56423307400	Prato M.	Maurizio	Prato	Maurizio Prato	1	PE5	1	PE	1	101039578	autori_scopus_preferred-name_erc.tsv	2026-09-29 17:23:46.767000	57302838900	0	PE	1546	60	792386	6	10.0
6abbf4232297e265fbed892d	57208455894	Prato M.	Mirko	Prato	Mirko Prato	1	PE11	1	PE	1	101044020	autori_scopus_preferred-name_erc.tsv	2026-09-29 17:23:47.003000	56423307400	0	PE	1546	11747	792386	5517	46.965182599812714
6abbf4232297e265fbed892d	57208455894	Prato M.	Mirko	Prato	Mirko Prato	1	PE11	1	PE	1	101044020	autori_scopus_preferred-name_erc.tsv	2026-09-29 17:23:47.003000	57208455894	1	PE	1546	10996	792386	5906	53.710440160058205
6abbf4232297e265fbed892d	57208455894	Prato M.	Mirko	Prato	Mirko Prato	1	PE11	1	PE	1	101044020	autori_scopus_preferred-name_erc.tsv	2026-09-29 17:23:47.003000	57302838900	0	PE	1546	60	792386	6	10.0
6abbf4232297e265fbed8a0c	57302838900	Prato O.	Ornella	Prato	Ornella Prato	1	SH6	1	SH	2	101055195 - 101071707	autori_scopus_preferred-name_erc.tsv	2026-09-29 17:23:47.144000	56423307400	0	SH	189	11747	151025	147	1.2513833319145313
6abbf4232297e265fbed8a0c	57302838900	Prato O.	Ornella	Prato	Ornella Prato	1	SH6	1	SH	2	101055195 - 101071707	autori_scopus_preferred-name_erc.tsv	2026-09-29 17:23:47.144000	57208455894	0	SH	189	10996	151025	430	3.9105129137868317
6abbf4232297e265fbed8a0c	57302838900	Prato O.	Ornella	Prato	Ornella Prato	1	SH6	1	SH	2	101055195 - 101071707	autori_scopus_preferred-name_erc.tsv	2026-09-29 17:23:47.144000	57302838900	1	SH	189	60	151025	60	100.0
6abbf4222297e265fbed8803	56670371400	Fumagalli I.	Ivan	Fumagalli	Ivan Fumagalli	1	SYG-PE	1	PE	1	101115663	autori_scopus_preferred-name_erc.tsv	2026-09-29 17:23:46.780000	56670371400	1	PE	1546	586	792386	494	84.30034129692832
6abbf4222297e265fbed8803	56670371400	Fumagalli I.	Ivan	Fumagalli	Ivan Fumagalli	1	SYG-PE	1	PE	1	101115663	autori_scopus_preferred-name_erc.tsv	2026-09-29 17:23:46.780000	7005453483	0	PE	1546	1127	792386	144	12.777284826974267
6abbf4232297e265fbed8c04	7005453483	Fumagalli S.	Stefano	Fumagalli	Stefano Fumagalli	1	LS6	1	LS	1	101054805	autori_scopus_preferred-name_erc.tsv	2026-09-29 17:23:47.556000	56670371400	0	LS	394	586	353863	15	2.5597269624573378
6abbf4232297e265fbed8c04	7005453483	Fumagalli S.	Stefano	Fumagalli	Stefano Fumagalli	1	LS6	1	LS	1	101054805	autori_scopus_preferred-name_erc.tsv	2026-09-29 17:23:47.556000	7005453483	1	LS	394	1127	353863	270	23.957409050576754
6abbf4222297e265fbed880f	56830260800	Rosso F.	Federica	Rosso	Federica Rosso	1	PE8	1	PE	1	101041255	autori_scopus_preferred-name_erc.tsv	2026-09-29 17:23:46.792000	56830260800	1	PE	1546	2016	792386	879	43.601190476190474
6abbf4222297e265fbed880f	56830260800	Rosso F.	Federica	Rosso	Federica Rosso	1	PE8	1	PE	1	101041255	autori_scopus_preferred-name_erc.tsv	2026-09-29 17:23:46.792000	57207774702	0	PE	1546	877	792386	491	55.98631698973774
6abbf4222297e265fbed891f	57207774702	Rosso C.	Cristian	Rosso	Cristian Rosso	1	PE5	1	PE	1	101040025	autori_scopus_preferred-name_erc.tsv	2026-09-29 17:23:46.994000	56830260800	0	PE	1546	2016	792386	879	43.601190476190474
6abbf4222297e265fbed891f	57207774702	Rosso C.	Cristian	Rosso	Cristian Rosso	1	PE5	1	PE	1	101040025	autori_scopus_preferred-name_erc.tsv	2026-09-29 17:23:46.994000	57207774702	1	PE	1546	877	792386	491	55.98631698973774
6abbf4222297e265fbed881e	56956669800	Zanella G.	Giacomo	Zanella	Giacomo Zanella	1	PE1	1	PE	1	101076564	autori_scopus_preferred-name_erc.tsv	2026-09-29 17:23:46.805000	56956669800	1	PE	1546	426	792386	69	16.19718309859155
6abbf4222297e265fbed881e	56956669800	Zanella G.	Giacomo	Zanella	Giacomo Zanella	1	PE1	1	PE	1	101076564	autori_scopus_preferred-name_erc.tsv	2026-09-29 17:23:46.805000	57201412747	0	PE	1546	943	792386	125	13.255567338282079
6abbf4222297e265fbed88cc	57201412747	Zanella A.	Alberto	Zanella	Alberto, Zanella	1	PE7	1	PE	1	101078411	autori_scopus_preferred-name_erc.tsv	2026-09-29 17:23:46.926000	56956669800	0	PE	1546	426	792386	69	16.19718309859155
6abbf4222297e265fbed88cc	57201412747	Zanella A.	Alberto	Zanella	Alberto, Zanella	1	PE7	1	PE	1	101078411	autori_scopus_preferred-name_erc.tsv	2026-09-29 17:23:46.926000	57201412747	1	PE	1546	943	792386	125	13.255567338282079
6abbf4222297e265fbed8828	57070087300	Distefano N.	Natalia	Distefano	Natalia Distefano	1	SH7	1	SH	1	101039222	autori_scopus_preferred-name_erc.tsv	2026-09-29 17:23:46.813000	57070087300	1	SH	189	950	151025	31	3.263157894736842
6abbf4222297e265fbed8828	57070087300	Distefano N.	Natalia	Distefano	Natalia Distefano	1	SH7	1	SH	1	101039222	autori_scopus_preferred-name_erc.tsv	2026-09-29 17:23:46.813000	9433557800	0	SH	189	2420	151025	23	0.9504132231404958
6abbf4232297e265fbed8c7d	9433557800	Distefano C.	Carla	Distefano	C. Distefano	1	PE9	1	PE	1	101076343	autori_scopus_preferred-name_erc.tsv	2026-09-29 17:23:47.644000	57070087300	0	PE	1546	950	792386	8	0.8421052631578947
6abbf4232297e265fbed8c7d	9433557800	Distefano C.	Carla	Distefano	C. Distefano	1	PE9	1	PE	1	101076343	autori_scopus_preferred-name_erc.tsv	2026-09-29 17:23:47.644000	9433557800	1	PE	1546	2420	792386	2375	98.14049586776859
6abbf4222297e265fbed882b	57114750700	Riccardi E.	Elisa	Riccardi	Elisa Riccardi	1	PE7	1	PE	1	101081567	autori_scopus_preferred-name_erc.tsv	2026-09-29 17:23:46.815000	57114750700	1	PE	1546	350	792386	350	100.0
6abbf4222297e265fbed882b	57114750700	Riccardi E.	Elisa	Riccardi	Elisa Riccardi	1	PE7	1	PE	1	101081567	autori_scopus_preferred-name_erc.tsv	2026-09-29 17:23:46.815000	57807559600	0	PE	1546	47	792386	24	51.06382978723404
6abbf4232297e265fbed8a44	57807559600	Riccardi B.	Brian	Riccardi	Brian Riccardi	1	PE6	1	PE	1	101039208	autori_scopus_preferred-name_erc.tsv	2026-09-29 17:23:47.179000	57114750700	0	PE	1546	350	792386	350	100.0
6abbf4232297e265fbed8a44	57807559600	Riccardi B.	Brian	Riccardi	Brian Riccardi	1	PE6	1	PE	1	101039208	autori_scopus_preferred-name_erc.tsv	2026-09-29 17:23:47.179000	57807559600	1	PE	1546	47	792386	24	51.06382978723404
6abbf4222297e265fbed8864	57192318084	Corrias M.	Maria Valeria	Corrias	Maria Valeria Corrias	1	LS8	1	LS	1	101045015	autori_scopus_preferred-name_erc.tsv	2026-09-29 17:23:46.851000	57192318084	1	LS	394	1478	353863	1248	84.4384303112314
6abbf4222297e265fbed8864	57192318084	Corrias M.	Maria Valeria	Corrias	Maria Valeria Corrias	1	LS8	1	LS	1	101045015	autori_scopus_preferred-name_erc.tsv	2026-09-29 17:23:46.851000	57222762966	0	LS	394	216	353863	2	0.9259259259259258
6abbf4232297e265fbed89e1	57222762966	Corrias N.	Nicola	Corrias	Nicola Corrias	1	PE7	1	PE	1	101077917	autori_scopus_preferred-name_erc.tsv	2026-09-29 17:23:47.112000	57192318084	0	PE	1546	1478	792386	177	11.975642760487144
6abbf4232297e265fbed89e1	57222762966	Corrias N.	Nicola	Corrias	Nicola Corrias	1	PE7	1	PE	1	101077917	autori_scopus_preferred-name_erc.tsv	2026-09-29 17:23:47.112000	57222762966	1	PE	1546	216	792386	130	60.18518518518518
6abbf4222297e265fbed887c	57193613731	de Simone M.	Marta	de Simone	M. De Simone	1	PE9	1	PE	1	101098309	autori_scopus_preferred-name_erc.tsv	2026-09-29 17:23:46.865000	57193613731	1	PE	1546	1186	792386	1166	98.31365935919055
6abbf4222297e265fbed887c	57193613731	de Simone M.	Marta	de Simone	M. De Simone	1	PE9	1	PE	1	101098309	autori_scopus_preferred-name_erc.tsv	2026-09-29 17:23:46.865000	57435288800	0	PE	1546	1895	792386	1895	100.0
6abbf4232297e265fbed8a20	57435288800	de Simone M.	Monica	de Simone	Monica de Simone	1	PE4	1	PE	1	101095012	autori_scopus_preferred-name_erc.tsv	2026-09-29 17:23:47.153000	57193613731	0	PE	1546	1186	792386	1166	98.31365935919055
6abbf4232297e265fbed8a20	57435288800	de Simone M.	Monica	de Simone	Monica de Simone	1	PE4	1	PE	1	101095012	autori_scopus_preferred-name_erc.tsv	2026-09-29 17:23:47.153000	57435288800	1	PE	1546	1895	792386	1895	100.0
6abbf4222297e265fbed889b	57195475054	Del Vecchio A.	Alessandro D.	Del Vecchio	Alessandro Del Vecchio	1	PE7	1	PE	1	101118089	autori_scopus_preferred-name_erc.tsv	2026-09-29 17:23:46.890000	57195475054	1	PE	1546	820	792386	765	93.29268292682927
6abbf4222297e265fbed889b	57195475054	Del Vecchio A.	Alessandro D.	Del Vecchio	Alessandro Del Vecchio	1	PE7	1	PE	1	101118089	autori_scopus_preferred-name_erc.tsv	2026-09-29 17:23:46.890000	57213093829	0	PE	1546	1358	792386	45	3.313696612665685
6abbf4232297e265fbed8961	57213093829	Del Vecchio M.	Maria	Del Vecchio	Maria Del Vecchio	1	SYG-LS	1	LS	1	101071900	autori_scopus_preferred-name_erc.tsv	2026-09-29 17:23:47.039000	57195475054	0	LS	394	820	353863	41	5.0
6abbf4232297e265fbed8961	57213093829	Del Vecchio M.	Maria	Del Vecchio	Maria Del Vecchio	1	SYG-LS	1	LS	1	101071900	autori_scopus_preferred-name_erc.tsv	2026-09-29 17:23:47.039000	57213093829	1	LS	394	1358	353863	1321	97.27540500736377
6abbf4222297e265fbed88ad	57198798056	Sun P.	Peihao	Sun	Peihao Sun	1	PE3	1	PE	1	101053167	autori_scopus_preferred-name_erc.tsv	2026-09-29 17:23:46.908000	57198798056	1	PE	1546	181	792386	118	65.19337016574586
6abbf4222297e265fbed88ad	57198798056	Sun P.	Peihao	Sun	Peihao Sun	1	PE3	1	PE	1	101053167	autori_scopus_preferred-name_erc.tsv	2026-09-29 17:23:46.908000	57212083420	0	PE	1546	557	792386	519	93.17773788150808
6abbf4232297e265fbed8955	57212083420	Sun Y.	Yifan	Sun	Y. Sun	1	PE7	1	PE	1	101081871	autori_scopus_preferred-name_erc.tsv	2026-09-29 17:23:47.028000	57198798056	0	PE	1546	181	792386	118	65.19337016574586
6abbf4232297e265fbed8955	57212083420	Sun Y.	Yifan	Sun	Y. Sun	1	PE7	1	PE	1	101081871	autori_scopus_preferred-name_erc.tsv	2026-09-29 17:23:47.028000	57212083420	1	PE	1546	557	792386	519	93.17773788150808
6abbf4232297e265fbed8927	57208220408	Rossi B.	Barbara	Rossi	Barbara Rossi	1	LS6	1	LS	1	101069397	autori_scopus_preferred-name_erc.tsv	2026-09-29 17:23:47.001000	57208220408	1	LS	394	1289	353863	1289	100.0
6abbf4232297e265fbed8927	57208220408	Rossi B.	Barbara	Rossi	Barbara Rossi	1	LS6	1	LS	1	101069397	autori_scopus_preferred-name_erc.tsv	2026-09-29 17:23:47.001000	57225778410	0	LS	394	60	353863	1	1.6666666666666667
6abbf4232297e265fbed8927	57208220408	Rossi B.	Barbara	Rossi	Barbara Rossi	1	LS6	1	LS	1	101069397	autori_scopus_preferred-name_erc.tsv	2026-09-29 17:23:47.001000	59212806900	0	LS	394	0	353863	0	0
6abbf4232297e265fbed89f7	57225778410	Rossi M.	Marco	Rossi	Marco Rossi	1	PE8	1	PE	1	101052956	autori_scopus_preferred-name_erc.tsv	2026-09-29 17:23:47.127000	57208220408	0	PE	1546	1289	792386	106	8.223429014740109
6abbf4232297e265fbed89f7	57225778410	Rossi M.	Marco	Rossi	Marco Rossi	1	PE8	1	PE	1	101052956	autori_scopus_preferred-name_erc.tsv	2026-09-29 17:23:47.127000	57225778410	1	PE	1546	60	792386	45	75.0
6abbf4232297e265fbed89f7	57225778410	Rossi M.	Marco	Rossi	Marco Rossi	1	PE8	1	PE	1	101052956	autori_scopus_preferred-name_erc.tsv	2026-09-29 17:23:47.127000	59212806900	0	PE	1546	0	792386	0	0
6abbf4232297e265fbed8ad9	59212806900	Rossi G.	Greta	Rossi	Greta Rossi	1	PE5	1	PE	1	101077698	autori_scopus_preferred-name_erc.tsv	2026-09-29 17:23:47.297000	57208220408	0	PE	1546	1289	792386	106	8.223429014740109
6abbf4232297e265fbed8ad9	59212806900	Rossi G.	Greta	Rossi	Greta Rossi	1	PE5	1	PE	1	101077698	autori_scopus_preferred-name_erc.tsv	2026-09-29 17:23:47.297000	57225778410	0	PE	1546	60	792386	45	75.0
6abbf4232297e265fbed8ad9	59212806900	Rossi G.	Greta	Rossi	Greta Rossi	1	PE5	1	PE	1	101077698	autori_scopus_preferred-name_erc.tsv	2026-09-29 17:23:47.297000	59212806900	1	PE	1546	0	792386	0	0
6abbf4232297e265fbed8929	57208295241	Leonardi S.	Salvatore	Leonardi	Salvatore Leonardi	1	SH7	1	SH	1	101039222	autori_scopus_preferred-name_erc.tsv	2026-09-29 17:23:47.002000	57208295241	1	SH	189	950	151025	31	3.263157894736842
6abbf4232297e265fbed8929	57208295241	Leonardi S.	Salvatore	Leonardi	Salvatore Leonardi	1	SH7	1	SH	1	101039222	autori_scopus_preferred-name_erc.tsv	2026-09-29 17:23:47.002000	58488163200	0	SH	189	142	151025	2	1.4084507042253522
6abbf4232297e265fbed8a7f	58488163200	Leonardi P.	Pietro	Leonardi	P. Leonardi	1	PE9	1	PE	1	101052347	autori_scopus_preferred-name_erc.tsv	2026-09-29 17:23:47.222000	57208295241	0	PE	1546	950	792386	8	0.8421052631578947
6abbf4232297e265fbed8a7f	58488163200	Leonardi P.	Pietro	Leonardi	P. Leonardi	1	PE9	1	PE	1	101052347	autori_scopus_preferred-name_erc.tsv	2026-09-29 17:23:47.222000	58488163200	1	PE	1546	142	792386	125	88.02816901408451
6abbf4232297e265fbed894c	57211559733	Angelini G.	Gabriele	Angelini	Gabriele Angelini	1	LS6	1	LS	1	101069397	autori_scopus_preferred-name_erc.tsv	2026-09-29 17:23:47.019000	57211559733	1	LS	394	469	353863	469	100.0
6abbf4232297e265fbed894c	57211559733	Angelini G.	Gabriele	Angelini	Gabriele Angelini	1	LS6	1	LS	1	101069397	autori_scopus_preferred-name_erc.tsv	2026-09-29 17:23:47.019000	7006878358	0	LS	394	871	353863	29	3.329506314580941
6abbf4232297e265fbed8c20	7006878358	Angelini R.	Roberta	Angelini	Roberta Angelini	1	PE3	1	PE	1	101066434	autori_scopus_preferred-name_erc.tsv	2026-09-29 17:23:47.580000	57211559733	0	PE	1546	469	792386	33	7.036247334754798
6abbf4232297e265fbed8c20	7006878358	Angelini R.	Roberta	Angelini	Roberta Angelini	1	PE3	1	PE	1	101066434	autori_scopus_preferred-name_erc.tsv	2026-09-29 17:23:47.580000	7006878358	1	PE	1546	871	792386	743	85.30424799081516
6abbf4232297e265fbed8952	57211902060	Marini G.	Giovanni	Marini	Giovanni Marini	1	PE4	1	PE	1	101052708	autori_scopus_preferred-name_erc.tsv	2026-09-29 17:23:47.025000	57211902060	1	PE	1546	655	792386	477	72.82442748091603
6abbf4232297e265fbed8952	57211902060	Marini G.	Giovanni	Marini	Giovanni Marini	1	PE4	1	PE	1	101052708	autori_scopus_preferred-name_erc.tsv	2026-09-29 17:23:47.025000	57219792324	0	PE	1546	153	792386	140	91.50326797385621
6abbf4232297e265fbed89b9	57219792324	Marini I.	I.	Marini	I. Marini	1	PE9	1	PE	1	101045437	autori_scopus_preferred-name_erc.tsv	2026-09-29 17:23:47.097000	57211902060	0	PE	1546	655	792386	477	72.82442748091603
6abbf4232297e265fbed89b9	57219792324	Marini I.	I.	Marini	I. Marini	1	PE9	1	PE	1	101045437	autori_scopus_preferred-name_erc.tsv	2026-09-29 17:23:47.097000	57219792324	1	PE	1546	153	792386	140	91.50326797385621
6abbf4232297e265fbed8976	57216393463	De Luca G.	Giuseppe	De Luca	Giuseppe De Luca	1	LS1	1	LS	1	101040138	autori_scopus_preferred-name_erc.tsv	2026-09-29 17:23:47.054000	57216393463	1	LS	394	126	353863	126	100.0
6abbf4232297e265fbed8976	57216393463	De Luca G.	Giuseppe	De Luca	Giuseppe De Luca	1	LS1	1	LS	1	101040138	autori_scopus_preferred-name_erc.tsv	2026-09-29 17:23:47.054000	57222390136	0	LS	394	744	353863	17	2.28494623655914
6abbf4232297e265fbed89dd	57222390136	de Luca C.	Claudia	de Luca	Claudia De Luca	1	SH4	1	SH	1	101042625	autori_scopus_preferred-name_erc.tsv	2026-09-29 17:23:47.109000	57216393463	0	SH	189	126	151025	2	1.5873015873015872
6abbf4232297e265fbed89dd	57222390136	de Luca C.	Claudia	de Luca	Claudia De Luca	1	SH4	1	SH	1	101042625	autori_scopus_preferred-name_erc.tsv	2026-09-29 17:23:47.109000	57222390136	1	SH	189	744	151025	495	66.53225806451613
6abbf4232297e265fbed89a4	57219456152	Perrone M.	Mattia	Perrone	Mattia Perrone	1	PE4	1	PE	1	101053661	autori_scopus_preferred-name_erc.tsv	2026-09-29 17:23:47.085000	57219456152	1	PE	1546	202	792386	202	100.0
6abbf4232297e265fbed89a4	57219456152	Perrone M.	Mattia	Perrone	Mattia Perrone	1	PE4	1	PE	1	101053661	autori_scopus_preferred-name_erc.tsv	2026-09-29 17:23:47.085000	57449060900	0	PE	1546	445	792386	13	2.9213483146067416
6abbf4232297e265fbed8a22	57449060900	Perrone M.	Michela	Perrone	Michela Perrone	1	LS4	1	LS	1	101045285	autori_scopus_preferred-name_erc.tsv	2026-09-29 17:23:47.154000	57219456152	0	LS	394	202	353863	33	16.33663366336634
6abbf4232297e265fbed8a22	57449060900	Perrone M.	Michela	Perrone	Michela Perrone	1	LS4	1	LS	1	101045285	autori_scopus_preferred-name_erc.tsv	2026-09-29 17:23:47.154000	57449060900	1	LS	394	445	353863	90	20.224719101123593
6abbf4232297e265fbed89d8	57222110808	Franco S.	Silvia	Franco	Silvia Franco	1	PE3	1	PE	1	101066434	autori_scopus_preferred-name_erc.tsv	2026-09-29 17:23:47.106000	57222110808	1	PE	1546	524	792386	505	96.37404580152672
6abbf4232297e265fbed89d8	57222110808	Franco S.	Silvia	Franco	Silvia Franco	1	PE3	1	PE	1	101066434	autori_scopus_preferred-name_erc.tsv	2026-09-29 17:23:47.106000	8719813200	0	PE	1546	561	792386	417	74.33155080213903
6abbf4232297e265fbed8c6f	8719813200	Franco E.	Elisa	Franco	Elisa Franco	1	PE7	1	PE	1	101076926	autori_scopus_preferred-name_erc.tsv	2026-09-29 17:23:47.631000	57222110808	0	PE	1546	524	792386	505	96.37404580152672
6abbf4232297e265fbed8c6f	8719813200	Franco E.	Elisa	Franco	Elisa Franco	1	PE7	1	PE	1	101076926	autori_scopus_preferred-name_erc.tsv	2026-09-29 17:23:47.631000	8719813200	1	PE	1546	561	792386	417	74.33155080213903
6abbf4232297e265fbed89e0	57222632363	Giovanelli J.	Joseph	Giovanelli	Joseph Giovanelli	1	PE6	1	PE	1	101041029	autori_scopus_preferred-name_erc.tsv	2026-09-29 17:23:47.111000	57222632363	1	PE	1546	138	792386	17	12.318840579710146
6abbf4232297e265fbed89e0	57222632363	Giovanelli J.	Joseph	Giovanelli	Joseph Giovanelli	1	PE6	1	PE	1	101041029	autori_scopus_preferred-name_erc.tsv	2026-09-29 17:23:47.111000	59343058600	0	PE	1546	0	792386	0	0
6abbf4232297e265fbed8af2	59343058600	Giovanelli G.	Giulia	Giovanelli	Giulia Giovanelli	1	PE7	1	PE	1	101055379	autori_scopus_preferred-name_erc.tsv	2026-09-29 17:23:47.317000	57222632363	0	PE	1546	138	792386	17	12.318840579710146
6abbf4232297e265fbed8af2	59343058600	Giovanelli G.	Giulia	Giovanelli	Giulia Giovanelli	1	PE7	1	PE	1	101055379	autori_scopus_preferred-name_erc.tsv	2026-09-29 17:23:47.317000	59343058600	1	PE	1546	0	792386	0	0
6abbf4232297e265fbed8a25	57462792400	Pastore F.	Francesco	Pastore	Francesco Pastore	1	LS5	1	LS	1	101078163	autori_scopus_preferred-name_erc.tsv	2026-09-29 17:23:47.157000	57462792400	1	LS	394	392	353863	340	86.73469387755102
6abbf4232297e265fbed8a25	57462792400	Pastore F.	Francesco	Pastore	Francesco Pastore	1	LS5	1	LS	1	101078163	autori_scopus_preferred-name_erc.tsv	2026-09-29 17:23:47.157000	7101941822	0	LS	394	2417	353863	1187	49.11046752172114
6abbf4232297e265fbed8c2d	7101941822	Pastore A.	Annalisa	Pastore	Annalisa Pastore	1	LS1	1	LS	1	101040138	autori_scopus_preferred-name_erc.tsv	2026-09-29 17:23:47.591000	57462792400	0	LS	394	392	353863	340	86.73469387755102
6abbf4232297e265fbed8c2d	7101941822	Pastore A.	Annalisa	Pastore	Annalisa Pastore	1	LS1	1	LS	1	101040138	autori_scopus_preferred-name_erc.tsv	2026-09-29 17:23:47.591000	7101941822	1	LS	394	2417	353863	1187	49.11046752172114
6abbf4232297e265fbed8a48	57844180000	Vicentini F.	Francesco	Vicentini	Francesco Vicentini	1	PE5	1	PE	1	101039578	autori_scopus_preferred-name_erc.tsv	2026-09-29 17:23:47.183000	57844180000	1	PE	1546	124	792386	78	62.903225806451616
6abbf4232297e265fbed8a48	57844180000	Vicentini F.	Francesco	Vicentini	Francesco Vicentini	1	PE5	1	PE	1	101039578	autori_scopus_preferred-name_erc.tsv	2026-09-29 17:23:47.183000	58736473300	0	PE	1546	0	792386	0	0
6abbf4232297e265fbed8aa4	58736473300	Vicentini D.	Daniela	Vicentini	Daniela Vicentini	1	LS8	1	LS	1	101045015	autori_scopus_preferred-name_erc.tsv	2026-09-29 17:23:47.253000	57844180000	0	LS	394	124	353863	5	4.032258064516129
6abbf4232297e265fbed8aa4	58736473300	Vicentini D.	Daniela	Vicentini	Daniela Vicentini	1	LS8	1	LS	1	101045015	autori_scopus_preferred-name_erc.tsv	2026-09-29 17:23:47.253000	58736473300	1	LS	394	0	353863	0	0
6abbf4232297e265fbed8b0c	6506468475	Mannucci B.	Barbara	Mannucci	Barbara Mannucci	1	LS1	1	LS	1	101094471	autori_scopus_preferred-name_erc.tsv	2026-09-29 17:23:47.340000	6506468475	1	LS	394	1451	353863	123	8.476912474155755
6abbf4232297e265fbed8b0c	6506468475	Mannucci B.	Barbara	Mannucci	Barbara Mannucci	1	LS1	1	LS	1	101094471	autori_scopus_preferred-name_erc.tsv	2026-09-29 17:23:47.340000	6701685211	0	LS	394	5512	353863	18	0.3265602322206096
6abbf4232297e265fbed8b95	6701685211	Mannucci F.	Filippo	Mannucci	F. Mannucci	1	PE9	1	PE	1	101040751	autori_scopus_preferred-name_erc.tsv	2026-09-29 17:23:47.460000	6506468475	0	PE	1546	1451	792386	101	6.960716747070986
6abbf4232297e265fbed8b95	6701685211	Mannucci F.	Filippo	Mannucci	F. Mannucci	1	PE9	1	PE	1	101040751	autori_scopus_preferred-name_erc.tsv	2026-09-29 17:23:47.460000	6701685211	1	PE	1546	5512	792386	5472	99.2743105950653
6abbf4232297e265fbed8b83	6604013253	Busonero F.	Fabio	Busonero	Fabio Busonero	1	LS8	1	LS	2	101045015 - 101060218	autori_scopus_preferred-name_erc.tsv	2026-09-29 17:23:47.443000	6604013253	1	LS	394	472	353863	393	83.26271186440678
6abbf4232297e265fbed8b83	6604013253	Busonero F.	Fabio	Busonero	Fabio Busonero	1	LS8	1	LS	2	101045015 - 101060218	autori_scopus_preferred-name_erc.tsv	2026-09-29 17:23:47.443000	8657599600	0	LS	394	1996	353863	37	1.8537074148296595
6abbf4232297e265fbed8c6d	8657599600	Busonero D.	D.	Busonero	D. Busonero	1	PE9	1	PE	1	101055318	autori_scopus_preferred-name_erc.tsv	2026-09-29 17:23:47.629000	6604013253	0	PE	1546	472	792386	66	13.983050847457626
6abbf4232297e265fbed8c6d	8657599600	Busonero D.	D.	Busonero	D. Busonero	1	PE9	1	PE	1	101055318	autori_scopus_preferred-name_erc.tsv	2026-09-29 17:23:47.629000	8657599600	1	PE	1546	1996	792386	1874	93.88777555110221
6abbf4232297e265fbed8b89	6701404489	Menna E.	Enzo	Menna	Enzo Menna	1	PE11	1	PE	1	101041229	autori_scopus_preferred-name_erc.tsv	2026-09-29 17:23:47.449000	6701404489	1	PE	1546	1779	792386	1055	59.30297920179876
6abbf4232297e265fbed8b89	6701404489	Menna E.	Enzo	Menna	Enzo Menna	1	PE11	1	PE	1	101041229	autori_scopus_preferred-name_erc.tsv	2026-09-29 17:23:47.449000	6701404490	0	PE	1546	1496	792386	89	5.949197860962567
6abbf4232297e265fbed8b8a	6701404490	Menna E.	Elisabetta	Menna	Elisabetta Menna	1	LS4	1	LS	1	101055323	autori_scopus_preferred-name_erc.tsv	2026-09-29 17:23:47.449000	6701404489	0	LS	394	1779	353863	152	8.544125913434513
6abbf4232297e265fbed8b8a	6701404490	Menna E.	Elisabetta	Menna	Elisabetta Menna	1	LS4	1	LS	1	101055323	autori_scopus_preferred-name_erc.tsv	2026-09-29 17:23:47.449000	6701404490	1	LS	394	1496	353863	1012	67.64705882352942
